window,beta,t_nw,r2_ofi,n,r2_quad,r2_ti,r2_plc_p5,r2_plc_m5,depth_mean,frac_spread_gt1,block,weekend,day,events
1693526400000000,0.23402167395196233,13.717119225532208,0.5115657740697723,168,0.5307239499996145,0.5116775009946957,0.005372941334370163,0.0008976068154219474,8.892919642857143,0.0,0,0,2023-09-01,11711582
1693528200000000,0.22796999747688457,13.371263236658818,0.6106115969989883,180,0.6274515427056381,0.4554754289405911,0.004452664384527294,0.00011613266904275665,9.498327777777778,0.0,0,0,2023-09-01,11711582
1693530000000000,0.2104139086558619,9.51826163329038,0.4821742527986913,180,0.5042371862983808,0.5029603438070263,0.0005187429710291624,0.0004042210864841911,11.531291666666668,0.0,0,0,2023-09-01,11711582
1693531800000000,0.23150393614949527,15.080563117285305,0.7302921468895578,180,0.744749065525778,0.5545218932572574,0.018662810910826333,0.0014030057293431542,10.705969444444444,0.0,0,0,2023-09-01,11711582
1693533600000000,0.164673160839844,7.160698348580308,0.488084264823896,180,0.4961170873012166,0.5457145552338094,0.00461851064380403,0.003226665682595331,13.117944444444445,0.0,0,0,2023-09-01,11711582
1693535400000000,0.23088944073848708,6.714166573487215,0.33020897111851855,180,0.3404423453519746,0.6592444653390693,0.0005943218856564458,0.0004008307763336827,16.364883333333335,0.0,0,0,2023-09-01,11711582
1693537200000000,0.16504587796105236,7.501879955153684,0.40231019972160376,180,0.4193355515459486,0.5940985036877711,0.0075864904885998286,0.008688376238876971,13.123338888888888,0.0,0,0,2023-09-01,11711582
1693539000000000,0.21976116818538166,18.07570934179047,0.6145400298958744,180,0.6151154062831705,0.6194344589745149,0.0018103373699672742,0.002714468150716187,10.583019444444444,0.0,0,0,2023-09-01,11711582
1693540800000000,0.20178124363960404,8.316972243485091,0.4670209563618193,180,0.5484498795840831,0.5313965781241701,0.00036236685305146565,0.004391089755434785,9.646866666666666,0.0,1,0,2023-09-01,11711582
1693542600000000,0.19764047283383587,14.592825843480412,0.6315906547255501,180,0.6315919252444013,0.6023851995887951,0.03206676095578587,0.004668487824791789,13.781944444444445,0.0,1,0,2023-09-01,11711582
1693544400000000,0.15342092467436286,11.891746603753079,0.7362473923490434,180,0.7453473753863007,0.5393338349448635,0.0002879669842730248,0.002602155986872745,15.85101111111111,0.0,1,0,2023-09-01,11711582
1693546200000000,0.17814950888071146,10.004508577754551,0.5730166225868893,180,0.6074415347724792,0.5346238330850821,0.00020788176765951238,0.0009900337328170306,14.025605555555556,0.0,1,0,2023-09-01,11711582
1693548000000000,0.2170693432131767,12.089460003904053,0.7527609936631278,180,0.7572638134569969,0.36963496879949964,0.0007036017659952654,0.0018619331789696547,10.502397222222221,0.0,1,0,2023-09-01,11711582
1693549800000000,0.1939690240683582,9.415627171859311,0.5689431939302066,180,0.587735522998949,0.36404085249129137,0.0014111512218563105,0.004393480991112475,11.037822222222221,0.0,1,0,2023-09-01,11711582
1693551600000000,0.17728008857942928,11.444909808547152,0.552026308039177,180,0.5592707296373145,0.3502817162570776,0.0024849316878141625,0.0004735814545786532,12.062466666666667,0.0,1,0,2023-09-01,11711582
1693553400000000,0.1731475572282156,8.838747716150937,0.6641150145744229,168,0.6916797944580864,0.2850704663639231,0.025085155109329405,0.04140145182034294,16.46004464285714,0.0,1,0,2023-09-01,11711582
1693555200000000,0.22075872284087966,4.733782830063308,0.5682494041199164,168,0.5830467167237168,0.6750880501481147,0.002475162752643034,0.004417829290462305,22.763300595238096,0.0,2,0,2023-09-01,11711582
1693557000000000,0.16342191506605036,21.230820727650215,0.8137602818266783,180,0.814313615834692,0.4314998549516098,0.0004866430275427547,0.0012178582766495527,11.463283333333333,0.0,2,0,2023-09-01,11711582
1693558800000000,0.16632458181117724,15.400458996871164,0.5881826657475683,180,0.6040470418570377,0.44851779986143314,5.154077847835392e-05,0.002005658644421926,10.28753888888889,0.0,2,0,2023-09-01,11711582
1693560600000000,0.25482138676638744,6.901178098522357,0.5605312962561131,180,0.5843179195568036,0.7147439709448954,5.606224698917472e-07,0.006248009539365773,11.623377777777778,0.0,2,0,2023-09-01,11711582
1693562400000000,0.1956031056927378,7.0873598586341195,0.46889684212360205,180,0.4816603736509577,0.7384394871493423,0.0063292915372547,0.00034972861191140403,12.726133333333335,0.0,2,0,2023-09-01,11711582
1693564200000000,0.1995696690990194,12.391801235200552,0.5978192708392049,180,0.6202363807811505,0.5319459921872477,0.0017432863262434317,0.000619062074839638,12.537680555555555,0.0,2,0,2023-09-01,11711582
1693566000000000,0.18179587870755154,14.796606259181823,0.7317804478405776,180,0.7373257359969407,0.39820986608891484,0.0013271167671353723,0.00812281346040411,12.039794444444444,0.0,2,0,2023-09-01,11711582
1693567800000000,0.19181213762043994,14.678985009845364,0.5420633349605737,180,0.5469407183775614,0.5211961471153118,0.0016300926839352137,1.965264402770117e-06,10.71551388888889,0.0,2,0,2023-09-01,11711582
1693569600000000,0.27453155703731547,5.020928910467294,0.2970778319039382,180,0.3927324656482525,0.5917162501493163,0.016848086459935185,0.0010651422203420413,8.080369444444445,0.005555555555555556,3,0,2023-09-01,11711582
1693571400000000,0.2556715033379123,12.749298155552479,0.4946391759915555,180,0.500129316226121,0.4133819562620885,0.0032232680425402505,0.013028240109050682,7.436313888888889,0.011111111111111112,3,0,2023-09-01,11711582
1693573200000000,0.20766088767268392,16.42535802091614,0.780790556504669,180,0.7820627775332933,0.3930762099213977,0.0033258092067415257,0.004719198502190491,10.795130555555556,0.0,3,0,2023-09-01,11711582
1693575000000000,0.2738468442595058,10.731974258883763,0.5448960264575342,180,0.5569352237283145,0.3687242720154861,0.0027152127847372975,0.000567877445484033,8.544974999999999,0.0,3,0,2023-09-01,11711582
1693576800000000,0.21550318632935273,13.026222005118441,0.4730808752587137,180,0.47453239416927584,0.37565998425420966,0.013655350971030766,0.0064815046822471745,8.057688888888888,0.0,3,0,2023-09-01,11711582
1693578600000000,0.2609875261025423,10.29370092177127,0.4756908366111353,180,0.4860946345594679,0.32784955435403784,3.754229227759254e-05,0.00023143760905619537,8.073352777777778,0.011111111111111112,3,0,2023-09-01,11711582
1693580400000000,0.3393526681197773,8.25981608183284,0.5136281952931248,180,0.5217373934342171,0.3807323503048127,0.0003502860230299998,0.011565151812460428,11.152269444444444,0.005555555555555556,3,0,2023-09-01,11711582
1693582200000000,0.2235143328604034,16.148005181802617,0.6873234052592502,168,0.6949527251399299,0.33347709420580407,0.00568332326991372,0.006638690391486901,10.962068452380953,0.005952380952380952,3,0,2023-09-01,11711582
1693584000000000,0.2354651188802553,8.861546751152892,0.4486109867929179,168,0.4841972665355754,0.6640577703444914,0.0040529922645273775,0.008558137548800748,9.546020833333333,0.0,4,0,2023-09-01,11711582
1693585800000000,0.25220547414719857,17.400877968073882,0.6980313899791816,180,0.7082792253379013,0.39074604284433,0.023546215230450307,0.0026247471300272496,8.220716666666666,0.005555555555555556,4,0,2023-09-01,11711582
1693587600000000,0.46084653730284264,5.883722869965154,0.40151833071591414,180,0.4019457768137741,0.5134449005781186,0.002509277439131097,0.002109346890649344,6.576469444444444,0.03333333333333333,4,0,2023-09-01,11711582
1693589400000000,0.45056961531830186,12.693504717966112,0.5560965583719599,180,0.5591745442720817,0.41415855800967627,0.009885451793817501,0.0001821161169287544,5.584722222222222,0.005555555555555556,4,0,2023-09-01,11711582
1693591200000000,0.30253336731566954,17.546255499005888,0.6644048813867945,180,0.6761878588721254,0.5354555900329598,0.004685986962887578,0.0019461296402538686,7.231397222222222,0.0,4,0,2023-09-01,11711582
1693593000000000,0.3570028916791198,9.327232909504541,0.34331834581849496,180,0.354535336922025,0.5397724007555296,0.01897027712625643,0.00140446325868826,6.2474388888888885,0.016666666666666666,4,0,2023-09-01,11711582
1693594800000000,0.27486429515047783,12.071414077685233,0.5943294957081807,180,0.5943337818403204,0.519255315841084,0.001019671672522593,0.004070941696707631,7.640916666666667,0.0,4,0,2023-09-01,11711582
1693596600000000,0.266943427002013,22.605926166821522,0.777620632930813,180,0.7805692264612831,0.48164658688041684,0.00029976545765530993,0.0018938720209449311,8.683113888888888,0.0,4,0,2023-09-01,11711582
1693598400000000,0.30357081742334946,12.822395018498057,0.5687802305757774,180,0.5741959091236495,0.5756948367522068,0.005447847002815087,0.00012963382046848881,7.606933333333334,0.0,5,0,2023-09-01,11711582
1693600200000000,0.3704635687541079,7.845993152991611,0.3934254473135266,180,0.42719026685585104,0.637690338648194,0.023883417910045,0.008008037430877746,6.713152777777778,0.016666666666666666,5,0,2023-09-01,11711582
1693602000000000,0.26912789555066724,8.749618729559097,0.37688208154813563,180,0.4188403960580035,0.6299578128639913,0.0029466848898626052,0.0014986368833747044,8.006066666666667,0.0,5,0,2023-09-01,11711582
1693603800000000,0.27835610180782705,10.22344512594951,0.6322306941822823,180,0.6347211839796255,0.5997609259743801,0.0031467450828952526,0.00018656773475955735,6.959633333333333,0.0,5,0,2023-09-01,11711582
1693605600000000,0.25220957044713715,13.607733163918404,0.763796625106328,180,0.7769966298245089,0.5802315408936183,0.0003140364589342415,0.000444553416212079,10.593858333333333,0.0,5,0,2023-09-01,11711582
1693607400000000,0.22601806165985688,15.255625844462454,0.6355223263216224,180,0.6355495119974226,0.4163086747175724,0.005279566518138656,0.0009961918450897,9.597544444444445,0.0,5,0,2023-09-01,11711582
1693609200000000,0.2644738088598312,12.751240752408489,0.7500103340146573,180,0.7571450423346215,0.5711827013354838,5.600074852452064e-05,0.0004473710567849398,11.558102777777778,0.0,5,0,2023-09-01,11711582
1693611000000000,0.22194426206027734,9.990858462346337,0.6325557727398976,168,0.6385963902570251,0.47860729890020226,5.8053850724437694e-05,0.00047289088756152786,9.723889880952381,0.005952380952380952,5,0,2023-09-01,11711582
1696118400000000,0.10374714453511782,9.158008950458456,0.6248758831139124,168,0.679599440865938,0.5663452510499528,0.0014355629458522312,0.0003800072679804867,12.53367857142857,0.0,0,1,2023-10-01,8619684
1696120200000000,0.10819541827770572,13.269852286181884,0.742179938018543,180,0.742957833509305,0.38882339144295297,5.334695806147316e-05,0.0007272571131370364,16.197922222222225,0.0,0,1,2023-10-01,8619684
1696122000000000,0.13473625777437437,8.266294637503517,0.521031619192976,180,0.5351166874284736,0.6428090481208171,0.0019502316106382311,0.00024031541648783517,13.117233333333333,0.0,0,1,2023-10-01,8619684
1696123800000000,0.10430978097470404,9.30716467791894,0.7060983284532691,180,0.7832069890486165,0.5642461130406982,0.0020393670335751013,0.03540807638780996,14.809316666666668,0.0,0,1,2023-10-01,8619684
1696125600000000,0.11692974231669684,4.985937159856866,0.45524687966709954,180,0.4826735826624142,0.4532162978555343,0.04642053845000471,0.004420637900578228,12.196730555555556,0.0,0,1,2023-10-01,8619684
1696127400000000,0.12161768517599725,12.005613406654513,0.6932120542828402,180,0.701340558065211,0.5239319592039136,0.0002673644234573169,0.003373362294737614,14.373269444444446,0.0,0,1,2023-10-01,8619684
1696129200000000,0.12419802800380467,11.647790504387274,0.5322334039479609,180,0.5322457591236871,0.5543854359766252,0.037141643091126,0.0006565398219733343,12.97488888888889,0.0,0,1,2023-10-01,8619684
1696131000000000,0.11878773973792378,7.23978519794872,0.4334515806045187,180,0.4989343574793016,0.6311354054925356,0.0063350757731361895,0.001466959110355548,13.45304722222222,0.0,0,1,2023-10-01,8619684
1696132800000000,0.13208844676730547,8.277433141238744,0.4643138151980003,180,0.4738039401470948,0.6993792956488709,1.6379354595974505e-06,2.8397577379601913e-05,13.014091666666667,0.0,1,1,2023-10-01,8619684
1696134600000000,0.09214525461394546,8.310911527643393,0.6609044642688575,180,0.7341990967135684,0.3640824928416784,0.0015988827553590212,0.00011488048679308971,12.304172222222224,0.0,1,1,2023-10-01,8619684
1696136400000000,0.08405430010553497,5.667173612014783,0.2829946017062741,180,0.28299697017921865,0.6615238860732047,0.0017912829542842124,0.0001313808170664288,12.492358333333332,0.0,1,1,2023-10-01,8619684
1696138200000000,0.10612935360925982,18.333117975455497,0.683240432472813,180,0.6870838984624754,0.4346468545942821,9.165796218313371e-05,0.005254919781020884,13.50906111111111,0.0,1,1,2023-10-01,8619684
1696140000000000,0.1352285599739232,13.403388519043009,0.660947028190471,180,0.6723763534022444,0.3348012321170386,0.002656188409548066,0.00015332686476909885,11.632747222222221,0.0,1,1,2023-10-01,8619684
1696141800000000,0.12192764103211567,17.408534145865858,0.4939758987036118,180,0.5004318212895211,0.3078282027186857,0.0009875295499908177,0.000704786417000558,11.532725,0.0,1,1,2023-10-01,8619684
1696143600000000,0.10500931215876866,6.416354052888082,0.35666169904241607,180,0.4152540050693253,0.596792229175485,0.0003185307824682404,0.0028582553638171193,12.662255555555557,0.0,1,1,2023-10-01,8619684
1696145400000000,0.15102923392211065,11.564373624230395,0.6622408941493148,168,0.686543367786818,0.5917473549921662,0.00041764761531459804,0.003028539441497391,15.397089285714284,0.0,1,1,2023-10-01,8619684
1696147200000000,0.1049996778675219,13.563095582745053,0.6261983427113558,168,0.6374323356629037,0.6138808098749187,0.007766927408504598,0.0028260876061113605,14.806354166666669,0.0,2,1,2023-10-01,8619684
1696149000000000,0.117645752046033,12.911196038148098,0.7522011738555451,180,0.770294626250644,0.43661753869631303,0.0031576856208153092,0.0038732528781076914,11.31686388888889,0.0,2,1,2023-10-01,8619684
1696150800000000,0.11029835341109677,8.645311595015086,0.4763276378067307,180,0.4777090997661759,0.5610594051320811,0.004846230799394058,0.0016390163550888959,13.311152777777778,0.0,2,1,2023-10-01,8619684
1696152600000000,0.11395296058323401,8.756845736086614,0.5903831832759969,180,0.6198049860265638,0.452242729645852,0.011194126242052072,0.007905971168333248,11.707769444444443,0.0,2,1,2023-10-01,8619684
1696154400000000,0.14065373759084082,12.329876459925346,0.4498546602687551,180,0.4523905579176045,0.40528332645521103,0.04456692765213366,8.305604421021684e-05,10.615013888888889,0.011111111111111112,2,1,2023-10-01,8619684
1696156200000000,0.12276732093354722,14.413631547196884,0.559666091297087,180,0.6069058829094345,0.5891146932608873,0.0018327836900676742,0.0018159863962501355,14.667780555555556,0.0,2,1,2023-10-01,8619684
1696158000000000,0.09921570278386319,17.34904681033305,0.5668307580464367,180,0.5687326939644677,0.37463229955526334,0.0008512740243299399,0.004085864131103456,13.723994444444445,0.0,2,1,2023-10-01,8619684
1696159800000000,0.11582067448036915,15.101596832004722,0.7136424467492068,180,0.7188172443485679,0.41190373966541094,9.372131437479503e-06,0.008975156993647926,13.974866666666667,0.0,2,1,2023-10-01,8619684
1696161600000000,0.12983513366215899,13.943482511816997,0.6841160397623216,180,0.70539989370204,0.4494012548517823,0.0018124713022154015,0.004120865529601447,10.766083333333333,0.0,3,1,2023-10-01,8619684
1696163400000000,0.11201021293121366,13.727891345002252,0.6518123225556358,180,0.6846959658784961,0.3960925715367989,0.004284049172968318,3.349965017385159e-06,12.963891666666667,0.0,3,1,2023-10-01,8619684
1696165200000000,0.09831389313634506,13.414099884012094,0.759095818285796,180,0.7834295995534158,0.5045128457624648,0.00015262613259436897,2.9159834546987895e-09,16.284375,0.0,3,1,2023-10-01,8619684
1696167000000000,0.0904727345946605,15.277212657435205,0.576912082245905,180,0.5957496560254713,0.5135982477923109,0.005978759821491764,0.0015172869623230056,13.314269444444443,0.0,3,1,2023-10-01,8619684
1696168800000000,0.11074334717348333,12.49726730775354,0.5262796057188003,180,0.5480921347670078,0.5167702119364261,0.010207686235838676,0.0002549836384001525,13.202422222222223,0.0,3,1,2023-10-01,8619684
1696170600000000,0.1353528695481586,11.665142196938477,0.5643647485066561,180,0.5652291183483775,0.4719571825045097,0.005970063665999614,0.012154474910950785,13.643149999999999,0.005555555555555556,3,1,2023-10-01,8619684
1696172400000000,0.11686295551415793,19.643705157889574,0.7080724220552896,180,0.7182978615937582,0.49010921335118285,0.00033796125569907076,0.0027990320709636585,13.047119444444444,0.0,3,1,2023-10-01,8619684
1696174200000000,0.11646530584663628,20.76279011476174,0.8675206035833043,168,0.8723324813084163,0.385932785531355,0.00786635672330438,0.0012605851650281386,11.998479166666666,0.0,3,1,2023-10-01,8619684
1696176000000000,0.11375863808420325,11.786657591914025,0.8299884526497332,168,0.8300220961347192,0.5305802872080985,0.0009665735709305512,4.875067806353606e-05,13.23433630952381,0.0,4,1,2023-10-01,8619684
1696177800000000,0.11751419631479662,12.964838411784852,0.7053598084256818,180,0.7073692528469577,0.37979647648803483,0.04287448555606199,0.041741353609110576,14.336613888888888,0.0,4,1,2023-10-01,8619684
1696179600000000,0.11154186197013302,8.8940812080202,0.5293069973609043,180,0.5436793502458244,0.504261163676675,0.007579555693992601,0.0001509223787070635,13.009958333333334,0.0,4,1,2023-10-01,8619684
1696181400000000,0.12103492877788005,12.167848355216615,0.5072712620875406,180,0.5129314395535768,0.49255633485062755,0.0011005159789274632,0.0004449478177953603,11.157630555555555,0.0,4,1,2023-10-01,8619684
1696183200000000,0.11533872847049204,20.49416132765188,0.7759228997203298,180,0.7831717130256568,0.29820918523348316,0.002295638175291548,0.0007545462077316323,11.483136111111111,0.0,4,1,2023-10-01,8619684
1696185000000000,0.11081961528801748,12.873673351431162,0.7562453276280593,180,0.7563922993174004,0.33643857256409826,0.0015812423239734974,0.008297759208276023,12.82782222222222,0.0,4,1,2023-10-01,8619684
1696186800000000,0.11520431985696093,8.637312410558923,0.5391609199707679,180,0.5864883536892311,0.5800690949222271,0.005815693801439092,0.00024102012777116322,15.915175,0.0,4,1,2023-10-01,8619684
1696188600000000,0.10621329936300922,12.764629858303993,0.7050956874924188,180,0.7117213734328388,0.44048496643012014,0.02293303501466548,0.0001867877631135384,14.314358333333333,0.0,4,1,2023-10-01,8619684
1696190400000000,0.16153122973797132,12.300449667390996,0.6117209097432597,180,0.6126161194143677,0.6127916838155614,0.01331091509517679,0.00997543568379522,11.545783333333333,0.0,5,1,2023-10-01,8619684
1696192200000000,0.14643934516169435,13.17463752673495,0.5749891467019659,180,0.5847244492662561,0.49662827944639354,0.010334748183806974,7.164216991206729e-06,10.255188888888888,0.0,5,1,2023-10-01,8619684
1696194000000000,0.15275433513966982,14.749881960565244,0.6973318852628754,180,0.7271255632443056,0.6140432189218139,0.001999937926540407,0.000658753755608088,11.026208333333333,0.0,5,1,2023-10-01,8619684
1696195800000000,0.1868593646741075,7.273202438375633,0.610532823611848,180,0.6330968175132152,0.6335064048801671,0.00148157975767782,0.00021782863001562625,13.929627777777778,0.0,5,1,2023-10-01,8619684
1696197600000000,0.6797641725067924,3.284731044480111,0.12013580221901099,180,0.12048420276910687,0.5604010072091973,0.005338332978863547,0.013385729487269904,7.6610555555555555,0.12222222222222222,5,1,2023-10-01,8619684
1696199400000000,0.25685795824147567,4.736451775626261,0.30899446264932273,180,0.395764049950591,0.43569305786005763,0.010610377957038453,0.0004495233323728032,5.696294444444445,0.005555555555555556,5,1,2023-10-01,8619684
1696201200000000,0.2911300348551819,15.154222396351013,0.5227704128497084,180,0.5288670925611543,0.43323582853142584,0.00014884971058137797,0.00033617893182102954,5.928366666666666,0.016666666666666666,5,1,2023-10-01,8619684
1696203000000000,0.2254330436801515,15.059105101933309,0.6259975313890951,168,0.6349889141216296,0.45053419001725614,0.0009772386477693296,0.0026832957853678563,7.257473214285715,0.0,5,1,2023-10-01,8619684
1698796800000000,0.3078594783278636,11.88527167603977,0.41030334861264117,168,0.41715394158330676,0.4013115309469345,0.0015125345254700662,0.00044874639298297936,6.633571428571429,0.005952380952380952,0,0,2023-11-01,11724531
1698798600000000,0.3005016212694496,11.629504969801564,0.6358413665831597,180,0.6690758239255703,0.4774637883932733,0.022588848252687588,0.035699210100997414,7.9956194444444435,0.0,0,0,2023-11-01,11724531
1698800400000000,0.3343297710843274,20.13202442166067,0.6948632140775493,180,0.6996733133174471,0.3291092332006944,0.0011588505076938205,0.001205821435593335,8.479427777777778,0.0,0,0,2023-11-01,11724531
1698802200000000,0.23267880017015607,8.660580185874645,0.5337070156078922,180,0.5372886863789224,0.4951221815997545,0.018803860218745472,0.016372976162922326,10.260466666666666,0.0,0,0,2023-11-01,11724531
1698804000000000,0.25634508941973944,12.752861348781797,0.7609082843826107,180,0.7679079792473881,0.4288436162721202,1.999776444971957e-05,0.005249198225520613,10.463052777777778,0.0,0,0,2023-11-01,11724531
1698805800000000,0.2116239784894107,14.413182125018576,0.6938445868224585,180,0.7132345828037967,0.41879992534878574,0.005720377146533395,0.00481621041608804,12.514949999999999,0.0,0,0,2023-11-01,11724531
1698807600000000,0.23962814804583368,10.936725029250972,0.7064008522608931,180,0.7284167651407283,0.27693792065314116,0.0009634505127422699,0.0010866532011509777,11.236625,0.0,0,0,2023-11-01,11724531
1698809400000000,0.2885804305645254,12.257814382671006,0.6768686726363575,180,0.6996763747440959,0.34354865282300284,0.0010683611810541338,4.030891125805791e-05,8.711205555555555,0.0,0,0,2023-11-01,11724531
1698811200000000,0.2751317773755992,15.77632185425291,0.6881632976814358,180,0.6935473783762675,0.43236557039175016,0.0010562319340990944,0.0009578264834680938,9.936427777777778,0.0,1,0,2023-11-01,11724531
1698813000000000,0.28297420597170386,14.576598778328048,0.6818745678700766,180,0.688492529369732,0.5638497768727638,0.013947260342981105,0.024672590933544347,9.78038888888889,0.0,1,0,2023-11-01,11724531
1698814800000000,0.23372216619899636,10.390520739403879,0.7001167012580378,180,0.7053981215558687,0.32491684086052774,0.003549761214642233,4.1637749310985406e-05,11.894583333333333,0.0,1,0,2023-11-01,11724531
1698816600000000,0.2452674766148054,14.065069239842703,0.6216149645915092,180,0.67278199871602,0.19362551578039422,0.0002638958931761026,0.0005583771938589832,11.902336111111111,0.0,1,0,2023-11-01,11724531
1698818400000000,0.2054933425981577,15.360299900905275,0.6990335769641682,180,0.7047214791161817,0.26566034658110793,0.0018262796015267035,0.005608710845451226,9.671386111111111,0.0,1,0,2023-11-01,11724531
1698820200000000,0.23375335340103137,19.293427561360634,0.7370101289936912,180,0.7404859584143779,0.2727139277669527,0.0020704903151763654,9.445115563000428e-07,9.664016666666667,0.0,1,0,2023-11-01,11724531
1698822000000000,0.24083507596382842,11.479291754898917,0.6416491124778834,180,0.6432445352393978,0.45237967314386973,0.0003110876147751629,0.0005988855664837978,8.870741666666667,0.005555555555555556,1,0,2023-11-01,11724531
1698823800000000,0.2032682633163968,17.867440039757003,0.6551641371356043,168,0.6752743704935942,0.32667037057839354,0.029387700197836653,2.25478568507409e-05,9.568848214285714,0.0,1,0,2023-11-01,11724531
1698825600000000,0.1793538454721761,6.366319863780654,0.5976424731971515,168,0.6956764475302857,0.42823444477286865,0.0058965746169754585,0.003739077882362829,11.415154761904763,0.005952380952380952,2,0,2023-11-01,11724531
1698827400000000,0.18722799129192988,15.375777136870852,0.6787705997506677,180,0.6848952751827733,0.46497108539020326,0.001121139584568498,0.0035293303006953547,12.061502777777777,0.0,2,0,2023-11-01,11724531
1698829200000000,0.22184219223144508,18.530585309030958,0.760094850295951,180,0.7635380633317935,0.5358496562443611,0.0008951153299976422,0.012001893907763739,12.27963888888889,0.0,2,0,2023-11-01,11724531
1698831000000000,0.18820512874323767,18.310151437207846,0.6789411691777766,180,0.7093402259594845,0.5255172980094154,0.00038134119017696477,0.00025469184121362787,14.299061111111111,0.0,2,0,2023-11-01,11724531
1698832800000000,0.12752499961453065,8.743266442289686,0.6839772753295733,180,0.6906091980343241,0.2900639987964543,6.053212616707881e-07,0.00038983074426723885,19.80167777777778,0.0,2,0,2023-11-01,11724531
1698834600000000,0.18013195969316298,8.821242345663736,0.49015883877936595,180,0.49246388085247594,0.40885900766112726,0.00020530405712826383,0.002144828596352344,9.323047222222222,0.0,2,0,2023-11-01,11724531
1698836400000000,0.22211398799723597,18.89731245021488,0.6761540355527089,180,0.6789581702808083,0.34193266679582324,0.016168827803805574,0.0025410190263108756,9.647491666666667,0.0,2,0,2023-11-01,11724531
1698838200000000,0.1873414318605307,11.521164910790628,0.4413178624628341,180,0.461208000753186,0.5309238676268201,0.009442752162690304,0.008258548150818168,10.335055555555556,0.0,2,0,2023-11-01,11724531
1698840000000000,0.19574633547456638,10.903047224479675,0.5609455600883549,180,0.5762994040546967,0.33342116854520687,8.887037470262094e-05,0.01422011734627504,9.825175,0.0,3,0,2023-11-01,11724531
1698841800000000,0.33901716793162906,5.520140103720507,0.2611337668266971,180,0.28812974346353004,0.3922243978783089,0.0003296591216955802,0.011534482937456736,8.156594444444444,0.0,3,0,2023-11-01,11724531
1698843600000000,0.5957928871454152,9.963291584234973,0.3163906221878455,180,0.32274790999173564,0.5459436838926346,0.003502980350053475,0.0022595131212166386,5.210083333333333,0.005555555555555556,3,0,2023-11-01,11724531
1698845400000000,0.6662841113106719,8.206094787908825,0.320214485112985,180,0.34250116313692314,0.5017564588892822,0.02480413381458013,0.003166814854169031,7.0643,0.027777777777777776,3,0,2023-11-01,11724531
1698847200000000,0.3758714760010815,14.150554806595819,0.5169264103861959,180,0.5213575116960399,0.49456677273275607,0.0007554937564845376,0.007364597554729513,8.014508333333334,0.005555555555555556,3,0,2023-11-01,11724531
1698849000000000,0.4871874783755594,4.22359080164315,0.30571051538837235,180,0.30719179104064054,0.48996685924401984,0.0002322626166274544,0.007222247855506292,7.514283333333333,0.05,3,0,2023-11-01,11724531
1698850800000000,0.3130222593741145,13.86031288483068,0.4437756283857517,180,0.44443818778467525,0.428242512468321,0.0012310820249661347,0.00028967142250868605,6.6115305555555555,0.011111111111111112,3,0,2023-11-01,11724531
1698852600000000,0.23364511532871757,14.274542204299811,0.6406337663023705,168,0.66693048419262,0.455259810071458,0.0008207584911965604,0.01652871890437213,10.521196428571429,0.0,3,0,2023-11-01,11724531
1698854400000000,0.22661268286131836,10.628573405059207,0.5303326356353418,168,0.5397348296803464,0.49859773065868085,0.01882588044594824,0.01731362705948647,11.922678571428571,0.0,4,0,2023-11-01,11724531
1698856200000000,0.3152228832646782,8.321303542870332,0.4663465103140776,180,0.4898905412222143,0.47126698549636226,0.004701692358003995,0.0003653773372919167,7.665419444444444,0.0,4,0,2023-11-01,11724531
1698858000000000,0.26093347773163766,17.99843148653436,0.6780145846502905,180,0.6895397121061893,0.3662996311030112,0.021593134917224144,0.026550942076453143,12.650069444444444,0.0,4,0,2023-11-01,11724531
1698859800000000,0.2610775522293543,6.9339497928495355,0.41508279185415264,180,0.4484462865381701,0.3592776193667677,0.01168866024751547,0.0012983711052351188,8.278044444444445,0.011111111111111112,4,0,2023-11-01,11724531
1698861600000000,0.3578254903245265,7.622039517212075,0.3899258806619518,180,0.42123563245769724,0.45501066413637814,0.00031138903329441803,0.008355900839912112,8.212349999999999,0.0,4,0,2023-11-01,11724531
1698863400000000,0.48673533958491433,10.263754213619645,0.5621938132662162,180,0.5663947969313186,0.44461736395380436,0.0012622070049239653,0.0007273751322768307,6.955830555555556,0.016666666666666666,4,0,2023-11-01,11724531
1698865200000000,0.38489648966907747,14.735934019806225,0.5956227685688591,180,0.6062222927823736,0.6047361268869018,0.0034291379542937817,0.007108006843477677,7.022936111111111,0.022222222222222223,4,0,2023-11-01,11724531
1698867000000000,0.41619389194428597,10.857940918131717,0.5861874092159144,180,0.5948440869047467,0.45735183461367424,0.01817766798032161,0.003111860414319212,7.200319444444445,0.005555555555555556,4,0,2023-11-01,11724531
1698868800000000,0.3539599789646217,15.503808160866178,0.5819068450311167,180,0.5864423262264901,0.5561196126570458,0.00235589712172779,0.0029885997339783588,9.085375,0.0,5,0,2023-11-01,11724531
1698870600000000,0.68357482477397,9.189233955128746,0.3959535935827113,180,0.40390039985125525,0.49402698180401294,0.008682690349208766,0.0035240873345384616,4.536786111111111,0.03333333333333333,5,0,2023-11-01,11724531
1698872400000000,1.442580818192383,9.056595754100428,0.5201024799377298,180,0.5302975399483676,0.6105807785058017,0.0073770459396226284,0.0037933373496130685,4.859680555555555,0.07222222222222222,5,0,2023-11-01,11724531
1698874200000000,0.7441738954431776,13.434726623886686,0.6552707985732629,180,0.6643878847210494,0.5331359846249129,0.0002048857663481396,0.011797300465362093,5.075383333333333,0.005555555555555556,5,0,2023-11-01,11724531
1698876000000000,0.687055401428726,14.020388445261416,0.6059237001517677,180,0.6206320299647812,0.508944738742152,0.0003024913509264149,0.0020414001427832007,4.788522222222222,0.03888888888888889,5,0,2023-11-01,11724531
1698877800000000,0.47739065875379394,12.822619588726806,0.6118143495784356,180,0.6205997598015733,0.43363752334408956,0.0028552539751441897,0.0007162427981662889,10.267741666666668,0.005555555555555556,5,0,2023-11-01,11724531
1698879600000000,0.4275081329245951,15.512830721165312,0.7177039010629035,180,0.7271623198512795,0.551483959678891,0.01031768671155675,0.01064133357271535,6.747519444444444,0.005555555555555556,5,0,2023-11-01,11724531
1698881400000000,0.42420555206602,16.082056642384106,0.648649057584026,168,0.6608497086427261,0.3658778407358976,0.001814927872941241,1.9521380150266943e-05,6.900294642857142,0.0,5,0,2023-11-01,11724531
1701388800000000,0.2767879915647016,9.17527439148091,0.5591025188312367,168,0.587326151574675,0.41270512535338366,0.0034203190161686825,0.012664992262384822,11.949318452380952,0.0,0,0,2023-12-01,16942636
1701390600000000,0.2968924626193796,16.02875008971099,0.7520901463335383,180,0.7603621427886346,0.51465719057768,0.0008254044515004777,0.0026352480189961724,7.980441666666666,0.0,0,0,2023-12-01,16942636
1701392400000000,0.3156339986295974,18.192874130414634,0.6202751590774619,180,0.6261684399591299,0.4350843721800878,7.906761225584535e-05,0.0024297121570293623,7.742863888888889,0.0,0,0,2023-12-01,16942636
1701394200000000,0.3711765104527269,15.89807532961132,0.6933116485482096,180,0.7036726971053424,0.4927535448937701,0.0002901074359556999,0.00017473353020169835,8.30531388888889,0.005555555555555556,0,0,2023-12-01,16942636
1701396000000000,0.31675911214843677,13.985292630159739,0.7182291490336066,180,0.7410390345042441,0.5033906532854064,0.002196632030862622,0.0014065015890811772,7.983341666666667,0.0,0,0,2023-12-01,16942636
1701397800000000,0.30000860830022136,12.929275611599897,0.6911172756380488,180,0.691875259442807,0.3093898303285073,0.0002982224757956953,0.003271617861909104,9.21363611111111,0.005555555555555556,0,0,2023-12-01,16942636
1701399600000000,0.3178190585781414,10.719528044406312,0.5209364651845556,180,0.5210390829726115,0.4842461479905771,4.238264080458354e-05,0.0052115756067901975,8.210075,0.0,0,0,2023-12-01,16942636
1701401400000000,0.3175938184042558,11.64985679162181,0.5418979903522225,180,0.5661448059734658,0.5574799574057617,0.01425304425528462,0.02198129089321954,8.652738888888889,0.0,0,0,2023-12-01,16942636
1701403200000000,0.32351729350204783,14.915204077629223,0.5515808331433389,180,0.553371228313241,0.20163811485716798,0.01574262442324259,0.001122870714580948,7.106877777777778,0.0,1,0,2023-12-01,16942636
1701405000000000,0.3751308374594202,12.06423514643478,0.5080242286260404,180,0.5101263707670127,0.4143910917011824,0.001324994171198024,0.004162874610984968,6.706180555555555,0.0,1,0,2023-12-01,16942636
1701406800000000,0.3611565315225607,16.20573337530924,0.7518125936604938,180,0.7542251799142168,0.4726843487125777,0.0004904098500613241,3.313120207737441e-05,7.463186111111111,0.005555555555555556,1,0,2023-12-01,16942636
1701408600000000,0.34530796110861217,20.165388524754007,0.7504570598429906,180,0.7639271425320469,0.32251428854155106,0.0034867070294184455,0.00019955533742699316,7.184799999999999,0.005555555555555556,1,0,2023-12-01,16942636
1701410400000000,0.3273101513456344,10.011291140149337,0.5342260693939627,180,0.5592564360002212,0.6123639918004604,0.010293165062442489,0.0005385364327316067,8.009630555555557,0.0,1,0,2023-12-01,16942636
1701412200000000,0.30497573031403025,11.948448589858078,0.5839511763034961,180,0.5854932576610286,0.5157843538576374,0.011411774972215127,0.003322422911952394,8.427075,0.0,1,0,2023-12-01,16942636
1701414000000000,0.2824372716967771,10.871897327836528,0.3790780681944308,180,0.3820188714351773,0.4181783501821952,2.3046542632298994e-05,0.00020370083866683153,8.683841666666666,0.0,1,0,2023-12-01,16942636
1701415800000000,0.3039563015364789,15.768026353360536,0.653145904383972,168,0.6533391852436701,0.44642551391376817,2.8773644172863655e-06,0.0008739377108075708,9.82514880952381,0.0,1,0,2023-12-01,16942636
1701417600000000,0.31018300956025785,12.821844369227406,0.6746577912266045,168,0.6747343214022906,0.23477231842875468,3.225698396835952e-06,0.0020750147900686633,10.582526785714284,0.0,2,0,2023-12-01,16942636
1701419400000000,0.34645797225221353,16.113057992011406,0.7075026943126757,180,0.7132331542717049,0.6162488925529005,0.00031107512037498175,0.000150415766696832,7.674980555555555,0.0,2,0,2023-12-01,16942636
1701421200000000,0.49999922447231265,3.4434768999981054,0.27092369516833914,180,0.2802125036538431,0.22812204077728093,0.00036916722694324555,0.003407908285519734,4.712402777777778,0.016666666666666666,2,0,2023-12-01,16942636
1701423000000000,0.4726026540173168,14.804631291961723,0.633458208569923,180,0.6343529288435705,0.47124074581685327,0.0004815615811121221,0.0014154225510731866,6.304408333333333,0.0,2,0,2023-12-01,16942636
1701424800000000,0.4939810839444585,17.935213815390778,0.7417950871879806,180,0.7418018281544176,0.2686162553664866,0.008265890459506764,1.1688306054691289e-05,6.102125,0.005555555555555556,2,0,2023-12-01,16942636
1701426600000000,0.32067657206662636,20.046480624365877,0.6984249724977356,180,0.710488873570331,0.45471238823664983,0.0369893241926903,0.02429302373298714,8.41266388888889,0.005555555555555556,2,0,2023-12-01,16942636
1701428400000000,0.34342993353055384,13.290208644215543,0.6563276490818748,180,0.6588861919879544,0.5419593940344327,0.005458986132882537,0.012650136451918592,7.913758333333333,0.0,2,0,2023-12-01,16942636
1701430200000000,0.30420458361702235,17.2181505775371,0.7445863768299611,180,0.7460834346788745,0.5522921601482883,0.0008442095890280887,0.0009411078194425659,8.783227777777778,0.0,2,0,2023-12-01,16942636
1701432000000000,0.35670808165789236,12.949414304587226,0.598253255107815,180,0.6002202915459017,0.4254671818137571,0.0003683072641649243,5.581818175071085e-05,8.3757,0.0,3,0,2023-12-01,16942636
1701433800000000,0.39697544311738564,12.935621454648137,0.517811485400193,180,0.5232363241542958,0.3655725473341004,0.001079630832619638,0.0002650880032276648,6.226505555555556,0.0,3,0,2023-12-01,16942636
1701435600000000,0.32080217826927415,20.6476228482345,0.7585040135381436,180,0.7660220827868309,0.44037875778192126,0.0017896724070416425,7.854688534092436e-05,7.515422222222223,0.0,3,0,2023-12-01,16942636
1701437400000000,0.35516790778415064,15.536302431989524,0.6803127235626764,180,0.6902032253126839,0.5102187972006795,0.0038297015948197677,0.026077792777499553,7.622477777777778,0.0,3,0,2023-12-01,16942636
1701439200000000,0.3836231725260273,13.083549839426748,0.6071054529816797,180,0.6292251375501055,0.41166698422795633,0.0019035079604878824,0.0031366530426378825,6.879280555555556,0.005555555555555556,3,0,2023-12-01,16942636
1701441000000000,0.44668681374561886,13.820669632324813,0.6699804795456629,180,0.678193608936529,0.49832678432680977,0.005714822153015553,0.00025473458307823105,6.374169444444444,0.011111111111111112,3,0,2023-12-01,16942636
1701442800000000,0.4213221610434953,17.184784223737555,0.6984756918768315,180,0.6990936823566571,0.4663475261280432,0.004529071585970601,0.018830412866255752,6.976613888888889,0.0,3,0,2023-12-01,16942636
1701444600000000,0.3988077193405053,15.727578486340034,0.786132267376977,168,0.7872466536925408,0.46124554329217815,0.0050369136147434546,0.009625938892989905,6.765089285714287,0.005952380952380952,3,0,2023-12-01,16942636
1701446400000000,0.4633600548471323,13.803195141909619,0.5709361744208039,168,0.5720115841609785,0.4983739025772048,0.00013193885900897317,0.00101556601266517,7.170904761904762,0.005952380952380952,4,0,2023-12-01,16942636
1701448200000000,0.5966540028482619,14.401222097707247,0.5481773976927762,180,0.5735920204611988,0.33918071461836496,0.00013814175391491101,0.0009156179050712199,5.004697222222222,0.016666666666666666,4,0,2023-12-01,16942636
1701450000000000,0.48371636362608783,19.89681233461798,0.71745294643159,180,0.7227020694960393,0.4251786701645853,0.00026769806901472126,0.009529114279021922,5.7243916666666665,0.005555555555555556,4,0,2023-12-01,16942636
1701451800000000,0.4028687665687014,18.46035723544768,0.7043453469989085,180,0.7185967136485105,0.44798947334124317,0.0009488213517039323,0.0001587875390295368,6.5916250000000005,0.0,4,0,2023-12-01,16942636
1701453600000000,0.44092799419377593,12.538904726836893,0.6308245197379181,180,0.6443957864649247,0.3271420662347234,1.1468590817576008e-05,0.0003798513227514233,6.55376111111111,0.0,4,0,2023-12-01,16942636
1701455400000000,0.44372597448269735,14.599433112944151,0.722460458105787,180,0.7498694781902544,0.46353170444295666,0.010155493330597287,0.0017550593577815299,6.5299000000000005,0.0,4,0,2023-12-01,16942636
1701457200000000,0.42942467518541827,10.230284257706279,0.6592039793981808,180,0.6616343034649823,0.44231026583066324,0.0013936206053993816,0.0003530282291113185,6.1539777777777775,0.0,4,0,2023-12-01,16942636
1701459000000000,0.3931381024785504,29.044951780605647,0.8190041506781673,180,0.8266385265731518,0.42920144391132165,0.0090962260011479,0.006483376988108747,7.557886111111111,0.005555555555555556,4,0,2023-12-01,16942636
1701460800000000,0.3323481484891899,14.500955721750213,0.832769597835617,180,0.8328233470195967,0.41712614606897225,0.00398223476568027,0.005738973181400708,7.944302777777778,0.005555555555555556,5,0,2023-12-01,16942636
1701462600000000,0.39309136656722143,17.95698057488812,0.7647184435719494,180,0.784354000497495,0.51537259187873,0.007179347174363859,0.044469901519685884,7.266558333333334,0.0,5,0,2023-12-01,16942636
1701464400000000,0.39397467532422575,20.19825847402048,0.7502728373214956,180,0.7509415799989707,0.4608462592241137,0.008458195471465313,0.0032480928485566496,7.462622222222222,0.0,5,0,2023-12-01,16942636
1701466200000000,0.39449866948261936,12.769094931311722,0.6972243597301012,180,0.707946879838872,0.5793849165517588,0.007377474599671863,0.0024184969911204,7.469277777777778,0.0,5,0,2023-12-01,16942636
1701468000000000,0.40706634340569064,21.435228764477525,0.8003294247431854,180,0.8131818027468023,0.5125703143761419,0.007167376096261058,0.0006339783007009991,6.566241666666667,0.0,5,0,2023-12-01,16942636
1701469800000000,0.18495740145780942,6.007279602016202,0.28423735953344687,180,0.28466676573045113,0.6527288507646074,0.00020885050353658396,0.01211837326545906,9.79146388888889,0.0,5,0,2023-12-01,16942636
1701471600000000,0.328545111703224,8.45584834357264,0.783988070431807,180,0.8309945022787136,0.6036722333548845,0.0007872427505453139,0.00015133781248111156,10.10521111111111,0.0,5,0,2023-12-01,16942636
1701473400000000,0.23691166670800728,8.284640072353621,0.4095052415603181,168,0.43200290578118306,0.4853251264513755,3.2757717692177835e-05,0.008783875117067463,6.703178571428571,0.0,5,0,2023-12-01,16942636
1704067200000000,0.3307867024288522,16.41716295508321,0.6221347781206918,168,0.6221470146797086,0.3738910987448145,0.002526426839849716,0.0010427829894630314,6.925238095238096,0.0,0,0,2024-01-01,11986235
1704069000000000,0.3437734776949538,20.268246193405137,0.7157352782828683,180,0.7393238990093398,0.4399850415757913,0.0012695699493354695,0.00033459961855364373,7.539408333333333,0.0,0,0,2024-01-01,11986235
1704070800000000,0.34938340844626886,14.09754681513904,0.7647033704467362,180,0.7782251173548507,0.5846785904719444,0.003909558901675325,6.05333959879939e-05,7.9815611111111116,0.0,0,0,2024-01-01,11986235
1704072600000000,0.4361111209104148,12.141995903030129,0.4067938343257478,180,0.41259177761256494,0.5026809744306343,0.04025785192079823,0.01583621157037629,6.547291666666667,0.0,0,0,2024-01-01,11986235
1704074400000000,0.3643222647261948,14.199161917089945,0.7135107272646075,180,0.7420922545065368,0.3959290565541974,0.004040372608217546,0.010715153745708417,7.7928999999999995,0.0,0,0,2024-01-01,11986235
1704076200000000,0.39039955246805014,29.443841582421673,0.8989465750871797,180,0.899291147997542,0.7248981313976894,0.014343498218641337,0.009792240974292654,8.486461111111112,0.0,0,0,2024-01-01,11986235
1704078000000000,0.33549015976265806,16.28757664745886,0.7150468074587255,180,0.7248333286241961,0.4193506211447917,0.0027062654596380353,0.001044793227566787,7.901916666666667,0.0,0,0,2024-01-01,11986235
1704079800000000,0.3337368709722668,22.571956428610132,0.7260743489825395,180,0.7289714762876787,0.4681443096499994,0.0015686436748845178,0.00319253859813895,7.2366972222222214,0.0,0,0,2024-01-01,11986235
1704081600000000,0.35056687823220617,18.899334815928448,0.7695134786149763,180,0.778629023810094,0.32703389686197293,0.0005857236074779948,0.020044929535234957,7.735313888888889,0.0,1,0,2024-01-01,11986235
1704083400000000,0.35243337161954735,16.02580582281002,0.7158264924851857,180,0.7446947577148122,0.3888000810748947,0.011534874779585036,0.006076219016593831,6.920527777777777,0.0,1,0,2024-01-01,11986235
1704085200000000,0.36877973753398163,18.03799989436211,0.6450514608566897,180,0.654748880196588,0.49154379641605783,0.000296854322237583,0.006396771182853422,7.724983333333333,0.0,1,0,2024-01-01,11986235
1704087000000000,0.35726995563314434,14.3681986396914,0.7977082413551548,180,0.7977085622196451,0.36551937660461153,0.005211351465337799,0.0017924185055601116,7.712144444444444,0.0,1,0,2024-01-01,11986235
1704088800000000,0.33634078846564636,21.81255887996475,0.7488931623498487,180,0.7526901367477336,0.476350248364215,0.004120436537230265,0.0027285251368388552,7.975977777777778,0.0,1,0,2024-01-01,11986235
1704090600000000,0.32472847100117824,7.854441631210448,0.5884252591584276,180,0.6124368126784374,0.5567827041498702,0.0010984264602832416,0.006895976704363815,7.2630027777777775,0.0,1,0,2024-01-01,11986235
1704092400000000,0.3826856281410571,16.834657644124206,0.6349146934941335,180,0.6397607146186512,0.5847706184667631,0.006063061478307374,0.04596477701081658,7.412897222222222,0.0,1,0,2024-01-01,11986235
1704094200000000,0.3521661947235351,10.795009217664367,0.745368429058721,168,0.746326530284337,0.5639445193553367,0.010604694914384205,0.004668331923332603,7.812928571428571,0.0,1,0,2024-01-01,11986235
1704096000000000,0.4804601847274622,5.046850471814952,0.5480503680595603,168,0.5672634562038359,0.6155964045735938,0.028836984319697057,0.00012533210972121012,7.533842261904762,0.0,2,0,2024-01-01,11986235
1704097800000000,0.30269094980581096,16.978947915997644,0.7054010546540984,180,0.7171398036037081,0.3484963492880703,0.002227843418182829,0.003985286975712987,8.290727777777777,0.0,2,0,2024-01-01,11986235
1704099600000000,0.3420809390713766,16.262979261911795,0.6594894515225516,180,0.6739049144786479,0.5161599927830789,0.00034927598903933266,2.0326669311621082e-05,7.5985805555555554,0.0,2,0,2024-01-01,11986235
1704101400000000,0.3195018067195444,20.92180440985559,0.8137524443237197,180,0.8162611550176837,0.3455443819431574,1.8484086935499633e-06,0.005429155592512225,8.44951111111111,0.0,2,0,2024-01-01,11986235
1704103200000000,0.3504509410670915,9.639749221129168,0.7104297270861086,180,0.7372926997933652,0.43046320684646,4.8881395482980317e-05,0.0029447428716962154,7.927061111111112,0.0,2,0,2024-01-01,11986235
1704105000000000,0.3759919207014849,11.90540787528024,0.6379936175046848,180,0.6383776803889585,0.47695027427597536,0.00017289329374448048,0.018579773072023964,7.226811111111111,0.0,2,0,2024-01-01,11986235
1704106800000000,0.30194455780774543,14.863121637053498,0.6701633242722003,180,0.6845134398516698,0.48616030411288735,0.0035579664361895524,0.01454213254014236,8.821633333333333,0.0,2,0,2024-01-01,11986235
1704108600000000,0.3483592724123391,14.015424109052693,0.6779712540277794,180,0.6782398790678763,0.5021934864189685,0.0016280609803126511,0.00020148730510749502,7.631258333333334,0.0,2,0,2024-01-01,11986235
1704110400000000,0.3494534910294148,18.369774631653144,0.6381626186157442,180,0.6386843675231064,0.5273374354504461,0.007495661266776921,0.0014826837033595774,8.928130555555555,0.0,3,0,2024-01-01,11986235
1704112200000000,0.33482073086021275,12.969067011328786,0.6447609620647087,180,0.66413852211837,0.1881688664944109,0.00015619510325926012,0.0003164948678461288,6.928561111111112,0.005555555555555556,3,0,2024-01-01,11986235
1704114000000000,0.3112129653317489,18.67750185699974,0.729985723927965,180,0.7382803875204328,0.4478743738379869,0.005574852446281642,0.003189736701871726,8.139272222222221,0.0,3,0,2024-01-01,11986235
1704115800000000,0.2811146768294816,16.116636945602107,0.8382501218080859,180,0.8571905984599525,0.35281679481374373,0.0021796409827048446,0.012946552591029059,9.4483,0.0,3,0,2024-01-01,11986235
1704117600000000,0.2976812651148909,10.490135685595822,0.624695862609952,180,0.6486610302844249,0.451736239688305,0.008492392403306126,0.009816138788704909,7.348863888888888,0.0,3,0,2024-01-01,11986235
1704119400000000,0.297731210851684,16.775959026203708,0.6708334039811505,180,0.6943245567280147,0.46138709352031904,0.011908586929787246,0.001518712965575153,6.686427777777778,0.0,3,0,2024-01-01,11986235
1704121200000000,0.2913095806222382,14.79443917554961,0.7837746099142284,180,0.7951607683797377,0.5004581185115362,0.002756827692348862,0.02499207812635673,7.340594444444444,0.0,3,0,2024-01-01,11986235
1704123000000000,0.36819327532174323,12.088310752338277,0.6866455247123977,168,0.7038027819557007,0.5364214585815409,0.003043606468489668,0.00015845335628117407,7.417270833333333,0.0,3,0,2024-01-01,11986235
1704124800000000,0.30990591099425546,20.293758811686253,0.7389330008057121,168,0.7490738489596578,0.3791402514822867,0.009501030215169681,0.004935182728249776,6.3297083333333335,0.005952380952380952,4,0,2024-01-01,11986235
1704126600000000,0.29050320785320394,19.90732681507944,0.7482073656856099,180,0.7594090043883539,0.41630784577259006,0.0007616233611676959,0.00021889218711990122,6.559063888888889,0.005555555555555556,4,0,2024-01-01,11986235
1704128400000000,0.2949372975020832,20.493535946532077,0.8106706730157226,180,0.8307548628716678,0.45710237868325554,0.0006190574049371733,0.019932507108723407,7.0711055555555555,0.0,4,0,2024-01-01,11986235
1704130200000000,0.2844345174793702,8.805483088062298,0.4902478961205011,180,0.5727395585033058,0.5629299973354858,0.00016954848460382088,1.3491444398328056e-05,7.346425000000001,0.0,4,0,2024-01-01,11986235
1704132000000000,0.4637040513038603,11.007084714468018,0.5137486178560724,180,0.5213028536227855,0.45339654972355536,0.004536508564929487,8.36288844938693e-05,5.130475,0.005555555555555556,4,0,2024-01-01,11986235
1704133800000000,0.4063950209603353,11.503359454875211,0.7069302900179174,180,0.7407479333595199,0.5690373775354652,0.0009531099583198754,0.00022100948813263965,5.602747222222222,0.0,4,0,2024-01-01,11986235
1704135600000000,0.3964306110560305,14.59996258196473,0.6273857221165962,180,0.6434860430709779,0.4100229116390087,3.149765623133849e-05,0.0036981861112571623,6.616888888888889,0.0,4,0,2024-01-01,11986235
1704137400000000,0.460656273611748,19.522577491594927,0.6413087056140871,180,0.6462096700486067,0.33944988126553666,0.0052260864732524,0.0003269067718518759,5.027261111111112,0.0,4,0,2024-01-01,11986235
1704139200000000,0.5066901358151803,14.215592901595942,0.612192854625027,180,0.620206038624532,0.41130083559308417,4.578375289987502e-05,0.0008625960321601012,4.561391666666667,0.0,5,0,2024-01-01,11986235
1704141000000000,0.3902674277663376,15.73101794437257,0.5564242383008988,180,0.5597307114049688,0.40586490616822735,0.00793697172270702,0.00580910441546989,6.793122222222222,0.005555555555555556,5,0,2024-01-01,11986235
1704142800000000,0.39859791858251337,19.86809197603876,0.7620239143330205,180,0.7674488915674986,0.5238559687377355,0.004054337267321184,0.0020885517628890238,5.869661111111111,0.0,5,0,2024-01-01,11986235
1704144600000000,0.42101291905965643,19.329820734918247,0.7553461981880266,180,0.7633923656038208,0.3899757538587998,0.008701308782637862,0.031703591119243035,6.042988888888889,0.005555555555555556,5,0,2024-01-01,11986235
1704146400000000,0.4021192525779963,15.531326397126499,0.7800447320901607,180,0.7976304267341694,0.45191523515626164,0.00024343659651671068,1.0737839735042165e-05,6.284208333333334,0.0,5,0,2024-01-01,11986235
1704148200000000,0.32612259833928536,8.164788488734256,0.626342745146972,180,0.677607165419891,0.6843924411532563,0.012689121087791522,0.0006268761088342734,6.920672222222223,0.0,5,0,2024-01-01,11986235
1704150000000000,0.44648193825695326,11.471283811525561,0.4796835547296331,180,0.4995217340709147,0.3929673028970704,0.03230762440984658,0.0010378351658675289,5.376147222222222,0.011111111111111112,5,0,2024-01-01,11986235
1704151800000000,0.5151974641976204,11.954722825610943,0.5870684955010375,168,0.5873473780346776,0.4118775450186757,0.0020724601642152507,0.012367260370445887,4.3135803571428575,0.0,5,0,2024-01-01,11986235
1706745600000000,0.6433348703758942,11.335381289049304,0.5674054531087572,168,0.5690437337636889,0.38622259968935835,2.8714778778415884e-05,0.008531325519369748,5.086723214285714,0.011904761904761904,0,0,2024-02-01,30225310
1706747400000000,0.6639817601823126,12.818827407216927,0.7054254452298215,180,0.706558734755047,0.4705272685191657,0.0023382565203687866,3.5462329389668312e-06,4.386211111111111,0.005555555555555556,0,0,2024-02-01,30225310
1706749200000000,0.5055270845912093,3.640929180720057,0.4561073551516438,180,0.5829151194368895,0.2795914152259785,0.0047357010040938174,0.001378318532064382,3.9834305555555556,0.011111111111111112,0,0,2024-02-01,30225310
1706751000000000,0.6763177987543214,14.950915444249498,0.6319498270675754,180,0.6379541749275273,0.23065628964856255,0.00016229543287038517,0.00035689001493932615,3.8203305555555556,0.005555555555555556,0,0,2024-02-01,30225310
1706752800000000,0.6192144751749749,17.1394327285267,0.6122444007643215,180,0.6123388106842099,0.41316807794422694,0.0011906390792698618,0.0013329917984398199,6.003866666666666,0.0,0,0,2024-02-01,30225310
1706754600000000,0.6016620703771509,16.79718327476092,0.653347765765842,180,0.6537165569185003,0.6350254554106016,3.774441242965221e-05,0.0014625689348934934,4.818475,0.0,0,0,2024-02-01,30225310
1706756400000000,0.5247670539833085,19.46121571932909,0.7078121854763543,180,0.7121134351803203,0.41508353099047746,0.008792495403797562,0.0003130899876936377,5.1508,0.0,0,0,2024-02-01,30225310
1706758200000000,0.6129658307942845,15.010718188061274,0.6805800127575368,180,0.681188616495799,0.43367697216485646,0.000234264618397928,0.0006887179507084618,4.452811111111111,0.0,0,0,2024-02-01,30225310
1706760000000000,0.6278796900507224,15.240123412696645,0.7579521050708902,180,0.7585790027394647,0.4177966105642855,0.00022544167479543464,0.00047524709876656246,5.027036111111111,0.0,1,0,2024-02-01,30225310
1706761800000000,0.5722522895625105,6.578187063397053,0.6212333888258448,180,0.623696607246664,0.5870355321174721,0.0009102110910566008,0.0013005530511651653,5.258477777777777,0.0,1,0,2024-02-01,30225310
1706763600000000,0.6267654131319064,7.739859174357107,0.5080914075845178,180,0.5090790670538077,0.6691778382136464,0.00039253989749621354,0.006007282180310214,5.190444444444444,0.005555555555555556,1,0,2024-02-01,30225310
1706765400000000,0.5450337548014497,17.339568471645002,0.7328794539982544,180,0.7386160387936854,0.43590740030904185,1.9567983883583828e-05,0.0002834620345838479,4.861469444444444,0.0,1,0,2024-02-01,30225310
1706767200000000,0.5097219910429773,9.712030122837126,0.5406464377223459,180,0.5491840347003145,0.382531039951978,0.0019608388581346947,0.0014741226966800136,5.195205555555555,0.0,1,0,2024-02-01,30225310
1706769000000000,0.5005983143374462,13.094467506300964,0.7436569373379416,180,0.7451911270424034,0.3405046214320562,0.0018683569205655282,0.002065698485314682,4.752441666666666,0.011111111111111112,1,0,2024-02-01,30225310
1706770800000000,0.48410923828382557,19.663478806643607,0.7773165994863462,180,0.7781004298991339,0.416450731532086,0.021068533110234045,0.05899344364787984,6.014172222222222,0.0,1,0,2024-02-01,30225310
1706772600000000,0.5006654046952126,18.948799762438718,0.7293491460192659,168,0.7301065268126676,0.29246359278897294,0.0016578591408993315,0.0008577815713193271,5.930244047619047,0.0,1,0,2024-02-01,30225310
1706774400000000,0.5974938781281671,16.73442147873658,0.8012858818530317,168,0.8087452408407241,0.5036011333709507,4.469119578076608e-05,0.00021009229098101212,5.561880952380952,0.0,2,0,2024-02-01,30225310
1706776200000000,0.6132663521358419,14.330509826143489,0.8089414621977719,180,0.8182210138692294,0.34337098072561645,0.005441550720309607,0.0001669457448782996,5.069352777777778,0.0,2,0,2024-02-01,30225310
1706778000000000,0.5502989586015039,15.288228436532034,0.5662892045264769,180,0.567052993983179,0.40111200411164694,0.007362810926951346,0.02004343496067107,4.686091666666666,0.0,2,0,2024-02-01,30225310
1706779800000000,0.6220661086734844,17.433087349760296,0.791733924331846,180,0.7938469975421012,0.4839321952580107,0.02916360249374128,0.01710882950856918,5.249997222222222,0.005555555555555556,2,0,2024-02-01,30225310
1706781600000000,0.4849146873828962,11.255330395961138,0.5444740851185903,180,0.546604131297344,0.3522746826838473,0.021257252285459938,0.0011119221581404881,5.803755555555555,0.0,2,0,2024-02-01,30225310
1706783400000000,0.6103332814719831,18.359444675670584,0.7404982745736106,180,0.740976923926766,0.35510905353906475,0.007329557922160168,0.009816869932613659,5.101927777777778,0.0,2,0,2024-02-01,30225310
1706785200000000,0.6094257726835473,18.06397853305176,0.7910146336677568,180,0.7976938060558368,0.4336163887782587,0.002087356343555169,0.009257204489431903,4.671505555555555,0.0,2,0,2024-02-01,30225310
1706787000000000,0.4678459587809685,12.381653225125651,0.6274358998016538,180,0.628408124442581,0.3618537203969595,0.003019035831020256,0.0009283697855357875,5.294213888888889,0.0,2,0,2024-02-01,30225310
1706788800000000,0.5056476247009178,13.320423520347223,0.5884510756256032,180,0.5943064894756822,0.380239890097523,0.00869923740834233,0.001981604290360872,5.426986111111111,0.005555555555555556,3,0,2024-02-01,30225310
1706790600000000,0.5111784966035723,15.356701790795974,0.6574895447640908,180,0.6646893565711052,0.3947428044981254,0.003157590263494714,0.016613018156967474,4.8309,0.005555555555555556,3,0,2024-02-01,30225310
1706792400000000,0.6624055006541382,10.406295699982415,0.5807997805418694,180,0.5808378012233201,0.5908796995848117,0.012177927459898208,0.003820141814980249,4.742830555555556,0.011111111111111112,3,0,2024-02-01,30225310
1706794200000000,0.6663123801368591,21.0844909335546,0.7015170884504484,180,0.7045575217710915,0.5317576170906859,0.002198044727338755,0.02928042709876144,4.017916666666666,0.0,3,0,2024-02-01,30225310
1706796000000000,0.6094646842699443,13.382099883915176,0.6107163416228413,180,0.6125435758178897,0.40361989913872787,4.431167386631518e-05,5.291245881988704e-05,4.574952777777778,0.011111111111111112,3,0,2024-02-01,30225310
1706797800000000,0.5855903992922233,10.798310430490835,0.5244930539698999,180,0.5304834484742604,0.2798186182665541,0.005480898428352754,0.0013125587238534964,4.307927777777778,0.005555555555555556,3,0,2024-02-01,30225310
1706799600000000,0.6380480969391852,6.160999807478674,0.4498169477251547,180,0.4959513365394701,0.49568379913789196,0.0011840201951248686,0.007533230945252156,3.700563888888889,0.005555555555555556,3,0,2024-02-01,30225310
1706801400000000,0.6144837566097253,10.842611515353791,0.611340423260049,168,0.6217240689908198,0.4017681126142395,0.03155871146980016,0.023363877586901616,3.8964285714285714,0.0,3,0,2024-02-01,30225310
1706803200000000,0.5860013451013897,14.335451874425193,0.6338295676278265,168,0.6342348419100372,0.366140237845887,2.423099654258465e-08,0.00015532393064887628,4.597669642857143,0.011904761904761904,4,0,2024-02-01,30225310
1706805000000000,0.47837687664796014,9.76177401285964,0.5910273462798593,180,0.6203619254224964,0.5478756858571309,0.002697512610445707,6.111763332905529e-05,5.375486111111111,0.011111111111111112,4,0,2024-02-01,30225310
1706806800000000,0.5322752951569478,12.999333801691451,0.48898663298271794,180,0.4890393231482001,0.43968587794255143,0.0071822494445360485,0.00016185623868147925,4.600775,0.0,4,0,2024-02-01,30225310
1706808600000000,0.6250945134264461,12.784740895328147,0.6495067092103599,180,0.6716141689682857,0.4227283501633513,0.004918273632441017,0.010123871042582389,4.780536111111111,0.005555555555555556,4,0,2024-02-01,30225310
1706810400000000,0.6238302941347992,17.519672038817216,0.6221305633367165,180,0.6233888831973202,0.5209805480088163,0.0030272096673307214,5.224731114239489e-05,4.656994444444445,0.005555555555555556,4,0,2024-02-01,30225310
1706812200000000,0.526089441733857,14.531590678827586,0.6650137501534973,180,0.6762740316074977,0.33974181257430736,0.01333063400530532,0.0018171677596314773,4.778525,0.0,4,0,2024-02-01,30225310
1706814000000000,0.5159292825720244,23.91475165223963,0.7819604932774525,180,0.7829114645254545,0.4061147843055559,4.8647006744007015e-06,0.00017005732509023375,4.949375,0.0,4,0,2024-02-01,30225310
1706815800000000,0.6105268961992713,10.327137241853872,0.4746604388032303,180,0.5057448177470047,0.5764376091784507,0.005826038918304355,0.00194559194068189,4.318380555555556,0.011111111111111112,4,0,2024-02-01,30225310
1706817600000000,0.5575662385151363,17.260330565715012,0.6617096611841583,180,0.6779420078604828,0.4223888612422254,0.0003211926661779163,0.0008102739418949234,4.577825,0.005555555555555556,5,0,2024-02-01,30225310
1706819400000000,0.5661784648581232,16.023692746995554,0.7273968483591322,180,0.7484098137194,0.35086719289224166,0.0007435941018953951,0.0081930616890733,4.460188888888888,0.005555555555555556,5,0,2024-02-01,30225310
1706821200000000,0.586327041227166,9.647124349564693,0.64421131480859,180,0.6829130178055232,0.5558864240884713,0.004426973350771135,0.00027983656045127425,5.058333333333334,0.005555555555555556,5,0,2024-02-01,30225310
1706823000000000,0.6164768732831112,17.37440878721487,0.7053473291597492,180,0.7153106637943647,0.4443421343098617,0.0009635873589041166,0.001220421761441104,4.010963888888889,0.0,5,0,2024-02-01,30225310
1706824800000000,0.584869451646697,16.457103826283706,0.7413491838246342,180,0.7518392968325478,0.4345453277249691,0.004846795098941481,0.004708644041117482,4.489191666666667,0.0,5,0,2024-02-01,30225310
1706826600000000,0.48933421678707567,9.154225867814567,0.6970961141006486,180,0.6990113080014388,0.5949215710510458,0.03281381119996618,0.01472833935888862,7.505069444444444,0.0,5,0,2024-02-01,30225310
1706828400000000,0.5544943093986727,17.97987074296345,0.7770925972792773,180,0.7777825373878218,0.4884920994699752,0.002535831605843364,0.003643723773246288,5.398186111111111,0.0,5,0,2024-02-01,30225310
1706830200000000,0.5564187258531628,12.73582752568322,0.5413173738218291,168,0.556322771093259,0.5878670515834759,0.02922288516057403,0.0027440294975333845,5.299639880952381,0.0,5,0,2024-02-01,30225310
1709251200000000,1.0226448200941296,10.789621072292466,0.624432950347743,168,0.6257222760728369,0.48011552946258873,0.0034581870152530225,0.00018403506510844547,3.908452380952381,0.005952380952380952,0,0,2024-03-01,38973152
1709253000000000,1.1573416694496195,18.743505916603986,0.7315428984199951,180,0.7326556591482836,0.45078647016615836,0.006342684748524174,0.0006537363261507334,3.6267055555555556,0.0,0,0,2024-03-01,38973152
1709254800000000,0.8936281562205348,16.782856435742207,0.7544863017613817,180,0.7744930186898098,0.3539399663203552,0.0010131488233444674,0.021169182188493285,3.868002777777778,0.0,0,0,2024-03-01,38973152
1709256600000000,1.0600264134684494,19.65668740088799,0.7625310363325617,180,0.7625911968480542,0.49615150122423246,0.0037378103519811745,0.012504396502757142,4.513311111111111,0.0,0,0,2024-03-01,38973152
1709258400000000,0.9090616684217749,12.305833576271155,0.7253601067190589,180,0.7364012980324057,0.507044018557245,0.0011353012025479003,5.033517019137346e-05,4.692194444444445,0.0,0,0,2024-03-01,38973152
1709260200000000,0.9977738514093057,27.510796736992003,0.7929078010492927,180,0.7945803154411966,0.3909876617819562,0.00015790447685659625,0.0068820261471304045,3.884908333333333,0.005555555555555556,0,0,2024-03-01,38973152
1709262000000000,0.8711339920795367,17.33465623263818,0.7912114556586329,180,0.7960295382043898,0.285961386826862,0.004200328251454444,0.000613237640730846,3.7821305555555558,0.0,0,0,2024-03-01,38973152
1709263800000000,1.0717150407471077,14.245964561909679,0.6589229515173295,180,0.6757513596065705,0.3967574408844121,0.0039028922871859884,0.002040567152684525,3.5470333333333333,0.0,0,0,2024-03-01,38973152
1709265600000000,0.8770601245590703,14.122971157424754,0.7544215978348205,180,0.7651479912292971,0.3945784339503793,0.016377728304161177,0.00999821543352486,4.424922222222222,0.0,1,0,2024-03-01,38973152
1709267400000000,0.8601018697299048,11.688533386202618,0.6589292752046252,180,0.6819100986997899,0.48875379411018416,0.019049664173785952,0.01762496738738728,4.26328611111111,0.005555555555555556,1,0,2024-03-01,38973152
1709269200000000,0.8515648899988457,12.892027497363575,0.7310082036016037,180,0.76063340628522,0.27713765808904656,0.0022064127039330694,0.0020430221627790734,3.919669444444444,0.0,1,0,2024-03-01,38973152
1709271000000000,0.8760986999203,22.085234937793672,0.710870822277676,180,0.713018563341802,0.4192373554733596,0.0031183289881482334,0.014079029989647274,4.292147222222222,0.0,1,0,2024-03-01,38973152
1709272800000000,0.8261518334713909,9.699137491886464,0.5973184751308885,180,0.6431565366648142,0.4743542484835218,0.0029802534651559576,6.243769486569128e-05,5.397988888888889,0.0,1,0,2024-03-01,38973152
1709274600000000,0.871664589506326,22.379925958842342,0.8173650668825659,180,0.8272673407389466,0.3608799773112221,0.0005803331679402612,0.0018903730877888325,4.381744444444445,0.0,1,0,2024-03-01,38973152
1709276400000000,1.073191408581556,25.07860984515605,0.7807715997927015,180,0.7849986250260971,0.3543828154627078,0.015676156461217783,0.000592790972086088,3.648930555555556,0.005555555555555556,1,0,2024-03-01,38973152
1709278200000000,1.0863638289213973,21.361652697459764,0.7956243181920993,168,0.812711035190357,0.4112069995135178,0.0048412928396043275,0.0001596344634336999,3.727327380952381,0.0,1,0,2024-03-01,38973152
1709280000000000,0.9712844598312382,17.862483278352737,0.7757150615859807,168,0.7910724506668114,0.3788183554124024,0.00959299850102091,0.026197522287149,3.6083571428571424,0.005952380952380952,2,0,2024-03-01,38973152
1709281800000000,1.0398944286691112,19.352230009783135,0.6401411965871451,180,0.6403452779184111,0.34148898103921266,0.0008539750356639786,0.00396750278998359,3.643952777777778,0.0,2,0,2024-03-01,38973152
1709283600000000,0.9301337830226781,16.168542446250164,0.7411476297500595,180,0.7412681820899951,0.40085259047718125,6.34671109451812e-05,0.0031813820548820537,7.0626694444444444,0.016666666666666666,2,0,2024-03-01,38973152
1709285400000000,0.7749616767397152,13.995934014473825,0.7519293842308845,180,0.7764471152668537,0.4316378927790403,0.0002037158606503775,0.00396264701531579,4.462116666666667,0.0,2,0,2024-03-01,38973152
1709287200000000,0.866023250664719,17.700636232093995,0.7371939022753901,180,0.7723105064675746,0.4120767610003718,0.003030766487067349,0.0001794314328342761,4.721613888888888,0.005555555555555556,2,0,2024-03-01,38973152
1709289000000000,0.8877544564667923,14.607398709989404,0.685791678730945,180,0.7115594525438063,0.35885068133256626,0.00036804439350091034,0.001706140019122171,4.255113888888888,0.0,2,0,2024-03-01,38973152
1709290800000000,0.7801572939382908,7.8669061495924675,0.7105838403237563,180,0.7765416137544412,0.2601406520588151,1.4447877166423595e-05,0.0017030837550002786,4.873105555555555,0.005555555555555556,2,0,2024-03-01,38973152
1709292600000000,0.8767511364824707,20.476595797113525,0.811780669396611,180,0.8157162916729099,0.34001559662975445,0.0005536799167960016,0.001960155683399134,4.632155555555555,0.0,2,0,2024-03-01,38973152
1709294400000000,0.7931678064175107,18.940478365468998,0.7565676260331176,180,0.7738447476431073,0.3091360195161946,0.0045119341219702624,0.0012878921493564288,5.180883333333333,0.0,3,0,2024-03-01,38973152
1709296200000000,1.2195030700696097,16.3692437787346,0.731597503561776,180,0.7320420191406518,0.43935578251946683,1.3018436289091717e-05,0.0023196673740135676,3.5836083333333333,0.0,3,0,2024-03-01,38973152
1709298000000000,1.3567123712695728,21.47809245131506,0.7413463929365229,180,0.7423336601623691,0.47642961503478454,0.008941319912713408,0.013581999277330392,3.279086111111111,0.0,3,0,2024-03-01,38973152
1709299800000000,1.0000314270992652,25.21355183157578,0.7742175838498453,180,0.7746922932508659,0.499435371246596,0.0008237546162718212,1.4909588133882323e-05,3.847063888888889,0.005555555555555556,3,0,2024-03-01,38973152
1709301600000000,0.8584863805932414,16.325271361700846,0.6583741033345094,180,0.6623596605308326,0.5096368678980688,0.010498020735296376,0.024448213569671307,4.122141666666667,0.011111111111111112,3,0,2024-03-01,38973152
1709303400000000,1.6470219983439693,14.399670135554937,0.7213932272886507,180,0.7217440575369747,0.4143214830687445,0.0034116978468574644,0.002236691434318594,3.13585,0.027777777777777776,3,0,2024-03-01,38973152
1709305200000000,1.0687055606077573,22.09453904947399,0.7758914336319407,180,0.7760283959210051,0.5367490087558255,0.0012172506265839544,0.001497096590040381,3.8441972222222223,0.0,3,0,2024-03-01,38973152
1709307000000000,1.1338176904502135,17.1985198148992,0.7468455196091639,168,0.7642892320163952,0.4206793208408477,0.010766112454596022,0.017813230234298483,4.11591369047619,0.005952380952380952,3,0,2024-03-01,38973152
1709308800000000,1.0222579179219509,20.92683944165775,0.7387371642341722,168,0.742984194374489,0.5216353124630211,0.0018427574869019914,0.00013111562896683804,3.7194940476190474,0.005952380952380952,4,0,2024-03-01,38973152
1709310600000000,0.8949752983762407,10.843630627860929,0.7290702691339825,180,0.7574508477863878,0.299443040894247,0.0020951060649332387,0.0003107074278483335,4.699644444444445,0.0,4,0,2024-03-01,38973152
1709312400000000,0.9535906670639782,18.808728201254922,0.6583510959832537,180,0.660695200585729,0.4244130137871138,0.016309955631126916,0.009054799461280294,4.768538888888889,0.005555555555555556,4,0,2024-03-01,38973152
1709314200000000,0.9956156003302329,12.07594123134435,0.6945671190785749,180,0.6945672740199336,0.5691759024902625,0.0003782190201299107,0.006633591673372186,11.121599999999999,0.0,4,0,2024-03-01,38973152
1709316000000000,0.7842336380782765,13.683600213217746,0.665107856693122,180,0.6757313528998394,0.4593457992515104,0.004637903276957456,0.00592918902681272,4.369397222222222,0.0,4,0,2024-03-01,38973152
1709317800000000,0.9329438033691456,12.490331498263178,0.6005448511770806,180,0.6155363063127951,0.3444793809912259,0.008876832668602952,0.021592317187466015,3.607466666666667,0.005555555555555556,4,0,2024-03-01,38973152
1709319600000000,0.9016782622948408,14.003273851566762,0.6840324995077708,180,0.7056205282852923,0.34597328014509043,0.00024223911609355664,8.076002370849267e-06,4.516825,0.0,4,0,2024-03-01,38973152
1709321400000000,0.9082505545598631,16.96740929680847,0.7365720201944246,180,0.7623711688979774,0.565115586544691,0.013515945100712523,0.015135565279236762,5.237752777777778,0.0,4,0,2024-03-01,38973152
1709323200000000,1.0375252114268834,23.756542059263527,0.7337602899755282,180,0.7388389954051433,0.46524574770098004,0.0006920205305454008,0.001195464120319678,6.435980555555555,0.005555555555555556,5,0,2024-03-01,38973152
1709325000000000,1.1404405074854176,22.326440954871146,0.706304731618216,180,0.7072166586749602,0.28706171629993094,0.03205023202750379,0.0053518267710168654,4.664466666666667,0.011111111111111112,5,0,2024-03-01,38973152
1709326800000000,1.1567849146034423,11.383447213595636,0.6391475210187303,180,0.6580057118185885,0.39090462444036445,0.009404284287808817,0.058745670270064276,4.239361111111111,0.005555555555555556,5,0,2024-03-01,38973152
1709328600000000,1.2658092902476301,18.60185873490876,0.7967121908115824,180,0.8044782326370383,0.29280862505777117,0.013470634218580413,0.005782682163518071,4.557002777777778,0.0,5,0,2024-03-01,38973152
1709330400000000,1.2335313405697053,14.345007771314062,0.6749188216185952,180,0.6877212732058624,0.39000955027806816,0.0003279337581011399,0.009326816048973674,3.5981805555555555,0.0,5,0,2024-03-01,38973152
1709332200000000,1.0491187421953727,9.587249013168595,0.6193150253411088,180,0.6375784458670716,0.660768876003312,0.0008129159459900892,0.03947039750202508,6.554286111111112,0.0,5,0,2024-03-01,38973152
1709334000000000,0.8689534297221393,10.3598088084143,0.5820618857372288,180,0.6146328390965144,0.3601708987103861,0.0019561119946717165,0.00238183281360127,9.214672222222223,0.005555555555555556,5,0,2024-03-01,38973152
1709335800000000,0.8407246054772197,13.196368919850167,0.6295595525810288,168,0.6679823642440444,0.451894336031871,0.000276426289674947,0.00041335832989131127,6.363065476190477,0.011904761904761904,5,0,2024-03-01,38973152
1711929600000000,1.2072322623197165,12.006931812104849,0.6371150515230828,168,0.6371595796669589,0.2788326261445849,0.0003154360910080367,0.001598727263609545,3.319699404761905,0.0,0,0,2024-04-01,12837492
1711931400000000,0.8628582828696654,23.430287756748033,0.7940269726595541,180,0.794906696386571,0.4164048227790611,0.001039076374511394,0.00012274185046112773,4.357480555555555,0.0,0,0,2024-04-01,12837492
1711933200000000,0.8093383027923186,12.90227829785387,0.7295900198763084,180,0.7370172055951338,0.39558321965172694,0.009556307995067459,0.010740793662770698,4.872877777777778,0.0,0,0,2024-04-01,12837492
1711935000000000,0.831308218106166,12.324975168698836,0.7302379730806006,180,0.7318250682455774,0.3454420169262933,0.006692121416705388,0.0010179135153670638,4.387838888888889,0.005555555555555556,0,0,2024-04-01,12837492
1711936800000000,0.7297754134437484,22.6052642507408,0.8250326119063242,180,0.8277003638958368,0.3463538332470817,7.5638816312562085e-06,0.00015663278848421225,4.8282944444444444,0.0,0,0,2024-04-01,12837492
1711938600000000,0.7145544996074069,18.15488857603938,0.787573601514658,180,0.7881399022261291,0.33940321586478894,0.0003094448845595288,0.00013993331051576074,5.331827777777778,0.0,0,0,2024-04-01,12837492
1711940400000000,0.7470115571366016,20.222877636041442,0.8322630195349112,180,0.83233837678997,0.3965804883029056,0.001359046301816047,0.00025821267299686035,5.504677777777777,0.0,0,0,2024-04-01,12837492
1711942200000000,0.7121367309794375,16.142783381603415,0.8031942980397934,180,0.8186771092570069,0.3722303158944258,0.0002468881282322588,0.002224600363504803,5.855547222222222,0.0,0,0,2024-04-01,12837492
1711944000000000,0.6979228376376069,17.040877299030928,0.6607231053603981,180,0.6668921502843823,0.424078553690836,0.0006757131625951818,0.0005735052889656034,5.6683111111111115,0.005555555555555556,1,0,2024-04-01,12837492
1711945800000000,0.691261844228115,23.327515800722946,0.8066096576012439,180,0.8108320583363917,0.21861421261324976,0.0011778471512511324,0.0011505455771020356,6.1481361111111115,0.0,1,0,2024-04-01,12837492
1711947600000000,0.7915426626694788,12.407953539865332,0.7795276043793373,180,0.7815678486946273,0.3823024080522447,0.005253913452795689,0.011938296201297827,5.968544444444444,0.0,1,0,2024-04-01,12837492
1711949400000000,1.3981833022883179,6.344420002843131,0.2277990596057602,180,0.2905887026992219,0.41102181860551423,0.00950447032811863,0.0004452906935499268,4.602222222222222,0.15555555555555556,1,0,2024-04-01,12837492
1711951200000000,1.6948504986486381,8.254969311782812,0.4711697902696491,180,0.48765543478244167,0.3503469849497538,6.406750945187056e-05,0.001635704829272333,3.4425055555555555,0.011111111111111112,1,0,2024-04-01,12837492
1711953000000000,1.0725518847058586,12.663817895604595,0.7447260261963471,180,0.7448468576961182,0.24974201926835737,0.008936849591186125,0.003963679970763412,4.516986111111111,0.0,1,0,2024-04-01,12837492
1711954800000000,0.8711689951891788,16.195749051663142,0.7506501439497637,180,0.7551449503348605,0.23719905506093186,0.0001978458014652018,0.00172376232085647,5.134083333333333,0.016666666666666666,1,0,2024-04-01,12837492
1711956600000000,0.9663074113134005,18.83226524739787,0.7322147264155683,168,0.7322376371067583,0.4021763745653608,0.00021813922335855995,0.006005814414281052,5.059892857142858,0.0,1,0,2024-04-01,12837492
1711958400000000,1.0485377099031312,19.823371361941398,0.6886787920589565,168,0.6919289503389483,0.42054190290882154,0.011899820064174338,0.011578514839438392,4.978863095238095,0.0,2,0,2024-04-01,12837492
1711960200000000,1.0508091532903172,5.899592390507787,0.5374842923660812,180,0.6124128464593293,0.48332250194099236,0.014675170802467719,4.5169858442495325e-07,4.773294444444445,0.005555555555555556,2,0,2024-04-01,12837492
1711962000000000,0.8527201886579996,18.870957664372778,0.7781014361194272,180,0.7852294736369245,0.49184253303712955,0.0009374133616228963,0.007513676465832786,4.572725,0.005555555555555556,2,0,2024-04-01,12837492
1711963800000000,0.7409262659248506,11.672008114517078,0.6778615724576413,180,0.7089409607456993,0.3690561284306314,3.138398182156443e-05,0.005924842141219133,5.265116666666667,0.0,2,0,2024-04-01,12837492
1711965600000000,0.9179400692538129,10.950768155059658,0.6601854359953965,180,0.6712375806917705,0.43041917239462757,8.489295693880905e-05,0.0035761455947241894,4.615002777777778,0.0,2,0,2024-04-01,12837492
1711967400000000,0.7918804514812358,19.36668740260591,0.8212055316537804,180,0.8253926554030541,0.14736001812844834,0.0026665808865729,0.004816063411891669,4.994022222222222,0.0,2,0,2024-04-01,12837492
1711969200000000,0.857195232427167,16.884066832993003,0.723311705695987,180,0.7297315454256084,0.2363580604064357,0.00024002275442702725,1.0223850256396716e-06,4.5352194444444445,0.016666666666666666,2,0,2024-04-01,12837492
1711971000000000,0.772664692228934,18.454671751779003,0.7372028754483921,180,0.7462714794860349,0.29722552782647405,0.001338479139509241,0.0009644022138163288,5.092125,0.005555555555555556,2,0,2024-04-01,12837492
1711972800000000,0.6881589768179304,13.322059444923244,0.7340286203226456,180,0.7596653122928434,0.37672720453427744,0.0012433864764166414,7.113228636101976e-05,5.398875,0.0,3,0,2024-04-01,12837492
1711974600000000,0.797783524518519,21.358721562553164,0.8247449183637334,180,0.8279157715902135,0.31897768001102933,0.0011764726944832882,0.0008909290107825818,5.323411111111111,0.011111111111111112,3,0,2024-04-01,12837492
1711976400000000,0.8977912520299166,11.33046023340056,0.7547786260006085,180,0.764103780439139,0.4321766880425041,0.010259243827831166,0.005807894555219684,5.313569444444444,0.0,3,0,2024-04-01,12837492
1711978200000000,1.2208971451446589,21.265741681631525,0.6828639566748522,180,0.6847464169655602,0.3589003552175173,0.0002641655596564707,0.0002713700180747569,4.045127777777778,0.005555555555555556,3,0,2024-04-01,12837492
1711980000000000,1.041413399046831,12.824739323032913,0.6824331773829972,180,0.6966833836250184,0.40413484500653196,0.0009897957796957124,0.001436212756494304,4.1376083333333336,0.005555555555555556,3,0,2024-04-01,12837492
1711981800000000,1.6086040733081184,13.327913262345254,0.6124850133102581,180,0.6218180783613549,0.3407001043587051,0.000252714788496311,0.0005167353583167555,3.354852777777778,0.03333333333333333,3,0,2024-04-01,12837492
1711983600000000,2.4791623459294145,11.394548323027244,0.5677081927699159,180,0.5684139343572543,0.2885476630516859,0.0015637589207000424,0.006002737381108791,2.5078472222222223,0.05,3,0,2024-04-01,12837492
1711985400000000,1.019254517258774,7.236837350419528,0.586412722725159,168,0.6818307472172248,0.26608326620669487,0.0005694556243764914,0.010454736374215345,3.902300595238095,0.0,3,0,2024-04-01,12837492
1711987200000000,1.1896269833514659,13.871238523993465,0.6280798792172935,168,0.6381619491211908,0.29504497280361597,0.022612131268542,0.01320902498253318,3.873348214285714,0.005952380952380952,4,0,2024-04-01,12837492
1711989000000000,0.9311760031447351,18.849311942405535,0.8069303719924249,180,0.8080794290675182,0.27428538791515955,3.2203121986484895e-05,0.0006952349134241587,4.625641666666667,0.016666666666666666,4,0,2024-04-01,12837492
1711990800000000,0.921034190551534,16.61015240713075,0.7708194420588648,180,0.7945406220921735,0.3322424104796635,0.00028420928228611864,0.004352588110630884,4.775830555555555,0.011111111111111112,4,0,2024-04-01,12837492
1711992600000000,0.8200019510355422,9.036281281341479,0.5962146731925866,180,0.6548384076010128,0.38361498410471795,0.0011552291794570957,0.005343617439016013,4.805722222222222,0.011111111111111112,4,0,2024-04-01,12837492
1711994400000000,0.8580551699145234,15.133302302207463,0.7250019682157545,180,0.7478352927273895,0.36093818430179936,0.0015585233788714126,0.00047887490653164555,5.027119444444444,0.011111111111111112,4,0,2024-04-01,12837492
1711996200000000,0.8811292283309753,18.683449328584825,0.7444327203622296,180,0.7545635718896045,0.1720024597497034,0.0029823597236530164,0.006207614146750529,4.448538888888889,0.005555555555555556,4,0,2024-04-01,12837492
1711998000000000,0.8828595310790609,13.941780257479781,0.5693023992722706,180,0.5778363379316444,0.28577310919232024,4.946443742048778e-06,0.0030342229268819354,4.70125,0.005555555555555556,4,0,2024-04-01,12837492
1711999800000000,0.8043752802533286,15.624665254103487,0.5914379646045496,180,0.5959842925397314,0.4071047491345906,0.009690662101095815,0.00501444432081799,6.671994444444445,0.011111111111111112,4,0,2024-04-01,12837492
1712001600000000,0.8819188001806099,19.303614529780194,0.7940552175467279,180,0.7970816446131159,0.3052721881036866,9.340218519870991e-05,0.0004979429589916373,12.056705555555554,0.0,5,0,2024-04-01,12837492
1712003400000000,0.8413072308390674,16.60197408140413,0.7196514215209094,180,0.7371981933276566,0.30941505985541784,0.0007464237822837338,0.0012814899456605744,5.092372222222222,0.0,5,0,2024-04-01,12837492
1712005200000000,0.9764373004921283,14.248131010709043,0.6773884864571877,180,0.7087924078756567,0.31639598155777304,0.020125610154587803,0.0077193515997634465,4.136747222222223,0.0,5,0,2024-04-01,12837492
1712007000000000,1.1299684591130688,10.063952690651226,0.670742919030358,180,0.6708143917107623,0.478427420275075,0.042835650785228,0.09254210564254861,4.272255555555556,0.005555555555555556,5,0,2024-04-01,12837492
1712008800000000,1.1689592973999896,19.848869670429778,0.7789884110174476,180,0.7919583461744717,0.515157052111999,8.573897635677508e-05,7.204188149034785e-06,3.9300111111111113,0.005555555555555556,5,0,2024-04-01,12837492
1712010600000000,0.9921639779621044,12.877850144990472,0.7204472353797384,180,0.7303562569418484,0.42649462288629014,0.0028827473458107322,0.026259684528063376,4.04125,0.011111111111111112,5,0,2024-04-01,12837492
1712012400000000,0.9550380686167574,10.815193250940203,0.6018193961188871,180,0.6159186248027566,0.5500618306873158,0.0026239174756610417,0.0005836548970390432,4.2503,0.0,5,0,2024-04-01,12837492
1712014200000000,0.7347272730027559,23.86393388739442,0.6834392998521396,168,0.691509427367484,0.35994626225913207,0.0019877071194424056,0.004425922970058616,4.770464285714286,0.0,5,0,2024-04-01,12837492
1714521600000000,1.2049165178982513,14.473205107401379,0.6785418142207729,168,0.6820075969578623,0.4166377315254459,0.003285606468735991,0.0004753146066064362,3.1224077380952378,0.005952380952380952,0,0,2024-05-01,24341505
1714523400000000,1.2214337724963316,15.284812163603894,0.7623328494025959,180,0.768884243446119,0.408100609140302,0.0006148058930024458,0.006693067203130898,2.7538555555555555,0.016666666666666666,0,0,2024-05-01,24341505
1714525200000000,1.1829491912360823,15.385562394260532,0.6545079092466553,180,0.655412208248275,0.40202382665241854,0.00028079459614693825,7.075417463031641e-08,2.8274166666666667,0.022222222222222223,0,0,2024-05-01,24341505
1714527000000000,1.327585895879889,16.982576954070133,0.7522403110261366,180,0.7528772695781516,0.4454470559324172,0.0037062606062644443,0.0022826488520295563,2.6066861111111113,0.005555555555555556,0,0,2024-05-01,24341505
1714528800000000,1.397534187079457,19.249095836493563,0.6564646249458262,180,0.6582712753117339,0.3658739573138209,0.002609367417794828,0.0038364024556839516,2.4687333333333332,0.027777777777777776,0,0,2024-05-01,24341505
1714530600000000,1.0592238907704705,17.030414521320935,0.7582135614282981,180,0.7586265069233924,0.38936619902459735,0.002584824372519501,3.8882458248123974e-05,3.0999027777777775,0.011111111111111112,0,0,2024-05-01,24341505
1714532400000000,1.0844321458636994,12.539220369358477,0.7165855029709425,180,0.7217502001438052,0.2337313951625557,1.470881811638236e-05,0.00016249733234907637,3.038436111111111,0.005555555555555556,0,0,2024-05-01,24341505
1714534200000000,0.8544740562189208,15.736877516789392,0.7480024978212703,180,0.7607842386818662,0.39555079730400955,0.0020946771870601344,0.00010539739915282897,3.245027777777778,0.0,0,0,2024-05-01,24341505
1714536000000000,0.9675733188500091,21.24187582914565,0.7209551110669782,180,0.7250187719958352,0.453733153942562,0.0009205968814597343,9.37689789648477e-05,3.372647222222222,0.016666666666666666,1,0,2024-05-01,24341505
1714537800000000,0.8307335331651298,10.894987968343246,0.67812721633552,180,0.6914112247285267,0.40890256211135345,0.004933746199130451,0.002069407104413834,3.4898555555555553,0.0,1,0,2024-05-01,24341505
1714539600000000,0.9421442142752194,13.06358342314139,0.70612238042011,180,0.7272328427323914,0.4182509537467365,0.0021830662081886443,0.0018285775156503536,3.9486416666666666,0.005555555555555556,1,0,2024-05-01,24341505
1714541400000000,1.1284275643779624,12.510857096496856,0.6831331184448521,180,0.6984918306243908,0.4378372376902486,0.0008131104291037028,7.700207886784938e-05,3.2639722222222223,0.005555555555555556,1,0,2024-05-01,24341505
1714543200000000,1.1421566328298678,13.591053498366394,0.7135912664897319,180,0.7243216767979508,0.44952701404120365,2.271384909968699e-05,0.001805049630700828,3.152919444444444,0.005555555555555556,1,0,2024-05-01,24341505
1714545000000000,1.1827911482960238,15.894083568111057,0.7237710509247661,180,0.7286847278799438,0.18332957399264083,0.007858125160875029,0.0024761496973726427,3.101583333333333,0.016666666666666666,1,0,2024-05-01,24341505
1714546800000000,3.4040901685967357,7.930750549942267,0.4055541953128481,180,0.4064662114591825,0.5756791987010925,0.04743174337296696,0.0010159789965575872,1.8365222222222224,0.09444444444444444,1,0,2024-05-01,24341505
1714548600000000,3.3412003314638667,11.110981994498593,0.6220821393170379,168,0.6274571197044518,0.36259021779622447,0.036450906842248054,0.049727290919496236,1.5082023809523808,0.06547619047619048,1,0,2024-05-01,24341505
1714550400000000,2.1396247095852816,3.6847321845689973,0.390523202623425,168,0.5796074004509835,0.17087244949468494,0.02248643891474522,0.0036782349264520287,1.5546934523809521,0.05952380952380952,2,0,2024-05-01,24341505
1714552200000000,1.6603503969101765,12.656733661301347,0.5933628327731129,180,0.595069805356081,0.3946824740293038,0.03197915029433418,0.03665180789888289,1.9499388888888887,0.03333333333333333,2,0,2024-05-01,24341505
1714554000000000,1.579880097884681,20.86302376425667,0.6760444367643625,180,0.676098371375237,0.39305322507545837,0.01002800175010854,0.0038276162132987457,2.491088888888889,0.016666666666666666,2,0,2024-05-01,24341505
1714555800000000,1.1771928979551387,20.00816149346027,0.7228415669252681,180,0.7246712396098669,0.19141215893818975,0.0008288228941922826,0.0005135299241150193,2.8132694444444444,0.0,2,0,2024-05-01,24341505
1714557600000000,1.546476834900447,13.595808407919634,0.6309798700102317,180,0.6317049197966137,0.45829896434451867,0.00016695628183349687,4.978209770345465e-05,2.6612305555555555,0.011111111111111112,2,0,2024-05-01,24341505
1714559400000000,1.3119054931623193,18.899192546273188,0.7127686747862984,180,0.7150717934394465,0.3933460793534893,0.0076899478374049535,0.009648379590310174,2.5968833333333334,0.011111111111111112,2,0,2024-05-01,24341505
1714561200000000,1.5570056240122003,14.390788102019085,0.6802471967899313,180,0.6810609864581665,0.5051059911552143,0.023740661533941165,0.026897226079477865,2.611997222222222,0.0,2,0,2024-05-01,24341505
1714563000000000,1.2813498542062816,13.032487441095398,0.6497263182894976,180,0.6520901649571569,0.5087428115186674,0.00017514274366581262,0.007295845582084737,2.7741277777777777,0.011111111111111112,2,0,2024-05-01,24341505
1714564800000000,1.4853342301301344,14.672023603716655,0.6651995912823595,180,0.6662983134507563,0.435918185714978,1.613566568026137e-05,0.0007403904231403358,2.7687444444444447,0.03333333333333333,3,0,2024-05-01,24341505
1714566600000000,1.2743096091952675,13.823488120360317,0.6364977475715964,180,0.6375147762859453,0.393144291299491,0.004751150254995173,7.689697613111335e-07,3.380413888888889,0.005555555555555556,3,0,2024-05-01,24341505
1714568400000000,1.1176809600436959,18.980957748361774,0.773098643723255,180,0.7732654243835028,0.22956245782441465,0.0006728718070007078,0.0003109480404800413,3.086955555555556,0.016666666666666666,3,0,2024-05-01,24341505
1714570200000000,1.7240772269993458,12.641298012027537,0.6077305399931632,180,0.620458567924836,0.4999351728218788,0.00043721221196157956,0.020852459095657805,2.4844916666666665,0.03333333333333333,3,0,2024-05-01,24341505
1714572000000000,1.6399242654397477,12.529081881160335,0.6026871030410099,180,0.6066456594525023,0.4062471822929741,0.005293208783170633,0.024926669231030485,2.5427472222222223,0.011111111111111112,3,0,2024-05-01,24341505
1714573800000000,0.8571477710683413,6.255407239744212,0.6421040543942935,180,0.7432489250831937,0.5554947745998191,0.00014595774522696559,8.821065169417608e-07,2.7309944444444443,0.0,3,0,2024-05-01,24341505
1714575600000000,1.2158158311662706,7.060386040343614,0.40516623880197067,180,0.42861441220039986,0.42397565334060183,0.010236692866227526,0.014368877042448824,2.946211111111111,0.0,3,0,2024-05-01,24341505
1714577400000000,1.3946366821592573,17.615772414374973,0.7441988425361064,168,0.7541680521799392,0.38194357515305644,0.005915379644154117,0.028638624158568327,2.5639464285714286,0.017857142857142856,3,0,2024-05-01,24341505
1714579200000000,1.5880290031110227,15.089728105605728,0.6202188025502247,168,0.6310956614285633,0.46814754511022094,0.0018705410184183258,0.0018506257281291072,2.6433988095238097,0.017857142857142856,4,0,2024-05-01,24341505
1714581000000000,1.3312606857993985,28.320627178254156,0.7689982024625356,180,0.7720516791275777,0.2978936585543426,0.0015615452161379384,0.0290462347021897,2.4799166666666665,0.005555555555555556,4,0,2024-05-01,24341505
1714582800000000,1.3475579201229235,17.440193188401455,0.6222505993907034,180,0.6281654550146932,0.4399998440736219,0.0054102623985308185,0.001478602194765144,2.616458333333333,0.011111111111111112,4,0,2024-05-01,24341505
1714584600000000,1.5540081747856682,7.999664323382591,0.5463271751790991,180,0.5823788468543523,0.4636793577133276,0.011422525662699745,0.030071202775976857,2.36355,0.022222222222222223,4,0,2024-05-01,24341505
1714586400000000,2.1807367825023123,7.068579030829302,0.507516768848653,180,0.5661211948967916,0.38190271317640145,0.00619922671984241,0.035134168913461994,2.036505555555556,0.03888888888888889,4,0,2024-05-01,24341505
1714588200000000,2.423719929304245,17.098767617738552,0.535052339162623,180,0.5504322808366064,0.4294903440568195,0.022340178800421717,0.03378611964972433,1.7251944444444445,0.05555555555555555,4,0,2024-05-01,24341505
1714590000000000,1.810441166568829,16.895191545249787,0.5760590312572884,180,0.5760655311925249,0.4230252501745504,0.006139658839579787,0.048754125705594675,2.7204,0.027777777777777776,4,0,2024-05-01,24341505
1714591800000000,2.719102995072504,6.589905885063371,0.43985947104277123,180,0.4896966468160482,0.3072784916054211,0.004982518895888299,0.0027233311656982284,1.8518666666666668,0.08333333333333333,4,0,2024-05-01,24341505
1714593600000000,1.659644416534619,12.261917792337666,0.534935951756994,180,0.560340912119559,0.3690983008009474,3.94313162945803e-05,0.007294895858161343,2.8118000000000003,0.011111111111111112,5,0,2024-05-01,24341505
1714595400000000,1.6266014140292924,9.2064690135593,0.5653647095960995,180,0.57995775121168,0.44845168650942135,2.259903518320172e-05,0.008388480968543277,2.409638888888889,0.005555555555555556,5,0,2024-05-01,24341505
1714597200000000,1.367272182839415,9.21151025564438,0.4211241065571948,180,0.42126439406951977,0.5568633780538018,0.019487107677062743,0.0006958905814923311,2.6679444444444447,0.005555555555555556,5,0,2024-05-01,24341505
1714599000000000,1.5710297094585224,15.671177335949045,0.7964622353332513,180,0.8142638589599511,0.453928104410493,0.006526226221750808,8.644370720345407e-07,3.6012055555555555,0.0,5,0,2024-05-01,24341505
1714600800000000,1.4891222632477872,10.179477106309486,0.49752858298844216,180,0.4998953448473008,0.3839373872027916,0.003973017833069692,0.0009888083577931361,2.653016666666667,0.0,5,0,2024-05-01,24341505
1714602600000000,1.3388763482110009,19.87891034268026,0.779620288491081,180,0.7859819653419088,0.1375648175889852,0.00012988251865708733,0.017948403122306722,2.6812027777777776,0.005555555555555556,5,0,2024-05-01,24341505
1714604400000000,1.4316562045313597,17.06260898681176,0.7209864008104391,180,0.7232069536980925,0.4249107107234208,2.7666660827319056e-05,0.0015082669634491896,3.1773777777777776,0.005555555555555556,5,0,2024-05-01,24341505
1714606200000000,1.1401836205120923,7.750036775845249,0.34127023002172074,168,0.3486853045844568,0.594181307714312,0.0016176853302980465,0.011234320153866828,3.5866160714285718,0.005952380952380952,5,0,2024-05-01,24341505
1717200000000000,0.5248971619823086,9.877501270465741,0.601455198997765,168,0.6621762273613131,0.5703697287168137,0.00013867689432867092,7.220363128945806e-06,6.007758928571429,0.0,0,1,2024-06-01,5596725
1717201800000000,0.4394174257980564,15.474954882302818,0.6297842540934333,180,0.6422713403620102,0.3216337613404334,0.006916546064424711,0.00018857636938618416,6.018016666666666,0.0,0,1,2024-06-01,5596725
1717203600000000,0.3804138676563287,6.701434856406085,0.5260725404431519,180,0.5803877102573464,0.45039714524446417,0.0054131513817406995,0.008562983570939875,7.085322222222222,0.005555555555555556,0,1,2024-06-01,5596725
1717205400000000,0.5625182577675489,6.73913467399671,0.6851268354262503,180,0.6860792778310181,0.49808395607615275,1.1271255043632245e-05,0.009062050499988428,6.3282333333333325,0.005555555555555556,0,1,2024-06-01,5596725
1717207200000000,0.5314632363082357,9.239140223679442,0.37706400299352116,180,0.37712358516256983,0.46519367976444337,0.012238671897954245,0.0008998633692189895,8.28101111111111,0.0,0,1,2024-06-01,5596725
1717209000000000,0.4982238485528212,15.708787306722108,0.746520768685747,180,0.7466578342432406,0.45072456162061936,0.002467051282961319,0.0009069142911493078,5.504391666666667,0.0,0,1,2024-06-01,5596725
1717210800000000,0.17260166172105884,3.6811154121768372,0.3461142014868914,180,0.6053385090291005,0.3311471590072438,0.023615770156829474,0.003628881155936736,12.301797222222222,0.0,0,1,2024-06-01,5596725
1717212600000000,0.3369357941774019,6.842242483812899,0.3809090616455342,180,0.42198720429979897,0.5464068798155497,0.004030741705205343,0.034677051043978335,7.183363888888889,0.0,0,1,2024-06-01,5596725
1717214400000000,0.3577233816372639,5.804625711508278,0.48997977571737683,180,0.58657359770495,0.3901570534667189,0.0002806827701609116,0.0005635984406925365,6.855438888888889,0.0,1,1,2024-06-01,5596725
1717216200000000,0.3588006707542221,12.102485721981726,0.730056054877606,180,0.7473813305499202,0.33261415832397956,1.151765977247532e-05,0.0016152485026457164,5.882480555555556,0.0,1,1,2024-06-01,5596725
1717218000000000,0.33606042470199193,12.633213376032627,0.7142531202666754,180,0.7698345383852357,0.3941114479464176,0.015996202075494015,0.03029268846987654,7.513627777777778,0.0,1,1,2024-06-01,5596725
1717219800000000,0.4011739601222812,14.427783587459805,0.6523366636747912,180,0.6656809375957693,0.45222275374008625,0.0076970228209248814,0.002542185010601994,6.677013888888888,0.0,1,1,2024-06-01,5596725
1717221600000000,0.3230339642859794,7.51109877448845,0.6035522019424739,180,0.6159762555460859,0.4257458406096035,0.00018157929403017636,9.499434959459041e-05,8.234230555555555,0.0,1,1,2024-06-01,5596725
1717223400000000,0.43501077205039484,10.565207659188673,0.705713041044681,180,0.7168550798573496,0.5163173020353988,0.0002546279199409085,0.00016303273308471145,6.002422222222222,0.0,1,1,2024-06-01,5596725
1717225200000000,0.37351915468519414,9.096099039988937,0.7102989248723051,180,0.7109361204396224,0.5022395557326831,0.002240741551855052,0.011687572164131965,6.783188888888889,0.0,1,1,2024-06-01,5596725
1717227000000000,0.4007434861468513,7.756999646762695,0.17303120811709294,168,0.2111657379102766,0.6480539774608658,0.005295722406315373,0.0013274637564835157,6.533630952380953,0.005952380952380952,1,1,2024-06-01,5596725
1717228800000000,0.333541646349706,5.24136905783116,0.446663773804186,168,0.48127709021395026,0.5120431419305206,1.1310309552259312e-06,0.006700514187825912,6.28689880952381,0.0,2,1,2024-06-01,5596725
1717230600000000,0.49602063477476466,10.309920370751163,0.6247642383190455,180,0.6407963820109834,0.5679923241742562,0.027747424842788915,0.04602812320505334,7.227794444444444,0.0,2,1,2024-06-01,5596725
1717232400000000,0.26942269590685397,13.80709716360068,0.6373480170224428,180,0.6672707913335534,0.34162621565110685,0.0011534931369669987,0.00992601559548878,7.847063888888889,0.0,2,1,2024-06-01,5596725
1717234200000000,0.2959129809062735,11.039111797842695,0.7817056441167887,180,0.8232839108087868,0.309003443347185,0.00011389382224680222,0.0014953945240270272,7.828241666666666,0.0,2,1,2024-06-01,5596725
1717236000000000,0.32871616375030743,11.986762148744543,0.6542293788910011,180,0.6597398450241587,0.5490039924081589,0.03161611127521535,0.0008893478066982485,9.555294444444444,0.0,2,1,2024-06-01,5596725
1717237800000000,0.27344331300017677,6.033673264927838,0.34249046212917567,180,0.40424832428441415,0.6951996081296478,7.112920484453333e-05,1.8957612298087234e-05,7.49161388888889,0.0,2,1,2024-06-01,5596725
1717239600000000,0.3414944433216409,11.148566162661906,0.8137746761647487,180,0.8144933847013467,0.4144338650812768,0.004127030527001918,0.0003167211297604444,8.619027777777777,0.0,2,1,2024-06-01,5596725
1717241400000000,0.25970685032056956,7.427809746404322,0.6430345052487942,180,0.674648307872886,0.4478137502863081,0.001993743770453804,0.0007036100117928656,7.985108333333334,0.0,2,1,2024-06-01,5596725
1717243200000000,0.2514918964848322,3.837286901621517,0.5891189351895152,180,0.7193782326350104,0.44237476146614807,0.010206156497577501,0.010070662160292954,12.124883333333333,0.0,3,1,2024-06-01,5596725
1717245000000000,0.4456514032027308,8.267684650419426,0.5074313336187183,180,0.5373997857222168,0.527708568333869,0.0001456611523907858,0.07061183177393626,8.916316666666667,0.0,3,1,2024-06-01,5596725
1717246800000000,0.5179110099813594,8.721858330654861,0.4868339482530726,180,0.5223423901061652,0.7570691623281938,0.006700718982933673,0.0002898392635585223,6.960927777777778,0.0,3,1,2024-06-01,5596725
1717248600000000,0.41126991877400443,11.484004301947431,0.7411737802268097,180,0.774164004177307,0.35135922238120054,0.004295351622992216,0.001049718829273294,7.221647222222223,0.0,3,1,2024-06-01,5596725
1717250400000000,0.33319453472342675,12.757952950606096,0.7206365417583361,180,0.7257653569853614,0.4204326748275774,0.004184415483099557,2.5410728583419306e-05,8.975266666666666,0.0,3,1,2024-06-01,5596725
1717252200000000,0.389840716350485,15.05025470497995,0.6584192222545955,180,0.6702385418163177,0.2642195142790703,0.00162683919535489,2.4057688596812454e-07,9.046916666666666,0.0,3,1,2024-06-01,5596725
1717254000000000,0.2899698689317928,8.668772005287433,0.6272051918791517,180,0.6325267364895143,0.36767069913644557,0.01215769087058427,6.385260844310459e-05,10.48606388888889,0.0,3,1,2024-06-01,5596725
1717255800000000,0.4112483219027716,10.109184541347597,0.6137546674193368,168,0.6458372696335845,0.5607314286126199,2.8512647817224845e-06,3.997848261316772e-05,8.502154761904762,0.0,3,1,2024-06-01,5596725
1717257600000000,0.36737214047005784,10.283229265448796,0.5847327445707581,168,0.5878772664369363,0.43732812831258105,0.003909471479255133,0.00013837361251944902,7.670842261904761,0.0,4,1,2024-06-01,5596725
1717259400000000,0.3165992060799685,9.586961083760682,0.5944520021407438,180,0.6357428146748739,0.4925425524860856,0.002677990166220834,0.00240952382332571,6.880111111111112,0.0,4,1,2024-06-01,5596725
1717261200000000,0.42256091591762074,8.94712055916322,0.5967513829935376,180,0.6067612538736413,0.5824225611982816,0.0007039368987746819,0.0075793251312050725,6.416849999999999,0.005555555555555556,4,1,2024-06-01,5596725
1717263000000000,0.47574795465457664,6.704582873419011,0.44631437492912507,180,0.45423433111106803,0.5160334726797268,0.005769701212572587,0.027945159718041568,9.130386111111111,0.0,4,1,2024-06-01,5596725
1717264800000000,0.38528956075039456,15.238133927415369,0.8545146116458588,180,0.8572412604805888,0.41623388414788653,0.0005881664810607479,0.00038006631368769916,6.441338888888889,0.0,4,1,2024-06-01,5596725
1717266600000000,0.42006837515798784,15.532160099024289,0.9024986528960702,180,0.9025822994189587,0.5338526561225041,0.0009879885687549272,0.000745561069031675,6.687555555555556,0.0,4,1,2024-06-01,5596725
1717268400000000,0.36669628755902983,13.628391676836646,0.8448191899388886,180,0.8455704762723932,0.5466506006349873,0.00010990295568902297,0.0001354816789376212,7.18828888888889,0.0,4,1,2024-06-01,5596725
1717270200000000,0.40459678528998166,14.926683485815273,0.709423926363556,180,0.715606534149019,0.5380456341048443,0.000248902285650332,0.0007217443603505513,7.415233333333333,0.0,4,1,2024-06-01,5596725
1717272000000000,0.3592443530648741,13.39242494422073,0.6491199222230541,180,0.6688547805203295,0.3863418752131935,0.0026041814686746934,0.01895417236779051,7.588558333333333,0.0,5,1,2024-06-01,5596725
1717273800000000,0.2977812690467212,16.7281532286488,0.8531154640552554,180,0.8540921183036724,0.38902928308390716,0.030063488965945795,0.016968372669119214,9.343697222222222,0.0,5,1,2024-06-01,5596725
1717275600000000,0.29591862144675074,10.122509840475104,0.6053568710426014,180,0.687724417537368,0.5197947624755237,0.025313509408083745,0.006348250117521936,8.60465,0.0,5,1,2024-06-01,5596725
1717277400000000,0.5358602234872119,7.645707840866849,0.8225414207110684,180,0.8297782046311876,0.5942393549224843,0.006948450763054725,0.0021213037069925944,5.657188888888888,0.0,5,1,2024-06-01,5596725
1717279200000000,0.40644689449072624,12.871744415898947,0.44746957275766885,180,0.46766605991357657,0.6269287956531725,0.009590963764037008,0.0043316619754513175,6.155466666666666,0.0,5,1,2024-06-01,5596725
1717281000000000,0.2956562909723254,7.5281404597235255,0.7241134027384106,180,0.7789681319632864,0.41589944752359953,0.0001093890491979943,1.8891611099025596e-05,8.358258333333334,0.0,5,1,2024-06-01,5596725
1717282800000000,0.2914752648686962,8.201227179107999,0.7028438979521211,180,0.7359689915101615,0.43609552476748314,3.5065728665184537e-06,0.004972170887556415,15.61751388888889,0.0,5,1,2024-06-01,5596725
1717284600000000,0.28259164783696666,10.715587579719653,0.80322458687152,168,0.8144811275751358,0.5311781504944231,0.009917005165971382,0.00024268384853176617,11.387428571428572,0.0,5,1,2024-06-01,5596725
1719792000000000,0.4487989484198006,24.724072580052493,0.7998335011548442,168,0.8004610235966727,0.2555010720333123,0.0021036691647434713,0.007414348587043262,9.40342261904762,0.0,0,0,2024-07-01,13488347
1719793800000000,0.42359027000655625,32.22566661376335,0.8514320730451386,180,0.8551530295670933,0.34462039838636194,0.00010067048754658359,0.0010222025529172951,11.120813888888888,0.0,0,0,2024-07-01,13488347
1719795600000000,0.5461616192849637,10.733058890810167,0.5193844901756544,180,0.5232316397245311,0.3664031062045172,0.0008176059022049209,0.0024152205981962105,9.233274999999999,0.0,0,0,2024-07-01,13488347
1719797400000000,0.5282418680654672,16.30510765189794,0.7595473342736394,180,0.759547851765244,0.29417655331805537,0.0026128759812775737,0.01036766050209581,11.136055555555556,0.0,0,0,2024-07-01,13488347
1719799200000000,0.5667569982444343,18.156056726630275,0.48658396907780255,180,0.4990634741630575,0.45882288595928145,0.0004099293417895167,1.5939335712977787e-05,8.95713888888889,0.0,0,0,2024-07-01,13488347
1719801000000000,0.49827634063127235,16.396376764006583,0.5522603739284107,180,0.5609362839790879,0.38768496773956096,0.014555382736939126,0.009004540702389208,8.101044444444446,0.0,0,0,2024-07-01,13488347
1719802800000000,0.5058223771454363,25.168978146049238,0.7593987118751865,180,0.7635199123214531,0.3671785583518604,0.006993749659542581,0.009936551355783307,8.823236111111111,0.0,0,0,2024-07-01,13488347
1719804600000000,0.4735791471872619,17.982477818823583,0.7669900270646921,180,0.7876046682441982,0.4023233486463196,0.0059974309929635705,0.004182584978111081,9.493991666666666,0.0,0,0,2024-07-01,13488347
1719806400000000,0.4211193376517312,18.250450912172376,0.8370463904688065,180,0.8483456947578962,0.32635040958865247,0.0017744923297348114,0.0004089401511110369,10.566877777777778,0.0,1,0,2024-07-01,13488347
1719808200000000,0.3877654647280352,13.629884077911083,0.7119490644316124,180,0.727946180483684,0.4810285719001606,0.009232829866282377,8.073025784549603e-05,12.034622222222222,0.0,1,0,2024-07-01,13488347
1719810000000000,0.4003181668028414,16.698413791552397,0.8094568075595673,180,0.8333914117642728,0.19332503246308952,0.004032407842304964,0.0011755861176908633,11.804277777777777,0.0,1,0,2024-07-01,13488347
1719811800000000,0.38338514444306726,25.148613390823567,0.840301275914369,180,0.8503613509086793,0.4472041561294483,0.0037965010106237873,0.0001948435559278039,11.844488888888888,0.0,1,0,2024-07-01,13488347
1719813600000000,0.40562623661063546,17.001660538486643,0.7739350824606082,180,0.7820792999920274,0.3179557938019283,0.004851687040203556,0.004603914526882802,11.651825,0.011111111111111112,1,0,2024-07-01,13488347
1719815400000000,0.35575013049777215,7.928819593709652,0.4674621312879673,180,0.5043113482030843,0.41824463832855974,0.0021710412393139977,0.0037813863129236847,11.034505555555556,0.0,1,0,2024-07-01,13488347
1719817200000000,0.39996714907078545,15.769650617791422,0.7561494412110841,180,0.7901771848015657,0.22471043283621162,0.0005547198312417789,0.0001622824074298812,10.493852777777779,0.0,1,0,2024-07-01,13488347
1719819000000000,0.40337737901831594,17.82073667600552,0.7416501687961601,168,0.7543200544073496,0.1988870949370808,0.0034829501598273582,0.0031376542405072705,10.125630952380952,0.0,1,0,2024-07-01,13488347
1719820800000000,0.44379433829653026,18.085803971089202,0.6594994191666634,168,0.6743923268788977,0.41851481171368754,0.02282322137533055,0.00491248714229553,10.37864880952381,0.011904761904761904,2,0,2024-07-01,13488347
1719822600000000,0.4148406239010157,15.480199288828514,0.590784598355945,180,0.5908256924073703,0.37645895971350374,0.0025870256136149017,0.0002413567508631198,10.64441388888889,0.005555555555555556,2,0,2024-07-01,13488347
1719824400000000,0.40269335060302236,26.492404452091975,0.8072746631970531,180,0.8087905117651476,0.39166571944155204,0.019791686444279977,0.012890484059629448,10.801208333333333,0.0,2,0,2024-07-01,13488347
1719826200000000,0.3048999145432637,18.858150656883296,0.8050213190227848,180,0.8220620762520108,0.31987833101554297,0.003630312460732199,0.0012671805559117955,13.961586111111112,0.0,2,0,2024-07-01,13488347
1719828000000000,0.2926056328039418,9.175862372448025,0.7011036599257654,180,0.7457207706302093,0.3125189317123652,0.0039696426380616545,0.010607821169087872,16.280797222222223,0.0,2,0,2024-07-01,13488347
1719829800000000,0.31934863591927376,19.326917696663052,0.8090894746819578,180,0.8334847361162608,0.2678158808000517,0.005248292843899827,0.005086993104243098,15.387147222222222,0.0,2,0,2024-07-01,13488347
1719831600000000,0.38908322988622585,15.162925414325688,0.7166544588368198,180,0.7172620347375209,0.28744231568390366,0.00021292006196205193,0.0008642730149723832,11.698916666666666,0.005555555555555556,2,0,2024-07-01,13488347
1719833400000000,0.3871345420206966,16.517631180462114,0.7142574858002644,180,0.7238253192820714,0.404157085651343,0.014278442769399713,0.013488139293943546,12.302597222222223,0.0,2,0,2024-07-01,13488347
1719835200000000,0.33592375933572166,24.0862857857092,0.8320718482252013,180,0.8345722794345743,0.4259026865677876,0.04659076637390458,0.026167491245322805,13.190641666666668,0.0,3,0,2024-07-01,13488347
1719837000000000,0.3631358969969813,17.247197795603643,0.7463443757221413,180,0.7566890253947678,0.2838505353172053,0.0020795139167285592,3.0629669550252814e-05,13.911999999999999,0.0,3,0,2024-07-01,13488347
1719838800000000,0.3790036368126515,15.29637254421128,0.7536506872202675,180,0.7723838770820242,0.2758478087471071,0.0015389613107527067,0.0061673253292202634,13.503063888888889,0.005555555555555556,3,0,2024-07-01,13488347
1719840600000000,0.47446137287856355,12.304714688814016,0.6667728391897024,180,0.6842740172870941,0.3658310041165541,0.008596513845461118,0.00806229513731016,9.445177777777777,0.0,3,0,2024-07-01,13488347
1719842400000000,0.4772047063471735,23.136678490457182,0.7767541268009294,180,0.7820224063499785,0.4542635714952352,0.005723395221514216,0.0010358610422684933,9.877308333333334,0.0,3,0,2024-07-01,13488347
1719844200000000,0.40974249979959826,16.686156554002444,0.7744465789474093,180,0.7796527016043966,0.10720297337807605,0.012217559378644105,0.042978576911808175,10.41705,0.0,3,0,2024-07-01,13488347
1719846000000000,0.38101092540989495,15.89689584744462,0.7060367462307822,180,0.7108120182802431,0.260338965770053,0.012052639750851468,0.0008597928794955578,11.941727777777778,0.0,3,0,2024-07-01,13488347
1719847800000000,0.38564520276925257,16.596810610078204,0.7851555898530825,168,0.7956086371518865,0.2752770662790849,0.004902866153514429,0.005184288558340522,11.416744047619048,0.0,3,0,2024-07-01,13488347
1719849600000000,0.4199605518394362,12.612096201394765,0.6111697701770298,168,0.62689385897051,0.2393368039067011,0.00933065719612236,0.007425157171633612,10.601907738095239,0.005952380952380952,4,0,2024-07-01,13488347
1719851400000000,0.4536664413724254,19.71511259378465,0.7426630795997888,180,0.7511880050234814,0.27111563931944127,0.0004790882301954902,0.00047270760624684716,10.014,0.0,4,0,2024-07-01,13488347
1719853200000000,0.43965212216171673,26.101875031797015,0.7988791100866526,180,0.7992496692743163,0.16435354181837636,0.0006995522783437291,2.9046989472925056e-05,11.589091666666668,0.005555555555555556,4,0,2024-07-01,13488347
1719855000000000,0.45141723170074555,14.857623222409758,0.5988778581675887,180,0.61911026727735,0.24370750855830214,0.00449102546260538,0.004392294178770961,8.59126388888889,0.005555555555555556,4,0,2024-07-01,13488347
1719856800000000,0.4280816595849133,12.821368075999093,0.6724679176731447,180,0.6814069049045208,0.19949959643018123,0.006476602755563499,5.729088163997087e-05,9.744416666666666,0.0,4,0,2024-07-01,13488347
1719858600000000,0.4002923614161807,21.59944030161855,0.8053002006409631,180,0.8184666018322658,0.27745570667212704,0.001727514407934283,6.961522859194602e-05,10.949555555555555,0.0,4,0,2024-07-01,13488347
1719860400000000,0.42917933096353744,22.96039137216354,0.792496906318914,180,0.8011628633838961,0.3763632554867057,2.8474794560029437e-05,0.0014531557806422013,10.167188888888889,0.0,4,0,2024-07-01,13488347
1719862200000000,0.5122636966098633,10.82382314850352,0.6665906626495444,180,0.6788614423247163,0.29605011414215354,0.007522027806258325,0.0014686225362094962,10.340380555555555,0.0,4,0,2024-07-01,13488347
1719864000000000,0.42060267728672895,10.044339638096202,0.7009477959776552,180,0.7221085309126014,0.2912083855258376,0.012072410563536029,0.010272170317271123,10.60735,0.0,5,0,2024-07-01,13488347
1719865800000000,0.3942955014318723,15.416613343225505,0.6061756933078621,180,0.6239358516221074,0.2411977260157253,0.005378089019847043,0.01471150413585498,11.503547222222222,0.0,5,0,2024-07-01,13488347
1719867600000000,0.343298651244793,11.312988391059475,0.7950583220127279,180,0.8015782430342069,0.6004685409691308,0.0028001266743573616,0.0024816053951493,13.154577777777778,0.0,5,0,2024-07-01,13488347
1719869400000000,0.7465491935569283,5.681638086361714,0.5346580703457975,180,0.5350500747253557,0.7683845484199071,6.355845562078244e-07,0.00010422190400616316,5.423022222222222,0.0,5,0,2024-07-01,13488347
1719871200000000,0.4779810864480838,8.047722154671867,0.5995989889694073,180,0.6005937610916159,0.5553001885373972,0.0041768028916672195,0.00934032800662321,9.778538888888889,0.0,5,0,2024-07-01,13488347
1719873000000000,0.42543432876652615,22.910003123285062,0.7889407086852446,180,0.7992008881835462,0.12883620461745082,0.017175397736042708,0.02784880426848768,9.165180555555557,0.0,5,0,2024-07-01,13488347
1719874800000000,0.4143818885289253,20.583200095109778,0.8224252285608372,180,0.8295867606638173,0.4314378849886842,0.0111027678148512,0.021149610982595712,13.897216666666665,0.0,5,0,2024-07-01,13488347
1719876600000000,0.409910745944985,18.958271566436274,0.7816383688633897,168,0.8015714226898574,0.2370929229538561,1.7136714600018976e-05,0.0005969226003433858,9.80532738095238,0.005952380952380952,5,0,2024-07-01,13488347
1722470400000000,0.5110737388062269,18.57256252423746,0.7253321584969596,168,0.7262346784038434,0.09996575811144726,0.004487458537121625,0.0015501067566825455,8.084526785714285,0.0,0,0,2024-08-01,23427124
1722472200000000,0.6721439564021328,18.066757616582766,0.7844999618691886,180,0.7848807709208545,0.1963924952179139,0.011874781895874986,0.01890413823619741,6.871672222222222,0.005555555555555556,0,0,2024-08-01,23427124
1722474000000000,0.5331029188167387,20.400737537967142,0.7305972677149283,180,0.739400812876446,0.3288850514266347,0.028419462073311808,0.05898417663392341,7.9795444444444446,0.0,0,0,2024-08-01,23427124
1722475800000000,0.578581311838954,13.977410278443163,0.5297139551491381,180,0.5330763081219635,0.2747649538186756,0.0003466709797677048,0.0020586635295486433,7.263269444444445,0.005555555555555556,0,0,2024-08-01,23427124
1722477600000000,0.6020089136167556,20.78115321797014,0.6772662820989706,180,0.6908053207041447,0.2567386813595367,0.014451896009364917,0.0006777791475051087,7.378880555555555,0.0,0,0,2024-08-01,23427124
1722479400000000,0.5232029537000032,20.48971987334825,0.8053631520994544,180,0.8235049997502841,0.21768893101412745,0.015994030493160505,0.0035888737940047433,7.5305,0.0,0,0,2024-08-01,23427124
1722481200000000,0.5308260380001562,18.28021377406057,0.7885486256458754,180,0.7987128654248428,0.1706697830497097,0.0024173614631674,0.0037725367514833685,10.962572222222223,0.011111111111111112,0,0,2024-08-01,23427124
1722483000000000,0.5733012872421661,25.26161239868443,0.8257566302845321,180,0.8257890004908917,0.2781506530121376,0.0007661952324296006,2.884170785977247e-06,9.705697222222222,0.0,0,0,2024-08-01,23427124
1722484800000000,0.5519882367072207,22.672114075383494,0.7683214238167932,180,0.7683242589395928,0.225330353089375,0.0001684404902475567,0.0006501176217070803,10.985919444444445,0.005555555555555556,1,0,2024-08-01,23427124
1722486600000000,0.46793206045461855,15.704076484053935,0.7027622196903112,180,0.7064697990942875,0.02703649634609928,0.0011403207555044093,3.365784960274176e-05,12.310044444444445,0.005555555555555556,1,0,2024-08-01,23427124
1722488400000000,0.4191414945080429,17.382756446912666,0.5384082628418616,180,0.546513562412331,0.30960745988096605,0.001450799980459272,0.0018581531671065799,22.745583333333332,0.0,1,0,2024-08-01,23427124
1722490200000000,0.3951398592290652,26.82623778690766,0.6347605486176408,180,0.6353479430173155,0.38974359632272304,8.749141688235706e-05,7.806090252138187e-05,10.321663888888889,0.0,1,0,2024-08-01,23427124
1722492000000000,0.44333658044389107,25.188423455447598,0.8067983534361189,180,0.8143127065554184,0.07234598361757516,0.003195429837939634,0.011611602807960697,10.30665,0.0,1,0,2024-08-01,23427124
1722493800000000,0.4015192851305933,12.320117497481029,0.5124676453163934,180,0.5335665336004725,0.4619018311573909,0.0002583952106749443,0.00545687660930072,10.166702777777777,0.005555555555555556,1,0,2024-08-01,23427124
1722495600000000,0.5124648794757857,9.218198595285426,0.6610974521258487,180,0.6624782086139162,0.49491461047154894,0.0020830977346542046,0.011920990397732978,9.9136,0.005555555555555556,1,0,2024-08-01,23427124
1722497400000000,0.4155789212057937,17.711933851050762,0.8331536680938295,168,0.8350166078425661,0.2856013913726744,0.002587763554147693,0.0007916052393910356,9.426294642857144,0.0,1,0,2024-08-01,23427124
1722499200000000,0.45337853546413076,19.181461829654666,0.711608458008715,168,0.7135385051901245,0.08875191713495889,0.00014734589156373268,1.4354472898103765e-05,11.01558630952381,0.0,2,0,2024-08-01,23427124
1722501000000000,0.41567722936282636,24.945067135131463,0.8217699833430321,180,0.8237324896921028,0.28348464023621334,0.001584389959627841,0.0021848948829660264,9.778327777777777,0.005555555555555556,2,0,2024-08-01,23427124
1722502800000000,0.4684712456709177,13.753270802529041,0.6900039654142571,180,0.6912473727512647,0.24737906654766384,0.002778122844469655,1.5210778293361926e-05,9.223922222222223,0.0,2,0,2024-08-01,23427124
1722504600000000,0.492658523433428,14.547717493024681,0.7539611350329407,180,0.7569365880403212,0.22691596672849157,0.0022295079103573645,7.761905226666421e-06,9.152725,0.005555555555555556,2,0,2024-08-01,23427124
1722506400000000,0.5776819732062963,24.768853035350883,0.7552096804641467,180,0.7574940401377659,0.4154910948456251,0.0027735392278696036,0.008495079263943883,9.28453611111111,0.0,2,0,2024-08-01,23427124
1722508200000000,0.4811707750242577,15.51612893748856,0.8010831067205963,180,0.8204411379194767,0.2077072195503491,0.0004745528837933888,4.748865198356267e-05,9.120927777777778,0.0,2,0,2024-08-01,23427124
1722510000000000,0.5058951451054525,18.304504217644954,0.7753648896671317,180,0.7855348971761922,0.3273858803257216,0.005116427665780243,4.719364509753188e-05,9.66095,0.005555555555555556,2,0,2024-08-01,23427124
1722511800000000,0.5688793744544649,17.424764328578902,0.6654588698081191,180,0.6832111027012668,0.40378843093420946,0.006718992175990257,0.0008425177488411428,9.800625,0.0,2,0,2024-08-01,23427124
1722513600000000,0.48064092314156365,16.011117830987192,0.6259733943639938,180,0.6295174034306448,0.4182592259870407,0.0001239108289695645,0.0017102286979319148,10.251797222222223,0.0,3,0,2024-08-01,23427124
1722515400000000,0.5421147953467647,17.69577796613316,0.7235656344045265,180,0.7283069313111018,0.3215572885665521,0.00704379354182838,0.0029004514674048076,9.10806111111111,0.005555555555555556,3,0,2024-08-01,23427124
1722517200000000,0.5365167592728702,18.96796284121618,0.7858003276306613,180,0.7861087158524938,0.37809850747385754,0.0010342567429034721,0.005171805513408345,9.79911388888889,0.0,3,0,2024-08-01,23427124
1722519000000000,0.465964622155625,11.674077347438558,0.7295735280616924,180,0.7936398435239005,0.49568465080677104,0.003581952022853274,2.8591389581889004e-05,9.733152777777777,0.005555555555555556,3,0,2024-08-01,23427124
1722520800000000,0.5496135529767008,18.06896247352436,0.7516608480148605,180,0.7764823908882661,0.3063551665257108,9.059120496979212e-05,0.006777059657063322,9.662241666666667,0.0,3,0,2024-08-01,23427124
1722522600000000,0.49430297931439193,17.904898233878576,0.7869338250885294,180,0.8153441197670466,0.19281564153537167,0.01023841614327059,0.0004343651595283271,10.817372222222222,0.005555555555555556,3,0,2024-08-01,23427124
1722524400000000,0.8278322957125681,14.400619246295152,0.5769646999094049,180,0.5771034890687275,0.3967729064067895,0.004200698017569504,0.004972627557016107,8.150238888888888,0.022222222222222223,3,0,2024-08-01,23427124
1722526200000000,0.8886602419867942,16.021750265090798,0.6463274387207518,168,0.6493743553822762,0.44829300616036905,0.013156117406877388,0.0027998544449076013,9.781672619047619,0.0,3,0,2024-08-01,23427124
1722528000000000,0.6589098884156226,18.37451225278366,0.6349324136684416,168,0.6361960256026804,0.3666609819154891,0.008201933107195525,0.00022003179983143273,5.930660714285715,0.023809523809523808,4,0,2024-08-01,23427124
1722529800000000,0.6229981571764007,20.835224844392084,0.7331613620714403,180,0.7375348193667537,0.26917865331871405,0.014118433614639603,0.002181407727414042,7.216402777777779,0.011111111111111112,4,0,2024-08-01,23427124
1722531600000000,0.5600469405294874,23.163457455726096,0.7710604226250496,180,0.7735160171722034,0.15621795597462995,0.0004526560673496771,0.00015138396908953577,7.731394444444445,0.011111111111111112,4,0,2024-08-01,23427124
1722533400000000,0.5648781719425282,11.720343479070936,0.36231103157892985,180,0.36282670743805234,0.37192067264865747,7.000241945742669e-05,0.0006254801488333461,13.125641666666667,0.011111111111111112,4,0,2024-08-01,23427124
1722535200000000,0.6386041185553151,17.407442771810604,0.7001000549511253,180,0.7061945120904218,0.3402100934508496,0.0018461192532964743,0.015056793102184218,20.080408333333335,0.005555555555555556,4,0,2024-08-01,23427124
1722537000000000,0.4823569418603545,17.02895760090184,0.6779880432400793,180,0.6789132168582457,0.10472007748949352,0.003166846877604379,0.0036950336999942435,9.601291666666667,0.0,4,0,2024-08-01,23427124
1722538800000000,0.46921751410566326,19.113064199052577,0.7515323883252298,180,0.7534680768787101,0.29694678082254355,0.0020710826221953527,0.0025168005176232633,8.84365,0.0,4,0,2024-08-01,23427124
1722540600000000,0.5292845609065471,21.54473602430337,0.7504479564908969,180,0.7514996488011362,0.21596362071687514,0.020675394436973304,0.011941600705338562,7.907897222222222,0.0,4,0,2024-08-01,23427124
1722542400000000,0.5088377307125249,12.84171197494238,0.552859247100151,180,0.5551484168440153,0.2770095578804491,0.004263060251946338,0.004253893492981997,8.592513888888888,0.0,5,0,2024-08-01,23427124
1722544200000000,0.5632068453786365,11.38616886669078,0.3258779088067685,180,0.32781235034624256,0.5877039547411589,0.0018921672221844377,4.059490260810428e-05,14.032255555555556,0.016666666666666666,5,0,2024-08-01,23427124
1722546000000000,0.7414143398294097,15.59901008875847,0.6903442758258278,180,0.6907240193856643,0.3806071466284239,0.0003161380053736673,0.0005057869947140414,7.855622222222222,0.0,5,0,2024-08-01,23427124
1722547800000000,0.832942976476233,6.283400812454154,0.360451990207037,180,0.429759115725614,0.607802816749901,0.0030803400760222033,0.0026432751675333765,5.804466666666667,0.005555555555555556,5,0,2024-08-01,23427124
1722549600000000,0.6181880948250251,19.040797067975422,0.659084921536029,180,0.6602116531164293,0.39272294012773434,3.186347781514165e-06,9.114785681774151e-08,7.637005555555556,0.011111111111111112,5,0,2024-08-01,23427124
1722551400000000,0.5457147430595549,16.37469903358858,0.7198960682437336,180,0.7202366537097857,0.3415300014707333,0.013782481889925924,0.01326704552787672,8.575877777777777,0.0,5,0,2024-08-01,23427124
1722553200000000,0.4519300188582277,10.917176838009432,0.6799866648230701,180,0.6923754036999792,0.24566557977963221,0.017880101871285303,0.01050340948463191,8.307022222222221,0.005555555555555556,5,0,2024-08-01,23427124
1722555000000000,0.4204171353843868,9.77701941232996,0.6130982979048956,168,0.6239797883876325,0.23966267744191383,0.0009291285663657334,0.00780462546145122,9.85027380952381,0.005952380952380952,5,0,2024-08-01,23427124
1725148800000000,0.44489197467399205,15.573517184529141,0.7790124814376251,168,0.7790144987406407,0.5256399268503826,3.970828053034836e-06,0.00019878523726346575,7.142988095238095,0.0,0,1,2024-09-01,20327324
1725150600000000,0.42164268001673694,23.77528763527386,0.8073182241481386,180,0.8081520756118613,0.4106017376525549,0.009440816279250974,0.010072577424849238,6.284525,0.0,0,1,2024-09-01,20327324
1725152400000000,0.514523494873009,11.841753691764744,0.6750965992854094,180,0.6983714200851385,0.33642154094617094,0.01448319472898385,0.0006014318451090794,6.750627777777778,0.0,0,1,2024-09-01,20327324
1725154200000000,0.5434552176663492,17.205119677862967,0.7494387318527311,180,0.7696072037918702,0.29122257581831856,9.86746375067904e-05,0.0008673511953793955,5.547175,0.0,0,1,2024-09-01,20327324
1725156000000000,0.8096071747466991,8.315955365508891,0.6195715457251497,180,0.6275888941276984,0.5609869866187256,0.0012148710330563972,0.002189543998698973,5.2746861111111105,0.011111111111111112,0,1,2024-09-01,20327324
1725157800000000,0.6389134515401034,17.6714823456091,0.7630148706049018,180,0.7742182972721128,0.5454662479114074,0.00013435090523283844,0.016278626097259052,6.162516666666666,0.0,0,1,2024-09-01,20327324
1725159600000000,0.5054924309099286,19.17349786362133,0.5905890120433148,180,0.5939881719641659,0.39086363870897245,0.0003607741901375805,0.001239090531234166,6.291352777777778,0.0,0,1,2024-09-01,20327324
1725161400000000,0.5291206209650385,17.329681816941193,0.7920975391400508,180,0.8062449113078857,0.307506135815382,0.002908145306573906,0.004357469256682789,5.893086111111111,0.0,0,1,2024-09-01,20327324
1725163200000000,0.6681506150492286,10.307537221192144,0.7595937413615474,180,0.7600943855985989,0.5334754822368052,0.0008229004465738488,0.009252658307630446,5.554319444444444,0.0,1,1,2024-09-01,20327324
1725165000000000,0.6685544821132263,10.986365540291835,0.6125415169335273,180,0.6136610327169092,0.5754146733894094,0.029225409423326743,0.00042872013276995524,6.529111111111111,0.0,1,1,2024-09-01,20327324
1725166800000000,0.7545498519047915,8.277177256191482,0.4820591825552315,180,0.48947188200456415,0.4817204888665291,0.000593969583574383,0.008725327478641187,6.579111111111112,0.011111111111111112,1,1,2024-09-01,20327324
1725168600000000,0.767028870782271,15.308532412504832,0.7260968364905107,180,0.7311167599786695,0.46927589417424753,0.012558928727440022,0.02867268585698557,5.539727777777777,0.011111111111111112,1,1,2024-09-01,20327324
1725170400000000,0.6282690888865061,11.231871142195,0.7633913459282009,180,0.7665063009110239,0.5121659829374077,0.0005883444199459298,0.004613173833452389,6.4771222222222224,0.0,1,1,2024-09-01,20327324
1725172200000000,0.6847870508846853,25.16542998363789,0.781098072720839,180,0.7935521366585193,0.3545250979216792,0.03811239979820835,0.023242234692985475,5.126544444444445,0.0,1,1,2024-09-01,20327324
1725174000000000,0.7677211252703634,22.91667940116297,0.7970575422761883,180,0.799002661465631,0.4239683282364711,0.009922313184165477,0.002268920538226471,5.6954416666666665,0.0,1,1,2024-09-01,20327324
1725175800000000,0.6170504291713514,12.742142602243767,0.642432971545555,168,0.6587355292631311,0.412446556151409,0.009904988818959848,6.162841232582039e-05,6.1503154761904755,0.0,1,1,2024-09-01,20327324
1725177600000000,0.5989269607763519,25.18112037458394,0.7832068545806075,168,0.7875637196791483,0.4512659086523175,0.003825014780717728,0.014976683786886436,8.033550595238095,0.0,2,1,2024-09-01,20327324
1725179400000000,0.6633718839370666,16.57472885475936,0.6575587815202008,180,0.675386249468072,0.4918152959150588,0.002614860874482594,0.0049191482060388925,5.061277777777778,0.0,2,1,2024-09-01,20327324
1725181200000000,0.5740040048864303,19.454166769685358,0.7903379100737715,180,0.8126423268246213,0.4019973105533696,0.0017100871666586581,3.438215770878994e-05,6.409905555555555,0.0,2,1,2024-09-01,20327324
1725183000000000,0.6201664547043378,13.268348590396146,0.6959594484697247,180,0.708159533133872,0.4655097540995917,0.001073624961076436,0.005141107016628621,6.633908333333333,0.0,2,1,2024-09-01,20327324
1725184800000000,0.5997870703348036,15.86194059754372,0.698967602506537,180,0.7065217401453445,0.3771347370603867,0.0028589867153062665,0.007548834218696232,6.610033333333334,0.005555555555555556,2,1,2024-09-01,20327324
1725186600000000,0.5698384055877781,12.27812564781456,0.6083019996950498,180,0.628333692721122,0.25062093242078376,0.012982838341961012,0.013941667838407446,5.880636111111111,0.005555555555555556,2,1,2024-09-01,20327324
1725188400000000,0.610882135197631,19.269805021999147,0.7335764836180341,180,0.7349893516612391,0.35922773376281036,0.0007235233277078645,0.0020901868115502653,6.456783333333333,0.005555555555555556,2,1,2024-09-01,20327324
1725190200000000,0.6045390090162859,9.254423852532863,0.6867742919688604,180,0.704981135105242,0.3721676708272946,0.003901526880574435,0.006775784664652673,9.366775,0.0,2,1,2024-09-01,20327324
1725192000000000,0.5080170069791402,15.188295415080807,0.6194532167492353,180,0.6194532196161384,0.4229437943437523,0.0026072628815291266,0.013163435404249246,7.497594444444444,0.0,3,1,2024-09-01,20327324
1725193800000000,0.6266386651061722,14.224182960111996,0.7989786579194524,180,0.7989948967626985,0.44027608442738875,0.0006805412166829283,0.0007931678839649958,5.865691666666667,0.005555555555555556,3,1,2024-09-01,20327324
1725195600000000,0.5817650528246783,17.874825686095917,0.7974771213082609,180,0.80297466398576,0.515952259566391,0.0073700146102503306,0.005307370689006552,6.638819444444445,0.0,3,1,2024-09-01,20327324
1725197400000000,0.6485571686644943,17.712907582569038,0.7214186261263402,180,0.7226562016741815,0.372239643334216,0.0024570119374414112,5.547449376852587e-05,6.378216666666666,0.011111111111111112,3,1,2024-09-01,20327324
1725199200000000,1.0329145213174276,5.144594534227255,0.6124107737589017,180,0.7018254431741626,0.5504615503956054,0.006396092261589881,0.0004308034103726044,6.5422666666666665,0.016666666666666666,3,1,2024-09-01,20327324
1725201000000000,0.6304873974363808,13.662517564583931,0.6631426292267277,180,0.6632156669091169,0.4657729647509905,2.6757875343896842e-05,0.00032214084195814063,5.541183333333334,0.0,3,1,2024-09-01,20327324
1725202800000000,0.5991407477490165,23.447449639509234,0.8212598849510045,180,0.8310881308515943,0.2805959738724383,0.020278602098743215,0.011616583671956837,5.993363888888888,0.0,3,1,2024-09-01,20327324
1725204600000000,0.6955681297853402,9.434036721908157,0.6728055694508601,168,0.6783878277200908,0.25074947636180434,0.0005235048923739605,0.0018627112853770722,6.708717261904762,0.011904761904761904,3,1,2024-09-01,20327324
1725206400000000,0.5998719845936138,23.820235569151254,0.797389693318076,168,0.8008457318301739,0.2641938548581585,0.00044746998757683176,0.0015653813290967822,6.76417261904762,0.0,4,1,2024-09-01,20327324
1725208200000000,0.581824307864297,15.565729374714437,0.7474453816803097,180,0.7479957721805599,0.36607981359111275,0.005766369650686887,0.002975614350268052,6.242744444444444,0.0,4,1,2024-09-01,20327324
1725210000000000,0.6440281074150255,17.5290899241543,0.8248378469033932,180,0.8249863784864047,0.37316406860687135,0.005811883377101479,0.004543397420981421,6.375936111111111,0.005555555555555556,4,1,2024-09-01,20327324
1725211800000000,0.5544637070865803,16.127625504725156,0.7516360336142611,180,0.755724851241032,0.3396067097637797,0.014659151039886353,0.013943305220224134,6.218794444444445,0.0,4,1,2024-09-01,20327324
1725213600000000,0.8250942750981403,6.2301413023162615,0.5945891869016959,180,0.5970670751613796,0.6033423497204764,0.00783121978771717,0.004745967219668024,6.6386416666666666,0.0,4,1,2024-09-01,20327324
1725215400000000,0.5277888484034957,15.23375998715667,0.6749597431961285,180,0.6918611635073988,0.32477349892995544,7.069358112554713e-05,0.004392596412021499,6.79145,0.011111111111111112,4,1,2024-09-01,20327324
1725217200000000,0.6455042713939962,23.473887397841764,0.6846037470849033,180,0.6849500999631986,0.4115935048710436,0.004685105951039437,1.0170387162222738e-05,5.832963888888889,0.005555555555555556,4,1,2024-09-01,20327324
1725219000000000,0.601585879827345,19.471799669976445,0.7214472582215751,180,0.7300769140309422,0.42455288991588225,0.0007681816661145868,0.017597297677811596,6.226191666666667,0.0,4,1,2024-09-01,20327324
1725220800000000,0.6226836274987614,16.779951134481284,0.7683705548480482,180,0.769004188577712,0.5092665664844577,0.00510131188189511,0.002086718574758284,5.861030555555556,0.005555555555555556,5,1,2024-09-01,20327324
1725222600000000,0.5465059583245264,15.205830711848316,0.7672423143905939,180,0.830443713100762,0.36575870251386844,0.0028422893679916905,0.004460895273651122,5.845683333333333,0.0,5,1,2024-09-01,20327324
1725224400000000,0.5811775735525518,10.109227748818348,0.7643247227267478,180,0.769788688085197,0.47726940044937394,0.005623203781412345,0.00605084844392334,5.510016666666667,0.011111111111111112,5,1,2024-09-01,20327324
1725226200000000,0.7125008881364292,15.59468814351521,0.7862961506079382,180,0.7974797647102913,0.3581197409688195,0.02241510962290183,0.0026674756647360187,3.948544444444445,0.0,5,1,2024-09-01,20327324
1725228000000000,0.6164187241941366,9.550843572563414,0.6319009751522361,180,0.6319127557240103,0.42880398766105565,0.0003732846206918605,0.00042255281783831755,6.107269444444445,0.016666666666666666,5,1,2024-09-01,20327324
1725229800000000,0.6451336372834131,14.716584093156909,0.6403682974518811,180,0.6459795464083702,0.37803639285220947,0.0004949824661225621,0.0011403138749181974,5.768236111111111,0.022222222222222223,5,1,2024-09-01,20327324
1725231600000000,0.6023374894025091,15.412759408527599,0.6097686862951468,180,0.6194542043323021,0.38371890636322725,0.0067184632043814085,0.0004996836461044207,5.363416666666667,0.011111111111111112,5,1,2024-09-01,20327324
1725233400000000,0.6717675997144681,21.60388756760108,0.7233200290955515,168,0.7332750101992864,0.32929533986128157,0.0014753540958120093,0.007532253185221549,5.999455357142857,0.005952380952380952,5,1,2024-09-01,20327324
1727740800000000,0.5264480861738421,14.13567009222086,0.6446355274990223,168,0.6531957364387981,0.23116913830925778,0.002918987207894741,0.037310924850670446,12.21751488095238,0.023809523809523808,0,0,2024-10-01,24067980
1727742600000000,0.5003147258446444,17.186173103673706,0.7929203970546865,180,0.7992142266165722,0.33016999417949133,2.658487333095927e-05,8.277506795439926e-06,8.283766666666667,0.016666666666666666,0,0,2024-10-01,24067980
1727744400000000,0.5966856778089527,10.48203039059357,0.6813212296662854,180,0.7007253473935035,0.32889388504922556,0.005281537447188511,0.006968314247496776,10.905033333333334,0.0,0,0,2024-10-01,24067980
1727746200000000,0.5799492374913022,21.85020257906109,0.8573741341851209,180,0.8581989506079958,0.1191181811580524,0.00628343910899587,0.009052272339219791,14.770019444444445,0.005555555555555556,0,0,2024-10-01,24067980
1727748000000000,0.47549824386004924,16.179040994547783,0.7252234182432152,180,0.7329878051069185,0.36161675479261834,0.002188096347857882,0.0009412624268838599,18.413144444444445,0.011111111111111112,0,0,2024-10-01,24067980
1727749800000000,0.4502039965704967,23.28493164864246,0.8435467305600337,180,0.860576620893784,0.5229997392206085,0.006206844381294707,0.008349628347221083,7.98588611111111,0.0,0,0,2024-10-01,24067980
1727751600000000,0.45927059743690524,15.820596513736117,0.7364110588212456,180,0.7505668177744389,0.5502460077928093,0.00013920666932754067,0.00028298513624469557,9.189547222222222,0.005555555555555556,0,0,2024-10-01,24067980
1727753400000000,0.4837233006065528,19.174968031077427,0.8130585532510174,180,0.8296585583431645,0.37081416651362253,0.0007767282460627856,0.0034008678497755573,8.878830555555556,0.0,0,0,2024-10-01,24067980
1727755200000000,0.5066467452180977,12.086183824629321,0.7057853044537719,180,0.7059243160729394,0.37172584104741835,0.007103309909417765,0.00594525073011698,8.650630555555555,0.0,1,0,2024-10-01,24067980
1727757000000000,0.4994682446675526,14.943054507983787,0.7369498934662457,180,0.7537906816003012,0.3000015996845886,3.1396480816181516e-05,0.0008196503347612794,7.0810249999999995,0.005555555555555556,1,0,2024-10-01,24067980
1727758800000000,0.5396892920918624,19.66619375646296,0.761090813209875,180,0.768967010591973,0.35461531554485104,0.008387780246124743,0.0017707568211948743,9.573963888888889,0.005555555555555556,1,0,2024-10-01,24067980
1727760600000000,0.4777085483831728,11.998727347244454,0.8155309059294059,180,0.8155761403034327,0.44391910096925535,0.0005188171265620989,0.002069173132895563,8.245033333333334,0.0,1,0,2024-10-01,24067980
1727762400000000,0.4257873447532591,17.25061079260281,0.7257930819177723,180,0.7302798772190001,0.2188285968934488,0.012091267957017204,0.0019947887820175314,11.886072222222221,0.0,1,0,2024-10-01,24067980
1727764200000000,0.40413592609286325,15.656795609819186,0.7846011944749813,180,0.8026781016823759,0.1477974137558815,0.03046630416691698,0.0020318237338650125,11.985624999999999,0.0,1,0,2024-10-01,24067980
1727766000000000,0.40213382055702573,14.414745110093627,0.7197359519358609,180,0.7204579332690647,0.1960982797733346,0.00202928962024429,0.00177472817430524,9.943663888888889,0.0,1,0,2024-10-01,24067980
1727767800000000,0.35299260332908466,8.022217696788937,0.7284248894188461,168,0.7724383785931414,0.4783691324224152,0.0067193466880762776,0.0024394902977165067,10.515053571428572,0.005952380952380952,1,0,2024-10-01,24067980
1727769600000000,0.3472840355567318,16.25867073140417,0.6986562702758623,168,0.7011672216682129,0.4028503715175036,0.004120822364599985,0.0022267889648697192,11.509571428571428,0.0,2,0,2024-10-01,24067980
1727771400000000,0.4006684018919154,13.504257258710059,0.7808399662279347,180,0.8066619103663456,0.3489421800617434,0.0004042897737783768,0.0050712071034287876,10.845244444444445,0.0,2,0,2024-10-01,24067980
1727773200000000,0.33362322792348054,15.998857530083432,0.7601744744239913,180,0.7740611144551681,0.20549881289468885,0.0025794636824694184,0.003161827628654912,10.361597222222223,0.0,2,0,2024-10-01,24067980
1727775000000000,0.36969786530157794,15.98057088266805,0.7855247380092316,180,0.816979330782989,0.36164721595135196,4.130477209041139e-06,0.0003795781475226523,9.613219444444445,0.0,2,0,2024-10-01,24067980
1727776800000000,0.34865087444357057,9.297180298032938,0.5608036305267741,180,0.6201336387919085,0.41976879019780067,0.004002265476655054,0.007515533095493909,14.164919444444445,0.005555555555555556,2,0,2024-10-01,24067980
1727778600000000,0.2908407430841785,14.462034423589285,0.7698991284727998,180,0.7965475116503558,0.4456229143547711,0.00011414464512049527,9.389425340933233e-05,12.520027777777777,0.0,2,0,2024-10-01,24067980
1727780400000000,0.3264817896779729,14.822997522391454,0.740549670392437,180,0.7737004069988331,0.4065100423481679,0.0025376880242591326,0.0055831252706676215,11.373836111111112,0.0,2,0,2024-10-01,24067980
1727782200000000,0.347951651596789,18.47515154490415,0.6060407387953184,180,0.611558139775967,0.4840477215823634,0.04323586324147932,0.006704996195395885,13.115672222222221,0.0,2,0,2024-10-01,24067980
1727784000000000,0.3177008610462261,17.828041505532784,0.7696605445508159,180,0.7765780283693844,0.26451212272409963,0.030744332780573425,0.03200058121846916,11.924152777777778,0.0,3,0,2024-10-01,24067980
1727785800000000,0.3691142266538695,21.141814011505115,0.7389788514252857,180,0.7417946595711755,0.3584729432804793,0.0034005724442094376,0.0035458821329676926,11.430952777777778,0.0,3,0,2024-10-01,24067980
1727787600000000,0.3871555953442226,23.877306266098724,0.7915344278702949,180,0.7923159749659954,0.2700371516932749,0.0004882908520775775,0.008738798324235297,12.849347222222223,0.0,3,0,2024-10-01,24067980
1727789400000000,0.43907614769202197,13.631111812175819,0.6693414794195051,180,0.6836339907187106,0.350411105623746,0.0026621401576676362,0.0002767494406623605,14.014819444444445,0.027777777777777776,3,0,2024-10-01,24067980
1727791200000000,0.4401236490854941,18.21681793633963,0.6677466611015028,180,0.6685537572547477,0.27957138705492734,0.004162340585654678,0.0229643726588451,9.839130555555556,0.022222222222222223,3,0,2024-10-01,24067980
1727793000000000,0.4785172991007951,13.46462970872355,0.5626816628290925,180,0.5673005382825114,0.1925647295815076,0.00038083437148872523,0.001163271820541989,18.374508333333335,0.011111111111111112,3,0,2024-10-01,24067980
1727794800000000,0.5889828527863092,12.405886765044745,0.5334435386699183,180,0.5506216382357716,0.28759938544511643,8.659800995103328e-05,0.0006209087265558466,10.412325,0.05555555555555555,3,0,2024-10-01,24067980
1727796600000000,0.4412505712579434,14.422214820926602,0.7107809913961707,168,0.7128917031554669,0.33674350783079865,0.0017249621869679377,0.0029197771092133173,11.119395833333334,0.02976190476190476,3,0,2024-10-01,24067980
1727798400000000,0.4032941828892147,18.949449068055216,0.6087799953896893,168,0.6255102979531211,0.4513403119363595,0.006596602031934906,0.004235599049988825,10.22070238095238,0.011904761904761904,4,0,2024-10-01,24067980
1727800200000000,0.5429904885545087,18.142919986572743,0.5699378895572872,180,0.5744906806646385,0.4273329135775453,0.00019178476375392162,0.0003484781327132147,10.42891388888889,0.016666666666666666,4,0,2024-10-01,24067980
1727802000000000,0.5230081284557442,8.930453823317,0.37014820998240583,180,0.3746410829155824,0.22143051464152763,0.008614656901921314,0.000416577918269212,8.256502777777778,0.027777777777777776,4,0,2024-10-01,24067980
1727803800000000,0.5194517803016006,16.948224237866977,0.6225965434314269,180,0.624226569433353,0.3705856424307524,0.01239706047021305,0.003965106564395859,9.368830555555556,0.022222222222222223,4,0,2024-10-01,24067980
1727805600000000,0.42898695081927524,11.567358007447629,0.6410611706822242,180,0.6684725932214248,0.38578823773787185,0.02159558430181352,0.007900349326761869,11.899047222222222,0.0,4,0,2024-10-01,24067980
1727807400000000,0.38160441099463877,22.437152659459798,0.64616900010156,180,0.6548283391092176,0.3557169046728862,0.017330794215095313,0.006169148950291414,9.794308333333333,0.005555555555555556,4,0,2024-10-01,24067980
1727809200000000,0.4061444843606056,18.872997726918207,0.6663475373369372,180,0.6667245140685789,0.35226701598638266,0.003180266573039603,0.0018345036816219684,9.380944444444443,0.016666666666666666,4,0,2024-10-01,24067980
1727811000000000,0.4369401112949886,22.20126885761798,0.8257719274171303,180,0.8258485367338823,0.31588773507894974,0.0013372661151288545,0.0026948970488885893,9.021005555555556,0.011111111111111112,4,0,2024-10-01,24067980
1727812800000000,0.7071666374005601,11.070363471417847,0.5243350798802857,180,0.5375134512753439,0.38478893994931096,0.0002539155579964758,0.017824300070237276,6.754722222222222,0.022222222222222223,5,0,2024-10-01,24067980
1727814600000000,0.693330263639035,11.825657033425529,0.5722154958954031,180,0.5728510283973747,0.35848121029082647,0.0034275838898655264,0.0012246803969050424,7.8412999999999995,0.03333333333333333,5,0,2024-10-01,24067980
1727816400000000,0.5006345820421875,17.616772335086612,0.7101460612893288,180,0.7188701853896511,0.20261452325933393,0.0010881278784198312,0.0005449004639440647,7.070288888888889,0.022222222222222223,5,0,2024-10-01,24067980
1727818200000000,0.9190458655106827,19.823967052024468,0.7679311725294208,180,0.769325989347302,0.3850656459704911,0.0277510119538924,0.013480983573742944,5.455491666666667,0.005555555555555556,5,0,2024-10-01,24067980
1727820000000000,0.4464082328941166,20.778403595589335,0.8119105195971171,180,0.8188991961217185,0.5377828479605344,0.0001178074056740197,0.00040261917176331874,9.726902777777777,0.0,5,0,2024-10-01,24067980
1727821800000000,0.4184789084844915,21.41304865697525,0.6437004343364281,180,0.6439191865529751,0.37788033862254344,0.009643822356139253,0.00864322648120519,10.685580555555557,0.011111111111111112,5,0,2024-10-01,24067980
1727823600000000,0.45274711286524666,15.339570266641175,0.6752625315541523,180,0.6843551536761121,0.3204694302861738,0.0029460496960478366,0.002540420842771507,8.187008333333333,0.005555555555555556,5,0,2024-10-01,24067980
1727825400000000,0.4241761859423806,17.667462058768894,0.6319204443637013,168,0.6320654238100913,0.36022073857557535,0.018921998383066962,0.011785936475064762,9.002529761904762,0.011904761904761904,5,0,2024-10-01,24067980
1730419200000000,0.6076461918161544,21.850236071201415,0.860679024695282,168,0.8669892736966859,0.4337155115691277,0.017690758071191248,0.015343567977544326,8.077616071428572,0.005952380952380952,0,0,2024-11-01,20028781
1730421000000000,0.5056268026769812,22.334332400443742,0.770043946428105,180,0.7800820916572055,0.17225908442950622,0.007457363205568335,0.0028763357209306006,9.499025,0.0,0,0,2024-11-01,20028781
1730422800000000,0.5575965817193478,19.597970070689037,0.83063375682764,180,0.840442235132314,0.28446092298925674,0.002411612169438526,0.0010528856273527287,14.305608333333334,0.0,0,0,2024-11-01,20028781
1730424600000000,0.8029646483719232,11.538808306095952,0.6306718701328622,180,0.6397971913829363,0.4374071029000408,3.9873973594062306e-05,0.004099822083487692,6.653175,0.016666666666666666,0,0,2024-11-01,20028781
1730426400000000,0.7585872189412806,17.847170719680644,0.6915673014672137,180,0.6940622087974816,0.4486863389198912,0.010910003943579993,8.08090085502311e-05,7.206852777777778,0.0,0,0,2024-11-01,20028781
1730428200000000,0.5584625390245566,18.164104526446113,0.7086987707332829,180,0.7140779284364392,0.1296767151421634,0.0028711778483417882,0.0005313020754648123,9.644363888888888,0.005555555555555556,0,0,2024-11-01,20028781
1730430000000000,0.53976722915745,29.529083826502433,0.8483562265550528,180,0.8483677156521048,0.20735709477122566,0.01015725547084445,0.01631357628181529,8.486419444444444,0.0,0,0,2024-11-01,20028781
1730431800000000,0.5270275446674962,18.70007321212239,0.7417941199342426,180,0.7553982867401242,0.39992263530468997,0.00044615307780448976,1.3541075564726945e-05,8.658694444444444,0.0,0,0,2024-11-01,20028781
1730433600000000,0.50112839534554,17.002424705534676,0.7824439265386813,180,0.7886440553985264,0.41329063180858994,0.0005187244805378022,0.00012493986746608954,8.437611111111112,0.0,1,0,2024-11-01,20028781
1730435400000000,0.47605549813886294,24.556946858767773,0.8081207617671191,180,0.8125115529555595,0.3570009170643833,0.0002691379458141796,0.0018545025458952535,9.068663888888889,0.0,1,0,2024-11-01,20028781
1730437200000000,0.5293602493377212,23.258491900240696,0.8943122741362848,180,0.8976837412747251,0.35882016168520625,0.015018381638560618,0.00245954739708365,9.209727777777777,0.0,1,0,2024-11-01,20028781
1730439000000000,0.469549999144307,11.23718938038821,0.7234802719772346,180,0.7299886365964993,0.4547504232341788,0.01838261766321847,0.05348559230892491,9.990797222222222,0.0,1,0,2024-11-01,20028781
1730440800000000,0.4953939496183853,16.93909394898593,0.7167914352535583,180,0.723981996392188,0.44087765435910575,0.0009213322411916192,0.0009020767685342657,9.972041666666666,0.0,1,0,2024-11-01,20028781
1730442600000000,0.5528345857299068,17.38142571142361,0.6785579841279767,180,0.6900815375306859,0.38858443122410824,0.00046000524932898745,0.004081136306802846,8.442822222222222,0.0,1,0,2024-11-01,20028781
1730444400000000,0.5043312818670692,22.878601697659274,0.7317539768030088,180,0.7318847320766362,0.396475612418807,0.0004934956870285001,0.002174314632315877,11.273325,0.0,1,0,2024-11-01,20028781
1730446200000000,0.4200378635113078,23.281052350426652,0.8548140600065981,168,0.8623722751684626,0.4969268956350683,1.3629001152093423e-06,0.00015822233027973365,10.948113095238094,0.0,1,0,2024-11-01,20028781
1730448000000000,0.4438482177595,13.154866248434896,0.7273122359785393,168,0.7383211819753466,0.3990480215446982,0.010464571497882158,0.029113175455582008,12.85622619047619,0.011904761904761904,2,0,2024-11-01,20028781
1730449800000000,0.5123675991858463,17.010306774187747,0.8440103051381842,180,0.8472874229192264,0.420244896310771,0.0070209166487085195,0.004835942816370231,9.742283333333335,0.0,2,0,2024-11-01,20028781
1730451600000000,0.47106407216465807,15.044094300535962,0.8554071766760181,180,0.8587662533066067,0.3772051206719408,0.009801931737008163,0.026773377297275025,9.249202777777779,0.0,2,0,2024-11-01,20028781
1730453400000000,0.441006791757495,19.658803067024156,0.7754316858856156,180,0.7777297693573526,0.4140058647314214,0.0004572313831529007,0.0034171517715544386,9.635866666666667,0.0,2,0,2024-11-01,20028781
1730455200000000,0.4758987190169096,10.468176502865111,0.6671155042179613,180,0.6872605359250128,0.4742676894328184,0.0062782626213030435,0.00570875668159565,11.320886111111111,0.0,2,0,2024-11-01,20028781
1730457000000000,0.5493166305402368,16.227656039391217,0.6565537844326043,180,0.6699033835699275,0.361764349018992,0.0003189099610186874,0.0008568869782085153,8.74613888888889,0.0,2,0,2024-11-01,20028781
1730458800000000,0.5029076731471661,17.861077678851068,0.7743363877504083,180,0.7811300450786204,0.4595511860802276,2.501574913882365e-07,0.0021860356261801384,10.445738888888888,0.005555555555555556,2,0,2024-11-01,20028781
1730460600000000,0.44523882017733124,25.514379954760848,0.8474510251720018,180,0.8479332336279232,0.2732870527336425,0.0008572681311506125,0.0007838664129410366,11.007541666666667,0.0,2,0,2024-11-01,20028781
1730462400000000,0.47801812810626965,19.622646436572932,0.8299654721034254,180,0.8426024854449783,0.3822566346646412,0.0011041206758938271,0.00014404537754197921,9.081908333333333,0.0,3,0,2024-11-01,20028781
1730464200000000,0.6115542885219256,14.74326046853794,0.6688587576110967,180,0.6694059295238128,0.4094429283474579,0.002653670543779074,0.00236843913343443,8.272333333333334,0.005555555555555556,3,0,2024-11-01,20028781
1730466000000000,0.5236656714593595,23.590833332774707,0.794079059765994,180,0.7971701656709589,0.35688317465510677,0.006604641335036576,0.0003273447129438223,9.623561111111112,0.005555555555555556,3,0,2024-11-01,20028781
1730467800000000,0.6573562414538033,14.110285806884525,0.6150742070767274,180,0.6161778647251147,0.41328023156282234,0.0008945743242017024,0.006903822159545769,8.607088888888889,0.011111111111111112,3,0,2024-11-01,20028781
1730469600000000,0.7117031147432258,20.217584955494843,0.6697793820926388,180,0.669882643273227,0.2969397812358161,0.0011311388114317866,0.004300198949221068,9.385386111111112,0.016666666666666666,3,0,2024-11-01,20028781
1730471400000000,0.7027670868905269,17.239269782168993,0.7004154132230561,180,0.7094299166936971,0.41266161612548535,0.0008599392900388025,1.1559478447220606e-05,8.298786111111111,0.005555555555555556,3,0,2024-11-01,20028781
1730473200000000,0.5922603475907415,19.77246637930183,0.6460603952343525,180,0.6465712283480036,0.3921557094396094,0.0011704841030107938,0.0015895111884529634,8.325230555555557,0.011111111111111112,3,0,2024-11-01,20028781
1730475000000000,0.8793200686009373,13.802905574480262,0.5529741512932478,168,0.5534364781764671,0.5764273373761029,0.000553607103746967,0.00895540466502176,5.917122023809524,0.06547619047619048,3,0,2024-11-01,20028781
1730476800000000,0.7907456801821307,17.152178733821955,0.7248935890345738,168,0.729530614872811,0.4710949440884725,0.021525134493193043,0.007394365467170205,6.882217261904763,0.017857142857142856,4,0,2024-11-01,20028781
1730478600000000,0.819355098411717,22.225090990605782,0.7658462049600452,180,0.7688618329477954,0.42010521114581345,0.006844495012057306,0.003885521910644507,6.605525,0.022222222222222223,4,0,2024-11-01,20028781
1730480400000000,0.8003652171264071,14.596467787199948,0.6383528126198944,180,0.6384638722261391,0.44509387955325797,4.259420925833979e-05,0.0008274982766678374,6.78923888888889,0.005555555555555556,4,0,2024-11-01,20028781
1730482200000000,0.7632030312209824,24.903252846405515,0.655635915058677,180,0.6591853217914899,0.36079299354986827,8.2986049072864e-05,0.0019874410251117247,7.191430555555556,0.005555555555555556,4,0,2024-11-01,20028781
1730484000000000,0.7670093005749068,18.12174726593862,0.7013923122116932,180,0.7021807756279188,0.23220922096406293,0.004336037765372058,0.0025077327736254817,5.801130555555556,0.0,4,0,2024-11-01,20028781
1730485800000000,0.659820678168674,12.997075039706385,0.7549176517860842,180,0.7753787941150063,0.142267573374958,8.585690499995913e-05,4.3038185582044974e-07,7.783713888888889,0.0,4,0,2024-11-01,20028781
1730487600000000,0.883610688815584,19.04722687086251,0.7774463492520558,180,0.777745437702994,0.32073328356339825,0.011136952765453234,0.007112048239025781,6.029347222222222,0.016666666666666666,4,0,2024-11-01,20028781
1730489400000000,0.6812962943652348,16.904916371660978,0.5245429125434815,180,0.5341072633457433,0.26232438923102497,0.003966559134807035,0.014328424287609276,6.8604722222222225,0.022222222222222223,4,0,2024-11-01,20028781
1730491200000000,0.6858947744905473,17.745944836417554,0.7269164300552102,180,0.727158453530895,0.3351518623728452,0.00037476949947512495,0.0019476035496057698,7.698361111111111,0.0,5,0,2024-11-01,20028781
1730493000000000,0.7392730583194373,12.261562952382905,0.723052844269738,180,0.7366400601780557,0.5753435601239775,0.0010240040249088755,0.002218478381643796,8.07988888888889,0.005555555555555556,5,0,2024-11-01,20028781
1730494800000000,0.9523633627929113,11.448832354599404,0.6574600965606616,180,0.6942293297490723,0.514150763392655,7.627311937141723e-05,2.8091564287180404e-05,7.003419444444445,0.011111111111111112,5,0,2024-11-01,20028781
1730496600000000,1.1497078100527005,13.281765484099742,0.7984223954709015,180,0.8223099590690977,0.6438296598003639,0.046996125975002134,0.028139549258056507,5.073419444444444,0.005555555555555556,5,0,2024-11-01,20028781
1730498400000000,0.7563589197624645,18.01006145017099,0.8094464289127974,180,0.8096550730830951,0.45815654798569494,0.009370415176808367,0.0036445001671512323,6.815200000000001,0.0,5,0,2024-11-01,20028781
1730500200000000,0.6825418368225,24.549509791534312,0.8024111906786465,180,0.805954752002227,0.41385290367760874,0.001086013858213719,0.0001555733503684209,7.111152777777777,0.0,5,0,2024-11-01,20028781
1730502000000000,0.5950532639935138,14.384964439297175,0.751534614208683,180,0.7572553992313227,0.5089635707961093,0.015254497909619191,0.0005669959321386031,8.683305555555554,0.005555555555555556,5,0,2024-11-01,20028781
1730503800000000,0.4722300426634092,20.60721691305472,0.8081309036974116,168,0.8155297499420762,0.3894133649335172,0.014120751274480425,0.019805604502655227,11.975026785714286,0.0,5,0,2024-11-01,20028781
1733011200000000,0.8811331094697546,17.21524200350371,0.7538522391423848,168,0.7683933922185239,0.4210020275587446,0.00107115430487692,0.0009934715966622987,7.763208333333334,0.0,0,1,2024-12-01,10639810
1733013000000000,1.035397407259383,13.791656110744043,0.6938970831591067,180,0.6949482311228772,0.3891891731546252,0.0011545562633443751,0.0025339374458372976,6.893086111111111,0.0,0,1,2024-12-01,10639810
1733014800000000,1.0661955978124373,17.24183986354608,0.7954387773187013,180,0.8063198852339919,0.3499724064245212,0.0022943562885850977,1.6209062579930489e-06,7.039402777777777,0.011111111111111112,0,1,2024-12-01,10639810
1733016600000000,0.9139869306537973,17.325534576009613,0.7595209896700099,180,0.759559291365324,0.37894103438861537,0.004911149968392148,0.005562743063843301,8.29096388888889,0.005555555555555556,0,1,2024-12-01,10639810
1733018400000000,1.1862999335984823,15.603929553741024,0.7150915902964672,180,0.7184756527076219,0.2214927002257866,0.0030216564984553163,2.957463800090654e-05,6.830288888888889,0.027777777777777776,0,1,2024-12-01,10639810
1733020200000000,1.0366374357004626,26.942466541301073,0.764302618286314,180,0.7653959871279261,0.2660812992147461,0.0020436589259040794,0.0008781383146821975,6.818811111111111,0.005555555555555556,0,1,2024-12-01,10639810
1733022000000000,0.9735219509059552,16.368011510008053,0.8341756147271314,180,0.8388037522635363,0.48573688141830473,0.007060023883089683,0.0017959530143967228,7.572530555555555,0.0,0,1,2024-12-01,10639810
1733023800000000,0.8020551772715241,8.675631196483568,0.5439803950451175,180,0.6251072278536409,0.4217479180643169,0.0005326694046974279,0.023932604610561348,7.272627777777778,0.0,0,1,2024-12-01,10639810
1733025600000000,1.0068187203251129,15.86366451507679,0.7429875651161222,180,0.757344852184476,0.33382078306595997,0.0002959769953423397,0.010109004765543328,6.9969833333333336,0.0,1,1,2024-12-01,10639810
1733027400000000,0.886979818394035,13.533921900808465,0.7004880762002121,180,0.7455555528171935,0.3392228808271833,0.010385081075752645,0.0017579631959890873,8.168275000000001,0.0,1,1,2024-12-01,10639810
1733029200000000,0.9821152428061112,19.71859254050499,0.6034808073529199,180,0.6065599974422149,0.3790447920404575,0.017892795172852027,0.007450296684517355,7.531636111111111,0.0,1,1,2024-12-01,10639810
1733031000000000,1.182161815448833,21.355552579207565,0.7905370914329894,180,0.7993391125343032,0.5074720312496103,0.0005562845408498829,0.00561771919133669,7.184675,0.005555555555555556,1,1,2024-12-01,10639810
1733032800000000,0.9036195993836469,14.712085583565635,0.7724361220177254,180,0.7747666027348782,0.41721922307511194,0.0036531073280992032,2.4231031683363824e-06,7.417477777777777,0.0,1,1,2024-12-01,10639810
1733034600000000,0.8927772664835161,13.163790739374447,0.7379950849051744,180,0.7682152758626495,0.3604461506311273,0.0005734734885282089,0.000797819797717092,7.45538611111111,0.0,1,1,2024-12-01,10639810
1733036400000000,0.747807926409826,22.863715762972976,0.7573806484150182,180,0.7707074310680258,0.334745020684181,0.016768500607763248,0.00031828353887597416,8.234438888888889,0.0,1,1,2024-12-01,10639810
1733038200000000,0.8403020852289398,16.329690103994718,0.7401319755255389,168,0.7585026859969599,0.5796684540475189,0.007106682826606869,0.01659953915805823,8.000455357142856,0.0,1,1,2024-12-01,10639810
1733040000000000,1.4311772506483917,5.081342606309333,0.5044542265131253,168,0.5127599762852275,0.6508200739495165,0.0021577079890450213,0.0005265946925472331,8.378229166666667,0.0,2,1,2024-12-01,10639810
1733041800000000,1.1492383332920704,10.790095707887938,0.6367211191832696,180,0.636981335252869,0.2712945169392199,0.0045663252914700525,0.0005000582131314824,6.794580555555555,0.005555555555555556,2,1,2024-12-01,10639810
1733043600000000,0.8238150622625626,17.95457641800681,0.7449637150821056,180,0.7738205496131992,0.2903057048862925,0.003934758286815443,0.004828204779360856,7.4385111111111115,0.005555555555555556,2,1,2024-12-01,10639810
1733045400000000,0.8203010521361207,24.563489322229966,0.8482301263880655,180,0.8502002648831453,0.40753295724792293,0.015483963095246245,0.009010374212604755,8.709572222222222,0.0,2,1,2024-12-01,10639810
1733047200000000,0.7762245074202683,12.685323060827432,0.6023421193854142,180,0.6332864311680333,0.5896321427318565,0.006448623373098705,0.00061190145107759,9.788727777777778,0.0,2,1,2024-12-01,10639810
1733049000000000,1.0205117515852073,14.326864724337904,0.6774244325325576,180,0.682054225369997,0.42348826424362773,0.007231718955859945,0.003308744157348942,8.225222222222222,0.0,2,1,2024-12-01,10639810
1733050800000000,0.8668095761079495,14.003458032920552,0.7277702526967409,180,0.76723863225099,0.398366154907438,0.00402326871966896,0.00046261794109470067,7.731977777777778,0.0,2,1,2024-12-01,10639810
1733052600000000,1.1131748810612083,9.139964396613722,0.7004579962160326,180,0.7092024284039121,0.4598478515320641,0.01404494137555623,0.060852789852931854,6.580141666666667,0.0,2,1,2024-12-01,10639810
1733054400000000,0.8069128211478325,8.490810787208535,0.6103925930669807,180,0.6734984472261418,0.43206184658730085,6.663601036560607e-05,0.006852122254622617,8.468244444444444,0.0,3,1,2024-12-01,10639810
1733056200000000,0.9564314837040255,12.991328951762867,0.7718186654743712,180,0.8107850568994873,0.5282690337780909,0.007869682701453384,0.012393352283607495,8.63911388888889,0.0,3,1,2024-12-01,10639810
1733058000000000,1.0265376998628208,15.09019156795663,0.6575548176794519,180,0.6580889741703451,0.5114384204831175,0.001903563876429537,0.004444990040877728,8.254011111111112,0.011111111111111112,3,1,2024-12-01,10639810
1733059800000000,0.970641070496278,15.942895157647884,0.6805293196926256,180,0.680817407522152,0.39160904196398216,0.004105160649365058,0.0006700516407194268,6.64748611111111,0.005555555555555556,3,1,2024-12-01,10639810
1733061600000000,0.9276625886890277,7.607610872710772,0.5274551391839062,180,0.5276061447870404,0.33117243980662503,0.00024668933120775005,0.000508181190260637,6.526583333333334,0.0,3,1,2024-12-01,10639810
1733063400000000,1.0528481717526752,10.872038087965171,0.44219359941696645,180,0.4516606807099036,0.49488633269011995,0.03472510344762558,0.0017452552960606216,6.230727777777777,0.0,3,1,2024-12-01,10639810
1733065200000000,0.892730094300412,19.53641545225577,0.8319174582002811,180,0.8397746148092547,0.4945808988894208,0.0022777492222924023,0.0001830521846123423,7.352977777777778,0.0,3,1,2024-12-01,10639810
1733067000000000,1.0407427832050886,15.884645305384327,0.7759254070338775,168,0.798372310238111,0.29009351285954965,0.004601167588725974,0.00037346936591409197,6.562931547619048,0.005952380952380952,3,1,2024-12-01,10639810
1733068800000000,0.8118508822738042,9.549590380333404,0.6511749402454396,168,0.7218379893869098,0.35990704938726226,0.0004775528568385923,0.011618728413547053,9.02592261904762,0.0,4,1,2024-12-01,10639810
1733070600000000,0.7729734171966752,13.569951774571457,0.475770514391463,180,0.4839275997727882,0.32010100022421495,0.0022980540769208524,0.002579499304789956,7.541055555555556,0.005555555555555556,4,1,2024-12-01,10639810
1733072400000000,0.9851494315524141,26.027420473270055,0.7890437256200474,180,0.7965462024415411,0.4023963010752729,0.0017079800742115792,0.005245418387340273,6.732758333333334,0.0,4,1,2024-12-01,10639810
1733074200000000,0.8426046549024673,12.713355670788793,0.7226270244729021,180,0.7450049955124468,0.3291777050265354,0.0018427900421978949,0.007755905069632196,7.6345222222222215,0.0,4,1,2024-12-01,10639810
1733076000000000,0.8824068836073726,8.15917208900927,0.6119403422444498,180,0.6637984650093164,0.303077950697211,0.008531374184700735,0.004537927274545717,10.983336111111111,0.0,4,1,2024-12-01,10639810
1733077800000000,0.8193316595782942,14.366970523498718,0.6248612620164297,180,0.637040737184061,0.335009068048169,0.0026035466605077717,0.00010444683509269748,7.370113888888889,0.0,4,1,2024-12-01,10639810
1733079600000000,0.9628478353184389,10.748201349397528,0.6257737393425908,180,0.6370664086225226,0.4143922706501916,0.0011061445596354247,1.3233518395550092e-05,7.048152777777778,0.0,4,1,2024-12-01,10639810
1733081400000000,1.0242030752977396,13.09480239704298,0.7219560576340205,180,0.7655009636341454,0.45317042448548295,0.0021634570283843857,0.003635937830051894,6.618980555555556,0.005555555555555556,4,1,2024-12-01,10639810
1733083200000000,1.145481522616448,21.891967224412667,0.7939229230668237,180,0.7984036404496012,0.27731978739338814,0.0016182561189577171,0.003960318825380504,7.850663888888889,0.005555555555555556,5,1,2024-12-01,10639810
1733085000000000,0.9807412917581164,11.638473290605958,0.7592058292726992,180,0.7896455981057258,0.3858625661110011,0.006479553371650515,0.011730728454274919,6.9445,0.011111111111111112,5,1,2024-12-01,10639810
1733086800000000,0.997934057201217,16.008212087151755,0.7919845156841301,180,0.7963118891766772,0.3569997542744975,0.001437148420938561,0.0019991685874314324,7.866663888888889,0.0,5,1,2024-12-01,10639810
1733088600000000,0.7891042425943073,7.183866267158589,0.7518977942724248,180,0.8520373467348922,0.4974678134070365,0.014945187212785815,0.005336440732261805,7.326061111111112,0.005555555555555556,5,1,2024-12-01,10639810
1733090400000000,1.0246202822189443,17.35100710314953,0.7577700503806118,180,0.7597967949237494,0.4261465906188895,0.009248461389618323,0.0009485512386627759,9.747694444444445,0.0,5,1,2024-12-01,10639810
1733092200000000,0.9191033844587798,4.8590418535205355,0.3045970434349645,180,0.3210628228518778,0.5775427185535049,0.0007306857719925341,0.0020608469245857464,7.916013888888888,0.0,5,1,2024-12-01,10639810
1733094000000000,1.2864290168970005,36.93245243610863,0.866383749240011,180,0.8665143513642066,0.239385370569987,5.3772618244130044e-05,0.00013368140531289097,6.1974833333333335,0.0,5,1,2024-12-01,10639810
1733095800000000,1.188783622030046,15.640572549347008,0.8167548673822281,168,0.8267216970960176,0.17627378867307764,0.03290513620494362,0.024465054948416665,7.518386904761904,0.0,5,1,2024-12-01,10639810
1735689600000000,1.4265542202967105,20.474662359424524,0.740195492677621,168,0.7405670501709669,0.4120053358361283,0.0003718865395592186,0.025753849362817105,4.7003482142857145,0.005952380952380952,0,0,2025-01-01,9509014
1735691400000000,1.5435027075115322,9.535679711289866,0.5560228467963568,180,0.5766127207713896,0.40173068166551396,7.828400542730929e-05,1.3652923079643386e-05,5.510541666666667,0.0,0,0,2025-01-01,9509014
1735693200000000,1.4298374628887065,16.626030179378873,0.6200266478489117,180,0.6345311245527196,0.3766022428777649,0.019663781099602984,0.007232354768203275,5.160952777777778,0.0,0,0,2025-01-01,9509014
1735695000000000,1.6421924322052126,10.788025404449234,0.7097870984313304,180,0.7103884225050032,0.47230007323225864,7.587237787509693e-05,0.0073900624573165485,4.300094444444444,0.005555555555555556,0,0,2025-01-01,9509014
1735696800000000,1.7009842520424572,14.175407737638436,0.7299355177636873,180,0.753679143698364,0.44533663750638275,0.001409238721476913,0.00036303896990697027,3.801527777777778,0.0,0,0,2025-01-01,9509014
1735698600000000,1.7958329845462562,12.761467202895638,0.743518990845849,180,0.786889107150855,0.5133007428278415,0.001429527328494662,0.009077672985136176,4.527,0.0,0,0,2025-01-01,9509014
1735700400000000,1.9800775486051045,9.4420865675978,0.6423951872893516,180,0.6435925961026021,0.624332015151989,0.00014074097357397175,0.00011753964643257397,3.903352777777778,0.0,0,0,2025-01-01,9509014
1735702200000000,1.5821703466831076,11.092487005933886,0.7215084775900122,180,0.7698454652269037,0.4685812322841998,0.0060690854495105695,0.0020207654892122617,3.9735722222222227,0.0,0,0,2025-01-01,9509014
1735704000000000,1.6427120382571583,13.19186781349296,0.6860430571527169,180,0.7102711450015522,0.3163034542348595,0.010021902261698634,0.00021591691940459068,3.7397472222222223,0.005555555555555556,1,0,2025-01-01,9509014
1735705800000000,1.8084109844289866,9.538140370288941,0.6755034926777335,180,0.6927936770104138,0.5978356915040817,0.0015318283738255944,0.0004768261896208603,5.332072222222222,0.0,1,0,2025-01-01,9509014
1735707600000000,1.2403835373033074,11.345059892367379,0.7212529183910311,180,0.7394704531905016,0.1076134478121421,0.0002470408326913365,0.006074361312354948,5.934619444444445,0.0,1,0,2025-01-01,9509014
1735709400000000,1.5650394041486788,21.15261667183862,0.8477692853675517,180,0.8490501695731613,0.49359474698945227,0.0033810445725896976,0.0012356029594702278,5.495113888888889,0.005555555555555556,1,0,2025-01-01,9509014
1735711200000000,1.4703808254490276,10.75730982780439,0.785076654867296,180,0.7937216113150338,0.3484155811680132,9.028711627434571e-05,0.0017916906468243843,5.430291666666666,0.0,1,0,2025-01-01,9509014
1735713000000000,1.7684478969044979,12.060796421143412,0.6846977805117107,180,0.6848137195889932,0.46419222505107494,0.000446621564344607,0.0025143172697238425,4.279502777777778,0.0,1,0,2025-01-01,9509014
1735714800000000,1.3027284245384572,11.317447598682136,0.7076678232234153,180,0.7479505075517996,0.5555746945285611,0.0008647238642888189,0.000613018125408038,4.996661111111111,0.0,1,0,2025-01-01,9509014
1735716600000000,1.3861426985880376,8.270744534371087,0.7027384161711654,168,0.7295835543652048,0.5091854515797944,0.006095210918121041,1.9438027198392938e-05,5.788008928571428,0.0,1,0,2025-01-01,9509014
1735718400000000,1.9570330933143236,7.964106753843514,0.6446120633023423,168,0.6454366459271321,0.49004608367776736,0.0011225868025790398,4.6795805345056785e-05,5.276848214285714,0.0,2,0,2025-01-01,9509014
1735720200000000,1.515289650571669,17.94781321445272,0.8318379627011834,180,0.8442043742831862,0.5217574408200734,0.00030809513835894364,0.0018817641014540198,4.150286111111111,0.005555555555555556,2,0,2025-01-01,9509014
1735722000000000,1.7819653508467765,12.099647213009067,0.6348777819875195,180,0.6479951811520404,0.21462191410887643,0.00791084967225153,0.015102756031133868,5.6093416666666664,0.0,2,0,2025-01-01,9509014
1735723800000000,1.4917146799429792,22.46068655422761,0.7917127904244662,180,0.7963512989867869,0.3422965936443022,2.142766364343629e-08,0.0012788385730878593,5.424858333333334,0.0,2,0,2025-01-01,9509014
1735725600000000,1.6457801103287806,22.09559178185453,0.7549053297257681,180,0.7552288963973361,0.4504637129681506,0.0034684474888692085,0.0015903019771454918,4.720263888888889,0.005555555555555556,2,0,2025-01-01,9509014
1735727400000000,1.3246994746433374,23.86015537295625,0.8501937038972112,180,0.8558935058317638,0.4696424555553359,0.0007158113580069125,0.0006207316867367085,5.188280555555555,0.0,2,0,2025-01-01,9509014
1735729200000000,1.748466171506609,19.424246134880825,0.8212751548886681,180,0.8266915089524931,0.46603056241775065,0.00027435091655148014,0.00018811530366724671,4.791477777777778,0.0,2,0,2025-01-01,9509014
1735731000000000,1.6960673869207046,12.91057439734832,0.7009788124985827,180,0.7028330745326399,0.4981291925210841,0.0006393648262389418,5.131332172358949e-05,4.898177777777778,0.005555555555555556,2,0,2025-01-01,9509014
1735732800000000,1.4362228460218507,11.427552117263547,0.49053319871872103,180,0.49132521034420773,0.4076504151107432,0.0002382217529033337,0.0009515367114300011,5.665702777777778,0.011111111111111112,3,0,2025-01-01,9509014
1735734600000000,1.4022288512084973,12.854201389262643,0.7581509237662913,180,0.7585143525880976,0.4409652218518595,1.627288755379208e-05,0.00011552729787867033,5.6402,0.005555555555555556,3,0,2025-01-01,9509014
1735736400000000,1.410515362116321,19.627111262895095,0.7886243207961074,180,0.7941564264159732,0.4123167095793143,0.010903444504153481,0.02375189068608008,4.75905,0.0,3,0,2025-01-01,9509014
1735738200000000,1.5976918600175192,17.56951888965389,0.7932445124185802,180,0.7947455630420319,0.2909091496291012,0.005954267647099942,5.869439611805305e-05,4.484836111111111,0.005555555555555556,3,0,2025-01-01,9509014
1735740000000000,1.5692946247802833,17.226034713858155,0.6519992156963519,180,0.6526707729272394,0.4359285036693784,0.0224832406465465,0.01757875851540991,4.419188888888889,0.011111111111111112,3,0,2025-01-01,9509014
1735741800000000,2.0398251334712705,14.737883329032794,0.7626484836824065,180,0.763553581955517,0.3155924973583948,0.004039853725213982,0.00041459191236092874,4.086391666666667,0.0,3,0,2025-01-01,9509014
1735743600000000,1.615200704219672,17.63056569323788,0.7306028328305048,180,0.7395035598819806,0.31943460556916636,0.02152371885087523,0.006017701129721997,4.368313888888889,0.0,3,0,2025-01-01,9509014
1735745400000000,1.489633937285979,20.145668764396632,0.7727137996105092,168,0.7740874781920104,0.30919139198324885,0.006615390491292894,5.7088880197397884e-05,4.25214880952381,0.0,3,0,2025-01-01,9509014
1735747200000000,1.4099585981351563,16.146204704406696,0.8300474320130178,168,0.8450233827837916,0.39521998646993917,0.00046995764819235397,0.0016809811555413834,4.917622023809524,0.0,4,0,2025-01-01,9509014
1735749000000000,1.3560648193383824,15.185666064904765,0.7246995034834538,180,0.7294666887818526,0.38130157542575716,0.00040087498205976235,0.006493649473092722,4.854613888888889,0.0,4,0,2025-01-01,9509014
1735750800000000,1.6655099644228275,17.50344204167358,0.7220154179270399,180,0.7341570138696125,0.2677819452979767,2.2015408646547385e-05,0.0009341790374477466,4.061913888888889,0.005555555555555556,4,0,2025-01-01,9509014
1735752600000000,1.5748649506149575,21.28151634567437,0.8412299696545888,180,0.8426050521660046,0.4024744303210217,0.00477161584595398,0.009008698648660496,4.785252777777778,0.0,4,0,2025-01-01,9509014
1735754400000000,1.8265844669618487,19.36090866981141,0.8215619363824602,180,0.8362174777307669,0.38346902362764757,0.00038093702833419396,0.002195638657798482,4.415986111111112,0.0,4,0,2025-01-01,9509014
1735756200000000,1.5716201640241856,14.705825484570846,0.811192144415741,180,0.8151018075859984,0.44610918015950707,0.0002758021956262846,0.00012732982302332552,4.543661111111112,0.0,4,0,2025-01-01,9509014
1735758000000000,1.2644846159527023,17.06373076405008,0.8507244475769702,180,0.8562741621362231,0.4475916831743575,0.0021388418881523874,0.002299640752408738,5.624291666666666,0.005555555555555556,4,0,2025-01-01,9509014
1735759800000000,1.5799981410553954,8.632820268059383,0.7539593884264628,180,0.7544181353900828,0.4709034272190653,0.0004328088749258052,0.0013132566640803311,5.2596,0.011111111111111112,4,0,2025-01-01,9509014
1735761600000000,1.5120531200520109,11.033277463876665,0.7897332136862689,180,0.7972472193594293,0.5692243891554032,0.0002647765871923724,0.00015411647680918517,5.157991666666667,0.011111111111111112,5,0,2025-01-01,9509014
1735763400000000,1.5330844043907366,17.979771815118994,0.8309024490565005,180,0.839357304415043,0.18706052060496292,0.015537527052231437,7.909551133833403e-06,5.521708333333334,0.005555555555555556,5,0,2025-01-01,9509014
1735765200000000,1.6426796614992187,15.607156952926983,0.6869124986464796,180,0.696270231216832,0.3145014916066693,5.783023200089943e-05,3.9014998331921014e-05,4.799475,0.005555555555555556,5,0,2025-01-01,9509014
1735767000000000,1.6641607106764222,19.694805027696002,0.7855898386353989,180,0.7955466665194304,0.40066278874773253,0.0005481461701868362,0.0007924744100972214,4.286694444444445,0.005555555555555556,5,0,2025-01-01,9509014
1735768800000000,1.5524866187711148,11.429420704143848,0.6639899368669124,180,0.6891102484667782,0.521707585786767,0.0003231188321923817,0.0009532695306235794,6.326313888888889,0.0,5,0,2025-01-01,9509014
1735770600000000,1.7105402713148514,13.461034743902076,0.763836229443386,180,0.7730803310194088,0.5497507264455387,0.007678675250410216,0.010633483406871314,4.696086111111112,0.0,5,0,2025-01-01,9509014
1735772400000000,1.5451111457300686,19.93887348764855,0.7722901699808391,180,0.7789082514105128,0.26713755873242273,5.987355010206308e-05,0.006358256935996787,4.499922222222223,0.0,5,0,2025-01-01,9509014
1735774200000000,1.4154588832945438,13.257654778552592,0.7342225999355347,168,0.7414090695421911,0.4220872582869507,0.0002827634862291317,0.005265249042012643,4.77311011904762,0.0,5,0,2025-01-01,9509014
1738368000000000,1.6083459868657224,15.796109600991874,0.6816097051022025,168,0.6830640483200423,0.4171590520408728,0.015344970778279343,0.006606576412815146,5.503880952380952,0.0,0,1,2025-02-01,8908390
1738369800000000,1.4998118199741999,21.086007772523626,0.8024102652062761,180,0.8073110967281882,0.3695656659347585,0.0015854445435400377,0.0006231081425556173,6.095919444444444,0.005555555555555556,0,1,2025-02-01,8908390
1738371600000000,1.5893623086305073,17.189545439013937,0.7062501941391592,180,0.7098288453960565,0.4821889428562258,0.00011899890501798627,0.011570332902664293,4.612980555555556,0.0,0,1,2025-02-01,8908390
1738373400000000,1.397806185101457,11.9350087001425,0.7563563688064354,180,0.7564434810843307,0.3043885027431896,0.0001865909754642514,4.253330913694953e-06,4.748775,0.0,0,1,2025-02-01,8908390
1738375200000000,1.7368584770728874,16.289878368168207,0.7506572372340259,180,0.7506669987977701,0.3687920595556833,0.00713007169040647,0.034184201146417625,5.219733333333333,0.011111111111111112,0,1,2025-02-01,8908390
1738377000000000,1.945667953362432,13.026858596204432,0.686482994188306,180,0.6912111815381936,0.4588086918632057,0.02042196916879102,0.0027310541602355576,4.570627777777777,0.0,0,1,2025-02-01,8908390
1738378800000000,1.307122191965121,11.526330660313983,0.7986637869807008,180,0.8250407952402029,0.2811588835618677,0.005592294612968618,0.0012838252558784458,5.718922222222222,0.0,0,1,2025-02-01,8908390
1738380600000000,1.1336835671508005,15.530413595512163,0.6428607316780247,180,0.6550181167140153,0.3839635408576979,0.007355097188272874,0.003841401635314323,5.6675555555555555,0.0,0,1,2025-02-01,8908390
1738382400000000,1.3298404426775003,14.456721214505068,0.6119233564573376,180,0.6150294427223695,0.2616994917076515,0.0025409482571741027,2.9913828830330225e-05,5.270538888888889,0.005555555555555556,1,1,2025-02-01,8908390
1738384200000000,1.305865636096823,8.176928200644497,0.3678546397371665,180,0.3874663078279216,0.6224833933820191,0.0008644906726108514,0.0055101499400351805,5.520497222222222,0.0,1,1,2025-02-01,8908390
1738386000000000,1.4868998454688136,11.974670585817867,0.687137131433931,180,0.6871455241254498,0.5332777994831004,0.024785085123840478,0.012166599319416438,4.908269444444445,0.0,1,1,2025-02-01,8908390
1738387800000000,1.3387317320243275,8.484646764543763,0.5459887680231524,180,0.5632424488749475,0.5616573052586538,5.617508359045953e-05,0.002792920477608374,5.148316666666667,0.0,1,1,2025-02-01,8908390
1738389600000000,1.4951823643760895,16.115349432657133,0.8069002855017041,180,0.8083524633667918,0.424293604179139,0.011669006782628943,0.00016520740255820954,4.894063888888889,0.0,1,1,2025-02-01,8908390
1738391400000000,1.6371533757140464,11.509589932997484,0.75269000375969,180,0.7607469357834387,0.5423855414511856,0.009135753146567893,0.006037123710714631,4.633086111111111,0.0,1,1,2025-02-01,8908390
1738393200000000,1.5627654701507496,15.643356556393403,0.7761326998176561,180,0.7919440176102888,0.4980785493606602,0.010091832042341653,9.52490189859434e-05,4.687930555555555,0.005555555555555556,1,1,2025-02-01,8908390
1738395000000000,1.513437645423545,17.1837408774234,0.763094227746413,168,0.7654258422758731,0.37439342932383857,4.496617238836098e-05,0.001537596245322903,5.26528869047619,0.005952380952380952,1,1,2025-02-01,8908390
1738396800000000,1.191879566931419,15.686170055777506,0.6695266649952927,168,0.674135294079548,0.3342456371712167,0.00012839430327604706,0.0007435088039731141,6.376250000000001,0.0,2,1,2025-02-01,8908390
1738398600000000,1.483586752555809,10.746355092351802,0.5536421280982087,180,0.5683881045171784,0.4037197706440876,0.00020341228136322442,0.0016714757715496908,4.524986111111111,0.016666666666666666,2,1,2025-02-01,8908390
1738400400000000,1.3500968655953152,11.20932393531879,0.7386755110861795,180,0.7820772512309312,0.3558410961092915,0.01834749115229839,0.0042200925182643845,4.676741666666667,0.022222222222222223,2,1,2025-02-01,8908390
1738402200000000,1.4919869229300846,13.413444932490748,0.6416263772722429,180,0.6435406234628652,0.2824669841791396,0.04717480414552766,0.02144217985670005,4.681766666666666,0.011111111111111112,2,1,2025-02-01,8908390
1738404000000000,1.234608024391209,10.092471138008664,0.6631069539948302,180,0.6916118918976537,0.3476983622961113,0.0021825522665216424,0.007422090669758297,5.695849999999999,0.0,2,1,2025-02-01,8908390
1738405800000000,1.050206021963837,10.58714618128103,0.5412732923956898,180,0.5600697121890421,0.35255681214010504,0.01858244800924258,0.002509212712690889,8.11956111111111,0.0,2,1,2025-02-01,8908390
1738407600000000,1.2445145331046343,18.758516978753544,0.7213515331950692,180,0.7244117444306175,0.3250539061139752,0.0034595197055862226,0.005893075699323291,5.997922222222222,0.0,2,1,2025-02-01,8908390
1738409400000000,1.3557226770100015,11.369965917893142,0.5724588339681355,180,0.5794586364656169,0.4010612108256746,0.0018334991045613203,0.0005321275288046046,5.797888888888888,0.011111111111111112,2,1,2025-02-01,8908390
1738411200000000,1.1134484863505647,15.685882738750188,0.5056404499858156,180,0.511263166625665,0.4538735944004013,0.004412285006271999,0.0001513773570824828,5.989202777777777,0.0,3,1,2025-02-01,8908390
1738413000000000,0.9742069195270726,17.725866235179623,0.6979074145246579,180,0.698666083827787,0.29535981472712836,0.004563570284130791,3.138565284876993e-05,5.769855555555556,0.0,3,1,2025-02-01,8908390
1738414800000000,1.1302027577011005,16.519394300411513,0.7602392634551318,180,0.7667702486757026,0.3454134745187395,0.004516593330429086,0.006748192301179401,5.2447083333333335,0.0,3,1,2025-02-01,8908390
1738416600000000,1.1911891419859488,17.872691780848296,0.7857379931086921,180,0.8039436124120065,0.2919207013997467,0.018928573281592698,0.020031671323849642,5.950188888888889,0.005555555555555556,3,1,2025-02-01,8908390
1738418400000000,1.4713659354692847,20.20765057322272,0.7632714622770422,180,0.7647048688047071,0.48933148504251145,9.886591731400607e-06,0.0020814103534455564,4.79465,0.0,3,1,2025-02-01,8908390
1738420200000000,1.2624895082839105,16.292704834549077,0.7533326999772473,180,0.7678725050990922,0.2715929294054956,0.017154052299859335,0.0056450892684700715,5.55105,0.0,3,1,2025-02-01,8908390
1738422000000000,1.5318941379091038,13.489698240436953,0.7358121798367129,180,0.7436764055552348,0.17759181661138368,2.050500824046786e-05,0.00011128402588822528,5.032569444444444,0.005555555555555556,3,1,2025-02-01,8908390
1738423800000000,1.1970728091603284,11.817764013392333,0.5645817994591613,168,0.5816526037655414,0.3589411536219794,0.0005145304185535382,1.6009274723338685e-05,5.709755952380952,0.0,3,1,2025-02-01,8908390
1738425600000000,1.193877898446139,18.242839401068085,0.8338465357319274,168,0.8443548444737987,0.48213581610714074,0.0032013502924731485,0.0012810500545559211,5.540232142857143,0.0,4,1,2025-02-01,8908390
1738427400000000,1.2226054302023122,22.05089443434689,0.8455222879806544,180,0.8521086164003955,0.2835423952014614,0.01556580091918236,0.017984358497504238,5.736322222222222,0.005555555555555556,4,1,2025-02-01,8908390
1738429200000000,2.153263790406634,4.419588432234477,0.5717103940443535,180,0.6634176079487415,0.4939904286835175,0.0028485209850556137,0.0004508143293570077,4.1419500000000005,0.011111111111111112,4,1,2025-02-01,8908390
1738431000000000,1.187863146513049,13.16559570096995,0.6139684029143457,180,0.6139698520963888,0.3417072632143152,0.00016284338971905843,0.000765098071615733,5.707916666666667,0.0,4,1,2025-02-01,8908390
1738432800000000,1.2811533083226987,23.100819742257855,0.7364810226145702,180,0.7391850201526728,0.325052000520335,0.01688950493191188,0.0012100485607522415,6.495313888888889,0.0,4,1,2025-02-01,8908390
1738434600000000,1.2795820380459602,20.15727716184546,0.7445756340041161,180,0.75494337538853,0.25583183651472075,0.003550881095075731,1.3871483223071301e-05,5.523938888888889,0.0,4,1,2025-02-01,8908390
1738436400000000,1.355621236948421,21.29002159655693,0.7574405861965177,180,0.759439302681822,0.30435220346910974,0.00014047188605370575,0.0037666176486562675,7.691411111111111,0.005555555555555556,4,1,2025-02-01,8908390
1738438200000000,1.486735563075138,13.297645580942305,0.5913914200891934,180,0.5913948156173379,0.2167737590022375,5.723595201012621e-06,0.0007213475997952523,5.375202777777778,0.011111111111111112,4,1,2025-02-01,8908390
1738440000000000,1.561588942955785,18.496592942282525,0.6300530446753225,180,0.6366982518196075,0.31736307397914165,0.00019597597579057435,0.0020109241416361723,4.869397222222222,0.011111111111111112,5,1,2025-02-01,8908390
1738441800000000,1.6512375387967682,17.816499007500806,0.7541682573593151,180,0.756952374653955,0.27174248521151945,0.020589397104678997,0.02819103319519556,4.50036111111111,0.016666666666666666,5,1,2025-02-01,8908390
1738443600000000,1.5039008480000247,17.48194639031784,0.7049499168473119,180,0.7049540522617446,0.2765618328894114,0.0016207911797759822,0.0017508808585320335,7.289930555555555,0.022222222222222223,5,1,2025-02-01,8908390
1738445400000000,1.5460917614670797,18.039803754284264,0.6305483113158781,180,0.6324889049029578,0.29587666903216336,0.004558978645835432,4.321294873710357e-06,5.888036111111112,0.011111111111111112,5,1,2025-02-01,8908390
1738447200000000,2.3287502860749143,9.96944120224417,0.7091179665260006,180,0.7206587351537922,0.41273638145305624,0.024328359094523466,0.006047618083770301,3.8950638888888887,0.022222222222222223,5,1,2025-02-01,8908390
1738449000000000,2.883221759244287,11.732235587864634,0.7904232116011134,180,0.8007228863346683,0.20950824036912974,0.017971772690795862,0.022043550235262388,2.608102777777778,0.011111111111111112,5,1,2025-02-01,8908390
1738450800000000,2.337835908098895,20.635319465098217,0.7084509455082609,180,0.7141812203053763,0.3409610048346273,0.0003823263496458562,0.01077902370535877,3.2593666666666667,0.022222222222222223,5,1,2025-02-01,8908390
1738452600000000,2.096411986234998,11.428709146445273,0.5519382822079968,168,0.5624569835095464,0.4959480098934248,0.00020089700750880457,0.006999584253719826,3.4286964285714285,0.023809523809523808,5,1,2025-02-01,8908390
1740787200000000,1.470315013420128,22.44108886845625,0.8180867477884431,168,0.8285679494766199,0.4703290199185943,0.003925752649454717,0.017651087108314867,4.123839285714285,0.0,0,1,2025-03-01,18119386
1740789000000000,1.1655751734781505,14.209051844966213,0.7414100458399738,180,0.7484021283570018,0.41526665426817233,0.002055517703403398,3.4388230504167616e-05,5.706027777777778,0.0,0,1,2025-03-01,18119386
1740790800000000,1.2602215138412558,22.307769455166902,0.8362986161716922,180,0.8364300601869328,0.258320529704103,0.012367864594057587,0.01157612804612751,5.531352777777778,0.0,0,1,2025-03-01,18119386
1740792600000000,1.6776012038668333,14.470729664049871,0.6717511490584425,180,0.6751323872896633,0.4604584044658008,0.0016440137351535489,0.014276389082237939,4.4181083333333335,0.011111111111111112,0,1,2025-03-01,18119386
1740794400000000,1.5780484634421021,15.413124872768352,0.7516048363542308,180,0.756315105497805,0.35523106575566166,0.007686307178887186,0.0006893009415374074,4.188466666666667,0.005555555555555556,0,1,2025-03-01,18119386
1740796200000000,1.8375050775557416,15.577642890229683,0.5282882830219554,180,0.5290128616067885,0.3506016025315418,0.014774538032974682,0.00207815351141738,3.773041666666667,0.011111111111111112,0,1,2025-03-01,18119386
1740798000000000,1.5781075429626004,16.213335909637948,0.7144065029706022,180,0.741391874129345,0.3895733684699969,0.0011549427402924861,0.0003547205220750804,4.4730944444444445,0.005555555555555556,0,1,2025-03-01,18119386
1740799800000000,1.629187033027128,26.30831850719983,0.8359520987815056,180,0.8360448096097768,0.34119873268550827,0.010952159641688719,0.015361558826452182,3.7752499999999998,0.005555555555555556,0,1,2025-03-01,18119386
1740801600000000,1.47479366225161,13.299515665867519,0.6576188327595398,180,0.6585974264042568,0.3911367018439996,0.01115434364326695,0.0017448593488268438,7.6500055555555555,0.005555555555555556,1,1,2025-03-01,18119386
1740803400000000,2.2925819861686967,6.173999831405618,0.5341640507869845,180,0.5825731679272819,0.600138501387677,0.00038282839037873106,0.006040047622655198,3.77975,0.016666666666666666,1,1,2025-03-01,18119386
1740805200000000,1.8686380231886868,21.113994777136963,0.6887035365220555,180,0.6896009874258897,0.3244553908904372,1.3936914348144924e-06,7.377895244176091e-05,3.498738888888889,0.005555555555555556,1,1,2025-03-01,18119386
1740807000000000,1.5030265204842255,21.871364210303017,0.7728262742131884,180,0.7749388676903166,0.29423773194080116,0.004196587722699485,0.0010302531971781992,4.251477777777778,0.0,1,1,2025-03-01,18119386
1740808800000000,1.232221586182885,8.285085788834461,0.603964174877254,180,0.6862895998276481,0.5110611404558453,0.010429408803061313,0.0007886180918211805,6.7021138888888885,0.011111111111111112,1,1,2025-03-01,18119386
1740810600000000,1.5638578249738688,14.01957397661384,0.7528216633673435,180,0.7581894018004195,0.35088899396898987,0.0014619762879827247,0.00017598531793505678,5.890094444444445,0.022222222222222223,1,1,2025-03-01,18119386
1740812400000000,0.5537225264047145,2.7822001960377154,0.26299442827519237,180,0.4757875150513592,0.39573648361913205,0.00042001906530941824,0.0016168601890458323,11.519722222222223,0.005555555555555556,1,1,2025-03-01,18119386
1740814200000000,1.199389586715213,10.344029476569913,0.5997918952231004,168,0.609861527976307,0.45342859265784663,0.0010809473316576446,0.009839041163233198,7.087270833333333,0.011904761904761904,1,1,2025-03-01,18119386
1740816000000000,1.2881003342338828,14.450209911086688,0.6997297503800788,168,0.7000283558342119,0.41834953656310625,0.0032935691779618637,0.0012809340938159108,6.6087589285714285,0.0,2,1,2025-03-01,18119386
1740817800000000,1.4725416667237137,16.54207925351312,0.8441204213354159,180,0.8556143494217111,0.40493976056207515,0.0011401398604774515,0.00010911279535918972,4.1070722222222225,0.005555555555555556,2,1,2025-03-01,18119386
1740819600000000,1.6005268415414409,20.77710997284655,0.7443992294021664,180,0.7570901697035105,0.40427291256913855,0.015791998079383363,0.030963563367247815,5.511588888888889,0.005555555555555556,2,1,2025-03-01,18119386
1740821400000000,1.254375574868046,17.212398123705903,0.7777449975122644,180,0.7886395019118625,0.26108986369484877,0.00037579766897355427,0.001468436209563273,5.813691666666667,0.0,2,1,2025-03-01,18119386
1740823200000000,1.4395447770088228,11.369227109449154,0.6744947192312616,180,0.6898707168599206,0.2746112945711905,0.0063526082734189915,0.0021168970004070697,4.865225,0.005555555555555556,2,1,2025-03-01,18119386
1740825000000000,1.7154217004549641,14.33865629620281,0.7097289174194064,180,0.7211365841338824,0.18050044325798342,0.00306496286450475,0.014112886679316095,8.255922222222223,0.005555555555555556,2,1,2025-03-01,18119386
1740826800000000,1.5870823563897174,14.120434972125901,0.6880553035130307,180,0.693559986890728,0.34950502101377423,0.005749691772051313,3.018388605890987e-05,7.986466666666667,0.011111111111111112,2,1,2025-03-01,18119386
1740828600000000,1.624164351459978,12.804941658352238,0.7311853361831081,180,0.7400107494948491,0.4431597117855115,0.006765197715614013,0.009873339571940809,5.4944749999999996,0.005555555555555556,2,1,2025-03-01,18119386
1740830400000000,1.8645013002678978,12.368710360975124,0.7879389582244996,180,0.7881140574995171,0.37941700679144796,5.7009766208926393e-05,0.0004727174794981748,4.242238888888888,0.011111111111111112,3,1,2025-03-01,18119386
1740832200000000,1.9368315746064957,11.232124908325131,0.7513613962910903,180,0.7936759971350034,0.38260386694511805,0.017443777754187595,0.0011409183882028495,4.053780555555556,0.0,3,1,2025-03-01,18119386
1740834000000000,2.3214006732491432,19.74670405677189,0.8008017694037934,180,0.802378402905513,0.4316354039725143,0.009089622033108702,0.0006583819036271032,2.9813944444444442,0.016666666666666666,3,1,2025-03-01,18119386
1740835800000000,2.522721143100968,21.293608913713,0.8330717308944307,180,0.8351928140668858,0.2732514975635647,0.005969454260256968,0.002604960366395681,3.276525,0.0,3,1,2025-03-01,18119386
1740837600000000,2.4565071672640606,28.027333359933692,0.863515666311711,180,0.8662127707261852,0.4416658290613359,1.659271321141631e-05,2.1456530356345205e-05,2.952672222222222,0.0,3,1,2025-03-01,18119386
1740839400000000,2.309161097764411,19.37073637035002,0.8516834171764895,180,0.851821926101809,0.278122130515423,0.00031227648196985314,0.018812075201989353,2.6890527777777775,0.011111111111111112,3,1,2025-03-01,18119386
1740841200000000,2.2480551507006368,26.948672177202074,0.8793202495514643,180,0.8821624228530012,0.3848030711030992,0.002745037184628485,0.0004069035526040876,3.0536388888888886,0.0,3,1,2025-03-01,18119386
1740843000000000,2.0211648940328777,10.083419555653256,0.7401759670644839,168,0.7587919249958825,0.46038185705395807,0.001972627001655902,0.01059898299879225,3.1654880952380955,0.0,3,1,2025-03-01,18119386
1740844800000000,1.977791537641406,14.063785759128718,0.7462382060779434,168,0.7829620898660192,0.34515161396120697,1.4550736349261406e-05,0.01425365828434344,3.325922619047619,0.0,4,1,2025-03-01,18119386
1740846600000000,2.2989256457947036,23.955434182231674,0.7462710845008976,180,0.7494307711634027,0.3131209217672841,0.004280244862275406,0.0013465737723187265,2.928694444444444,0.005555555555555556,4,1,2025-03-01,18119386
1740848400000000,2.3370846796939526,22.92885124830779,0.8115411919986422,180,0.8216797115683406,0.37651984905062286,0.004205793287277548,0.01147660785057214,3.187013888888889,0.005555555555555556,4,1,2025-03-01,18119386
1740850200000000,1.5449510429146982,18.213157617799602,0.821230184502559,180,0.8279840942667783,0.35321795137668455,0.0003565575643142971,0.0001441721696459064,5.5383305555555555,0.011111111111111112,4,1,2025-03-01,18119386
1740852000000000,1.6052585357580087,15.721280518927884,0.7284543165243549,180,0.7574071454898843,0.44354733673346225,0.0054905966196713285,0.0036697382560758607,5.449644444444445,0.0,4,1,2025-03-01,18119386
1740853800000000,1.5817431900672183,16.914667308636407,0.7773290181547484,180,0.7882684594215488,0.3140579075708033,0.006129018852337742,0.006538283664016542,4.910683333333333,0.0,4,1,2025-03-01,18119386
1740855600000000,1.415848458847818,28.204456176370996,0.8042909558778227,180,0.8066150784932462,0.11929277000390826,0.008920005507188411,0.001468242366183592,4.831105555555556,0.0,4,1,2025-03-01,18119386
1740857400000000,1.9194325059976438,7.152626342644888,0.7343060368321611,180,0.7357031674611978,0.13829616200008166,0.0028564980102057103,5.4600537590432374e-05,4.817066666666666,0.016666666666666666,4,1,2025-03-01,18119386
1740859200000000,1.9459188812550245,11.014394275188314,0.7586997822169599,180,0.7652184303697156,0.4894887198097394,0.002461294801097691,0.0006839024914432335,4.228675,0.0,5,1,2025-03-01,18119386
1740861000000000,1.739022134373597,13.738262135282994,0.7971751768423899,180,0.8073516240141446,0.38041530557734704,0.002365716117080807,0.008013488569869387,4.481027777777778,0.005555555555555556,5,1,2025-03-01,18119386
1740862800000000,1.878215997501773,19.80914476190401,0.8248636739057833,180,0.8332181110501993,0.2964734324542655,0.01237306307268149,0.00574931491187447,4.410530555555555,0.0,5,1,2025-03-01,18119386
1740864600000000,2.4485982078151443,5.446794389692222,0.6891399821435047,180,0.8511191593922689,0.6420858269401168,0.0036267535244322024,0.0009884773497700339,4.170025,0.005555555555555556,5,1,2025-03-01,18119386
1740866400000000,2.639203570972601,13.223304464769111,0.7245953065463855,180,0.7413705043051069,0.48720534006976723,0.0008598318243759895,0.003866614441085825,3.326461111111111,0.0,5,1,2025-03-01,18119386
1740868200000000,2.5763576899532756,16.262457165318306,0.8083732658303073,180,0.811519176629129,0.3351367708413632,0.003245060896290952,0.003570576912144019,2.5458861111111113,0.0,5,1,2025-03-01,18119386
1740870000000000,1.6592689692676623,13.986852282493604,0.7069844038670036,180,0.7320747933487124,0.3574075270842517,0.00019392433644849216,7.2021531534183225e-06,4.034538888888889,0.016666666666666666,5,1,2025-03-01,18119386
1740871800000000,1.4210572345625738,20.40840473480081,0.7774560086847473,168,0.7856257765793896,0.3952808289294283,0.006790077358925117,0.005417696512673542,4.297625,0.0,5,1,2025-03-01,18119386
1743465600000000,0.7884676513798741,18.383930678929122,0.805728270000631,168,0.8100817637459814,0.31060411694249046,0.001152230852470737,0.0013558891345720747,7.204056547619048,0.005952380952380952,0,0,2025-04-01,23706764
1743467400000000,1.1387955698270038,12.713031946603694,0.7549156099971244,180,0.7589422148561668,0.26798280802759433,0.0002111590040611011,0.0007227018579490929,5.654019444444444,0.0,0,0,2025-04-01,23706764
1743469200000000,1.3329655100253541,19.312227701602875,0.7904130439832426,180,0.7909388525089449,0.14371725784813905,0.0002394496876056973,0.00042608985725778314,4.4743,0.011111111111111112,0,0,2025-04-01,23706764
1743471000000000,1.1945784659261904,22.11263821086262,0.8021755398694137,180,0.8024201955015453,0.19131303516778475,0.00015510281375685775,4.175447374088481e-05,4.992066666666667,0.005555555555555556,0,0,2025-04-01,23706764
1743472800000000,1.1527168498858258,19.306376290994965,0.720146009990398,180,0.7259788063864705,0.32035765097176294,0.005072622392968462,0.018311068513250928,5.272030555555555,0.0,0,0,2025-04-01,23706764
1743474600000000,0.9836862079729627,14.45263235608845,0.8108423045853539,180,0.8161788326037103,0.36170505968630384,0.00204943469955432,0.0028315306342409086,5.617297222222223,0.0,0,0,2025-04-01,23706764
1743476400000000,0.85424329635632,12.723021883717012,0.7801439951621058,180,0.8038127237700259,0.30391431646379674,0.014441843101281715,0.005905018558360009,6.292727777777778,0.005555555555555556,0,0,2025-04-01,23706764
1743478200000000,0.8160218572780511,18.0700475101238,0.780210486492641,180,0.8061073324378666,0.37529342557283063,0.007633473060499774,0.002959496041402776,6.937783333333333,0.0,0,0,2025-04-01,23706764
1743480000000000,0.9244644576053567,13.782608288006564,0.7211227219816343,180,0.7224312112670146,0.35310388881733534,0.018733935145320846,0.027743982637301712,6.612430555555555,0.0,1,0,2025-04-01,23706764
1743481800000000,0.9626099767318559,20.36353436115482,0.8151318678319401,180,0.8152884392613791,0.33124399867045096,0.020688361449074044,0.02012926008603677,5.941011111111111,0.0,1,0,2025-04-01,23706764
1743483600000000,0.7938361874304101,8.423694097547504,0.6266805336054417,180,0.6337415270501302,0.20277342731332215,0.00018486611288626165,0.002988085214318703,6.3847000000000005,0.005555555555555556,1,0,2025-04-01,23706764
1743485400000000,0.7780655913347869,15.849849340502642,0.800856224596306,180,0.8048597487066227,0.1921894438296029,0.0036129734986420914,0.005220083416014321,8.418555555555555,0.0,1,0,2025-04-01,23706764
1743487200000000,0.8191702075608971,14.180770220781937,0.8301915873614517,180,0.844605950483867,0.4948456677051575,0.007408913773663817,0.013291264556874793,7.924611111111111,0.011111111111111112,1,0,2025-04-01,23706764
1743489000000000,0.8238942748275903,16.263155835632414,0.6463175462000963,180,0.649658688686951,0.33351418809329314,0.0004569546339564523,0.000258712164788899,6.803947222222222,0.0,1,0,2025-04-01,23706764
1743490800000000,0.8392305459324958,19.04663926472815,0.7251166708023137,180,0.7265507070242068,0.28807828880271535,0.0027379184943570056,0.01100469697438855,6.76145,0.0,1,0,2025-04-01,23706764
1743492600000000,0.9843863235942931,18.810969410180654,0.8216841152468707,168,0.8220098436964218,0.33548444418172263,0.008673411098692796,0.003770096090482622,6.595428571428571,0.0,1,0,2025-04-01,23706764
1743494400000000,0.7368615259861984,12.352848414126925,0.6780127252988194,168,0.6954027757207124,0.32517806201583543,0.0007603593606975156,0.012538424008321503,8.553872023809523,0.017857142857142856,2,0,2025-04-01,23706764
1743496200000000,0.7183033698761315,16.452672181004775,0.737655993204297,180,0.7380217365925819,0.34975046358644457,0.00014209178622237584,4.1259850097730144e-05,7.867633333333333,0.0,2,0,2025-04-01,23706764
1743498000000000,0.768809153101206,22.329865166824387,0.7708875647803853,180,0.7763871730212702,0.09458301776849531,0.008972328987608802,3.853684537735713e-05,8.304477777777779,0.005555555555555556,2,0,2025-04-01,23706764
1743499800000000,0.7682232660474129,17.163873689689474,0.825431035138696,180,0.8294485709477543,0.36826586451063614,0.014737231219017821,0.016661396278969343,8.992491666666666,0.005555555555555556,2,0,2025-04-01,23706764
1743501600000000,0.6979484177694351,17.912560249233255,0.7441507903198712,180,0.7442621904628641,0.22703467716093728,0.007321386430129251,0.006426276179916757,8.463247222222222,0.011111111111111112,2,0,2025-04-01,23706764
1743503400000000,0.6611860411951238,14.995528604826228,0.7459409735193171,180,0.7526575386767143,0.32451453865250013,0.00014683773349155604,0.0004082608753787076,8.16551111111111,0.0,2,0,2025-04-01,23706764
1743505200000000,0.6797179599345611,19.15629090271548,0.7763772844347864,180,0.7775574950164883,0.275563273600944,0.0011999482374881465,0.00037065256286483717,9.337155555555556,0.005555555555555556,2,0,2025-04-01,23706764
1743507000000000,0.6712709353043684,18.49894377945324,0.7773133818609854,180,0.7789149220299758,0.2540508532418716,0.0029297222741064832,0.002225086873166804,9.61308611111111,0.005555555555555556,2,0,2025-04-01,23706764
1743508800000000,0.6559309516196314,17.931607646075246,0.8030593662440122,180,0.8145456041639565,0.29110509849317734,0.0038411674412049956,0.00890601734624108,11.605627777777777,0.0,3,0,2025-04-01,23706764
1743510600000000,0.7941849633769658,13.748577097027287,0.7292089998714866,180,0.7299273229953922,0.16555867290951065,0.003626417679800986,0.004642922859546039,7.954383333333333,0.005555555555555556,3,0,2025-04-01,23706764
1743512400000000,0.6941700771587933,26.19109497166746,0.7987965804846124,180,0.7995960523283892,0.3663214844048581,0.0008761592049544298,0.0016119289770434309,10.486688888888889,0.0,3,0,2025-04-01,23706764
1743514200000000,0.923056263115798,17.872166508853667,0.7061697456823901,180,0.7073245381428945,0.21647043925336118,0.0019336157400537957,0.0011120554696273377,7.741358333333333,0.03888888888888889,3,0,2025-04-01,23706764
1743516000000000,0.8676697812599701,18.801363140961296,0.7027994360151713,180,0.7043471691331382,0.3613240682041484,0.005402465452504557,0.006822410995827588,7.804486111111112,0.022222222222222223,3,0,2025-04-01,23706764
1743517800000000,0.7878086687213353,12.818412136349663,0.5747969810441553,180,0.5837149546680723,0.3854304255649491,0.0014556184367411351,0.001940378225856687,7.908286111111112,0.016666666666666666,3,0,2025-04-01,23706764
1743519600000000,0.8756908031738675,17.579071472697596,0.7101651645871397,180,0.7122889475714551,0.3585520152532202,0.001480296497180622,0.0003095145029077262,7.842055555555556,0.044444444444444446,3,0,2025-04-01,23706764
1743521400000000,0.7848459070054485,22.21006089776898,0.7494532442266384,168,0.7533763421501863,0.22336955798492453,0.006826753393427976,0.001963517962828787,8.416627976190476,0.011904761904761904,3,0,2025-04-01,23706764
1743523200000000,0.7097203794398098,15.906913836277909,0.6350543397464248,168,0.640288666178917,0.2276913901137374,0.003585721202735259,0.0005187166060671711,9.086779761904761,0.005952380952380952,4,0,2025-04-01,23706764
1743525000000000,0.8471794843566868,25.789618121963944,0.7951474904613457,180,0.7952121142750426,0.25562383900264485,0.0023655686373328377,1.4586947526540328e-06,9.738338888888888,0.0,4,0,2025-04-01,23706764
1743526800000000,0.7498946185297974,21.507662015985574,0.716462876868522,180,0.7189375280189961,0.3734221703137719,0.01580199872486998,0.011013799243827949,10.50708888888889,0.0,4,0,2025-04-01,23706764
1743528600000000,0.826339968322742,20.91950109440287,0.7592052822679551,180,0.7592303626146732,0.27367426894496927,0.0034120257104195417,0.005281754405575545,10.860988888888889,0.0,4,0,2025-04-01,23706764
1743530400000000,0.739134103973845,13.738351060315923,0.7314472684249378,180,0.7630240163311901,0.14514297174439594,0.00019530684422153222,0.0014596131302010429,9.761299999999999,0.0,4,0,2025-04-01,23706764
1743532200000000,0.7636765712841334,16.559957459630144,0.7710492007319123,180,0.7813157498112482,0.1326949260298993,0.007334534541720172,0.015012131052095645,8.950033333333334,0.0,4,0,2025-04-01,23706764
1743534000000000,0.7985077998714936,22.834340592030973,0.8049933788886241,180,0.8115972362266171,0.31065983154056753,0.00017619823833403547,0.004571073271196213,9.749555555555556,0.016666666666666666,4,0,2025-04-01,23706764
1743535800000000,0.7834273453882747,19.47302537358673,0.806887864544547,180,0.8091131169156991,0.39075856419569555,0.02415532008755794,0.002911004382074256,10.140705555555556,0.0,4,0,2025-04-01,23706764
1743537600000000,0.7256418666165632,21.52963147830658,0.775283357521305,180,0.7782804615691417,0.37846691254791354,0.0012508154458331644,0.0020857139086185583,11.57833888888889,0.0,5,0,2025-04-01,23706764
1743539400000000,0.7957586733460272,10.352747264116363,0.6383817745107618,180,0.6397945200844801,0.43498790692109346,0.00034098104455326794,0.006118578767976723,8.430041666666666,0.005555555555555556,5,0,2025-04-01,23706764
1743541200000000,0.7818502118357193,14.210046771923482,0.7915182433441251,180,0.7924138128569493,0.48931975809893946,0.0011685692026843775,0.0016298346838763411,8.954947222222222,0.0,5,0,2025-04-01,23706764
1743543000000000,1.2930822455963589,17.74765270625659,0.8467042881938882,180,0.8477170740773774,0.3042565224100009,0.06932573591387792,0.039493486280244516,4.048002777777778,0.0,5,0,2025-04-01,23706764
1743544800000000,0.9547813065069375,19.795027462059107,0.8025259739410042,180,0.8029346455898112,0.19683178607229967,0.0001913007281734158,0.001909575341653702,8.077669444444444,0.0,5,0,2025-04-01,23706764
1743546600000000,0.830742552615366,15.747898576121061,0.8363944206207309,180,0.843112170425437,0.21829204191925,0.002317341709368592,0.0009173514609266409,8.668541666666668,0.005555555555555556,5,0,2025-04-01,23706764
1743548400000000,0.8528054550684714,18.63380803304732,0.78828713257839,180,0.791295704891553,0.23373124638680698,0.0055590028434493455,8.55325286065467e-05,6.932816666666667,0.005555555555555556,5,0,2025-04-01,23706764
1743550200000000,0.8409454419354447,18.0109361543101,0.7830374601396142,168,0.7887002245787699,0.32763252301050894,0.01561702524209374,0.02966159329579532,6.851910714285715,0.005952380952380952,5,0,2025-04-01,23706764
1746057600000000,0.8569994985168577,21.40830835762695,0.8395269662435403,168,0.8424604649283085,0.3791039366341433,0.06598555621312008,0.03973632183281217,10.86666369047619,0.011904761904761904,0,0,2025-05-01,17107176
1746059400000000,0.7894305253972099,13.626726284135406,0.7403925857846345,180,0.7404741713682339,0.3437852305460153,0.0038656534927136166,0.002244783656345506,11.435322222222224,0.0,0,0,2025-05-01,17107176
1746061200000000,0.8209725974831339,10.736503544817207,0.6459964910111633,180,0.6629841597493031,0.41758467137216715,0.0057494506035697945,0.004420622332346746,9.916741666666667,0.005555555555555556,0,0,2025-05-01,17107176
1746063000000000,0.9115527041140965,24.642759579362572,0.8020141916833058,180,0.8065779884262534,0.3564917097938767,0.015332464080484609,0.0008123321937512085,10.784072222222223,0.005555555555555556,0,0,2025-05-01,17107176
1746064800000000,0.5738646170533737,4.6332675928769635,0.5087499644995893,180,0.5802231420818845,0.4243693594462573,0.0009957825601116799,0.0004936270365401008,12.03283888888889,0.005555555555555556,0,0,2025-05-01,17107176
1746066600000000,0.8217209318681101,15.87275271908712,0.7455864735498691,180,0.7542022898598021,0.3832905455244062,0.003290345463847655,3.298984863064902e-09,11.301183333333332,0.0,0,0,2025-05-01,17107176
1746068400000000,0.6881425802295275,11.253598286457699,0.6206092231767337,180,0.6355626137887537,0.3234898717856536,0.0065946657170672385,0.00414498829219534,14.195677777777778,0.0,0,0,2025-05-01,17107176
1746070200000000,0.7745070378610049,14.726527152340516,0.6109003692042192,180,0.6288331654757047,0.1732252356163142,0.01986994527966457,0.005229823987747184,9.910416666666666,0.005555555555555556,0,0,2025-05-01,17107176
1746072000000000,0.723228408117267,18.41349691410646,0.851698114859438,180,0.8557932507072077,0.38576327218439743,0.006679338649472677,0.004486399481846037,10.52501111111111,0.005555555555555556,1,0,2025-05-01,17107176
1746073800000000,0.8877107402769093,12.400442742516617,0.7025329204790539,180,0.7045167942413577,0.5346670481010672,0.004436479667014104,0.006000723790556828,11.32343611111111,0.0,1,0,2025-05-01,17107176
1746075600000000,0.6139825552299492,13.045836838051171,0.7270894401487672,180,0.7376342926318467,0.20349457861155895,0.009110472072920928,0.00035854868205209556,10.994986111111112,0.0,1,0,2025-05-01,17107176
1746077400000000,0.7775130260766525,10.127146518408248,0.5970152838450523,180,0.6438071649293085,0.17953240299898388,2.989702982003628e-05,9.723208451939414e-06,11.402247222222222,0.0,1,0,2025-05-01,17107176
1746079200000000,0.7301603282263335,13.657926242908331,0.7508477320625168,180,0.7540694515457987,0.09760715197539138,0.008598978570677707,0.0015796408799083617,10.940555555555555,0.0,1,0,2025-05-01,17107176
1746081000000000,0.6989152094038766,15.718546660725137,0.8042300942640668,180,0.8181268263840693,0.3156356092552566,0.00962242242998712,0.009053222831349239,14.776697222222221,0.005555555555555556,1,0,2025-05-01,17107176
1746082800000000,0.5846167323822249,15.148453234070308,0.7959001408546371,180,0.8160252005802435,0.16716658758860348,0.00371338334047433,2.669400370036712e-05,11.192383333333332,0.0,1,0,2025-05-01,17107176
1746084600000000,0.7836464536784213,6.716554433753019,0.6031354028545359,168,0.613227669681281,0.5219742524529709,0.004872796399087553,5.4995944987035195e-05,13.348508928571428,0.0,1,0,2025-05-01,17107176
1746086400000000,0.6850115271860652,13.40909349697255,0.7194061477154274,168,0.7257550909022246,0.28700909373406536,0.0005194698487263061,0.010381955804697252,13.55900892857143,0.0,2,0,2025-05-01,17107176
1746088200000000,0.6372670037012882,10.481781085981806,0.6993043738200491,180,0.7325044562658434,0.2533345928118178,1.0147892204326325e-06,6.36271206030381e-05,13.215947222222223,0.0,2,0,2025-05-01,17107176
1746090000000000,0.5327731190897438,6.876482287361073,0.5275959208935534,180,0.5983947924584248,0.34200902061170024,2.765369449209132e-06,0.03233820467074211,14.79341111111111,0.011111111111111112,2,0,2025-05-01,17107176
1746091800000000,0.6763861906848413,17.483476628493246,0.7752423239059077,180,0.7767366264904928,0.3409333454189648,0.006060367651635756,0.0010706328529990206,11.49808611111111,0.005555555555555556,2,0,2025-05-01,17107176
1746093600000000,0.7014395598335504,16.20520312400956,0.6857235961739631,180,0.6879255919295482,0.22128664985665314,2.420247068202208e-06,0.007814680809068553,11.079175000000001,0.011111111111111112,2,0,2025-05-01,17107176
1746095400000000,0.7835274761062491,14.054946404406495,0.7237556853075134,180,0.7237558811513878,0.3890869511343612,0.0004498098906100534,0.002049587515244311,10.487936111111111,0.005555555555555556,2,0,2025-05-01,17107176
1746097200000000,0.779099939703529,17.585917684995927,0.6440383966837853,180,0.648718700439735,0.33646507532580916,0.014964212195778703,4.833011980065471e-06,10.32046388888889,0.005555555555555556,2,0,2025-05-01,17107176
1746099000000000,0.6753475996686491,17.987992077716406,0.7931546581562026,180,0.7993812365948497,0.36071121896427494,0.0007453490144073704,0.0009656573170925276,11.235733333333334,0.005555555555555556,2,0,2025-05-01,17107176
1746100800000000,0.6121517816027733,7.198098029247666,0.6665679134103831,180,0.7175238620454187,0.22750007475242617,0.0032836910109134143,0.0037744692474375174,13.704727777777778,0.0,3,0,2025-05-01,17107176
1746102600000000,0.6962404424385942,16.454948519650888,0.7573014905786596,180,0.7622430137419375,0.32064370877062554,1.8702030605055597e-05,0.0011259208051197511,10.392697222222223,0.011111111111111112,3,0,2025-05-01,17107176
1746104400000000,0.7658966777421421,18.88941578341008,0.7725658421707886,180,0.773699754134766,0.2639428342317405,1.3129524345512067e-07,0.011203445319922567,10.021761111111111,0.0,3,0,2025-05-01,17107176
1746106200000000,0.9453723829383088,20.355559579685206,0.6878744042944493,180,0.6918324560163506,0.4690492606017943,2.9359082738822373e-05,0.0002292987975857086,9.966908333333333,0.022222222222222223,3,0,2025-05-01,17107176
1746108000000000,1.0584762381750452,16.30928323752883,0.6250228604629176,180,0.6250678214543387,0.3008900316206643,0.020986625999321218,0.0015086199768060693,9.261252777777777,0.011111111111111112,3,0,2025-05-01,17107176
1746109800000000,0.9126504392530372,11.880837421019637,0.6029004843840678,180,0.619426014230512,0.24956814257287518,0.000907652743104892,0.00023196291823113224,8.274144444444444,0.011111111111111112,3,0,2025-05-01,17107176
1746111600000000,1.0415246552985682,21.78683033186508,0.7262476996242597,180,0.7262842292288577,0.2479649817147398,0.0005616518298473538,0.0009102663130852173,7.92493611111111,0.03333333333333333,3,0,2025-05-01,17107176
1746113400000000,0.8788131423860548,18.321831608210854,0.7404128910339348,168,0.7406942381968536,0.20535866005926717,0.01932343113758883,0.01402202300874178,8.922660714285715,0.005952380952380952,3,0,2025-05-01,17107176
1746115200000000,0.8218108068855929,21.202440823227374,0.8020516573821957,168,0.8202301003840873,0.14697745213487745,0.00037225370950644265,0.0002249823280511265,9.35063988095238,0.005952380952380952,4,0,2025-05-01,17107176
1746117000000000,0.7873767813273838,15.591349713725247,0.7517356444903611,180,0.7606371643039745,0.37700586659406443,0.0008255668390428905,0.00041061513648810166,9.455944444444444,0.005555555555555556,4,0,2025-05-01,17107176
1746118800000000,0.7968924965603155,19.75648647773539,0.799956538612118,180,0.8030180089914906,0.22326687124445432,2.9337361664438788e-05,0.00020138233023681007,9.708458333333333,0.0,4,0,2025-05-01,17107176
1746120600000000,0.8252856571074116,16.537024554452497,0.6136307873752858,180,0.6183635848753501,0.3286139436332337,0.0028831092840639894,0.0015526555245942708,9.34521111111111,0.0,4,0,2025-05-01,17107176
1746122400000000,0.6837319808680501,22.546664287687577,0.8577683655096109,180,0.8749304286035477,0.25956191524870686,5.194486869974924e-06,0.0004562469211140119,9.598522222222222,0.0,4,0,2025-05-01,17107176
1746124200000000,0.7133576955404834,10.163922645774951,0.6740393765018589,180,0.7045474448517064,0.05520765526023552,0.0017658613850145555,0.012591817263887695,8.745377777777778,0.0,4,0,2025-05-01,17107176
1746126000000000,0.8401586322535589,26.32536793845352,0.8335975981923908,180,0.8379697679417388,0.20145944007506023,0.0004958610359087068,8.890916769876966e-05,8.984411111111111,0.0,4,0,2025-05-01,17107176
1746127800000000,0.9008997630445268,20.01000783787486,0.811812484356224,180,0.8181233003638817,0.3502326798767835,0.0038914044931142033,0.005848646817351866,9.112027777777778,0.022222222222222223,4,0,2025-05-01,17107176
1746129600000000,0.8954652460737826,15.375635683080331,0.6614463676468931,180,0.6672968383703775,0.3720029211302385,0.007536654844702562,0.0009760118003758755,8.712219444444445,0.005555555555555556,5,0,2025-05-01,17107176
1746131400000000,0.974480220978829,20.419090770421715,0.7967014280831695,180,0.8008297780297653,0.38120319289380244,0.008024942255713374,0.002700860460855936,8.342491666666668,0.005555555555555556,5,0,2025-05-01,17107176
1746133200000000,0.8721330945695297,22.50073440124748,0.846851399988015,180,0.8513212244331206,0.320309713042934,6.278712734375524e-05,0.01893809662903323,8.276502777777779,0.005555555555555556,5,0,2025-05-01,17107176
1746135000000000,1.1994215676504578,9.719683819606683,0.8065787745140175,180,0.8068074330507998,0.7025795029875892,3.345242696417561e-05,0.002095703232778412,5.545025,0.0,5,0,2025-05-01,17107176
1746136800000000,0.9268645092734921,19.763600512400743,0.8515619654104905,180,0.8542085929756712,0.4337230852637931,0.0038135741999516526,0.000946831235805301,8.558472222222223,0.005555555555555556,5,0,2025-05-01,17107176
1746138600000000,0.8657722982926479,14.2912322572377,0.7792484851567918,180,0.7979056544844074,0.21261889839669412,0.009979277216433546,0.0014830152720159973,12.143019444444445,0.0,5,0,2025-05-01,17107176
1746140400000000,0.7011948985384004,10.536617124891247,0.6442764663938108,180,0.6618063289397454,0.4336202520558824,0.013309428025819026,0.011149962882052611,9.356194444444444,0.0,5,0,2025-05-01,17107176
1746142200000000,0.8203805871246617,21.109217255756892,0.8845922175362371,168,0.885063689079358,0.3146293613200971,0.003453068672448656,0.0023498749728834145,9.667327380952381,0.0,5,0,2025-05-01,17107176
1748736000000000,0.971185080241586,16.644079230987774,0.7614942908993885,168,0.7655987782016438,0.35102305803637834,0.006152409837541506,0.0031680228272675803,7.0359791666666665,0.005952380952380952,0,1,2025-06-01,15781865
1748737800000000,0.8799495014513627,10.203155734645955,0.7119753980922556,180,0.7297340830617072,0.3598727644787425,0.01658867914666018,0.00836404253839862,8.474255555555555,0.0,0,1,2025-06-01,15781865
1748739600000000,0.9476564067884572,12.480883624552266,0.8069383321512177,180,0.8214988889013854,0.37605719676332994,0.0005563081407320425,0.002422145379151752,9.992377777777778,0.0,0,1,2025-06-01,15781865
1748741400000000,1.0953927296381774,9.593321476407734,0.6183720297595086,180,0.6335049810111821,0.5182401364674133,0.002042308942214688,0.0007162809995095998,7.1266694444444445,0.011111111111111112,0,1,2025-06-01,15781865
1748743200000000,0.9564790756725237,19.148036992948278,0.8010819244140596,180,0.8280180755704162,0.3831561254155573,0.014755441745669673,0.011473049366592436,7.130274999999999,0.005555555555555556,0,1,2025-06-01,15781865
1748745000000000,1.1783000233364134,15.111204613419257,0.7702722725667878,180,0.7702815384729613,0.5079189017269139,0.008955964645870007,0.007818608859316956,7.232191666666666,0.005555555555555556,0,1,2025-06-01,15781865
1748746800000000,1.1342856165205988,12.9064425598976,0.7516078485820726,180,0.7889842346426331,0.4727679005095142,0.004159601917590239,0.004983495914207103,8.82028611111111,0.005555555555555556,0,1,2025-06-01,15781865
1748748600000000,1.0852272653111972,15.034424795447656,0.8357420752203797,180,0.8377333446483721,0.5332655523386354,1.4850375071873145e-06,0.0035544022131916986,7.744408333333333,0.0,0,1,2025-06-01,15781865
1748750400000000,0.8444897781478844,10.656449813635534,0.7902836157456122,180,0.8359144056501222,0.4368067280330631,0.0012045788675882907,0.0013465432726369464,6.741366666666666,0.0,1,1,2025-06-01,15781865
1748752200000000,1.0834865273001195,11.711741941220465,0.8171187749362051,180,0.8266724349964469,0.4672721999897711,0.006487901056045686,0.010126259018826134,7.866527777777779,0.0,1,1,2025-06-01,15781865
1748754000000000,1.0520225320390357,10.077732242714077,0.6853357319367832,180,0.6979778676462199,0.5530495315311112,0.011695275064528277,0.01956506253697088,8.063102777777779,0.0,1,1,2025-06-01,15781865
1748755800000000,0.6766214685948118,11.880402386356902,0.7449494556288939,180,0.7544999022232243,0.4536398042980647,0.006186345012429761,0.0002566884727607244,7.817169444444445,0.0,1,1,2025-06-01,15781865
1748757600000000,0.9449033938831042,13.980877012537961,0.7142118609477754,180,0.7162863158009225,0.6451199869056758,0.009911592444786788,0.009768051374013598,11.768516666666667,0.0,1,1,2025-06-01,15781865
1748759400000000,0.8312151997461565,19.475150285680044,0.841041572059272,180,0.8496919539442549,0.5024989343871182,0.0038024172508343,0.00024070516239282913,8.00141111111111,0.0,1,1,2025-06-01,15781865
1748761200000000,0.8823543759985454,5.816427427439057,0.754570568853522,180,0.8201431448356731,0.5835596924756097,0.000972492220222998,0.0004305852411797817,10.39381388888889,0.005555555555555556,1,1,2025-06-01,15781865
1748763000000000,1.1555472575762824,18.032018649746867,0.8100462129284505,168,0.8305386945098863,0.4332623106954474,0.0001167926635956551,0.0002932154381560803,7.285663690476191,0.0,1,1,2025-06-01,15781865
1748764800000000,1.2192637168113944,19.602618227626007,0.8130973255176722,168,0.823431974406448,0.52636282473374,0.00016625833341710194,0.00020798616207784448,7.159764880952381,0.005952380952380952,2,1,2025-06-01,15781865
1748766600000000,1.1072122947050882,14.693045539462206,0.8556439325744544,180,0.8563544323068178,0.4525583265335217,0.0030501849233500744,0.012976393775333328,7.943113888888889,0.0,2,1,2025-06-01,15781865
1748768400000000,1.0886398312120233,13.833714158119003,0.7706910883907743,180,0.77112652090231,0.3548057941158398,0.0023473533476966457,0.00014525785112839973,7.722697222222222,0.0,2,1,2025-06-01,15781865
1748770200000000,0.9818979697787635,19.162658929107945,0.7034938549393099,180,0.7069958656167756,0.39744201161991277,0.008363140121062096,5.802923234088375e-05,7.358755555555556,0.005555555555555556,2,1,2025-06-01,15781865
1748772000000000,1.052886178608418,16.01983667524402,0.804999513978864,180,0.8162800969594659,0.33533268094410273,0.004690561002035243,0.002294512878802779,7.490208333333333,0.0,2,1,2025-06-01,15781865
1748773800000000,1.017512061058177,15.484977165009756,0.7926281161142028,180,0.8085287367220336,0.30684947532497064,0.019174743615463674,0.012976802177667612,8.114966666666666,0.0,2,1,2025-06-01,15781865
1748775600000000,0.8291954634851582,6.23165702375857,0.715896337942701,180,0.7882975975939222,0.44661892966627725,0.00018556434164518354,0.0031069343796372717,7.892527777777778,0.0,2,1,2025-06-01,15781865
1748777400000000,0.8978799396107082,13.819069350872848,0.6493236116649632,180,0.649454640266401,0.7160506239215745,0.00018242746079921712,9.730738615454371e-05,8.002827777777778,0.0,2,1,2025-06-01,15781865
1748779200000000,0.9875341282871337,13.77091441420165,0.8157286404120587,180,0.8171848421147664,0.2615937264895166,0.0008085825422023962,0.0019086296655762558,8.647794444444445,0.0,3,1,2025-06-01,15781865
1748781000000000,1.034473970431689,20.381797519306055,0.8422163268335531,180,0.8519233252690437,0.5323859869582348,0.002724423194945258,0.008634209394519865,8.89695,0.0,3,1,2025-06-01,15781865
1748782800000000,0.9116573919781304,13.500741395396679,0.8219148979220376,180,0.824588723302253,0.3769757004931288,0.0027456835519040768,0.0019743095622600793,8.996402777777778,0.0,3,1,2025-06-01,15781865
1748784600000000,1.1252970274121896,15.186442980917356,0.7000655409366531,180,0.7006129336584221,0.47478002649393136,0.002688148340223462,0.003971565824658296,8.435411111111112,0.0,3,1,2025-06-01,15781865
1748786400000000,1.204720978817492,17.52646985663042,0.7276887811087058,180,0.7277671800342633,0.500987696772333,0.01797489326938595,0.004118188051334348,7.77973888888889,0.0,3,1,2025-06-01,15781865
1748788200000000,1.0682858040406709,17.99420578422268,0.7271065669065284,180,0.7303844781044265,0.30880049033220014,0.003122037564967095,0.00034156250012851164,7.806827777777778,0.005555555555555556,3,1,2025-06-01,15781865
1748790000000000,1.1229267922417099,12.465445020302543,0.6504316963201153,180,0.6875369387304691,0.5157057828122587,0.005869716537101,0.0019293531931686703,8.837183333333334,0.011111111111111112,3,1,2025-06-01,15781865
1748791800000000,1.2283001105796412,8.985319493550003,0.755164909302146,168,0.7554376582108155,0.25771285952709644,0.00391776261783372,0.014117352102788638,8.328366071428572,0.0,3,1,2025-06-01,15781865
1748793600000000,1.317714184978831,12.352595359894869,0.662595874619936,168,0.6629424863482356,0.5239693967664392,0.015236787488558612,0.017812533117715912,8.550693452380951,0.017857142857142856,4,1,2025-06-01,15781865
1748795400000000,1.2561345530275492,14.850679801240968,0.6441227119324594,180,0.6671360134040574,0.3879414460939531,0.0006876894174322468,5.5314450131405124e-08,6.823530555555555,0.011111111111111112,4,1,2025-06-01,15781865
1748797200000000,1.1055452643460382,25.588317556834717,0.8634322277347,180,0.8670985113997891,0.337930016580279,0.007321287278993838,0.00046557292531079764,7.4627333333333326,0.0,4,1,2025-06-01,15781865
1748799000000000,1.2433042981296847,19.961921785665403,0.8306941239346126,180,0.8437592110924598,0.3232185277744727,0.0019942890145751013,0.0018662351338736283,7.070288888888889,0.0,4,1,2025-06-01,15781865
1748800800000000,1.227184268689526,12.281382351667977,0.7785849458996553,180,0.7808610551504414,0.4344075666513535,0.00625671451903298,0.027903800537508183,7.462836111111112,0.016666666666666666,4,1,2025-06-01,15781865
1748802600000000,1.17997506038284,15.679972505805921,0.47396409615388946,180,0.4813158076128604,0.5925803458374663,0.00562796542511268,4.321792870187746e-05,7.442658333333333,0.011111111111111112,4,1,2025-06-01,15781865
1748804400000000,1.170395348508582,6.926287670997302,0.6024193212831718,180,0.613450460008272,0.44878159277914054,0.008366341931131394,0.0016585986864182667,7.034747222222222,0.005555555555555556,4,1,2025-06-01,15781865
1748806200000000,1.1498532706507612,11.309126040262388,0.7675675697264412,180,0.7828193254226715,0.4245141413761442,0.000440597340223281,0.017884029099281773,7.539744444444445,0.0,4,1,2025-06-01,15781865
1748808000000000,1.1325880942868582,14.638782043884552,0.674485471278476,180,0.6925656647728852,0.29968525379867206,0.0011122998029833298,0.008471128122472749,8.471161111111112,0.0,5,1,2025-06-01,15781865
1748809800000000,1.0439825304713775,9.466642146502712,0.7714931242039149,180,0.8027479508090453,0.34655266145509545,7.67215972667934e-05,0.0005558730334925821,13.733752777777777,0.0,5,1,2025-06-01,15781865
1748811600000000,1.2273678251887234,6.498922030430385,0.5836594003384512,180,0.5836618816281086,0.41356816808371555,1.1283673895245983e-07,0.0011792086131839907,7.319341666666667,0.011111111111111112,5,1,2025-06-01,15781865
1748813400000000,1.2242768740770809,9.305564514432387,0.6434509072299195,180,0.7030025427311852,0.41286370076890655,0.009479117008373894,0.013182443890257578,11.353361111111111,0.0,5,1,2025-06-01,15781865
1748815200000000,1.078976456374385,12.838590301112529,0.7207183436718935,180,0.7207574247354416,0.1732274531574849,0.0008277743748829058,0.0037199178458054982,7.487008333333333,0.0,5,1,2025-06-01,15781865
1748817000000000,1.087515463918833,14.373009550779079,0.8447553371582601,180,0.8501044292901914,0.45425997556744013,0.000481510164903054,9.387249413361776e-05,8.00628611111111,0.0,5,1,2025-06-01,15781865
1748818800000000,0.9070707889804965,15.134557147456794,0.7143179532250021,180,0.7243220893741258,0.22164587202143227,0.0001488199158924397,0.005174451362602195,8.10488888888889,0.0,5,1,2025-06-01,15781865
1748820600000000,0.972613474389695,14.938816394545558,0.75926677570171,168,0.7856128293014564,0.17929400489044367,0.00012868159571832738,6.4315198419206965e-06,7.401955357142858,0.0,5,1,2025-06-01,15781865
1751328000000000,0.7179931567694406,13.60234337017366,0.7335334245135432,168,0.7471066079309787,0.44862635289137687,0.0072268168829142665,0.012133981904190794,9.87582738095238,0.011904761904761904,0,0,2025-07-01,20682145
1751329800000000,0.941497440483773,12.970410345681811,0.8115657134180883,180,0.816280377050121,0.3395598923112192,0.0004276812250673112,0.0036296426665656245,7.272563888888889,0.011111111111111112,0,0,2025-07-01,20682145
1751331600000000,0.8017793857714178,12.033674444809064,0.7505304660270549,180,0.7777500455238116,0.21289333730150195,0.0013093368126382288,0.0012697032414168419,7.831380555555556,0.0,0,0,2025-07-01,20682145
1751333400000000,0.8862997047418069,14.096286366106016,0.8456109029150974,180,0.8459204448629256,0.5047990633496482,0.005104909526587931,0.03191763683060567,7.825794444444445,0.0,0,0,2025-07-01,20682145
1751335200000000,0.8375377172582272,10.704422870319977,0.8399161942971227,180,0.8780876238698867,0.1219883498220038,0.027550911174599846,0.006274965105925068,7.174761111111112,0.0,0,0,2025-07-01,20682145
1751337000000000,0.7991747783052676,14.366404225729111,0.7848125392613559,180,0.8007371293091652,0.19288232602917033,1.0378429038393477e-07,0.0018263795429117602,9.272269444444444,0.005555555555555556,0,0,2025-07-01,20682145
1751338800000000,0.8155784280592175,9.814422473643392,0.7527435511398166,180,0.7752798560111138,0.2680521520871777,0.0074996495430051935,9.42964253769496e-06,8.908072222222222,0.011111111111111112,0,0,2025-07-01,20682145
1751340600000000,0.6451104863335302,13.881241480943677,0.721335477693275,180,0.725573555341845,0.5140888007236539,0.0024596435328326782,0.0011533639482272928,9.698974999999999,0.005555555555555556,0,0,2025-07-01,20682145
1751342400000000,0.7719029046667181,4.622548635783065,0.5866738097059774,180,0.5882424846519736,0.5374126020488736,0.0012391440681782662,0.0003639008218426776,10.32878611111111,0.011111111111111112,1,0,2025-07-01,20682145
1751344200000000,0.49584470426672755,12.673538866861538,0.7382360787590322,180,0.7453707044264666,0.05962433533477518,0.0019910716806957884,0.0010654948827762967,11.199605555555555,0.0,1,0,2025-07-01,20682145
1751346000000000,0.704120443195668,13.37561020960581,0.7996477624853264,180,0.8086051523304717,0.1469102697116934,0.0012431928546232651,0.014321116701552117,10.100130555555555,0.0,1,0,2025-07-01,20682145
1751347800000000,0.832624094837948,14.716964020065511,0.8366126608260924,180,0.8471117695960945,0.3929307047181301,0.0031847163448863736,0.00889151811276756,9.711319444444444,0.011111111111111112,1,0,2025-07-01,20682145
1751349600000000,0.9235175330263211,20.392787592592576,0.8166177351616132,180,0.8193660372041456,0.2318420979395882,0.005067481636188864,0.003849031786498869,9.388497222222222,0.0,1,0,2025-07-01,20682145
1751351400000000,0.689830761201428,25.479711541388923,0.858257495150029,180,0.863530276637609,0.2636683489013557,0.009057407938059536,0.006476218076250206,11.294744444444445,0.0,1,0,2025-07-01,20682145
1751353200000000,0.7674532080489171,15.020531716386204,0.8030753251831383,180,0.8043420414688847,0.4601680964211232,0.0010029591159300688,0.0001353422583091346,11.021641666666667,0.016666666666666666,1,0,2025-07-01,20682145
1751355000000000,0.7543854420772531,17.914302367330297,0.6681668496972679,168,0.6695049478493336,0.5557880889334623,0.00021205867136375733,0.0034084207764165653,9.816854166666667,0.0,1,0,2025-07-01,20682145
1751356800000000,0.6133321989624242,17.94375079297447,0.7745471557211658,168,0.7846215809315035,0.47178694601688154,0.02596001035748119,0.010165021769372395,10.17503869047619,0.0,2,0,2025-07-01,20682145
1751358600000000,0.7655869537440418,15.208653797248195,0.8152262686543633,180,0.8218556067490403,0.4382874198767902,0.0002447627621213755,0.000598978041376097,9.558975,0.0,2,0,2025-07-01,20682145
1751360400000000,0.7852818032310127,11.480697831242455,0.796688149123464,180,0.8230200336771782,0.4317642659186395,0.007554018653425976,0.013110648911220935,9.689366666666666,0.0,2,0,2025-07-01,20682145
1751362200000000,0.5337696220191049,16.155945676007867,0.7535898667194751,180,0.7651283326358138,0.07899976131563669,0.00033313842892512824,0.00011464093219604177,11.209333333333333,0.0,2,0,2025-07-01,20682145
1751364000000000,0.5905293197778598,13.215826335090744,0.7991364920237114,180,0.856016056419868,0.43027160775183637,0.0006784187176147594,0.0019248362544590503,11.859836111111111,0.005555555555555556,2,0,2025-07-01,20682145
1751365800000000,0.6046020807197905,9.208057867592672,0.6272944385857414,180,0.6483548486119357,0.2636526394037635,0.0016537420333704311,0.03206567844673369,11.901577777777778,0.005555555555555556,2,0,2025-07-01,20682145
1751367600000000,0.5870318186731647,17.089569655948686,0.782537930979404,180,0.7836235119679344,0.37812534592570135,0.0065914623712597376,0.0023289137350164246,12.619741666666666,0.0,2,0,2025-07-01,20682145
1751369400000000,0.5623572560020759,19.013690170093444,0.8440545201966655,180,0.8557025104722759,0.29810986555838503,0.009381192251229797,0.0076221763702629675,14.748102777777778,0.0,2,0,2025-07-01,20682145
1751371200000000,0.5309261067552187,20.40253959591326,0.8285617281754882,180,0.842799561644665,0.40301416446297966,0.004659207040839886,0.004811146824024171,12.704180555555556,0.005555555555555556,3,0,2025-07-01,20682145
1751373000000000,0.6111372748870592,15.919907315036424,0.864942858187643,180,0.8680340889266838,0.36366677682706927,0.0020026413051408287,2.7324997653010996e-05,12.789661111111112,0.0,3,0,2025-07-01,20682145
1751374800000000,0.5321436931150882,9.979077158078931,0.6221589913392622,180,0.6476401166236236,0.47567458751964375,0.002627689728317617,0.011825527436271188,11.485538888888888,0.005555555555555556,3,0,2025-07-01,20682145
1751376600000000,0.7276414855384251,26.0960735038151,0.8526524620503286,180,0.8604245864036695,0.3527856953581908,0.008395080729535098,0.02229091355486401,10.909302777777778,0.011111111111111112,3,0,2025-07-01,20682145
1751378400000000,0.8019496936695928,19.428648701019643,0.8068507230940924,180,0.8199784686968369,0.4611015680914643,0.010915967130364579,0.005301613287119533,10.273775,0.0,3,0,2025-07-01,20682145
1751380200000000,0.8538896363109367,17.07447699334081,0.7297124655945076,180,0.7506201861246314,0.34620821167471016,0.003881468051686987,0.002390090424608471,9.998502777777778,0.016666666666666666,3,0,2025-07-01,20682145
1751382000000000,0.7990645760313186,23.323467143489612,0.8121067884822277,180,0.8147937588586216,0.37453431911868873,0.02310622286635966,0.025979814567279713,9.058794444444445,0.011111111111111112,3,0,2025-07-01,20682145
1751383800000000,0.8458468480344387,23.744365303295087,0.8487266862810359,168,0.8505184173400059,0.27763225090329957,0.009332018794276364,0.0011007811856668104,9.875764880952381,0.0,3,0,2025-07-01,20682145
1751385600000000,0.714180154821838,21.157551907546374,0.8278376373087505,168,0.8451151266392751,0.3176972325556814,0.004198394456027432,1.6583057075192364e-05,9.346886904761906,0.005952380952380952,4,0,2025-07-01,20682145
1751387400000000,0.8229124869273535,14.242838387547557,0.8017571107764783,180,0.8120003936432957,0.2755180141501191,0.00039647796886566056,0.002513696591572523,9.64728611111111,0.0,4,0,2025-07-01,20682145
1751389200000000,0.78885617179868,25.56621975123297,0.8451531602541815,180,0.8514566241416969,0.2501443223355454,0.0135460851869188,0.012813988467552884,10.179372222222222,0.005555555555555556,4,0,2025-07-01,20682145
1751391000000000,0.8608678534327152,27.293043155580182,0.851986259864614,180,0.8596205045796904,0.3033766020026346,0.000994141244628599,0.00024457054261628475,9.277919444444445,0.005555555555555556,4,0,2025-07-01,20682145
1751392800000000,0.7088408499503749,19.806019234404438,0.7548979232104495,180,0.7690451027262242,0.2985916392426986,0.0036259493013974797,0.00025576623648149166,9.624941666666667,0.0,4,0,2025-07-01,20682145
1751394600000000,0.7571974053206186,12.776267423985455,0.7904452425420831,180,0.7904464087358338,0.36014231349050974,0.0017338327480620475,0.02684781390197888,9.986072222222221,0.011111111111111112,4,0,2025-07-01,20682145
1751396400000000,0.7170943037903749,13.336297682435559,0.7536235736155679,180,0.7551366516912978,0.246664609692128,0.003909433159628106,0.008542011487209344,9.586047222222222,0.0,4,0,2025-07-01,20682145
1751398200000000,0.7476763165603304,19.331369224074148,0.6807549679206322,180,0.6896774914422086,0.3426498771776566,0.001220641364672037,0.005182035161454879,12.941880555555556,0.005555555555555556,4,0,2025-07-01,20682145
1751400000000000,0.7690529842952116,16.223912691911195,0.6929809675151805,180,0.7067202304332493,0.2938440762573671,0.0016561679596396317,8.142796633747729e-06,9.701091666666667,0.005555555555555556,5,0,2025-07-01,20682145
1751401800000000,0.6863458328012996,19.485596959110133,0.7367712283978901,180,0.7468218274670608,0.4419928513025595,0.00014131285841934016,0.0010491366890812426,9.697338888888888,0.005555555555555556,5,0,2025-07-01,20682145
1751403600000000,0.848824146056798,14.000542751080108,0.8463696693119684,180,0.8519471095135583,0.47006591184693336,0.00826568543364703,0.011015838563192104,8.151030555555556,0.0,5,0,2025-07-01,20682145
1751405400000000,1.1433850254957738,15.617625260334181,0.898481544328123,180,0.8985286344892226,0.7967448350975819,0.0032908651119987198,0.0007343784191389258,5.479933333333333,0.005555555555555556,5,0,2025-07-01,20682145
1751407200000000,0.7387612482252615,16.369786175277273,0.841899728702378,180,0.8468833861874207,0.38021222917508024,0.0048210068914452675,0.006616575350322118,9.776352777777777,0.005555555555555556,5,0,2025-07-01,20682145
1751409000000000,0.6982863584123913,15.585393350778464,0.7824856444500616,180,0.8082485145070128,0.3974549289137205,0.014224551412725162,0.01082198205907059,10.69651111111111,0.005555555555555556,5,0,2025-07-01,20682145
1751410800000000,0.672237277740088,18.755373332106824,0.8206060575186807,180,0.8214977599195328,0.4664495003070783,0.004834110851593687,0.010304744871858507,9.926575,0.0,5,0,2025-07-01,20682145
1751412600000000,0.5394704524904109,14.075930899617731,0.8463968183417161,168,0.8574293401500068,0.42074621196393347,0.0030864273877748705,0.0018771956558945035,9.833127976190477,0.0,5,0,2025-07-01,20682145
1754006400000000,0.6883094745799835,14.005755557673584,0.6745933117790441,168,0.6798948540041994,0.2980497930632643,0.0003046491394350648,0.003032078724094056,9.259660714285715,0.011904761904761904,0,0,2025-08-01,43729440
1754008200000000,0.8615350816040536,14.316810630064028,0.6363660717674642,180,0.6382961325160461,0.24825431895722938,0.014051953786179516,0.011237267229898706,9.739516666666667,0.05,0,0,2025-08-01,43729440
1754010000000000,0.8231381774203308,26.17044148052064,0.7787196255882213,180,0.7836775055201396,0.30447821928395,0.0002834686264507891,0.0008109668881028931,8.979005555555556,0.0,0,0,2025-08-01,43729440
1754011800000000,0.8299988099196585,22.718923386188596,0.8723316825295572,180,0.8725733698486613,0.2872448079755524,0.01774804165457955,0.02350515726818081,9.249475,0.011111111111111112,0,0,2025-08-01,43729440
1754013600000000,0.6683369837724467,25.298638172146397,0.8692701952343997,180,0.8725643453978515,0.28899060653134734,5.673726149035829e-05,0.0011085069514609192,11.542619444444444,0.0,0,0,2025-08-01,43729440
1754015400000000,0.6468653599664242,18.88171770041151,0.7983100243790712,180,0.801554251806909,0.4190781143002583,0.01064121686907038,0.01611475872693502,11.719316666666666,0.0,0,0,2025-08-01,43729440
1754017200000000,0.6262617337995188,27.667419206267837,0.849216889053155,180,0.8509364689694241,0.3643029830991239,0.0007092269946374907,0.00024884145301218297,11.522066666666667,0.0,0,0,2025-08-01,43729440
1754019000000000,0.521571639700141,26.488443619992193,0.8700114524628325,180,0.8741830760575203,0.3381351541322841,0.0030833007924438993,0.004217958245799847,13.191380555555556,0.0,0,0,2025-08-01,43729440
1754020800000000,0.5388332912041587,39.845856717259814,0.8823868620499975,180,0.8829590858968299,0.4572984328759945,0.00951648491124868,0.007116149319674081,12.453330555555555,0.005555555555555556,1,0,2025-08-01,43729440
1754022600000000,0.5468353065295425,27.763734174080838,0.8231077316043778,180,0.8477504478216468,0.356984347031052,0.0016338684755879962,0.0024861937440229243,13.041441666666666,0.0,1,0,2025-08-01,43729440
1754024400000000,0.5430042983201655,16.12269778963622,0.8102843507071606,180,0.8224157967712643,0.4629028567649951,0.0029295560742000903,0.0004541812537841583,12.624097222222222,0.0,1,0,2025-08-01,43729440
1754026200000000,0.5702021063957077,28.08099740262842,0.8699739653032698,180,0.8775618344234946,0.37879396356982975,0.015287747911339689,0.008921010005589536,10.958411111111111,0.011111111111111112,1,0,2025-08-01,43729440
1754028000000000,0.5910315198536946,26.784499661765384,0.8760429175314571,180,0.8763253071553161,0.30357664013496555,0.0058877806905991426,0.0008661008931580838,11.696455555555556,0.005555555555555556,1,0,2025-08-01,43729440
1754029800000000,0.5091764988333121,17.514507949021166,0.7623636491547637,180,0.762370398865547,0.183039825761647,0.004205469573857146,0.007175254912029194,10.410005555555555,0.0,1,0,2025-08-01,43729440
1754031600000000,0.6839730877684228,25.00252666204547,0.8369240770196956,180,0.8370882365967959,0.1812133358164325,0.006495740973551767,0.0014361098849711151,22.34972777777778,0.005555555555555556,1,0,2025-08-01,43729440
1754033400000000,0.683559028660655,17.927271552368598,0.7824384074147719,168,0.8034157628199291,0.20929203224504855,0.004477580111123092,0.0012909984216646908,16.433002976190476,0.023809523809523808,1,0,2025-08-01,43729440
1754035200000000,0.6639664914759515,20.950410843657554,0.8300473437261092,168,0.8308310257206559,0.2965282792744228,0.005368573796789566,0.002956800823084249,10.346497023809524,0.017857142857142856,2,0,2025-08-01,43729440
1754037000000000,0.6508784184016332,19.371385293452263,0.7720557822145278,180,0.772477009238608,0.2930358883610098,0.003787257988503767,0.003303137393707023,11.102008333333334,0.016666666666666666,2,0,2025-08-01,43729440
1754038800000000,0.7039684865010901,13.045305201423691,0.5663790746143429,180,0.5701655382368143,0.5228191679989769,0.05635281259809255,0.005570051246105767,11.677683333333334,0.0,2,0,2025-08-01,43729440
1754040600000000,0.6631907806484125,25.493072840061807,0.8077148059256323,180,0.8099132645211634,0.43519929864190643,0.006278022668329775,0.002066927954989084,10.53218611111111,0.0,2,0,2025-08-01,43729440
1754042400000000,0.4504723915420062,21.883275615263912,0.8517843035013212,180,0.8601299483969487,0.29605658116308065,0.0013956100175221975,0.00016428280794844596,12.5719,0.0,2,0,2025-08-01,43729440
1754044200000000,0.678418031770631,21.994591869436373,0.8080021682720456,180,0.8143019911009528,0.3071348559348559,4.3182054543899895e-05,3.665907761574161e-06,10.838119444444445,0.005555555555555556,2,0,2025-08-01,43729440
1754046000000000,0.5902831662860611,21.640606517744263,0.826659849826124,180,0.8387683934838371,0.3137641088646672,0.014614781677694921,0.01325872249002713,10.299949999999999,0.0,2,0,2025-08-01,43729440
1754047800000000,0.5504253736922906,17.159698687449257,0.8270766927447009,180,0.8480531088030103,0.40511547292165295,8.69063075634724e-05,8.824353084246894e-06,10.506122222222222,0.005555555555555556,2,0,2025-08-01,43729440
1754049600000000,0.6526375242983403,24.523402829394207,0.8443134061030467,180,0.8477490736937073,0.4219334826506007,0.000666728428551866,0.005358517519111428,10.366988888888889,0.005555555555555556,3,0,2025-08-01,43729440
1754051400000000,0.7865792777949464,10.30292668082407,0.5713973369237422,180,0.5714389837894125,0.40129243718544694,0.00014711273306844408,0.024182282833000057,9.315802777777778,0.03888888888888889,3,0,2025-08-01,43729440
1754053200000000,0.7277210427394085,24.239997899644724,0.7694842767503051,180,0.7699610694352905,0.3805254007314759,0.02640436081035702,0.036723878063147586,10.024894444444444,0.011111111111111112,3,0,2025-08-01,43729440
1754055000000000,0.7392576955892021,17.654665987366517,0.717079747671802,180,0.7173363702839044,0.23884963989160124,0.005438160808432846,0.007177652185758832,8.91928888888889,0.027777777777777776,3,0,2025-08-01,43729440
1754056800000000,0.7980215618743745,14.381732419760763,0.6468796808857151,180,0.646901610508208,0.3039295519320737,0.005962549908758441,0.010266014935041201,8.836236111111111,0.022222222222222223,3,0,2025-08-01,43729440
1754058600000000,0.8840314622584917,22.12203377367158,0.7680950219512671,180,0.7682679690005831,0.3424929802218565,0.00010149212943422192,0.005916461013654173,8.892844444444444,0.011111111111111112,3,0,2025-08-01,43729440
1754060400000000,0.8129886933447048,26.45633074713014,0.8098774808867671,180,0.8102853178561636,0.3614684887923425,0.0006650574173999724,0.004873270244725059,8.905861111111111,0.022222222222222223,3,0,2025-08-01,43729440
1754062200000000,0.7444269144253752,24.32729456836327,0.8179588963378287,168,0.820008162724573,0.12980042794286473,0.0006290242089815878,0.00022812686209383592,9.034532738095239,0.005952380952380952,3,0,2025-08-01,43729440
1754064000000000,0.6908946577881201,27.943241619522954,0.8539888089917199,168,0.8625979347016496,0.18350690601413933,0.0008891536814032985,6.059606796982031e-05,9.403690476190476,0.0,4,0,2025-08-01,43729440
1754065800000000,0.8384430740771149,17.345104639612433,0.788168516975614,180,0.7935198387977977,0.3762355756494473,0.020167789331070107,0.024780057464551364,9.566,0.022222222222222223,4,0,2025-08-01,43729440
1754067600000000,0.8074384258125371,27.205441319808685,0.756863499556218,180,0.7627680770535594,0.3488745456645407,2.5932390314675757e-05,0.0003354636336641015,9.236427777777777,0.011111111111111112,4,0,2025-08-01,43729440
1754069400000000,0.865817646994584,26.04533620003415,0.7387553402735375,180,0.7388122523068161,0.4060489744148812,0.012871542077113052,0.00016924180087884988,9.766163888888888,0.016666666666666666,4,0,2025-08-01,43729440
1754071200000000,0.9485246157429863,15.551946188495373,0.7519677693598463,180,0.7520106304694867,0.24615885501664447,0.004781408859993785,0.0005608463395347929,8.83168888888889,0.022222222222222223,4,0,2025-08-01,43729440
1754073000000000,0.8983029354698744,19.973041643873138,0.8092586265802357,180,0.816989198559906,0.3043435713045678,0.0043466373666740665,0.001091518304809136,8.591061111111111,0.005555555555555556,4,0,2025-08-01,43729440
1754074800000000,0.8584429528387048,20.791230507651306,0.7853868555025494,180,0.7864274122600104,0.13156734506153767,0.015437569755489267,0.004227775352317442,8.761033333333334,0.016666666666666666,4,0,2025-08-01,43729440
1754076600000000,0.8706059539963471,21.89074114879789,0.761416734436676,180,0.7628018942249182,0.3455275862849354,0.007011122043398821,0.01783619881467491,8.598372222222222,0.016666666666666666,4,0,2025-08-01,43729440
1754078400000000,0.8974224266317896,21.21069969138987,0.7306027528071681,180,0.7306354969026301,0.29993631404514487,0.008585447176943983,0.021076021686008417,9.36365,0.027777777777777776,5,0,2025-08-01,43729440
1754080200000000,0.7454405128529065,17.423572791877287,0.8416347765324953,180,0.8645181924220503,0.3082591872867332,0.0012540429804496211,0.0014144947407782604,9.319102777777777,0.005555555555555556,5,0,2025-08-01,43729440
1754082000000000,0.8331968554147675,16.157715327440556,0.8050161094542446,180,0.8098539255274466,0.35868655635729463,0.012324655811533303,0.0007495359760193443,8.425619444444445,0.005555555555555556,5,0,2025-08-01,43729440
1754083800000000,0.7880939127158583,9.740372680919219,0.806408761219996,180,0.826674690044319,0.5715841268142519,0.014238773676677918,0.0034410806721992815,6.665252777777778,0.0,5,0,2025-08-01,43729440
1754085600000000,0.9296027171726067,14.939720991112562,0.7511137508073746,180,0.7643625065818388,0.4400756830321175,6.530852331632087e-05,2.623752643104993e-05,7.831819444444444,0.05,5,0,2025-08-01,43729440
1754087400000000,1.1762554597842758,18.26164260524356,0.7422032699316596,180,0.7483834365797933,0.2478225283591866,0.01783657232355884,0.025146128675120227,6.30405,0.05,5,0,2025-08-01,43729440
1754089200000000,1.1249383438719776,13.486626018702323,0.7827571094200978,180,0.7916707644572557,0.3966055340720963,0.005018603838707225,0.013784032208049246,7.616077777777778,0.005555555555555556,5,0,2025-08-01,43729440
1754091000000000,0.8291108649211155,9.808573107811297,0.7691645898362945,168,0.8031095523115312,0.389801708915992,0.006856474950906688,6.37150235738293e-06,8.515627976190476,0.0,5,0,2025-08-01,43729440
1756684800000000,0.5112530777727082,18.397013410368263,0.7379404869129793,168,0.7392453644956393,0.18028492735267398,0.0009789328070851644,0.000359491154664604,11.793258928571428,0.0,0,0,2025-09-01,37154019
1756686600000000,0.5627568035003121,19.7466636895151,0.8066343797760007,180,0.8270540273897348,0.35842809035244605,0.010505772189791651,1.6695953750200943e-05,12.430549999999998,0.011111111111111112,0,0,2025-09-01,37154019
1756688400000000,0.621537545889723,31.5396691556232,0.8619801202308944,180,0.8656819621587553,0.18262626608432364,0.006585387913432772,0.0016596660620415982,10.1185,0.005555555555555556,0,0,2025-09-01,37154019
1756690200000000,0.5908965147068914,33.12956373927913,0.8872116669448017,180,0.889315890929822,0.18366769759580104,0.00012808552339427237,0.0032348754905401345,11.08065,0.0,0,0,2025-09-01,37154019
1756692000000000,0.6506825275787789,26.453335086616335,0.8585512041471466,180,0.8586613291252874,0.1966037996522345,0.005144825278008303,0.005369658879671002,10.254555555555555,0.0,0,0,2025-09-01,37154019
1756693800000000,0.5564351547281933,16.056803497058052,0.7204133374441648,180,0.7279590902783043,0.2817319148387274,0.013710704354017111,0.014842052417425755,10.954383333333332,0.016666666666666666,0,0,2025-09-01,37154019
1756695600000000,0.5593728898068787,20.96266411181549,0.793263493471698,180,0.7944737336324798,0.34537628475742277,0.0014415428002463315,0.0013454194735175173,11.593852777777778,0.0,0,0,2025-09-01,37154019
1756697400000000,0.4709851408918222,21.253195132616856,0.8258121280195458,180,0.8408764173777162,0.364630928676258,0.003625780995706429,0.0001486909138392889,12.926491666666667,0.0,0,0,2025-09-01,37154019
1756699200000000,0.5598978424612486,15.48118030346372,0.8094127770447328,180,0.8281307428077649,0.19855794992596554,0.0029825592047399985,0.0004920896574703848,11.083202777777778,0.005555555555555556,1,0,2025-09-01,37154019
1756701000000000,0.5920373768603471,25.932128360393364,0.8467836632374945,180,0.8508862747789155,0.2696729533998825,0.0024001556143701253,0.000780991035906009,10.731877777777779,0.0,1,0,2025-09-01,37154019
1756702800000000,0.6899763341243128,15.386183300936205,0.8078977705299797,180,0.815269617945973,0.5387547488979834,0.0012498521119526096,0.014112250782925773,9.408719444444445,0.005555555555555556,1,0,2025-09-01,37154019
1756704600000000,0.5760603028144426,17.04835272114773,0.860934224647709,180,0.8609508650438161,0.3550143818575775,0.00040931437200752985,3.950817928599637e-05,10.84776388888889,0.0,1,0,2025-09-01,37154019
1756706400000000,0.5619960639751427,21.467523500549106,0.83504465935127,180,0.8377553141679177,0.5308669939593833,0.021544894778580126,0.008912722252088168,10.4313,0.0,1,0,2025-09-01,37154019
1756708200000000,0.5322384873215249,23.76314692747212,0.7543296276213021,180,0.755852794052553,0.3228940920044805,0.00010891471333374092,0.006932273152666202,10.214313888888888,0.005555555555555556,1,0,2025-09-01,37154019
1756710000000000,0.5560523801949054,22.149961781104324,0.8412228919126585,180,0.8443704338451479,0.39432658702723633,0.004098236169088887,0.016726755695131268,11.567716666666666,0.0,1,0,2025-09-01,37154019
1756711800000000,0.6663284443744637,17.36074735032993,0.7406066767915207,168,0.7419210863648855,0.4561282225204194,2.0313221066770026e-05,0.0005525455849187955,10.437473214285713,0.0,1,0,2025-09-01,37154019
1756713600000000,0.6953308632293129,19.26353894549155,0.6442325336094674,168,0.6442417065638605,0.37530773997045197,0.0006340303277623249,0.007095267492995272,10.191315476190477,0.005952380952380952,2,0,2025-09-01,37154019
1756715400000000,0.5675836440575714,21.762082444723415,0.8334285562978031,180,0.837428460013497,0.4445343447356084,0.0008993688718362813,0.0004962673569578469,11.834736111111111,0.005555555555555556,2,0,2025-09-01,37154019
1756717200000000,0.5520312128584641,24.301665964295267,0.7719299828898305,180,0.7778939805378068,0.4414003946849123,0.0029646202342024086,0.0006419108504603921,11.336791666666667,0.0,2,0,2025-09-01,37154019
1756719000000000,0.5958915157684471,28.293883911858465,0.8160524569685337,180,0.8176915443365717,0.3673650567672616,0.014824535017893159,0.0074739307421720635,13.789177777777779,0.0,2,0,2025-09-01,37154019
1756720800000000,0.5955709053985776,22.217211746069506,0.7518010045994721,180,0.7527738636905622,0.2798132048226907,0.0020302519599413316,0.0006892898999715236,12.432488888888889,0.0,2,0,2025-09-01,37154019
1756722600000000,0.6819124715952398,15.868855059459474,0.7825512583794754,180,0.7995289941346311,0.2675279410266328,3.0088498555125298e-05,0.0034805339383543465,9.807413888888888,0.005555555555555556,2,0,2025-09-01,37154019
1756724400000000,0.6161259445529353,27.84645046486598,0.7848119185605711,180,0.7977529817749316,0.3998193039002177,0.005007767896956783,0.0016268775122967316,11.260669444444444,0.0,2,0,2025-09-01,37154019
1756726200000000,0.5823272037488663,17.8153990316634,0.8439225341088797,180,0.8467282956872566,0.3681318797800912,0.0006241722373112601,0.004153933445790736,10.392575,0.005555555555555556,2,0,2025-09-01,37154019
1756728000000000,0.4510434584378231,18.492535348426433,0.8201838351405406,180,0.8412677127353991,0.41838097751919956,0.0001240386486786038,0.000417362688268641,11.93001388888889,0.0,3,0,2025-09-01,37154019
1756729800000000,0.3947316627093045,19.793806788643952,0.8138833595481245,180,0.8474845143580855,0.20496441944901156,0.011787391325189356,0.0030148451583708047,12.974919444444446,0.0,3,0,2025-09-01,37154019
1756731600000000,0.5149715582884665,17.842467876489923,0.7699388683811967,180,0.7748768369087218,0.286917789004451,0.003765335267246539,0.0011323964207895498,11.519794444444445,0.005555555555555556,3,0,2025-09-01,37154019
1756733400000000,0.6649758179514367,20.30141331381871,0.8192010479831678,180,0.821156184306106,0.28890061790219057,0.0003391374787953261,0.008785746091922286,11.296980555555555,0.0,3,0,2025-09-01,37154019
1756735200000000,0.6633325835002327,27.748749772653984,0.8496740336278104,180,0.8550762940595058,0.2584312595550823,4.481966164138207e-05,3.203930842221592e-05,10.21743611111111,0.0,3,0,2025-09-01,37154019
1756737000000000,0.5939687529872013,21.800176447795796,0.7936828623238333,180,0.7945927744227707,0.23642560015348235,0.002096482167607938,0.002723539735001279,10.519575,0.0,3,0,2025-09-01,37154019
1756738800000000,0.5899871685264564,22.63484036911932,0.7961099355081198,180,0.8056029791072542,0.32233844701668624,0.0004200353848684557,0.002014962840089729,10.676452777777778,0.011111111111111112,3,0,2025-09-01,37154019
1756740600000000,0.4768985445275883,19.83152237568794,0.8154071757856923,168,0.8288139396291193,0.2772253121709546,0.004206110531815632,0.007358683287655987,12.352333333333334,0.005952380952380952,3,0,2025-09-01,37154019
1756742400000000,0.5044224117058052,26.79629363768408,0.8542316559587302,168,0.8570312606696739,0.3115611782886287,0.007458046199443014,0.001512948106256684,11.9426875,0.0,4,0,2025-09-01,37154019
1756744200000000,0.5033363729111958,22.87139897231215,0.8294616119692564,180,0.8361514547660729,0.16230444356244977,4.733819189084443e-06,0.00026800349815681024,12.124052777777777,0.0,4,0,2025-09-01,37154019
1756746000000000,0.6308569451587286,11.732764592108849,0.7991143128653269,180,0.8256863671500151,0.28716186894999196,0.000973509719360055,0.0005627690661770268,9.784808333333332,0.016666666666666666,4,0,2025-09-01,37154019
1756747800000000,0.6537253822999116,15.384782542156378,0.6894919718621471,180,0.6899897023385956,0.5500585162297496,0.006051935433482147,0.0006998233446313673,9.052730555555556,0.0,4,0,2025-09-01,37154019
1756749600000000,0.6476168593836122,20.159890230772163,0.8239359947921086,180,0.8279736983886241,0.26373554817463085,0.02667355716461106,0.013581669144275166,11.274736111111112,0.0,4,0,2025-09-01,37154019
1756751400000000,0.5676712947817651,16.44642355452164,0.7751972216909178,180,0.7799982340888336,0.4245875057218663,0.009600025288774794,0.01091783505569388,12.423083333333334,0.0,4,0,2025-09-01,37154019
1756753200000000,0.42687773397228085,20.817939796691316,0.8528409243900148,180,0.8634682009853661,0.43020313573099,0.004908139546620283,0.0014464684573392006,11.928402777777778,0.0,4,0,2025-09-01,37154019
1756755000000000,0.45876666658036047,25.112984134979182,0.8569615475738223,180,0.8570246407759472,0.29609420211295123,3.3944140065411688e-06,0.013728652784590234,12.837972222222222,0.0,4,0,2025-09-01,37154019
1756756800000000,0.40590534762826763,9.095256247051944,0.7944047839591997,180,0.8738773625408005,0.4891708680776228,0.00010795764735771485,8.292926892861097e-06,14.211494444444444,0.0,5,0,2025-09-01,37154019
1756758600000000,0.7652606031639293,11.082346262908057,0.48772120923479045,180,0.5119372435997851,0.5852837799685471,0.0029238260761936807,0.000883932930434872,9.163894444444445,0.05555555555555555,5,0,2025-09-01,37154019
1756760400000000,0.8337128973693397,17.105645977450294,0.7152009400147181,180,0.7178497352155772,0.2626188095721316,1.5412451391139115e-05,0.0005234655352395201,8.439452777777777,0.011111111111111112,5,0,2025-09-01,37154019
1756762200000000,0.8785037557893813,15.249742069420138,0.7479582659679584,180,0.748808707598297,0.3990795988177912,0.009057475359877665,0.0014492917486375045,7.262222222222222,0.0,5,0,2025-09-01,37154019
1756764000000000,0.6624409687491264,11.06772701806316,0.691340406942355,180,0.6915688295844977,0.3732986528326496,0.00011197796993500653,0.0213011135778296,10.857044444444444,0.005555555555555556,5,0,2025-09-01,37154019
1756765800000000,0.6427692384750001,16.769366338922197,0.7727042819077956,180,0.7810538545096941,0.36714129503570114,0.02141803221573102,0.02094046214575751,8.915622222222222,0.005555555555555556,5,0,2025-09-01,37154019
1756767600000000,0.8999847117406021,15.659501385417206,0.7951743734721624,180,0.7964807743115793,0.2854898369285127,0.00293645959295874,0.008084895244840684,7.848224999999999,0.016666666666666666,5,0,2025-09-01,37154019
1756769400000000,0.9857520481297628,23.571133202904768,0.7954252132247607,168,0.804053192941149,0.47849681107611763,0.0016626189643297318,0.004656835335136611,7.3799375000000005,0.005952380952380952,5,0,2025-09-01,37154019
1759276800000000,0.4325604430715679,12.585398809156551,0.774645422063132,168,0.7782146897460372,0.3606683147807277,0.0007195764660752335,2.156634456018658e-06,12.734684523809525,0.0,0,0,2025-10-01,40090044
1759278600000000,0.4126670190599398,17.33734484286082,0.8210447479861995,180,0.8237913453570733,0.473574936767891,1.3832402537383715e-05,0.0010541154889913695,10.39836388888889,0.0,0,0,2025-10-01,40090044
1759280400000000,0.38389555775169704,17.63659945677208,0.810981724759957,180,0.8317054029858236,0.25957641141829313,0.0006885420127105135,0.00044869055712470907,13.63796388888889,0.0,0,0,2025-10-01,40090044
1759282200000000,0.4205158970375883,18.80524587034168,0.8072957449359698,180,0.8107803941353158,0.21918330465053393,0.02365275685421875,0.01427308193221577,13.446891666666668,0.0,0,0,2025-10-01,40090044
1759284000000000,0.37163363265137955,17.19191067011059,0.8550646708860475,180,0.8590237617094754,0.47260080437621255,0.0007226424061974601,9.521630754349975e-05,12.72210277777778,0.0,0,0,2025-10-01,40090044
1759285800000000,0.38022361859629156,11.596804935979545,0.8494071433567922,180,0.8670139971907886,0.14547999150969493,0.022205248566647517,0.013246828173864467,21.036291666666667,0.005555555555555556,0,0,2025-10-01,40090044
1759287600000000,0.3810362454244789,12.05037627694756,0.6702576474835509,180,0.7111222349265116,0.45856595172055814,0.00047410137160486254,0.00011861876336738408,15.598455555555557,0.0,0,0,2025-10-01,40090044
1759289400000000,0.36215874962967465,12.717390611629115,0.7292043471138501,180,0.7294448392634667,0.3153823222986959,0.0047524648719826645,0.0031577455894530315,15.171652777777778,0.0,0,0,2025-10-01,40090044
1759291200000000,0.41947467041905007,19.334895493105794,0.8490704285227034,180,0.8568166072313328,0.43280040993900604,9.95111869350751e-07,9.55087429473922e-05,14.704230555555556,0.005555555555555556,1,0,2025-10-01,40090044
1759293000000000,0.44283611240174003,16.1131855632551,0.823704857344714,180,0.84261340064759,0.3905858016910536,0.005775049107105912,0.00167105033663284,12.736055555555554,0.0,1,0,2025-10-01,40090044
1759294800000000,0.52527220020894,13.34111358238669,0.6675158479422307,180,0.6838264424095488,0.5001261196591895,0.00012642341282298464,0.0025473649792641107,10.863119444444445,0.0,1,0,2025-10-01,40090044
1759296600000000,0.4177636754019038,18.325444493531666,0.8471436006101478,180,0.8677674820072971,0.42003613566184106,0.00011501501135258163,6.44638345481674e-07,10.994933333333334,0.0,1,0,2025-10-01,40090044
1759298400000000,0.5036474852784877,17.770349277032082,0.8155697820231315,180,0.829227522571267,0.3982444145881623,0.012242168908065398,0.0015566750007006691,9.798055555555557,0.005555555555555556,1,0,2025-10-01,40090044
1759300200000000,0.5174598692518397,25.60644846434593,0.8037822808062546,180,0.8055892280859444,0.5540501078533286,8.776106686747553e-05,0.0005194242641755054,10.794944444444443,0.0,1,0,2025-10-01,40090044
1759302000000000,0.43945365993499264,19.41596514263378,0.8423291000861235,180,0.8594912950560475,0.5016444237094334,0.024263361730088584,0.017302644490547414,10.595683333333334,0.0,1,0,2025-10-01,40090044
1759303800000000,0.4476957494667486,17.48408790599347,0.8245540290439767,168,0.8253652930937001,0.42653338330673063,0.0025435447263286726,0.01754193919100755,11.024172619047619,0.0,1,0,2025-10-01,40090044
1759305600000000,0.5379897537754881,5.081854396897344,0.6434418429089006,168,0.6441728329533293,0.22120909498431218,0.026832271769269167,0.04238549918459178,12.647244047619049,0.011904761904761904,2,0,2025-10-01,40090044
1759307400000000,0.6517376125612779,14.654492725102584,0.6077185005005417,180,0.6102388570308293,0.4906985455179942,0.01579178353247168,0.006915103280983326,12.072258333333334,0.027777777777777776,2,0,2025-10-01,40090044
1759309200000000,0.5611094909806315,18.33998802152694,0.6550010142892195,180,0.6575243140034617,0.2687574069773181,0.000811804386483983,0.000321770495114837,9.270202777777778,0.005555555555555556,2,0,2025-10-01,40090044
1759311000000000,0.5454269406220587,16.100703995845183,0.7185129745420935,180,0.7224548806674935,0.32082399267572337,0.007739346317309215,0.002023244584493211,8.649827777777778,0.005555555555555556,2,0,2025-10-01,40090044
1759312800000000,0.44615800541383144,17.91994285821754,0.7496102950680803,180,0.7636823341508989,0.36869821684318016,0.011602712151723704,0.005269657672019479,10.125019444444444,0.0,2,0,2025-10-01,40090044
1759314600000000,0.5326116998991131,19.64800355717317,0.8607735298433012,180,0.8655954215443281,0.26327164816273296,0.0008901115433154194,0.006320632689121641,10.242711111111111,0.0,2,0,2025-10-01,40090044
1759316400000000,0.42202917865193873,18.648874774625575,0.8280770150998706,180,0.8402902434418134,0.37872327122706106,0.011793436381967504,0.007652910711417049,10.080516666666666,0.0,2,0,2025-10-01,40090044
1759318200000000,0.48585989627663406,12.378550263552555,0.6902820661683815,180,0.6903311313670146,0.3462871731396907,0.01009316567851326,0.01216069178814505,11.818088888888887,0.0,2,0,2025-10-01,40090044
1759320000000000,0.5469313264983149,14.047225674472251,0.7430205469019101,180,0.7618022002731163,0.2760433733928853,0.0022450455676458203,0.007514974375758432,9.573174999999999,0.011111111111111112,3,0,2025-10-01,40090044
1759321800000000,0.5465595127753392,16.698645939479825,0.764423688686338,180,0.7644288000310073,0.2410956756674617,0.001074105956944127,0.00010168792376830105,19.255030555555553,0.0,3,0,2025-10-01,40090044
1759323600000000,0.4943547457056845,24.331203527752617,0.8654433674275243,180,0.8719522482504767,0.4363543757924929,0.018339396805610475,0.012636828877568673,10.907577777777778,0.0,3,0,2025-10-01,40090044
1759325400000000,0.6358896166119137,18.79675467602332,0.7472020560044559,180,0.7489651633380536,0.25408439890226786,0.003201083681354855,0.00813134829598483,9.966808333333333,0.005555555555555556,3,0,2025-10-01,40090044
1759327200000000,0.6542341503427263,18.794476877516992,0.7299930150620303,180,0.7303826095986632,0.2569113272643301,0.0182214166587914,0.010946180461347876,8.774944444444445,0.011111111111111112,3,0,2025-10-01,40090044
1759329000000000,0.5641463897837213,22.052998153809675,0.7973907554573311,180,0.7998663354737143,0.2444790700646261,0.009050406262528843,0.00567801943400037,9.584061111111112,0.0,3,0,2025-10-01,40090044
1759330800000000,0.4798621795375866,11.824338014771913,0.6374159525858725,180,0.6453816335781304,0.4163462981777807,0.009521387265289838,0.002729254926042479,10.678591666666668,0.0,3,0,2025-10-01,40090044
1759332600000000,0.41878241396586413,12.770007250842582,0.6683669362624287,168,0.6801339655421412,0.37054421798127035,0.01930597022180147,0.000937838544113001,8.966875,0.011904761904761904,3,0,2025-10-01,40090044
1759334400000000,0.4595741604641199,6.577271045158286,0.5021288225754532,168,0.5315175252425388,0.24447957860584957,0.0026877880505028484,8.898357006703606e-05,8.592172619047618,0.005952380952380952,4,0,2025-10-01,40090044
1759336200000000,0.6578517309204026,10.35387243278894,0.6361753420054074,180,0.665183459269205,0.3302302284872286,0.017030326514989813,0.026068115099281308,7.941961111111111,0.005555555555555556,4,0,2025-10-01,40090044
1759338000000000,0.5674883980861397,14.357561949621147,0.7315196296142111,180,0.7506118609078198,0.5539263757785345,0.004236920824227441,3.0570454768175104e-05,8.811780555555556,0.0,4,0,2025-10-01,40090044
1759339800000000,0.3857220696033518,11.217002006778143,0.6504704803902176,180,0.6677141590597593,0.44425288392999773,0.0026009535730961986,0.03617511599335266,8.611913888888889,0.0,4,0,2025-10-01,40090044
1759341600000000,0.4783488871694571,19.050616063160394,0.8267782906182236,180,0.8419834100906133,0.3074277764306722,4.900395539630953e-05,0.0018871568781207992,8.881538888888889,0.0,4,0,2025-10-01,40090044
1759343400000000,0.45710576360877336,14.518340624830588,0.7966229442406869,180,0.8029905345369757,0.2834812381450784,0.01610379659237604,0.02517146976533824,9.300447222222223,0.0,4,0,2025-10-01,40090044
1759345200000000,0.44487463305990704,21.7208341314766,0.8781597827905347,180,0.8893705429254943,0.47481967082214316,7.927091260762076e-05,0.0018492902081254092,10.276866666666667,0.0,4,0,2025-10-01,40090044
1759347000000000,0.5803116733772804,17.187202870305594,0.8276769557441918,180,0.844559321087481,0.5513582014586162,0.01070518815195054,0.0001701043680423231,8.66338611111111,0.011111111111111112,4,0,2025-10-01,40090044
1759348800000000,0.5985965278751302,14.179939916319865,0.5749410997056432,180,0.5858666771115759,0.5387089586700884,3.9703553578185335e-05,0.006986566791409188,8.852597222222222,0.005555555555555556,5,0,2025-10-01,40090044
1759350600000000,0.48175002991447574,18.029913118141266,0.7990452512685079,180,0.8009279735040515,0.3036711665979648,0.0030267494204805345,0.0002969521574137657,9.489744444444444,0.0,5,0,2025-10-01,40090044
1759352400000000,0.5472254697876686,14.087807041985615,0.8916374859986246,180,0.8981104064634434,0.39071201543437417,0.01424220805267462,0.01290449401817384,10.249141666666667,0.0,5,0,2025-10-01,40090044
1759354200000000,0.6655996509208788,7.423075442414952,0.7426158506201819,180,0.7689485146705018,0.6344195727007087,0.0012690786122604436,0.012816492235856347,7.435766666666667,0.0,5,0,2025-10-01,40090044
1759356000000000,0.5454252247137943,8.048648883207658,0.666467873372692,180,0.6697182849160896,0.45962068467628703,0.0029007076870033455,0.005979765877937027,9.752825,0.0,5,0,2025-10-01,40090044
1759357800000000,0.6009770633198241,10.513487100311073,0.711832301602606,180,0.7159993203981859,0.6381904987496065,0.001590204046071353,0.008649693230709632,11.744669444444444,0.005555555555555556,5,0,2025-10-01,40090044
1759359600000000,0.7416407276388165,11.561448180150045,0.6730099965236789,180,0.7064570991601674,0.4045029919772033,0.0016266531872954904,0.007414794599148733,9.437155555555556,0.005555555555555556,5,0,2025-10-01,40090044
1759361400000000,0.6052609437968218,9.698859276698117,0.7882674231532542,168,0.8059275466003444,0.27153286978045466,0.010708135399996155,0.00046292705201034234,8.355449404761904,0.0,5,0,2025-10-01,40090044
1761955200000000,1.197413067275076,10.877641401322508,0.6800524811056692,168,0.707460513939282,0.474750563908518,0.0025003290580729587,0.00021330804747743404,4.3415952380952385,0.0,0,1,2025-11-01,13435971
1761957000000000,1.1963653289601628,11.430518071663979,0.6457734410428793,180,0.6762492851791444,0.4849909829234794,0.001288389233238263,0.000996533628049412,4.617827777777778,0.011111111111111112,0,1,2025-11-01,13435971
1761958800000000,1.3595307112602166,11.752270722930273,0.6426484025471348,180,0.6627229266272354,0.4359235203072702,0.01433353040187213,6.529903275676041e-05,3.937541666666667,0.005555555555555556,0,1,2025-11-01,13435971
1761960600000000,1.7857608559126934,11.755256391652624,0.5291906559195252,180,0.5353319362085616,0.5723148268885805,0.006527302607203467,0.001220217541973767,4.084022222222222,0.0,0,1,2025-11-01,13435971
1761962400000000,1.0779095669773966,7.887384762019457,0.6100644211675237,180,0.6593835303790234,0.5529779667462897,0.007160657030737316,0.0020331391091514828,4.834766666666667,0.0,0,1,2025-11-01,13435971
1761964200000000,0.9047533950493736,8.779388876894583,0.5633466147586148,180,0.5928194273995133,0.5746629018576437,0.013189574387230674,0.0032707960054765284,5.059541666666666,0.005555555555555556,0,1,2025-11-01,13435971
1761966000000000,0.9458603102229625,11.42945067008194,0.2816579457457776,180,0.2821807595476713,0.6479146437509103,0.02364482401687984,0.007453254064443193,7.886972222222222,0.0,0,1,2025-11-01,13435971
1761967800000000,1.0611684059229305,9.767859519731328,0.5021455429082591,180,0.5021733628419144,0.5140892224991767,0.0018102007988821667,0.04901814631867263,5.692183333333333,0.0,0,1,2025-11-01,13435971
1761969600000000,1.2490313365208343,8.794926409080913,0.5949513916596747,180,0.5984828600887717,0.5040102587043054,0.039276611096236924,0.00014576029282731273,3.8500944444444447,0.0,1,1,2025-11-01,13435971
1761971400000000,1.303809897471184,12.758644097728359,0.6245154827258228,180,0.6486743779439913,0.40404277884495743,0.0026550276437780074,0.0008087868765080941,3.570502777777778,0.0,1,1,2025-11-01,13435971
1761973200000000,1.0076112829839412,12.844263792187965,0.7989039359276263,180,0.8024019184647804,0.5852145184464952,0.05724596711195695,0.04828638495466764,4.213163888888889,0.0,1,1,2025-11-01,13435971
1761975000000000,0.8363920711430601,9.114583263514998,0.7203555867619111,180,0.7214991458114386,0.6681423268984124,0.0003739595260845441,0.0007164139621873566,4.5560833333333335,0.0,1,1,2025-11-01,13435971
1761976800000000,0.9539069887489859,9.278448408174865,0.6220508526148918,180,0.6533187875626243,0.4798531234984369,0.0037243186585859123,2.502672154958141e-06,4.321436111111112,0.0,1,1,2025-11-01,13435971
1761978600000000,0.7887740629348103,4.525086203068476,0.5740334809150693,180,0.7060598177712747,0.4881083321035753,0.02964132224304683,0.0030978920226030215,4.101194444444444,0.0,1,1,2025-11-01,13435971
1761980400000000,0.7328143107361373,12.49395058750997,0.6971049121146167,180,0.7383284548930067,0.6116329394967588,0.002293248625061195,0.002525867329859155,4.649105555555555,0.005555555555555556,1,1,2025-11-01,13435971
1761982200000000,0.7928963686183883,16.60479239393282,0.7036997535020812,168,0.7277337246750593,0.6147480347782404,0.0020901921683590396,0.0003740850445206334,5.115565476190476,0.0,1,1,2025-11-01,13435971
1761984000000000,0.7983446016814414,12.630164616956966,0.7903333511480632,168,0.8062893062283875,0.6777389646434909,0.002319766364772491,0.00028729823332540594,4.357738095238095,0.0,2,1,2025-11-01,13435971
1761985800000000,0.8558396003271809,12.99527970960002,0.5811676154575409,180,0.6457482557164704,0.5324491110663367,0.00562516328853313,0.0005308652261055702,3.7651777777777777,0.005555555555555556,2,1,2025-11-01,13435971
1761987600000000,0.8920655172206607,11.707304632333718,0.7623375762440906,180,0.766730541349646,0.5816112224000161,0.00039971907387437167,0.0001563376983457765,4.6576055555555556,0.0,2,1,2025-11-01,13435971
1761989400000000,1.1114639539921995,13.914839925667543,0.5028470461388312,180,0.5145978444100133,0.5550375282282336,4.9780327022075355e-05,0.007812984955706481,4.082827777777778,0.0,2,1,2025-11-01,13435971
1761991200000000,0.8611101474807468,8.701713468801788,0.666603135866326,180,0.7045091611350683,0.5321925395907032,0.00010743524486545031,0.0012925344766018254,6.0382,0.0,2,1,2025-11-01,13435971
1761993000000000,0.8770995923942513,9.403925895087138,0.7082106145216087,180,0.760566787445725,0.7508688462852033,0.004817369087342871,0.003125439252414486,6.983152777777778,0.0,2,1,2025-11-01,13435971
1761994800000000,0.677256972212201,15.624684313864414,0.8198878589868235,180,0.8344349661312469,0.6107035604935882,2.8134036485827352e-05,0.008094410935845953,5.199994444444444,0.0,2,1,2025-11-01,13435971
1761996600000000,0.8695546214865981,14.398299797760666,0.8119325046554196,180,0.8211419890774815,0.4758476675168809,0.0007271626038586332,0.0027232138745361123,4.648738888888889,0.005555555555555556,2,1,2025-11-01,13435971
1761998400000000,0.6090165351091417,8.49695456494628,0.6667979809665785,180,0.744611640722695,0.5452219107665788,0.002683917296747884,0.014448688652810127,4.4985,0.0,3,1,2025-11-01,13435971
1762000200000000,0.7146920544554475,20.17745713775894,0.7563762962058702,180,0.7565477911930776,0.5652401180893449,0.00016158409295563558,0.00018102935066399706,4.533891666666666,0.0,3,1,2025-11-01,13435971
1762002000000000,0.7903598820199034,7.810045952353751,0.5827637626953833,180,0.5857119594148401,0.5704297533913192,0.00010541805278896366,0.005886886484534282,4.494755555555556,0.0,3,1,2025-11-01,13435971
1762003800000000,1.0352702828232971,7.897442077567653,0.7601108158139717,180,0.7799743398783516,0.6280573107726677,0.004574436652014735,0.00843079728359064,5.289116666666667,0.0,3,1,2025-11-01,13435971
1762005600000000,0.6455981496299582,12.592951526093435,0.5385815517594816,180,0.5718452673499848,0.46250478246650584,0.00033372187751856686,0.00044583516068097406,5.5757666666666665,0.0,3,1,2025-11-01,13435971
1762007400000000,0.9363258671233949,8.385226877229757,0.7213871617991479,180,0.7529261172120482,0.3989603864123267,0.014164993609544485,0.0002085419935831112,7.496211111111111,0.005555555555555556,3,1,2025-11-01,13435971
1762009200000000,0.9210603617300037,15.383662595436347,0.7933120422965698,180,0.8040032194880251,0.3239208585387281,0.013156428258659925,0.015571000322617712,6.51863611111111,0.011111111111111112,3,1,2025-11-01,13435971
1762011000000000,0.7861100710752783,12.072993964989394,0.8083099714566693,168,0.8278856165538181,0.23746950083276275,8.62853490999349e-05,0.00020447995848293932,11.262696428571429,0.0,3,1,2025-11-01,13435971
1762012800000000,0.8396915109776177,13.703826755755035,0.7731956493524192,168,0.7853124064411753,0.2081141584706755,0.002131655360926521,0.0009987509519615578,5.615175595238095,0.011904761904761904,4,1,2025-11-01,13435971
1762014600000000,0.6488639224853756,3.0178968523938714,0.5265212008846958,180,0.7784784550312875,0.3240069393019269,0.0014397363431682964,5.192037310108866e-05,7.2909138888888885,0.005555555555555556,4,1,2025-11-01,13435971
1762016400000000,1.010726252242095,11.409477765984498,0.6709712684461032,180,0.6952995697638497,0.6142779357097823,0.00262140644522324,0.0008655291397696718,5.180113888888888,0.0,4,1,2025-11-01,13435971
1762018200000000,0.9109285331156445,8.567588626050869,0.6207855559086665,180,0.6690983953206913,0.5152910728251322,0.0087032797991895,0.0005584433226299979,5.154866666666667,0.0,4,1,2025-11-01,13435971
1762020000000000,0.6389416238016901,12.688208162291886,0.7326959320667275,180,0.7605919668899738,0.4862919368950329,0.014080400178669406,1.3070996740527363e-05,6.376844444444445,0.0,4,1,2025-11-01,13435971
1762021800000000,0.5090469484874982,9.590110066637653,0.7302146606337017,180,0.7677684880947657,0.4092769476313005,0.005387544889125739,0.003435946404815482,14.228797222222223,0.0,4,1,2025-11-01,13435971
1762023600000000,0.41544322842003917,5.136398009012246,0.7012226898327724,180,0.7906278671586477,0.44177402231414875,0.024875393185367467,0.01460446346389166,10.878519444444445,0.0,4,1,2025-11-01,13435971
1762025400000000,0.6033975717605594,10.86994383725819,0.8122781738022176,180,0.8284420305782987,0.6688829247561681,0.003213235344542653,0.009369152579342233,5.197072222222222,0.0,4,1,2025-11-01,13435971
1762027200000000,0.6562962996146688,21.380995337931147,0.7883097991653929,180,0.7915831378553391,0.6338486649723074,0.0007988769167260878,0.002846947094101937,6.937647222222222,0.005555555555555556,5,1,2025-11-01,13435971
1762029000000000,0.7915386860181151,11.153739535742007,0.7468394123044639,180,0.7468527141047101,0.667504657093674,0.0005717076161830814,0.013086531517197186,6.061636111111111,0.0,5,1,2025-11-01,13435971
1762030800000000,0.7769446315069182,26.01890927334986,0.8046670186069622,180,0.8053474703615982,0.5714575277885603,0.11946634155163016,0.027808309440101375,5.196638888888889,0.005555555555555556,5,1,2025-11-01,13435971
1762032600000000,1.0837808485504121,10.101019555209751,0.599698979461263,180,0.6226598321310987,0.32871466963252394,6.61781113340254e-05,0.009479326956230771,3.882386111111111,0.005555555555555556,5,1,2025-11-01,13435971
1762034400000000,0.5295731033238824,9.067777748472455,0.6678633381384953,180,0.7289019861716091,0.5728286620091603,0.00042291416848228014,0.00012193555643180698,6.325469444444444,0.0,5,1,2025-11-01,13435971
1762036200000000,0.5090331556993437,13.727410782436387,0.8542819419600195,180,0.8639967825748391,0.581736368328728,0.017061781864540104,0.024122709251219954,6.706130555555555,0.0,5,1,2025-11-01,13435971
1762038000000000,0.38615758517542087,11.478529458176055,0.8120827907144207,180,0.8215853926170511,0.5440944095912174,0.003241927113577625,0.0053804115580351475,6.775047222222222,0.0,5,1,2025-11-01,13435971
1762039800000000,0.5405457997481176,4.007205399906305,0.5544893514375773,168,0.554859177831132,0.6124943661575728,0.0026824408883527884,0.003360491552421352,7.616491071428571,0.0,5,1,2025-11-01,13435971
1764547200000000,1.0958734876962473,6.186535222922048,0.49940518187899363,168,0.53308896666679,0.09760880278495365,0.012292820711202523,0.013097970424100325,4.950053571428572,0.07738095238095238,0,0,2025-12-01,52633967
1764549000000000,0.6702000284298535,13.668718739200024,0.5949130895631032,180,0.5950416766164728,0.26992455897620415,0.0013814737521747888,0.028479004322784718,4.681308333333333,0.044444444444444446,0,0,2025-12-01,52633967
1764550800000000,0.6089536393417742,16.826896195189278,0.7146301708351572,180,0.7194481352738531,0.3069125317804319,0.0049957564964872025,0.005560496816021443,5.814533333333333,0.027777777777777776,0,0,2025-12-01,52633967
1764552600000000,0.41022350082266024,22.193570838380534,0.7934159630569476,180,0.8040101780599931,0.31374172662843214,0.018854121890522713,0.007184561600571238,6.168025,0.005555555555555556,0,0,2025-12-01,52633967
1764554400000000,0.4078606813126464,21.648732758027453,0.6651564242301482,180,0.6656948660469566,0.2989320639839952,0.0015820103667749663,5.582349681620968e-06,6.812136111111111,0.016666666666666666,0,0,2025-12-01,52633967
1764556200000000,0.4525726026612006,12.985537198965066,0.636309183079687,180,0.6363095736605224,0.23528395271104519,0.017913895107188993,0.000544647881413729,7.08665,0.022222222222222223,0,0,2025-12-01,52633967
1764558000000000,0.443230452681878,15.138549257548089,0.733350162693021,180,0.740416730734199,0.22749922679888834,0.0006506123154587096,0.0025454448532421514,6.960983333333334,0.011111111111111112,0,0,2025-12-01,52633967
1764559800000000,0.4454014947849315,21.603095032729644,0.6274184900817741,180,0.6333760978840396,0.22961811222021533,0.006715062013957218,0.0027608539666249543,7.376961111111111,0.0,0,0,2025-12-01,52633967
1764561600000000,0.4235281909720558,27.403523938241406,0.7596415576546182,180,0.7666472061172108,0.23993734405900247,0.00078687187514348,0.004884814123661929,7.179769444444445,0.005555555555555556,1,0,2025-12-01,52633967
1764563400000000,0.38656728450952965,26.47287796210246,0.7902608664615278,180,0.796066214796072,0.25020098954895487,0.005398649870091754,0.020997438542765035,8.415386111111111,0.0,1,0,2025-12-01,52633967
1764565200000000,0.3861630672561004,23.00219144973723,0.7861858895904528,180,0.7877903335571349,0.29489426376038297,0.025499167869119987,0.007888307109251591,7.732072222222222,0.0,1,0,2025-12-01,52633967
1764567000000000,0.4076650753292088,23.34667651213687,0.7852504075571229,180,0.786939263272339,0.3822687990062924,0.0002201856675209113,0.0019956705872218317,8.176794444444445,0.0,1,0,2025-12-01,52633967
1764568800000000,0.37515026549174424,15.375530844235428,0.8004797591727852,180,0.8035611867693734,0.4040119038130112,0.0020619738624769735,0.003279871365310938,8.70371111111111,0.0,1,0,2025-12-01,52633967
1764570600000000,0.3342202344625569,26.997411370405548,0.7152166879209814,180,0.7290569362437127,0.2959973478263126,0.00850692524445229,0.0008343563994939185,8.627411111111112,0.0,1,0,2025-12-01,52633967
1764572400000000,0.31756793288641294,26.23241222639758,0.8607360421434509,180,0.8636811378109479,0.3570018649400053,0.011016194251067257,0.01584332692706325,8.181658333333333,0.0,1,0,2025-12-01,52633967
1764574200000000,0.3364065703111112,22.706740157181486,0.8147198226569715,168,0.8185435429872163,0.3185854642861352,0.009148783028311125,0.0019137171463887714,9.018604166666668,0.005952380952380952,1,0,2025-12-01,52633967
1764576000000000,0.41036102109781963,16.097195446739807,0.7865235909184684,168,0.7917613606471624,0.41009634688176266,0.0005904088452670653,0.00031438082194501504,8.53210119047619,0.0,2,0,2025-12-01,52633967
1764577800000000,0.35257125153558433,19.51992897174955,0.7840258998116323,180,0.7849828204843844,0.41227960670556285,0.0038295374959446127,0.00263799004080989,9.06995,0.011111111111111112,2,0,2025-12-01,52633967
1764579600000000,0.3593725543543223,14.420997536451122,0.6564457249265157,180,0.6572185696381689,0.5036376345547837,0.03610904731912723,0.03069202456664122,9.067594444444444,0.0,2,0,2025-12-01,52633967
1764581400000000,0.2847542034834055,21.54750227126002,0.7654306205939507,180,0.7674964198581278,0.33079394638850057,9.93047334341135e-06,0.005283462843780451,9.141697222222222,0.005555555555555556,2,0,2025-12-01,52633967
1764583200000000,0.3221464926824053,24.30247290082337,0.7947395594782933,180,0.7958090503575915,0.3528016454120191,0.006409439951197693,0.012664373719997735,8.760930555555555,0.005555555555555556,2,0,2025-12-01,52633967
1764585000000000,0.2603898544793303,21.66228391104922,0.8729484644255411,180,0.8916421115521206,0.35419283084836317,0.00648064206618304,1.6001214897531923e-07,9.509366666666667,0.0,2,0,2025-12-01,52633967
1764586800000000,0.23684497109396896,8.868522574922101,0.6726290536800121,180,0.734308800840428,0.19811493318022055,0.0022192152351774297,0.0003422212760648691,10.373199999999999,0.0,2,0,2025-12-01,52633967
1764588600000000,0.33045391115609013,19.271612464237776,0.7429945501926074,180,0.7469262039816171,0.13609376243800453,0.0015068470057484351,0.0019438795009101284,10.957222222222223,0.005555555555555556,2,0,2025-12-01,52633967
1764590400000000,0.3224929602344967,25.83411642939743,0.7425646197384423,180,0.7425953404671997,0.28919344512790834,1.3393015913520934e-05,0.0004899846223523907,9.708930555555556,0.0,3,0,2025-12-01,52633967
1764592200000000,0.38731181112914426,10.637187349743062,0.4594820763241191,180,0.46028030525883545,0.5422644295880426,0.002429772530058605,0.0004138124726383863,9.148069444444443,0.005555555555555556,3,0,2025-12-01,52633967
1764594000000000,0.3469395052201101,18.077667108171394,0.4971475845019965,180,0.49734570097496544,0.5145418570289849,7.62591175365035e-05,0.005341449588333491,8.342630555555557,0.011111111111111112,3,0,2025-12-01,52633967
1764595800000000,0.34354691888128686,18.19848614721833,0.7559080772059884,180,0.7610936171046695,0.28852723886385345,0.001273996915009623,4.823959808608613e-05,8.62418888888889,0.011111111111111112,3,0,2025-12-01,52633967
1764597600000000,0.32769331310493277,10.643626256005541,0.6479731126295776,180,0.6480254792308011,0.4648130047341017,0.001331988296226272,0.00316070051065398,9.184597222222221,0.0,3,0,2025-12-01,52633967
1764599400000000,0.37309685945161264,15.485985460870866,0.5657685440512527,180,0.5676525113811122,0.26840411699309574,0.0020342397035821858,0.007000735187556839,7.220077777777778,0.011111111111111112,3,0,2025-12-01,52633967
1764601200000000,0.4275863904754622,18.547564543365773,0.6376164552407168,180,0.6379542920515594,0.29542535535118963,0.0005957203950270884,0.003301423536604231,6.587224999999999,0.005555555555555556,3,0,2025-12-01,52633967
1764603000000000,0.8215085150484052,13.820336112093791,0.6184275243405676,168,0.6193159098553038,0.33163869427666504,0.0038479633271047975,0.00038667234003286755,5.540306547619047,0.041666666666666664,3,0,2025-12-01,52633967
1764604800000000,0.5786239522567564,16.953242982381322,0.729687653343698,168,0.7339440395089947,0.3987615588097857,0.009068412244383262,0.00047955101728913707,7.097657738095238,0.017857142857142856,4,0,2025-12-01,52633967
1764606600000000,0.3927883549023296,12.682985908892453,0.4985704831543277,180,0.502155065414486,0.3081777121898578,0.004897853365131599,0.04155394312637184,7.282677777777778,0.005555555555555556,4,0,2025-12-01,52633967
1764608400000000,0.3997798208128801,26.71966829554423,0.7306923604755208,180,0.7321626846978624,0.306082578518445,0.009272045896685066,0.0018870755045389265,7.280227777777778,0.005555555555555556,4,0,2025-12-01,52633967
1764610200000000,0.38229739082024206,24.04419323007875,0.8026854783056311,180,0.8068596094773985,0.29421087264336787,0.020475684143534734,0.0015032603316806892,7.916255555555555,0.011111111111111112,4,0,2025-12-01,52633967
1764612000000000,0.3604734703658057,13.611143860956918,0.6285170292748841,180,0.6372513972684596,0.20946188715538416,0.006219852706833895,0.0002922280580364145,7.802730555555556,0.0,4,0,2025-12-01,52633967
1764613800000000,0.3778388185973504,16.66272317219824,0.6842579702777118,180,0.710961863988586,0.3791036362315573,0.00563908653848455,0.004934573510387841,7.7369972222222225,0.005555555555555556,4,0,2025-12-01,52633967
1764615600000000,0.33558797184293854,28.112514113511455,0.804134337032135,180,0.8054906827419963,0.14080521193397166,8.827675246347866e-08,0.004105693732475046,7.4360638888888895,0.011111111111111112,4,0,2025-12-01,52633967
1764617400000000,0.3951360734646765,32.383215274856056,0.8365266872681836,180,0.8380933365387081,0.24338228414675223,0.0002076776618687992,0.003787497569828213,6.6251500000000005,0.0,4,0,2025-12-01,52633967
1764619200000000,0.45597282452795906,17.300431185997084,0.6612549234560761,180,0.6640046673653328,0.353236165802579,0.004788884135874305,0.010612606123532653,6.548274999999999,0.005555555555555556,5,0,2025-12-01,52633967
1764621000000000,0.4189097546537849,18.882094072276416,0.6535035885593732,180,0.6656034085044578,0.09549947517892232,0.00022032814648742516,0.0007651703412141497,6.6377194444444445,0.005555555555555556,5,0,2025-12-01,52633967
1764622800000000,0.48072817725433087,12.585475393762906,0.6206752372957316,180,0.6216025192659244,0.32497222338075127,0.002664981669292854,0.001637705265170153,6.743722222222222,0.005555555555555556,5,0,2025-12-01,52633967
1764624600000000,0.4848988824152686,15.477759107857032,0.48406474042815073,180,0.4844258232823192,0.45118006315158654,0.005928317023996321,0.00020696239397222094,6.494347222222222,0.016666666666666666,5,0,2025-12-01,52633967
1764626400000000,0.4968789105052982,14.274416392870933,0.7412363052609057,180,0.7417688685059527,0.37607968242976875,0.007939118637418252,0.001967259448278469,6.846494444444444,0.005555555555555556,5,0,2025-12-01,52633967
1764628200000000,0.6572197201971965,12.192759537517132,0.7103743807080587,180,0.7141030760616798,0.3900384243925843,0.0005628235482207922,0.014141977016346674,5.415152777777777,0.0,5,0,2025-12-01,52633967
1764630000000000,0.5533996132192008,8.73004181735364,0.6684491722444421,180,0.6965395916296128,0.3255460567689845,0.0021993740138018802,0.013884892152364436,6.1289694444444445,0.0,5,0,2025-12-01,52633967
1764631800000000,0.5251470433465837,17.175675212502785,0.7764449641149564,168,0.782654936153554,0.2653980693761606,0.0022514064908113474,0.016355303199246163,6.513241071428571,0.0,5,0,2025-12-01,52633967
1767225600000000,0.40235791015145717,6.686258465148711,0.6817236031230725,168,0.6851948527294227,0.6834390473607892,0.001388326857909794,0.009263655170038243,5.914663690476191,0.0,0,0,2026-01-01,7629432
1767227400000000,0.39213331572097065,15.553697269883036,0.7612504371757973,180,0.774117510195332,0.3647525823952834,0.0031599237711847916,0.0031897224612061903,6.558663888888889,0.0,0,0,2026-01-01,7629432
1767229200000000,0.4013768822277284,15.653554532735296,0.6179790340844943,180,0.6515124545468542,0.2895717574392328,0.002193128005847589,2.3739735358296876e-05,6.194591666666667,0.0,0,0,2026-01-01,7629432
1767231000000000,0.34240701199797924,6.1697218289134055,0.5412230248164623,180,0.5763454356973708,0.44088172328946984,0.008318630939138871,0.011356204051756524,5.897825,0.0,0,0,2026-01-01,7629432
1767232800000000,0.4143218174001161,13.521843169654,0.7503838909650893,180,0.7580225940478085,0.5764247730076244,0.00022457072944381817,1.1059058779849806e-08,6.303705555555555,0.0,0,0,2026-01-01,7629432
1767234600000000,0.42309165533349347,8.907359608298494,0.4834770021393535,180,0.5170235461675193,0.6013657539298873,0.00718179964312593,0.021432650133615505,6.871986111111111,0.005555555555555556,0,0,2026-01-01,7629432
1767236400000000,0.4402561263176308,14.036460857941846,0.6558694472664974,180,0.6582671794003423,0.5693431679223926,0.0009476375181103336,0.0005254243441620288,6.968511111111112,0.0,0,0,2026-01-01,7629432
1767238200000000,0.3521475999486917,11.291466493145247,0.6176383441461456,180,0.6524152967221645,0.5613904602653005,0.006827471521874129,0.004658277403406075,7.919783333333333,0.0,0,0,2026-01-01,7629432
1767240000000000,0.42559359972301547,11.861430975911704,0.641416423411771,180,0.6592967885683588,0.5746050898675623,0.0003061150696845871,0.0013936430771765984,7.4775527777777775,0.0,1,0,2026-01-01,7629432
1767241800000000,0.3848631171355173,10.571288253272302,0.4684986394342827,180,0.482420053551448,0.3053819345852574,0.014983576797957365,0.03530722549499066,5.9985583333333325,0.0,1,0,2026-01-01,7629432
1767243600000000,0.46068677061001234,15.04860241753159,0.6735548649049212,180,0.6774810032615599,0.5102209590047562,0.010336968437236638,0.006993780350512679,6.401016666666667,0.0,1,0,2026-01-01,7629432
1767245400000000,0.46669392614979227,6.062204412505833,0.40572196838804575,180,0.46062069001090766,0.7436087210343312,0.0005471902097751169,0.015645314395987375,6.521277777777778,0.0,1,0,2026-01-01,7629432
1767247200000000,0.4745700767931485,7.313136334291992,0.46354369368358384,180,0.47298422080880653,0.7360248150352369,0.0025287216223477404,0.03322320985793681,6.956169444444445,0.0,1,0,2026-01-01,7629432
1767249000000000,0.2756639147646047,5.663502695486303,0.3903879477637747,180,0.4353391275583903,0.6619777452902522,0.022011542947136475,0.004193629616856875,12.054241666666666,0.0,1,0,2026-01-01,7629432
1767250800000000,0.4163231887599806,6.427715541576822,0.6732679619340651,180,0.6750199572460305,0.6041411739201689,0.00028150822091888017,0.04683532032317639,8.271522222222222,0.0,1,0,2026-01-01,7629432
1767252600000000,0.3828585048128294,4.418337090696749,0.5300370060040511,168,0.6020303106093319,0.7080695105641173,0.014581620905880888,2.0904447863401288e-05,8.083672619047618,0.0,1,0,2026-01-01,7629432
1767254400000000,0.4054560737653509,3.3367008436435808,0.29425253775588744,168,0.3504399995925441,0.7114949737751323,0.00891948994519376,0.01852798608598505,5.745785714285715,0.0,2,0,2026-01-01,7629432
1767256200000000,0.5504149494622491,7.4822458016355355,0.5003124255568647,180,0.5374576546626945,0.6985031760657984,8.219624787053625e-05,7.369687253566681e-06,6.814208333333332,0.0,2,0,2026-01-01,7629432
1767258000000000,0.4652221752590955,7.151230446017439,0.6101775723318325,180,0.6857818744395439,0.5983143999153946,0.0037489639215065873,0.0016218265889659245,6.333205555555556,0.0,2,0,2026-01-01,7629432
1767259800000000,0.4717105653469711,11.113829365763504,0.6990577940216693,180,0.7288829699800481,0.6324927258717019,0.0014448920438719925,0.004581637566315799,8.087263888888888,0.0,2,0,2026-01-01,7629432
1767261600000000,0.47316875132674335,16.15260803523779,0.7324380883429332,180,0.7324910608886761,0.560998963360093,0.0006207034720027149,0.00021905031286983956,9.111894444444445,0.0,2,0,2026-01-01,7629432
1767263400000000,0.40448460589356483,15.138988040663921,0.667596138877217,180,0.6996095712877591,0.5631142119299888,0.0018156839254300783,0.007963251315676989,6.876058333333333,0.0,2,0,2026-01-01,7629432
1767265200000000,0.40145543907333836,8.432016129760028,0.5283662555700965,180,0.5880063676994955,0.42356893684493857,0.022837285234719396,0.013427833122324873,6.502455555555556,0.0,2,0,2026-01-01,7629432
1767267000000000,0.4552316659178417,11.309099486881488,0.5684782210562216,180,0.5951692750891159,0.5767650194998593,4.583283563486251e-05,0.001642740757865968,6.477066666666667,0.005555555555555556,2,0,2026-01-01,7629432
1767268800000000,0.4363690851233662,7.582503896807649,0.6084648090076956,180,0.6332083421964814,0.5074787883673972,0.023694110222470366,0.009706411806550408,6.857347222222222,0.0,3,0,2026-01-01,7629432
1767270600000000,0.36177660876965556,10.999967649113952,0.5889302156867047,180,0.5889306123212981,0.6070593898361163,0.003371099477221251,8.769463816005185e-05,7.2633,0.0,3,0,2026-01-01,7629432
1767272400000000,0.3812258368242592,7.241295513953558,0.727617414510081,180,0.7745294211869919,0.4815448048172428,0.0001300362667973065,0.00022655741971266963,7.768816666666666,0.0,3,0,2026-01-01,7629432
1767274200000000,0.4430739860228403,12.0005634046774,0.7181287872898403,180,0.7322881074083709,0.6484083562741579,0.005489409717803984,7.11482024855492e-05,7.471213888888889,0.0,3,0,2026-01-01,7629432
1767276000000000,0.3762811520271418,6.124808715889754,0.5005253046511553,180,0.501172952805208,0.5659471911579179,0.0009216231453036405,0.003418146340473216,7.490941666666667,0.005555555555555556,3,0,2026-01-01,7629432
1767277800000000,0.3578798152800803,14.681684914634491,0.5600041066975541,180,0.5615464993147945,0.5883003746128816,0.0015939098970559895,0.009301277445154188,7.507847222222222,0.0,3,0,2026-01-01,7629432
1767279600000000,0.42440235740362703,13.846549174683519,0.6962045922232194,180,0.698725967386171,0.36562237103318596,0.009690918250250036,0.0014483476203206447,7.058036111111111,0.0,3,0,2026-01-01,7629432
1767281400000000,0.4190988241988264,9.861696520666595,0.593045997684341,168,0.6288042344258236,0.2845676515574038,0.015538620429098371,0.000678296316669158,6.822404761904762,0.0,3,0,2026-01-01,7629432
1767283200000000,0.4075114711282982,8.886869550599645,0.6855971867202726,168,0.6935127773154932,0.480962052902962,0.00012232166206205264,0.002522123571819912,6.950008928571428,0.0,4,0,2026-01-01,7629432
1767285000000000,0.38561251157033843,12.577072115622364,0.7312849175264545,180,0.737783035421727,0.31989809548644554,0.0015606043631450905,0.016296480286868253,8.278113888888889,0.0,4,0,2026-01-01,7629432
1767286800000000,0.4080084114630967,9.520019930322356,0.4247155572755542,180,0.42493740328496277,0.5949452371506088,0.012931766932756106,0.00032845022349803354,7.088708333333333,0.005555555555555556,4,0,2026-01-01,7629432
1767288600000000,0.363835903656929,12.185992634849521,0.5381042929104414,180,0.5476938227304278,0.5899998194298577,9.157915794066884e-05,0.00017782537462762704,8.130583333333332,0.0,4,0,2026-01-01,7629432
1767290400000000,0.3413711655816273,8.776033295574395,0.5356288156959156,180,0.5710381842210124,0.43037648421970687,4.161491073961798e-08,0.00494719932621368,7.022413888888889,0.005555555555555556,4,0,2026-01-01,7629432
1767292200000000,0.2494600250382213,7.674138066233404,0.5731419612206017,180,0.6260557946141136,0.4816572380441063,0.01481101375142313,0.0022320236552028083,7.763491666666667,0.0,4,0,2026-01-01,7629432
1767294000000000,0.3021459306326407,9.85749827399559,0.5832593429548973,180,0.6287388593035732,0.5556754116252627,0.0006012315275785163,0.0008127802223379943,8.257713888888889,0.0,4,0,2026-01-01,7629432
1767295800000000,0.2791057513264562,12.861726421808898,0.6062495098701651,180,0.6173480545666878,0.5502628471042338,0.013058108789627543,0.006917478579338332,8.406794444444444,0.0,4,0,2026-01-01,7629432
1767297600000000,0.3158995788835486,9.751382211347313,0.6692783209750102,180,0.6972869181355689,0.40518808887146784,0.017341218326799024,0.004798007658433967,8.281794444444444,0.0,5,0,2026-01-01,7629432
1767299400000000,0.35685797847958445,7.136097289822725,0.5962821260224058,180,0.6332729856406631,0.4875155797502525,0.0012667764349268973,0.0051098213755780275,7.671666666666667,0.0,5,0,2026-01-01,7629432
1767301200000000,0.3488573079861226,10.241533971912235,0.6686011225319306,180,0.7116963158220339,0.6876130488718906,0.004335722133831155,0.004296381162371188,8.639516666666667,0.0,5,0,2026-01-01,7629432
1767303000000000,0.2936180107997707,7.720327229751654,0.6494952617187856,180,0.7007310445490418,0.4741140595458124,0.006862106316157357,0.0038985953702092013,7.713541666666667,0.0,5,0,2026-01-01,7629432
1767304800000000,0.29543247479927004,4.613213685161092,0.33830590405713545,180,0.3446083748328769,0.5840292432678643,0.0022232219425817323,0.008120931149838695,8.595252777777779,0.0,5,0,2026-01-01,7629432
1767306600000000,0.5466673972111264,8.52544708066608,0.6964196493200493,180,0.7119307430255105,0.3760413533143583,0.0014651669534346823,0.0005474445499190628,5.299799999999999,0.0,5,0,2026-01-01,7629432
1767308400000000,0.39219609741708583,6.895257976510136,0.44485358300548195,180,0.44539836657134224,0.35238371126522083,0.0007937526679300255,0.006304660289939146,5.4959444444444445,0.0,5,0,2026-01-01,7629432
1767310200000000,0.4488585077174482,15.374838149644257,0.6382461689673551,168,0.6492611045815659,0.39804963579978414,0.014116979039857425,0.021878943724319866,7.027485119047619,0.0,5,0,2026-01-01,7629432
1769904000000000,0.4710432822608641,13.738498265302665,0.5809422601781089,168,0.5809422636363453,0.23969716782106154,0.0031707783181025295,0.007448541051032542,3.3138958333333335,0.011904761904761904,0,1,2026-02-01,42679707
1769905800000000,0.5060778919422857,19.926908691092237,0.6980979047130007,180,0.7085033003146617,0.2858243827959416,0.006335879768163077,0.0009888859256383942,2.676066666666667,0.005555555555555556,0,1,2026-02-01,42679707
1769907600000000,0.5888501857555004,14.228419879287845,0.5626611771825332,180,0.572223936773484,0.32013917641466905,8.928214332037943e-05,3.942633304954146e-05,2.7571055555555555,0.005555555555555556,0,1,2026-02-01,42679707
1769909400000000,0.48973147232567693,15.301093672260631,0.6622474573535286,180,0.6769189225963173,0.377413320702928,0.010552937262958029,0.0004474152257181174,3.5282694444444442,0.005555555555555556,0,1,2026-02-01,42679707
1769911200000000,0.4208383972366079,14.487324896223372,0.5445772209065887,180,0.5557597854942004,0.31926821537474703,0.000194002165370466,3.2665141225241e-06,3.375847222222222,0.0,0,1,2026-02-01,42679707
1769913000000000,0.4568778255751986,18.02612208089205,0.7475887126422074,180,0.7560848834339242,0.38460080077314496,0.00048343691489749485,0.0002123671425349194,3.1208500000000003,0.005555555555555556,0,1,2026-02-01,42679707
1769914800000000,0.4698552007348162,19.997633370677086,0.7354765749800372,180,0.73658738614921,0.20357431407326987,3.6822671956038278e-06,0.0008597946581080373,2.6982055555555555,0.0,0,1,2026-02-01,42679707
1769916600000000,0.43817532446319646,11.889510970348045,0.6934191381472958,180,0.7003818084147572,0.35832014957942715,0.0029783398397343896,0.0005736480957152512,2.856752777777778,0.005555555555555556,0,1,2026-02-01,42679707
1769918400000000,0.43523866134528366,14.7964547076712,0.488811064044127,180,0.49059114237840573,0.3027430684474173,0.0008721221422578473,0.026850365895596973,3.4979611111111115,0.0,1,1,2026-02-01,42679707
1769920200000000,0.4478046072566142,20.064426997784526,0.7442492685617383,180,0.7462159314247818,0.29721816077422436,0.004347398315115214,0.00012829795324043047,4.029755555555555,0.005555555555555556,1,1,2026-02-01,42679707
1769922000000000,0.3605751602166226,9.28908792632397,0.3824620818313712,180,0.4091289208858847,0.4671983430725094,0.0008291082757730939,0.0002523217587816484,4.802002777777778,0.005555555555555556,1,1,2026-02-01,42679707
1769923800000000,0.40728326446332047,18.461633317279116,0.7007450316042649,180,0.7113543894808503,0.4981360138001202,0.00027329688070099056,5.6843526926253496e-05,6.159902777777778,0.0,1,1,2026-02-01,42679707
1769925600000000,0.3920541652296652,15.114609179835721,0.7254595966045225,180,0.7300858099573206,0.36490918412810247,0.005247295127227658,0.005089008517910609,3.9875666666666665,0.0,1,1,2026-02-01,42679707
1769927400000000,0.4970627855826554,12.130869751737121,0.570762117549578,180,0.5712526257333932,0.25251284993754863,0.004921519146923292,0.00027122828338987937,3.8748833333333335,0.0,1,1,2026-02-01,42679707
1769929200000000,0.6938212394389485,14.211855729395701,0.5701362418939235,180,0.6032159988627552,0.3444974850942015,0.0006484369539356827,0.015495932189500072,3.5452944444444445,0.005555555555555556,1,1,2026-02-01,42679707
1769931000000000,0.6316260338897861,15.930240524919684,0.5835158886207248,168,0.5868462352675072,0.3651078843360105,0.0025746847152978702,0.010579398229924819,3.4494136904761903,0.011904761904761904,1,1,2026-02-01,42679707
1769932800000000,0.564636326041891,8.170335557376362,0.5431048009516615,168,0.5483576620468826,0.4187141699980632,0.008348900066764586,0.0004546510412827276,3.548800595238095,0.0,2,1,2026-02-01,42679707
1769934600000000,0.6741341875899904,14.128781065219139,0.7124727868102669,180,0.7145335445991403,0.5350432490783661,3.854083965526556e-06,0.0010495896715391195,4.007894444444445,0.0,2,1,2026-02-01,42679707
1769936400000000,0.5192006636799924,18.750907589063196,0.7709656868560856,180,0.7809588621582251,0.32402845292792415,0.0048946229363590055,0.0152318490163178,4.126919444444445,0.0,2,1,2026-02-01,42679707
1769938200000000,0.5447904350416738,10.52597016921418,0.4531982806504715,180,0.45362355077952465,0.5570641380793394,0.0014736965863081375,0.020969121488936704,3.5941527777777775,0.0,2,1,2026-02-01,42679707
1769940000000000,0.5421404524451101,13.504825056897552,0.6004708337591684,180,0.6114158560301484,0.3344676381119893,0.0013344554528068597,0.006103626517005245,3.569986111111111,0.0,2,1,2026-02-01,42679707
1769941800000000,0.6885574919798719,11.668647373732687,0.4359278582459363,180,0.44439339301991276,0.35575776482306143,4.804521092460767e-05,0.0003187862159217403,3.9116194444444443,0.005555555555555556,2,1,2026-02-01,42679707
1769943600000000,0.501414533557498,16.813770069022244,0.7296094890899874,180,0.741372520974267,0.49301212515631254,0.0009179913710711807,0.0001527363308300167,3.7004916666666663,0.0,2,1,2026-02-01,42679707
1769945400000000,0.5602687494124472,9.940672451351906,0.572571979070566,180,0.5783794335638095,0.33758937521087296,0.0006553046655042305,0.00021493374508818608,4.562161111111111,0.0,2,1,2026-02-01,42679707
1769947200000000,0.547608625699064,11.290085914697379,0.47560990120066204,180,0.4943306875188437,0.48743306187568447,0.015294557792143393,0.00015297484389165117,4.3804083333333335,0.0,3,1,2026-02-01,42679707
1769949000000000,0.5745095335389414,10.775627898049684,0.5805129676951526,180,0.6011318219915044,0.5074305237505414,4.34450447718282e-05,0.006669137816324944,5.652125,0.0,3,1,2026-02-01,42679707
1769950800000000,0.5653897102462875,17.77803495313911,0.7006258793054702,180,0.7021036095976851,0.3664628288928252,6.828717948681451e-05,0.0004592241580578804,4.451888888888889,0.0,3,1,2026-02-01,42679707
1769952600000000,0.5610685342070416,15.760653898007659,0.7374234877269963,180,0.7449544732122483,0.5184596525165108,0.01032901960398025,0.001832230911829491,4.330699999999999,0.005555555555555556,3,1,2026-02-01,42679707
1769954400000000,0.6148437379982159,12.746789030089158,0.4727597924571617,180,0.47665341951811735,0.19815099266446579,0.0022290237405672153,0.0006045562152855455,4.031538888888889,0.011111111111111112,3,1,2026-02-01,42679707
1769956200000000,0.9136236869438121,15.250422828453615,0.5689628324358293,180,0.5690362408268649,0.34338583344927953,0.0009746665696078738,0.0038251285650185984,3.4999638888888893,0.03333333333333333,3,1,2026-02-01,42679707
1769958000000000,0.7424230898216857,14.47896668199549,0.5352624810803512,180,0.5365769977908026,0.24731976239433606,0.007573641023202016,0.004825084808667168,3.8948805555555555,0.03333333333333333,3,1,2026-02-01,42679707
1769959800000000,0.9136007880393169,12.76242244262403,0.4766891712584792,168,0.48991915376308703,0.11666106260203757,0.004531848946060735,0.0007570034534261083,3.4641458333333333,0.017857142857142856,3,1,2026-02-01,42679707
1769961600000000,0.668174793843368,8.91837678102291,0.4875916921407728,168,0.5055306997034648,0.24994647700387562,7.716019093217952e-06,0.011019031119018252,3.390145833333333,0.023809523809523808,4,1,2026-02-01,42679707
1769963400000000,0.6200270723012145,18.160104989986603,0.6550137083607993,180,0.6586443100392707,0.2419618267650352,0.027381270284908665,0.001191852636456825,3.739138888888889,0.011111111111111112,4,1,2026-02-01,42679707
1769965200000000,0.6676742367045427,16.05741576704377,0.6109455272266016,180,0.6153688160923171,0.14153494337424843,0.00021654178390573264,0.005787576675706618,3.4785027777777775,0.016666666666666666,4,1,2026-02-01,42679707
1769967000000000,0.6145698738514821,13.455927784813849,0.6338899895970628,180,0.6525517378569644,0.32226089743763453,0.0025393873628649644,0.001783677506877912,3.354663888888889,0.022222222222222223,4,1,2026-02-01,42679707
1769968800000000,0.8678724007673724,10.213057926720074,0.4901348075697356,180,0.5145588079092771,0.27986969765994274,0.004825183155880763,0.0001559089903145905,3.6318916666666667,0.03333333333333333,4,1,2026-02-01,42679707
1769970600000000,0.7086880409565643,14.79904056748618,0.6686168184208576,180,0.7041309786849768,0.2460277316194932,0.000638179082884549,0.0019591242162095845,3.898425,0.011111111111111112,4,1,2026-02-01,42679707
1769972400000000,0.6619111359344705,17.24362977605388,0.655186067926403,180,0.6559469212916854,0.24001097858800347,0.015346447497749494,0.00726114591898952,3.6506499999999997,0.016666666666666666,4,1,2026-02-01,42679707
1769974200000000,0.7290745058693772,7.893255683387581,0.5464425457351965,180,0.5465757385701184,0.3240967984744436,0.0002127071392385993,0.0011485078471488164,3.9793527777777777,0.005555555555555556,4,1,2026-02-01,42679707
1769976000000000,0.8385476853214617,12.782027514599704,0.5325156649857501,180,0.5388791778886551,0.4513360265089378,0.007427831675880792,0.0013373663522719959,4.137152777777778,0.016666666666666666,5,1,2026-02-01,42679707
1769977800000000,0.90849325383786,14.605751515081316,0.6083958358777788,180,0.6084937053616748,0.23765615060654643,0.02299015862291276,0.002269994367169792,3.3257111111111115,0.005555555555555556,5,1,2026-02-01,42679707
1769979600000000,1.0434561545632945,7.989142949190502,0.5780021513847917,180,0.6356455666319322,0.23248030981283674,5.586504994936625e-06,0.0001469807713054827,3.7542083333333336,0.005555555555555556,5,1,2026-02-01,42679707
1769981400000000,1.1335402833543566,14.125424782604712,0.5759728383408234,180,0.5769383028073495,0.41567036738497176,0.011268027641475942,0.015559973919832326,2.6873277777777775,0.03333333333333333,5,1,2026-02-01,42679707
1769983200000000,1.1679218931261048,11.775494307009396,0.4288023790813492,180,0.42889976790283946,0.3103367808149011,0.0011698130253706696,0.0001391755065045519,2.036638888888889,0.022222222222222223,5,1,2026-02-01,42679707
1769985000000000,0.6812658193453723,13.186348511011378,0.5937920617596805,180,0.5967039828341965,0.2846551549664521,0.009849047193200233,0.005541087665886457,2.002394444444444,0.0,5,1,2026-02-01,42679707
1769986800000000,1.9237263184120743,10.911637617475565,0.5472429200217256,180,0.556189902056784,0.3004966366830023,0.03224657331040881,0.010609982128323092,1.8576333333333335,0.05555555555555555,5,1,2026-02-01,42679707
1769988600000000,1.3352619859431463,7.692755883044351,0.4652098714341809,168,0.49872359072214334,0.40497414900520223,0.00024828353714501095,0.0007504665320055004,1.9285148809523809,0.017857142857142856,5,1,2026-02-01,42679707
1772323200000000,0.5304535701745001,11.533624996502759,0.658342012643091,168,0.6690661454886695,0.35830023867889427,0.0023621399047795144,0.0006070184076337748,3.925029761904762,0.0,0,1,2026-03-01,36953944
1772325000000000,0.45422634982659993,13.076778777337676,0.6540659302171159,180,0.6617189633747864,0.4447348106835597,0.026709168916887238,0.006488194820187254,4.048916666666666,0.011111111111111112,0,1,2026-03-01,36953944
1772326800000000,0.5297231530564783,17.383362099987753,0.4664553770678781,180,0.4664654275016775,0.37289675623073126,0.003240734043932214,0.003297283282237884,4.092255555555555,0.0,0,1,2026-03-01,36953944
1772328600000000,0.7657788769538516,6.482797040602367,0.36404242379768226,180,0.36409349728571716,0.28471068541794153,0.007738620263072815,0.0002689797636729052,3.570825,0.005555555555555556,0,1,2026-03-01,36953944
1772330400000000,0.8603856116161012,5.725180021778759,0.41945649049140077,180,0.4324973164391135,0.3460064067541102,0.0014990553281104546,0.0009177169346128444,5.880497222222222,0.044444444444444446,0,1,2026-03-01,36953944
1772332200000000,0.7825479268582887,11.043256363604359,0.38282428957432146,180,0.394978944628678,0.5329274808697144,0.0074627931916334544,0.008342514300179071,2.6416222222222223,0.011111111111111112,0,1,2026-03-01,36953944
1772334000000000,0.742010225823122,12.545725994360483,0.6616949217816923,180,0.6629615727804512,0.3542059005194367,0.012998648149583625,0.03198797457779179,3.509094444444444,0.0,0,1,2026-03-01,36953944
1772335800000000,0.6285845624964632,12.641169974628244,0.4414153139467507,180,0.4437636430222899,0.3661403899169844,0.012878850080073945,0.00017880074046083827,3.1689083333333334,0.022222222222222223,0,1,2026-03-01,36953944
1772337600000000,0.63555896513718,11.78651634596002,0.3912216139808028,180,0.39125772117458024,0.47806044613440624,0.0036266476556874316,0.000172312981782774,2.9072194444444444,0.011111111111111112,1,1,2026-03-01,36953944
1772339400000000,0.7503245888961614,10.299986913954632,0.3745108600035727,180,0.3748081838246663,0.4191252139055639,0.001260738346376078,0.001542020431302471,2.8507249999999997,0.0,1,1,2026-03-01,36953944
1772341200000000,0.9308632795583027,10.146998914240477,0.49975696926854607,180,0.5004616592574613,0.5348172773630436,0.0011211815294041028,0.009536796865693309,3.064236111111111,0.0,1,1,2026-03-01,36953944
1772343000000000,0.7206266886319477,11.189935232620602,0.5583927062362094,180,0.5871957202583656,0.34384063849336677,0.0012844577808065472,0.006895212528899908,2.827063888888889,0.005555555555555556,1,1,2026-03-01,36953944
1772344800000000,0.6050404444606043,9.877247055342991,0.3382114881505731,180,0.3410972036715866,0.4545149802718612,0.00029297922978499535,0.0009170144848689166,3.4590666666666663,0.0,1,1,2026-03-01,36953944
1772346600000000,0.6301750173036169,10.163481944680536,0.5108984492376696,180,0.5222047033352246,0.4586948015018557,0.004947729725272465,0.005564643826053262,3.4304666666666668,0.005555555555555556,1,1,2026-03-01,36953944
1772348400000000,0.5349959431196637,14.778084921167288,0.6725508497842425,180,0.6820074887478567,0.3477628522812206,5.3119800641043824e-05,0.0001144311460009595,3.1469722222222223,0.005555555555555556,1,1,2026-03-01,36953944
1772350200000000,0.6247545892504036,11.1297019180354,0.48679369955260443,168,0.48859820155233014,0.42707508713430387,0.0015301609158391294,0.03511552694781883,2.616327380952381,0.0,1,1,2026-03-01,36953944
1772352000000000,0.7634455114944231,9.074272945227376,0.5419311502506378,168,0.5427080641499589,0.562407515697923,0.008592131701302685,0.00283664448308385,3.025735119047619,0.0,2,1,2026-03-01,36953944
1772353800000000,0.7389666944443087,7.719483729583876,0.40091859520380035,180,0.4040565634883354,0.39785151203886604,0.0038979066370607995,0.014182477382028158,3.483875,0.011111111111111112,2,1,2026-03-01,36953944
1772355600000000,0.6420585174632292,12.290329181439855,0.5457109066779864,180,0.5521608102964245,0.24420377097777146,0.0021608481806985047,0.02021803100570907,3.6105666666666667,0.005555555555555556,2,1,2026-03-01,36953944
1772357400000000,0.6055338389752078,13.505059236290714,0.5164769960777369,180,0.5170948289565407,0.4100808958696335,0.00936614640472766,0.00019241348879761588,3.2526444444444444,0.005555555555555556,2,1,2026-03-01,36953944
1772359200000000,0.6492357149111001,6.578318999699841,0.5819531050495133,180,0.5843064385485294,0.17259719021552,0.014735801395442949,0.029859837891383134,3.446922222222222,0.005555555555555556,2,1,2026-03-01,36953944
1772361000000000,0.6044091683653869,10.52492856113592,0.4819957357991088,180,0.48203303704862555,0.24068750085140367,0.001494760961349928,0.0003793366109227092,4.865572222222222,0.0,2,1,2026-03-01,36953944
1772362800000000,0.5465581406945046,9.04251345531226,0.510449918009412,180,0.5207224538834124,0.24784034080868145,0.0002818794051159257,0.005510922472612201,3.853525,0.0,2,1,2026-03-01,36953944
1772364600000000,0.542737721456635,11.07694173799201,0.41281172421882484,180,0.42945969699169384,0.6061319214927117,0.0010180428083615967,0.0001412333556245482,3.6104361111111114,0.011111111111111112,2,1,2026-03-01,36953944
1772366400000000,0.4607213093001784,13.934499609755987,0.5986554880972338,180,0.6003117209477707,0.4010067334724786,0.024633352260898023,0.02853048881854625,3.6078555555555556,0.0,3,1,2026-03-01,36953944
1772368200000000,0.5503430537952576,9.561600697412583,0.49412891009842075,180,0.4941358839010407,0.3985922660897847,0.0014795381885881476,0.017535216407856713,3.818163888888889,0.011111111111111112,3,1,2026-03-01,36953944
1772370000000000,0.5194823689510536,14.810884496841535,0.7301556440445419,180,0.7301815627943425,0.23024370611861078,0.0034655695694670863,8.490413473094538e-05,4.015416666666667,0.005555555555555556,3,1,2026-03-01,36953944
1772371800000000,1.2419000301522582,4.111450078536215,0.4189741935430996,180,0.4232217677450114,0.5971878642728794,0.022194307381314338,0.033297741542843595,3.5740222222222218,0.027777777777777776,3,1,2026-03-01,36953944
1772373600000000,0.8590218338100308,10.732742273773274,0.4476624459270311,180,0.45371897075633216,0.29262803677092386,1.643579366228387e-05,0.00031110494756114715,2.456611111111111,0.016666666666666666,3,1,2026-03-01,36953944
1772375400000000,0.6535620491521188,8.753978798853671,0.45146766884330447,180,0.45561642038771133,0.42279073201848005,0.04362442354062779,0.019990788491209943,2.4365527777777776,0.022222222222222223,3,1,2026-03-01,36953944
1772377200000000,0.5469501712650844,11.013086394350704,0.44269657708399546,180,0.4429921381825651,0.43312501688440974,0.000228038456741686,0.0003313522758411347,3.388438888888889,0.011111111111111112,3,1,2026-03-01,36953944
1772379000000000,0.42627358943710353,10.153139140994796,0.45227941574193975,168,0.4550782472369411,0.4058918416761045,0.0020710551947130673,0.0004968342533563375,3.778767857142857,0.005952380952380952,3,1,2026-03-01,36953944
1772380800000000,0.4621860925324889,11.22488809433997,0.4942861982250002,168,0.5056860533605892,0.24568138253389893,0.0007541874796943571,0.011256594553027632,3.5454077380952382,0.005952380952380952,4,1,2026-03-01,36953944
1772382600000000,0.696270261947673,4.451742981227801,0.28656038589188326,180,0.28666982551672293,0.39699550314201104,0.00027319464343678046,0.011360997564972442,3.5597527777777778,0.022222222222222223,4,1,2026-03-01,36953944
1772384400000000,0.586391848783342,10.990232705935918,0.3465350557396859,180,0.3469201354354373,0.3868781608484869,0.0010440647266758418,0.010173613902384915,3.4877166666666666,0.005555555555555556,4,1,2026-03-01,36953944
1772386200000000,0.5713693967330377,13.680854383274134,0.48651172621544125,180,0.49221205404145263,0.23028397707647863,0.0014812324667170529,0.00040853070570934236,3.5366527777777774,0.0,4,1,2026-03-01,36953944
1772388000000000,0.545374964273503,8.098967913042106,0.21034264553984572,180,0.21779683858097798,0.5249083477292835,0.005042058571694152,0.006645106872045559,3.465019444444444,0.022222222222222223,4,1,2026-03-01,36953944
1772389800000000,0.5534142869408112,9.617093716895402,0.4227884706958087,180,0.44888437195695774,0.12831314932891258,0.0020657571933270225,0.02521849545957866,4.086166666666666,0.011111111111111112,4,1,2026-03-01,36953944
1772391600000000,0.6772833321155688,13.49351328570623,0.5061558065931289,180,0.5322253747334349,0.35538924738952815,0.0012497166000815518,0.00773296409228319,3.543547222222222,0.005555555555555556,4,1,2026-03-01,36953944
1772393400000000,0.581841117542103,11.61184248500966,0.4614324698725315,180,0.4649438776138626,0.06710554169851679,0.00402747842777007,0.0043981220373763286,3.4927583333333336,0.011111111111111112,4,1,2026-03-01,36953944
1772395200000000,0.6207717719630542,9.142067820606961,0.4732884411039421,180,0.47933365519538307,0.3567878460803301,0.0016108119174763624,0.0003763674460837141,3.611438888888889,0.0,5,1,2026-03-01,36953944
1772397000000000,0.6802526162842384,13.888782094926473,0.4576538854364225,180,0.47094958196241843,0.28717503207019845,0.008847692298121324,0.023725225196201682,3.3321916666666667,0.005555555555555556,5,1,2026-03-01,36953944
1772398800000000,0.6473541458540422,10.438178911415536,0.5161969491001381,180,0.517116340961572,0.33065919859272674,0.0009758992552567625,0.0022963264144199025,3.6528444444444443,0.0,5,1,2026-03-01,36953944
1772400600000000,0.6416984046292612,14.591497109044589,0.5405509284256867,180,0.5587858232042957,0.3168124195631544,0.017773897583904463,0.012175353103039965,3.6072361111111113,0.011111111111111112,5,1,2026-03-01,36953944
1772402400000000,1.0667231921284532,3.3465572658157114,0.23395364981928457,180,0.2429766382744195,0.7644637080889184,0.0011403161915427562,0.016641519066664,3.013352777777778,0.022222222222222223,5,1,2026-03-01,36953944
1772404200000000,0.7708250734504691,11.036880686872385,0.4218139452290143,180,0.4323917745852077,0.23299017459821014,0.004784935533300727,0.020873055922265515,9.4822,0.0,5,1,2026-03-01,36953944
1772406000000000,0.5607656543797799,10.144467537524044,0.45773896843075235,180,0.47121540182632804,0.0748934964245358,0.0010155955761111946,0.0018863867268056334,2.823836111111111,0.0,5,1,2026-03-01,36953944
1772407800000000,0.5052247905021944,12.937763228483606,0.5334789567309886,168,0.5406476698369787,0.11696757149883563,0.0018371692149996566,0.001533475297171072,2.679529761904762,0.017857142857142856,5,1,2026-03-01,36953944
