window,beta,t_nw,r2_ofi,n,r2_quad,r2_ti,r2_plc_p5,r2_plc_m5,depth_mean,frac_spread_gt1,block,weekend,day,events
1693526400000000,0.2576239960717097,20.029316899910516,0.4739454746333155,1680,0.47863686408068085,0.5336008307417072,7.142900633960725e-05,0.00011834502441221417,8.963588988095237,0.0,0,0,2023-09-01,11711582
1693528200000000,0.2286438842105524,18.91237586679051,0.4973031306812118,1800,0.500726245824608,0.46204155921388856,6.312782632056368e-05,0.0006486077009119073,9.409601666666667,0.0011111111111111111,0,0,2023-09-01,11711582
1693530000000000,0.25463977308104985,14.070260820070764,0.47049674456403634,1800,0.4719896410318516,0.5709065362936194,0.003998765044774255,0.000603709087880433,11.613641944444444,0.0005555555555555556,0,0,2023-09-01,11711582
1693531800000000,0.22817132764095166,18.696446856112527,0.6156859711073286,1800,0.6191642974746465,0.4770099227781822,0.0013031051850749265,0.0011730553202851102,10.588788888888889,0.0,0,0,2023-09-01,11711582
1693533600000000,0.17749455815993714,11.560504874094766,0.44080889280177504,1800,0.45902675437970375,0.5940337177959428,0.001685599907031543,0.0009160864432484761,13.246437222222221,0.0005555555555555556,0,0,2023-09-01,11711582
1693535400000000,0.2953373904641517,15.359770567280519,0.5097242248997684,1800,0.5103954004971165,0.6082669255575353,1.3682114720969807e-05,0.0018995023272345701,16.856015833333334,0.0005555555555555556,0,0,2023-09-01,11711582
1693537200000000,0.19353796388497255,8.514900963986392,0.461339888432451,1800,0.46218611826933453,0.5697499516816952,6.63876378000916e-05,0.002801071203194949,13.377322222222222,0.0,0,0,2023-09-01,11711582
1693539000000000,0.2060203142224888,17.17581615811562,0.4130884209674731,1800,0.4134817561760271,0.6463905454122503,0.0010290309855826019,0.0009284117970861372,10.407260833333334,0.0,0,0,2023-09-01,11711582
1693540800000000,0.1996176380808023,11.732002240666759,0.4242396496520173,1800,0.4393736922299032,0.5168140888849637,0.0002190943539635004,3.8695705201319264e-05,9.714033055555555,0.0011111111111111111,1,0,2023-09-01,11711582
1693542600000000,0.19823951006157264,12.705663167133899,0.5334582089201123,1800,0.5353559838247322,0.6162411574051692,0.000147566840889235,0.0007043688377654789,13.703309722222222,0.0,1,0,2023-09-01,11711582
1693544400000000,0.16601393358186153,14.527167100180987,0.6328039157439329,1800,0.637722267648029,0.5742908243125338,0.0022320984278311196,0.0025525998950796103,15.843151666666666,0.0,1,0,2023-09-01,11711582
1693546200000000,0.1897976545897508,13.948788898010426,0.405469792614353,1800,0.4069765899932519,0.5602575629369844,0.0031898450516435473,9.758510692059463e-05,14.008009444444445,0.0005555555555555556,1,0,2023-09-01,11711582
1693548000000000,0.2162977136616681,14.525093332493006,0.5935744604003176,1800,0.5994067700088477,0.4438288265952093,0.004755434859627594,0.0006425126235739542,10.512746666666667,0.0,1,0,2023-09-01,11711582
1693549800000000,0.19298729821195287,11.404150112846644,0.4331104142147778,1800,0.4561195513262547,0.5448852156093327,4.114420198542135e-06,0.0008950846613268171,11.286543888888888,0.0,1,0,2023-09-01,11711582
1693551600000000,0.18204973144761832,15.89678255387081,0.47336411749626184,1800,0.4745684683594964,0.421434784306852,0.004481914476273996,0.0007496805818195673,12.128426666666668,0.0005555555555555556,1,0,2023-09-01,11711582
1693553400000000,0.16813096321193227,8.357086009538824,0.556767164014608,1680,0.5753846830684526,0.239471844952014,0.0016596579477459183,0.00026917952991900584,15.927598809523811,0.0,1,0,2023-09-01,11711582
1693555200000000,0.1694821685747922,9.62020887418505,0.3994636315816036,1680,0.4029387515556202,0.5485346099419659,0.0056516093750701435,0.003965379911996747,22.60451458333333,0.0017857142857142857,2,0,2023-09-01,11711582
1693557000000000,0.15129052677815033,20.831287845237394,0.6573221940012441,1800,0.660008860237059,0.3199884659393234,0.0009438253447484612,0.0016002530664398495,11.38572861111111,0.0,2,0,2023-09-01,11711582
1693558800000000,0.18626518918323615,13.438659476390516,0.43819675621837606,1800,0.4443285512771109,0.5256240652696993,0.0018671802706375917,7.779819286468648e-05,10.6158475,0.0005555555555555556,2,0,2023-09-01,11711582
1693560600000000,0.2109453357147166,10.47610008954237,0.3625413883002895,1800,0.37332953945438707,0.6943297881469287,0.0011331453817858828,0.00048370922481288936,11.705149722222222,0.0,2,0,2023-09-01,11711582
1693562400000000,0.20230921844249727,8.924232690985997,0.3986680485426797,1800,0.4010498329381581,0.7311240190719754,0.0017326633384547874,6.119221969014266e-05,13.056476111111111,0.0,2,0,2023-09-01,11711582
1693564200000000,0.18160188980503142,13.795373224624567,0.4644747824258354,1800,0.46744990647400575,0.53828859601207,0.003923864348004069,0.0011297669068087712,12.851302222222223,0.0,2,0,2023-09-01,11711582
1693566000000000,0.1789327372387889,14.77719087606549,0.5982591161728181,1800,0.5982692092823059,0.3312161509274706,0.001966379245678329,0.0013466822963764669,11.849059166666667,0.0,2,0,2023-09-01,11711582
1693567800000000,0.1989816843255667,17.733978765228283,0.4530650025931571,1800,0.46401544141908935,0.4687596921085021,8.781367145038743e-05,0.0020366831349381,10.621665,0.0,2,0,2023-09-01,11711582
1693569600000000,0.29350175606663237,8.24778629030505,0.36642432867231034,1800,0.3669230961797286,0.4990703768301805,0.005134143290749349,0.0017981749697720817,8.283734166666667,0.002777777777777778,3,0,2023-09-01,11711582
1693571400000000,0.27912637419646263,19.892696005861477,0.4289398648507,1800,0.45437201889608836,0.3594358480367239,5.846847212631623e-05,0.0010925267287569262,7.712808333333333,0.005,3,0,2023-09-01,11711582
1693573200000000,0.20125510385820883,16.607513998122755,0.6688463079454606,1800,0.6706266492662907,0.3454830158390151,7.303881681075541e-05,0.0006385578811454184,11.114571388888889,0.0005555555555555556,3,0,2023-09-01,11711582
1693575000000000,0.2929553902396348,19.81449824175591,0.4779753885823901,1800,0.4782814585392753,0.3861531276229403,1.449760641958342e-05,5.447299438032793e-05,8.910760833333335,0.006111111111111111,3,0,2023-09-01,11711582
1693576800000000,0.24055052451167636,21.197470441389623,0.4709574877447722,1800,0.49298598224620294,0.2887762481626174,0.0010413066481780309,0.0031558270807552358,8.172757222222222,0.0011111111111111111,3,0,2023-09-01,11711582
1693578600000000,0.26372413526871313,24.771814109198914,0.3790198012998779,1800,0.4023095273786613,0.33236400815168,0.00020414583517491813,0.00011630317954025582,8.063550277777777,0.011111111111111112,3,0,2023-09-01,11711582
1693580400000000,0.3284497344417652,19.22189449015339,0.458543538090634,1800,0.46771669120874304,0.4162814620652704,0.000657282067802134,2.140301480491047e-08,9.85554222222222,0.006111111111111111,3,0,2023-09-01,11711582
1693582200000000,0.23432838567493824,19.636708929230775,0.5654692258093021,1680,0.5821166288215756,0.3378701766710228,0.0011318530748948286,0.00037415576614063806,10.89817232142857,0.0017857142857142857,3,0,2023-09-01,11711582
1693584000000000,0.2507482058333023,21.363207697590525,0.4660102633300399,1680,0.48539071092065245,0.4950823314041254,0.000616930611048061,0.0004085364262905733,9.200145238095239,0.0017857142857142857,4,0,2023-09-01,11711582
1693585800000000,0.2536670976411128,32.50045018492261,0.5928419407308193,1800,0.6115628876657973,0.3463708046978796,0.0008774184608373314,0.0011062345589212264,7.987365,0.0033333333333333335,4,0,2023-09-01,11711582
1693587600000000,0.39009130797389785,16.62934170310686,0.3290963977253041,1800,0.35842006076636346,0.33417008147164573,7.342486674999371e-05,0.00022553313822393228,6.819441388888889,0.035,4,0,2023-09-01,11711582
1693589400000000,0.43419101777116764,31.76129870363335,0.5572230059787935,1800,0.5796407840832116,0.4111764735956899,0.0005467285493506724,8.265523660877516e-05,5.849256388888889,0.008888888888888889,4,0,2023-09-01,11711582
1693591200000000,0.2983685978127957,28.867371993151817,0.5937266911395391,1800,0.6018319887491053,0.4586328093061446,0.0003192616367208023,0.00040361521713483395,7.515334166666667,0.0016666666666666668,4,0,2023-09-01,11711582
1693593000000000,0.40770930153732,15.04188861073027,0.3398700985448556,1800,0.3462400226609629,0.4841284188795101,0.0011618316748837065,0.0001179406313247533,6.640156666666666,0.013333333333333334,4,0,2023-09-01,11711582
1693594800000000,0.28839357577984087,24.73857115035408,0.5583096157104976,1800,0.5672277422090715,0.49103101924576187,4.762019706783249e-06,0.0003198871003736725,7.399561944444444,0.0,4,0,2023-09-01,11711582
1693596600000000,0.24105779380062842,20.848467785019082,0.6268281076215396,1800,0.6475303787750067,0.4137439132664187,0.0014298391005251876,0.000233587054536466,8.8238375,0.0,4,0,2023-09-01,11711582
1693598400000000,0.276615740839194,13.889244017656385,0.41989654146756095,1800,0.4387153227684527,0.45885518671554204,0.000894868974376406,9.82228052113232e-05,7.6268433333333325,0.0016666666666666668,5,0,2023-09-01,11711582
1693600200000000,0.3915216984785857,20.123096618161508,0.3940581954696649,1800,0.41519879279701166,0.4718955170637893,0.00010226293017268073,0.0022741642603476553,6.970813611111111,0.0044444444444444444,5,0,2023-09-01,11711582
1693602000000000,0.30718563985644004,19.393513570964885,0.3558741049852301,1800,0.3626809798813355,0.5992494886546277,0.0013079334846562984,3.2804759725224564e-05,8.24802,0.0022222222222222222,5,0,2023-09-01,11711582
1693603800000000,0.2614774278884354,13.130024007727597,0.49729830291043975,1800,0.5092131316553503,0.4779242473318762,0.002907326532963883,0.0007274522211911938,7.071219722222222,0.0,5,0,2023-09-01,11711582
1693605600000000,0.25208224089280606,15.60950562270727,0.596813254821685,1800,0.6022599179111959,0.524252273806501,0.0023395069820921766,0.00033155409911234113,10.441806111111111,0.0,5,0,2023-09-01,11711582
1693607400000000,0.228764100274653,17.374948931103262,0.5537278250927498,1800,0.5656359308237178,0.47689777009164436,9.716598412212729e-05,0.002146609784970832,9.675334722222223,0.0,5,0,2023-09-01,11711582
1693609200000000,0.2630072301472019,18.46833933216951,0.6367253776347748,1800,0.6383927708248998,0.486213499477149,0.000685766652828601,0.00016013747752208207,11.77137361111111,0.0,5,0,2023-09-01,11711582
1693611000000000,0.22480225272158677,12.802538414475222,0.5924741603131818,1680,0.603510110046142,0.5285607131362097,0.00033198488947050464,0.0006844952372391244,9.61358988095238,0.0005952380952380953,5,0,2023-09-01,11711582
1696118400000000,0.10721842140954597,9.435612585479971,0.5712990543365921,1680,0.6376093873129616,0.5090099629989134,0.0012181081665153526,0.0016245364152950303,12.344084821428572,0.0,0,1,2023-10-01,8619684
1696120200000000,0.11477345478184028,15.439652633361304,0.631544470019422,1800,0.6316047112592554,0.40052400632796137,0.006008393763441089,0.0013623749440700994,16.23803416666667,0.0,0,1,2023-10-01,8619684
1696122000000000,0.14378370731611692,10.143585585163917,0.6224255556468368,1800,0.6522193867595729,0.5304185273707078,4.4160127027348395e-06,0.000131195777466675,13.143055277777778,0.0005555555555555556,0,1,2023-10-01,8619684
1696123800000000,0.10576804804495335,8.768581482548763,0.6550994618173439,1800,0.715745834683288,0.5228519068935249,0.00010740705379141957,3.1736432501650036e-05,14.508855277777778,0.0,0,1,2023-10-01,8619684
1696125600000000,0.12442527954690728,9.427960839617688,0.47769192458739373,1800,0.4783223172207728,0.505719026018215,0.00011229884160146586,0.0023824105102511206,12.200058333333333,0.0005555555555555556,0,1,2023-10-01,8619684
1696127400000000,0.1230417821896499,14.225213413058873,0.6669204396137431,1800,0.677619317799115,0.520167485770697,0.0005677908024179779,0.0005396674650698374,14.308762222222223,0.0,0,1,2023-10-01,8619684
1696129200000000,0.13306222322377265,11.661162326988451,0.47286835550886697,1800,0.4840444167639648,0.6247006597640511,0.0015622849487687551,4.143319703331372e-06,13.062125833333333,0.0,0,1,2023-10-01,8619684
1696131000000000,0.12324261349398596,8.334085175350467,0.39072090488429845,1800,0.4199806925192219,0.6333720193431747,0.0002190052603272541,3.883664945636411e-06,13.37535888888889,0.0,0,1,2023-10-01,8619684
1696132800000000,0.1359649647337478,9.156829671366463,0.42749527482416505,1800,0.43935482015832794,0.7007005562612599,0.0007502178079406008,0.00035516263110557666,13.110000833333332,0.0,1,1,2023-10-01,8619684
1696134600000000,0.10311266467649664,12.92004654647994,0.6547597959330349,1800,0.6655806357116323,0.45685112361867986,0.001082447875013215,0.0006431091931846655,12.531226666666665,0.0,1,1,2023-10-01,8619684
1696136400000000,0.0980562845800064,8.10886274211547,0.4049271851157302,1800,0.47932599073383675,0.5329759443481337,5.689900232686007e-05,0.001178433535397816,12.460642777777778,0.0,1,1,2023-10-01,8619684
1696138200000000,0.1148821437215824,15.915837184156596,0.5922877278911864,1800,0.5974713120760327,0.4602170943769194,0.0071428898781413785,0.0063124289741973705,13.542929722222222,0.0,1,1,2023-10-01,8619684
1696140000000000,0.1403291590870202,10.839436222990964,0.46974036887123394,1800,0.4722281646274099,0.48878000642324926,0.000614649365635489,0.0002128900042800419,11.598520833333334,0.0005555555555555556,1,1,2023-10-01,8619684
1696141800000000,0.14020055076573465,15.878958468626038,0.4611260842664302,1800,0.4697285670328333,0.29596374285506544,0.004674983330813842,0.00023613208595130164,11.697965555555555,0.0005555555555555556,1,1,2023-10-01,8619684
1696143600000000,0.09589037831220897,5.268622400571894,0.2947436164630468,1800,0.35780876159683217,0.6547395781179055,0.0002452645146083787,0.00024681001642079536,12.612427777777777,0.0,1,1,2023-10-01,8619684
1696145400000000,0.13439772614983142,13.50416532621838,0.5583103976642552,1680,0.5587334185767632,0.6041472391719875,8.95639264320014e-06,5.218988996880114e-05,15.613133630952381,0.0005952380952380953,1,1,2023-10-01,8619684
1696147200000000,0.11206011694679992,11.450747693087857,0.519956743333241,1680,0.5351447655259608,0.616305850858218,0.004724543519294633,0.00041856729503142454,14.662825892857143,0.0,2,1,2023-10-01,8619684
1696149000000000,0.1114640577026687,22.069847357303118,0.5501239071320113,1800,0.5520384946171397,0.42551426643654644,0.005845514288491227,0.0014527879617557415,11.502894444444443,0.0,2,1,2023-10-01,8619684
1696150800000000,0.11404013372642917,17.43214027022284,0.41928953254771495,1800,0.44521331847822887,0.4601160097366108,0.00013729151865249367,0.0027273000266981873,13.557865555555555,0.0005555555555555556,2,1,2023-10-01,8619684
1696152600000000,0.12128656391375403,20.981570294578045,0.6014424461268875,1800,0.6287342958043225,0.4121231601510891,0.00010682200258449459,4.313593402627269e-05,11.744020277777777,0.0,2,1,2023-10-01,8619684
1696154400000000,0.1357859554583502,22.9785757526654,0.48463730099062596,1800,0.5152957260677402,0.24770550328676777,0.0005375793779374138,0.004911868971200661,10.84562,0.009444444444444445,2,1,2023-10-01,8619684
1696156200000000,0.12469570357736597,14.563823237839166,0.4343281492313147,1800,0.4616425914323421,0.5610159706476235,0.00022710529231584342,0.0010125318415470375,14.325296388888889,0.0,2,1,2023-10-01,8619684
1696158000000000,0.1133721522127495,23.900472838298814,0.5004793661541533,1800,0.5097076527653709,0.506444499392771,8.453312104306221e-06,0.0005845884975473892,13.759870555555555,0.0,2,1,2023-10-01,8619684
1696159800000000,0.11829895498554659,19.550457731718485,0.5741257769863142,1800,0.5755873237107433,0.3626243380880817,8.934406461513777e-05,0.0011881276682035313,13.972655833333334,0.0,2,1,2023-10-01,8619684
1696161600000000,0.12179042232469355,22.346943645802522,0.5030393019035984,1800,0.5149251784347684,0.3390023418508564,0.0007356505316522544,0.0002400193754069635,11.238751111111112,0.0011111111111111111,3,1,2023-10-01,8619684
1696163400000000,0.11476513042535905,17.81066125434756,0.5227330775491315,1800,0.5430549563622167,0.45586259502002613,0.00010668755839027266,3.0836295694669502e-06,13.070711944444446,0.0,3,1,2023-10-01,8619684
1696165200000000,0.1019165820776893,15.08025520565239,0.6716579221649841,1800,0.687056560100523,0.3937592185419059,0.0002707019534916588,0.00019765510931146757,16.138729722222223,0.0,3,1,2023-10-01,8619684
1696167000000000,0.09840225341147368,17.881419387114036,0.525756452207962,1800,0.5528887736202588,0.4756795117687518,0.002186248362052612,0.00179295636932153,13.139112777777777,0.0,3,1,2023-10-01,8619684
1696168800000000,0.10561087386912682,21.447977230347533,0.47061014860961414,1800,0.4783166274256767,0.4269429750555588,0.00033440429276621053,0.0032279544959282758,13.152684166666667,0.0,3,1,2023-10-01,8619684
1696170600000000,0.13161626522309205,25.851455066336094,0.468455300938861,1800,0.4834074651861825,0.40000068436309666,0.00035004625587764515,0.0003021026784173486,13.204070555555557,0.0038888888888888888,3,1,2023-10-01,8619684
1696172400000000,0.11973173181867616,22.52503294513593,0.5694636466700356,1800,0.5765882198808335,0.455590991839238,0.0009958916910208782,0.00010573305479766315,12.959411944444446,0.0005555555555555556,3,1,2023-10-01,8619684
1696174200000000,0.1109779589129822,19.518942177237243,0.7369365348722189,1680,0.7439151627797311,0.3564486722703042,1.6781375555829925e-05,0.0001915653911752635,11.996372619047618,0.0,3,1,2023-10-01,8619684
1696176000000000,0.1120947065356535,17.692561625529358,0.7385811694611464,1680,0.7477631619853771,0.42816190073870075,3.6252306859663186e-05,8.689569202080527e-05,13.202328571428572,0.0,4,1,2023-10-01,8619684
1696177800000000,0.11239413616991448,19.500289617459334,0.591206288399408,1800,0.6002380226175912,0.314919386890419,0.0014762972515767192,7.460111380863665e-05,14.277293055555555,0.0,4,1,2023-10-01,8619684
1696179600000000,0.11819626910191189,13.80467965913223,0.4954877106256632,1800,0.514727974622923,0.47743334752950817,1.6570348770894583e-07,0.00015732393225198482,13.140654722222223,0.0,4,1,2023-10-01,8619684
1696181400000000,0.12070083147525641,25.59869057933666,0.49481611162287664,1800,0.5183737592593965,0.3514073274566212,6.399413437674362e-05,0.0005619804177127152,11.058273611111112,0.0022222222222222222,4,1,2023-10-01,8619684
1696183200000000,0.11618582984462901,23.10182752096111,0.677379731969602,1800,0.6865587766753505,0.3017860726405638,2.6963190443596297e-05,0.00015909789800006013,11.6628825,0.0,4,1,2023-10-01,8619684
1696185000000000,0.1066080110338334,18.697212456270734,0.6638528892160451,1800,0.6705433946033673,0.3708366888584548,0.0003267405924075595,2.1975785096106648e-05,12.932047222222224,0.0,4,1,2023-10-01,8619684
1696186800000000,0.11126507133562474,11.906909600318,0.41965893172906465,1800,0.42587348854938856,0.5748564310331337,3.673199420983764e-05,4.334148443585484e-06,15.47735611111111,0.0,4,1,2023-10-01,8619684
1696188600000000,0.10727094900756078,13.670313083479572,0.6373534072108927,1800,0.6564119464105123,0.4566024248683679,4.1370678196761546e-05,0.00011183762357624971,14.406925833333332,0.0005555555555555556,4,1,2023-10-01,8619684
1696190400000000,0.1443849501488254,18.01545107199788,0.4613269364517717,1800,0.48614416140208705,0.5372757702043585,0.00034139086672935193,8.139495718373357e-05,11.598827222222221,0.0016666666666666668,5,1,2023-10-01,8619684
1696192200000000,0.13791663777769533,14.891036567244198,0.5236426727960573,1800,0.5374338160208755,0.36301486721642884,0.002121661181040624,0.0010371186487672102,10.362056944444443,0.0,5,1,2023-10-01,8619684
1696194000000000,0.14096664318356078,17.79574819848422,0.5102311856287063,1800,0.5197642832754636,0.5660361918461314,0.003116877826456199,0.0006213717160064025,11.093818888888888,0.0,5,1,2023-10-01,8619684
1696195800000000,0.16303318801861463,9.257808604614837,0.36964398868699533,1800,0.36990198024175824,0.6093384460888926,0.0017162939938374366,0.0008492293503704618,13.979547499999999,0.0,5,1,2023-10-01,8619684
1696197600000000,0.6068012045219606,7.7820119124084846,0.1147511428412693,1800,0.16124089262870478,0.3593227082555842,0.0003562518036642759,0.00020782673474550872,8.452858333333333,0.07444444444444444,5,1,2023-10-01,8619684
1696199400000000,0.33027995742892485,15.202185699010572,0.44291605712816307,1800,0.48494780296061113,0.409491016930825,6.734419622178578e-06,0.00044876287050354957,6.082197222222222,0.013333333333333334,5,1,2023-10-01,8619684
1696201200000000,0.279905286324275,25.073209013526622,0.4589345640874597,1800,0.47927686017584836,0.42889850233385773,0.00039506191254778944,0.0005450234421942035,6.52614,0.007222222222222222,5,1,2023-10-01,8619684
1696203000000000,0.23644878333148556,22.711465097097644,0.5626065555733311,1680,0.5826602417932663,0.4716138110936403,0.0008702537087128537,0.00020191130188595974,7.52363244047619,0.0017857142857142857,5,1,2023-10-01,8619684
1698796800000000,0.33413780201741206,19.284513575498725,0.4373380446039794,1680,0.4698338547798764,0.38023253816220726,3.793145340291737e-05,0.00031581210415310146,6.621713988095237,0.004166666666666667,0,0,2023-11-01,11724531
1698798600000000,0.2996298376824914,16.044753877719145,0.5517580320465623,1800,0.5840612111097733,0.3985757011558373,0.0028762272293806346,0.0014741150314444562,8.100494444444443,0.0016666666666666668,0,0,2023-11-01,11724531
1698800400000000,0.3163591993036461,21.234623493679557,0.5682467915495197,1800,0.5789019081246892,0.3629715337497066,7.003471641509051e-07,0.0008369455383631097,8.556733611111111,0.0005555555555555556,0,0,2023-11-01,11724531
1698802200000000,0.25687209056762955,12.80265692138887,0.45107387467483906,1800,0.4739830390014794,0.5873422288596395,0.0007845587058953329,0.00031985772513398736,10.129864444444445,0.0011111111111111111,0,0,2023-11-01,11724531
1698804000000000,0.2589230077567351,21.402642819468152,0.6519903196852685,1800,0.6587356747056246,0.39992469359322047,1.3616817281514315e-06,5.8864092499000265e-05,10.719673055555555,0.0005555555555555556,0,0,2023-11-01,11724531
1698805800000000,0.21641278959566404,14.861937425925257,0.5567126316722342,1800,0.5567284912942588,0.27658511719003853,0.0059431213832649155,0.00143828795334211,12.82078861111111,0.0,0,0,2023-11-01,11724531
1698807600000000,0.2394993347441021,12.854870294989883,0.5034855337683554,1800,0.51377928560733,0.32692481600469514,8.294911976691743e-05,4.581869516540049e-05,11.419158333333334,0.0,0,0,2023-11-01,11724531
1698809400000000,0.28524305535363054,18.736204584468073,0.5661911413075291,1800,0.5827433985533277,0.26949535813137016,2.973165583231019e-05,0.001990318669367719,8.671146666666667,0.0,0,0,2023-11-01,11724531
1698811200000000,0.2605668173900172,14.51265741820994,0.5278148668821514,1800,0.542128514307689,0.3867724312783084,0.002786480579514472,0.001863625578887973,10.034793055555555,0.0005555555555555556,1,0,2023-11-01,11724531
1698813000000000,0.26162852694330285,15.137426983991546,0.51295645889767,1800,0.5217041887859348,0.4465727243620079,0.002382862699462418,0.0004715504092782652,9.865768611111111,0.0,1,0,2023-11-01,11724531
1698814800000000,0.23517580117531933,16.10445130806376,0.5513174922587456,1800,0.5524056520611015,0.2944665685507498,0.000383370085831114,0.00043572297339622423,11.752673611111112,0.0005555555555555556,1,0,2023-11-01,11724531
1698816600000000,0.2836792577385634,20.06505110741696,0.5433743476456256,1800,0.5477085877024215,0.29953818412017463,0.00023482371758298815,0.0009180134744675161,12.003231944444446,0.0016666666666666668,1,0,2023-11-01,11724531
1698818400000000,0.22903479612295197,18.147581358046125,0.550551540845146,1800,0.555592419428576,0.2875934276516541,0.0004120620886127746,1.9307412826408132e-05,9.817400555555556,0.0005555555555555556,1,0,2023-11-01,11724531
1698820200000000,0.21270917257256425,20.413139782669518,0.5559442514333297,1800,0.5689622978753417,0.4039305805764558,0.005233930569705114,0.004231646467633188,9.667375555555557,0.0,1,0,2023-11-01,11724531
1698822000000000,0.23289806388521933,18.36763334107662,0.4792047587648398,1800,0.4880458678922629,0.44378704659883206,0.00045246089351569374,0.0010185403725918585,8.858909444444445,0.0005555555555555556,1,0,2023-11-01,11724531
1698823800000000,0.21799478391993324,17.757753536157733,0.4734455241985436,1680,0.5004802154628754,0.4299035541570617,0.003381322288812605,0.001091412379060075,9.721945833333333,0.0005952380952380953,1,0,2023-11-01,11724531
1698825600000000,0.17856012516298084,11.743923054919508,0.39515054892621015,1680,0.4287807129661133,0.451758617109952,0.008025503160350778,0.00033553476069492216,11.48241011904762,0.0005952380952380953,2,0,2023-11-01,11724531
1698827400000000,0.1786783691164764,20.62646945739204,0.5656630724023136,1800,0.5753707652642553,0.4295368865861374,3.6298537277823506e-05,9.94773370843749e-06,12.084479166666666,0.0,2,0,2023-11-01,11724531
1698829200000000,0.2018546220645102,15.550760666702773,0.5861477367570054,1800,0.5967926610825987,0.4239980630043376,0.00011852560479475027,5.8343002211969086e-05,12.253716666666666,0.0011111111111111111,2,0,2023-11-01,11724531
1698831000000000,0.18415548140089402,19.058026318433065,0.5596125131786583,1800,0.58994733074648,0.37281696045570745,0.000126961128313563,0.0009816161316705818,14.213496111111112,0.0005555555555555556,2,0,2023-11-01,11724531
1698832800000000,0.12677252854884022,14.82804067301814,0.5986962541912266,1800,0.5999265464009181,0.29134840056785494,0.0026807137799524927,3.66036638643763e-06,19.70465,0.0,2,0,2023-11-01,11724531
1698834600000000,0.20081129962440733,18.54751777371428,0.40704292386047825,1800,0.42962700143221333,0.39047465127639047,0.00017761343458033707,4.00984933091042e-06,9.755021666666668,0.0016666666666666668,2,0,2023-11-01,11724531
1698836400000000,0.22384659698495243,23.743087016035886,0.48037002411849405,1800,0.4906328274485825,0.3954832242696906,0.0009254221255761141,0.0002927775124123011,9.714074166666666,0.0011111111111111111,2,0,2023-11-01,11724531
1698838200000000,0.20244412020414393,14.495213069712344,0.34179163799491163,1800,0.3505564586930082,0.5884055388045079,0.0001553669756606535,0.0035618618680787195,10.444094444444444,0.0011111111111111111,2,0,2023-11-01,11724531
1698840000000000,0.19777255622274004,21.447577178409414,0.45807739853916263,1800,0.4765199310166194,0.35675974169817726,8.205115677228925e-06,5.31630443700859e-06,9.729405555555555,0.0016666666666666668,3,0,2023-11-01,11724531
1698841800000000,0.4122525647416366,12.273850573421665,0.24375892170147873,1800,0.26550440545162524,0.42858236542496464,0.0003932760057367979,0.00013010716520356347,8.225202777777778,0.01888888888888889,3,0,2023-11-01,11724531
1698843600000000,0.6534761502013761,20.91690541016478,0.3550209485342286,1800,0.37754205670412266,0.361216303698082,6.12414338523326e-05,0.0012423576992285357,4.899986666666667,0.045,3,0,2023-11-01,11724531
1698845400000000,0.7223607974541014,18.24409089891049,0.32447669855704653,1800,0.35443255069687307,0.40894467434361037,8.70654457193476e-05,0.0005861722327177299,6.8403697222222215,0.03777777777777778,3,0,2023-11-01,11724531
1698847200000000,0.38578336016052583,25.004462853320188,0.46230390247089537,1800,0.4809873892792781,0.3911432573218038,0.0001235760162611177,0.0002036402370003687,7.7530175,0.0044444444444444444,3,0,2023-11-01,11724531
1698849000000000,0.5999525594783716,11.726270514448208,0.2872914960766113,1800,0.3154543546817571,0.4146094609616443,0.00035999403357944715,0.00021988954426377383,7.510337222222222,0.03388888888888889,3,0,2023-11-01,11724531
1698850800000000,0.38246979417234805,22.482560632701794,0.44218364806523747,1800,0.46689242651070717,0.4870288884054085,6.056402880239009e-05,0.0005049835167648675,6.3222875,0.008888888888888889,3,0,2023-11-01,11724531
1698852600000000,0.24261291509780672,25.201025013667028,0.5396367529146935,1680,0.5750123433665532,0.3856707116947352,0.0005202217031318179,0.0013950539629753456,10.492667857142857,0.002380952380952381,3,0,2023-11-01,11724531
1698854400000000,0.22592977967166003,24.402129597980448,0.48281193384179655,1680,0.49154738895107264,0.3308478736860604,0.0017958891780703867,0.00028331252243884997,11.13648244047619,0.0,4,0,2023-11-01,11724531
1698856200000000,0.3267052181803496,21.04868098808078,0.4003361888229663,1800,0.4183338043676962,0.5119313271909085,8.751875888501903e-05,0.0011221796713308807,7.806384166666667,0.0044444444444444444,4,0,2023-11-01,11724531
1698858000000000,0.2346477440556902,20.708571340578278,0.5426067637730967,1800,0.5766596750179447,0.19476337221494178,0.00033602689078238157,0.0007343267538795217,12.223098333333335,0.0016666666666666668,4,0,2023-11-01,11724531
1698859800000000,0.25800140039984265,15.357701317494183,0.3690202879830681,1800,0.4105182122930635,0.45869104372578784,0.00235851448217006,6.275948896738992e-05,7.874935555555555,0.006666666666666667,4,0,2023-11-01,11724531
1698861600000000,0.36968753598066373,16.715340964129602,0.35069255552885714,1800,0.3990135628843001,0.40803543370026263,0.0033989682578403624,0.0009519759480671741,7.679851944444445,0.01,4,0,2023-11-01,11724531
1698863400000000,0.4533475013729782,25.990988628002267,0.4779135216211957,1800,0.5003814056109019,0.3285689180399003,0.0006135022711813987,0.001237059003587726,7.12622,0.019444444444444445,4,0,2023-11-01,11724531
1698865200000000,0.35719042558169467,28.871597534768828,0.5157691992368287,1800,0.5498921397314878,0.40300038980750064,0.0003186461990304368,8.041267899772109e-06,7.048690833333334,0.008888888888888889,4,0,2023-11-01,11724531
1698867000000000,0.37514986244580856,24.81383458335324,0.4092540553541777,1800,0.43053126550875087,0.46428497332195107,0.00019563210867545866,0.0009624488894437455,7.253659444444444,0.011111111111111112,4,0,2023-11-01,11724531
1698868800000000,0.3476272263340182,26.59206125248742,0.4910351784130975,1800,0.49390835422614643,0.4054249990533746,4.886089902833568e-05,0.0001459793690029576,8.857096944444445,0.005,5,0,2023-11-01,11724531
1698870600000000,0.6859292265378569,18.27692367542615,0.2660667815716077,1800,0.28842309507310737,0.3818231891495687,0.0001631358879388145,0.0010987834533466856,4.671698055555556,0.030555555555555555,5,0,2023-11-01,11724531
1698872400000000,1.2703259111927647,16.789693252316912,0.41642081684779164,1800,0.45107299032157466,0.41221063338099073,0.0005557048164157585,0.0001945693806361115,5.347829166666667,0.049444444444444444,5,0,2023-11-01,11724531
1698874200000000,0.6606079100357797,17.119796765225594,0.4576958663650901,1800,0.48689507127922915,0.44281211875594184,0.004891756549515569,0.0024423061856990724,5.002139722222223,0.0044444444444444444,5,0,2023-11-01,11724531
1698876000000000,0.6190188290823078,21.881048532878072,0.49460122516211513,1800,0.5305814384485201,0.36057405604560555,0.0023048658166834324,1.569692183522875e-05,4.967043611111111,0.010555555555555556,5,0,2023-11-01,11724531
1698877800000000,0.49361538499964847,27.514988638279885,0.5219706154839425,1800,0.541090150291502,0.42744238463040773,0.0007367123351120775,0.00039669712051837447,10.033141944444445,0.0022222222222222222,5,0,2023-11-01,11724531
1698879600000000,0.4033725215431887,30.85651684759885,0.5786078042423985,1800,0.5977611000757792,0.40248098115897946,0.00018139314795195816,0.0006107448364627288,6.842091944444444,0.0022222222222222222,5,0,2023-11-01,11724531
1698881400000000,0.4309740836126211,24.07317503524171,0.5745000484107006,1680,0.5869843349874784,0.3559161300298733,0.0003305586491447743,0.0005043315812525151,6.8646633928571426,0.0035714285714285713,5,0,2023-11-01,11724531
1701388800000000,0.30065562784277317,9.18329731615682,0.4706510481595293,1680,0.4732470803570382,0.4782459086845089,0.006632619524905792,0.0006671165964455827,11.787235416666666,0.0005952380952380953,0,0,2023-12-01,16942636
1701390600000000,0.2922508045347896,24.80645068714925,0.6608053609538396,1800,0.6866418964869212,0.3950118558280171,8.052102398159455e-05,0.00015943508673565976,7.988626944444444,0.0016666666666666668,0,0,2023-12-01,16942636
1701392400000000,0.28986411627833497,26.39100868405901,0.4189016815071537,1800,0.43049501960557,0.4320051421753037,0.0008614049780661936,2.914582116464448e-05,7.982971666666667,0.0022222222222222222,0,0,2023-12-01,16942636
1701394200000000,0.3690070994337159,31.180746598972217,0.6132114446301105,1800,0.6281818311327196,0.3517661848171255,0.0023935623948779794,0.0007970283537817036,7.495639722222222,0.0033333333333333335,0,0,2023-12-01,16942636
1701396000000000,0.3022776653869667,19.750520728996612,0.515214091165904,1800,0.5397740519290168,0.3948217684240668,7.409142645875555e-05,5.01824460815703e-05,8.16329,0.0011111111111111111,0,0,2023-12-01,16942636
1701397800000000,0.30000362911126655,22.174151620317883,0.5960187719145131,1800,0.6044393495733303,0.2906376621860587,0.0023268514796193074,0.0011387830588114323,9.465105,0.0016666666666666668,0,0,2023-12-01,16942636
1701399600000000,0.324388123746378,25.623987456239252,0.5098370735420323,1800,0.5216812646886684,0.48374889534983123,4.493533312932563e-05,0.0009274671285045555,7.987694444444444,0.0022222222222222222,0,0,2023-12-01,16942636
1701401400000000,0.34182213136898487,16.309440364558395,0.5191459683652799,1800,0.5392712536548704,0.5561288444586518,1.1062436755526761e-07,0.0012134375539974984,8.463396944444444,0.0005555555555555556,0,0,2023-12-01,16942636
1701403200000000,0.3756079082538625,15.61143078992561,0.5012707974590209,1800,0.5284348808395111,0.31330758392549285,0.00013393576398912366,0.002358030539111211,7.3717741666666665,0.0022222222222222222,1,0,2023-12-01,16942636
1701405000000000,0.434079233107913,26.37670199811183,0.5319052395631034,1800,0.5508424215146143,0.4643245607198677,0.00140110138673466,0.0014170179246290049,6.727115277777778,0.0016666666666666668,1,0,2023-12-01,16942636
1701406800000000,0.3497467082090197,22.343445488303296,0.6020598307354759,1800,0.6164617506823196,0.39573192930583756,0.00031352471772816415,0.00021828568773352153,7.6530825,0.0005555555555555556,1,0,2023-12-01,16942636
1701408600000000,0.34430184484031273,20.96165333198486,0.6610263310724667,1800,0.6671019030420413,0.3656509717725167,0.0033820131747931415,0.0040537057204949045,7.380247777777778,0.0005555555555555556,1,0,2023-12-01,16942636
1701410400000000,0.3306299720865986,13.933950366893711,0.4562997618184309,1800,0.4780400558268083,0.5350911565599339,5.161285553978434e-05,0.003166273143960563,7.903546388888889,0.0016666666666666668,1,0,2023-12-01,16942636
1701412200000000,0.30915591842936324,17.705499379719413,0.5461667845941475,1800,0.5567259732714751,0.4952542730781162,8.827414696754854e-05,0.002458967231203313,8.450289444444445,0.0005555555555555556,1,0,2023-12-01,16942636
1701414000000000,0.3934665156662615,21.609378673838133,0.47447651949490155,1800,0.477164628777458,0.44651900598192307,0.00011993990954761724,1.9175977546970202e-05,8.222831944444444,0.002777777777777778,1,0,2023-12-01,16942636
1701415800000000,0.3202575766935647,18.101405886237554,0.570015352229565,1680,0.5778043734505587,0.32441253925480973,0.0001649890393484732,7.23129931800015e-05,9.865450595238094,0.002976190476190476,1,0,2023-12-01,16942636
1701417600000000,0.3035710317837636,28.179579157066346,0.5708097311444457,1680,0.5824224010889325,0.20711125663977203,2.163179662617587e-06,0.00044512210034541866,10.58150386904762,0.0005952380952380953,2,0,2023-12-01,16942636
1701419400000000,0.3257939058016992,21.460037089581807,0.5357576033137423,1800,0.5439547448092303,0.5375632941382468,0.000401392344522411,0.0003790446339860809,7.615869166666667,0.0005555555555555556,2,0,2023-12-01,16942636
1701421200000000,0.6530085065963467,13.530495604578421,0.32917960886571973,1800,0.36069113734308966,0.23149499455664513,3.247775862624813e-05,0.001192383607333758,4.921911111111111,0.021111111111111112,2,0,2023-12-01,16942636
1701423000000000,0.4823288468418682,27.067566472047734,0.5311319948948279,1800,0.5361126136781813,0.382371282972951,0.0007392758152652279,0.00022575828918625085,6.265340833333333,0.0022222222222222222,2,0,2023-12-01,16942636
1701424800000000,0.5000995957892379,26.62738156600266,0.5800278139654496,1800,0.6007210425102625,0.22985218780400096,0.0015791131709941286,0.0018125167785743024,6.192162222222223,0.0044444444444444444,2,0,2023-12-01,16942636
1701426600000000,0.3244640801206008,27.040762430097853,0.6188458745808092,1800,0.6255047604239679,0.428514417530673,0.00017637564755579316,6.11115644603144e-05,8.442445555555556,0.0005555555555555556,2,0,2023-12-01,16942636
1701428400000000,0.35453612369787296,25.028008736783214,0.6403404365954347,1800,0.6467370420442972,0.4264968368512817,6.122534461239226e-05,0.0027230930157118305,7.59448,0.0011111111111111111,2,0,2023-12-01,16942636
1701430200000000,0.2964684739979252,19.524398892771043,0.6121782940727978,1800,0.6148138542429326,0.46357328406858633,0.0038547248232743136,0.0030319343814302346,8.957454166666666,0.0022222222222222222,2,0,2023-12-01,16942636
1701432000000000,0.36192064217124253,16.314043247341647,0.41695196673704826,1800,0.424898117202652,0.41004061799255853,0.0003092099655146452,0.0004901866759110529,8.239082777777778,0.0011111111111111111,3,0,2023-12-01,16942636
1701433800000000,0.413218617246302,25.616973145346577,0.4814494045092128,1800,0.48876664116295954,0.37218551567594726,0.0001169670052172389,0.00046787429093098076,6.3355508333333335,0.0033333333333333335,3,0,2023-12-01,16942636
1701435600000000,0.33658671865792344,21.8261105221136,0.6116171989464614,1800,0.6263452687554883,0.407323970375569,0.0004025911137877092,0.0016757968816767388,7.337334444444444,0.0005555555555555556,3,0,2023-12-01,16942636
1701437400000000,0.3763267984528751,20.536804541517053,0.6297707817548471,1800,0.6306911107322893,0.43236648281167267,0.0004205633303558942,8.20265696148681e-05,7.623239722222222,0.0005555555555555556,3,0,2023-12-01,16942636
1701439200000000,0.39587558720426463,20.249224904630985,0.5462634200387289,1800,0.5467064305957876,0.4011552932044654,0.002305450842679746,1.1138831483847866e-06,6.880780555555556,0.0016666666666666668,3,0,2023-12-01,16942636
1701441000000000,0.4588321394868729,28.593869517746036,0.6297887307652741,1800,0.6403448045603715,0.3665028644414944,9.620270079546689e-05,4.823400082376583e-05,6.315121944444444,0.002777777777777778,3,0,2023-12-01,16942636
1701442800000000,0.40117922992911936,25.00512214563176,0.5683344169900586,1800,0.5970057183572052,0.40395681024476937,1.8735060642649515e-05,0.00015163640852156046,7.041456944444445,0.0022222222222222222,3,0,2023-12-01,16942636
1701444600000000,0.42021099806542433,25.512574411341923,0.6443871118457749,1680,0.6674461489664861,0.47086321913900175,1.648037125179247e-05,8.342557324669819e-05,6.905412797619048,0.0017857142857142857,3,0,2023-12-01,16942636
1701446400000000,0.4487194217110646,22.19957932284515,0.5107988218764059,1680,0.5207223305407709,0.36424478104192504,5.2717252354561595e-05,0.00022168747199668992,7.194481845238095,0.002380952380952381,4,0,2023-12-01,16942636
1701448200000000,0.678657709481951,26.092361617300682,0.5318094363855262,1800,0.562743439454242,0.23256910039386702,4.3417678259549675e-05,0.0004920778570156603,4.956803888888889,0.017222222222222222,4,0,2023-12-01,16942636
1701450000000000,0.5006085665507349,22.722782637495104,0.6235242796608702,1800,0.6274532013765487,0.36637074325102315,0.0008003308103761153,5.559866245175016e-08,5.947407222222223,0.0044444444444444444,4,0,2023-12-01,16942636
1701451800000000,0.4155198006159322,30.10851884473021,0.6186426079269354,1800,0.6340543553600099,0.3815427084548987,0.0003866174258487787,0.0008540235488434522,6.552367222222222,0.0033333333333333335,4,0,2023-12-01,16942636
1701453600000000,0.44392918990319763,24.86162138917162,0.5666377712743749,1800,0.5790256062793296,0.2342956896502788,0.0012628228492393978,0.0018912626794040932,6.900252222222222,0.0022222222222222222,4,0,2023-12-01,16942636
1701455400000000,0.4079021842799014,19.78376254526642,0.5795351953551207,1800,0.6043783039227449,0.39708069802652923,4.881026731362592e-05,1.3188292218968556e-05,6.624856111111111,0.0011111111111111111,4,0,2023-12-01,16942636
1701457200000000,0.43102066266508965,28.01218428832785,0.5504694462860164,1800,0.5686415733244092,0.4311286261991585,0.0005207381229348496,0.0039844672592701524,6.440044722222222,0.0022222222222222222,4,0,2023-12-01,16942636
1701459000000000,0.3643285908939991,29.629387746090917,0.661053125344107,1800,0.6690014976256968,0.4148061250982169,0.0014826604114127617,0.0015426435186439713,7.745968055555556,0.0022222222222222222,4,0,2023-12-01,16942636
1701460800000000,0.3183817017232352,24.78102079748792,0.7356833128109362,1800,0.7408453693259325,0.3594718721180721,0.0002471340036522829,0.0017709764513128556,7.851134722222222,0.0011111111111111111,5,0,2023-12-01,16942636
1701462600000000,0.3648264453656847,28.95541468919753,0.6296725396063664,1800,0.6366208292778188,0.4772807973344134,0.0012779592582634614,0.001753297957397093,7.249646666666666,0.0022222222222222222,5,0,2023-12-01,16942636
1701464400000000,0.3849102327206074,19.052683880294087,0.6292177709554708,1800,0.6298390650395289,0.41181821078140846,0.00020577203732807803,5.716554871726398e-05,7.162419166666666,0.0005555555555555556,5,0,2023-12-01,16942636
1701466200000000,0.37732369331526555,13.69460010687562,0.5844970965348799,1800,0.6195220449494541,0.44136648764298814,0.00044307802050702616,0.0003478978617391659,7.528078333333333,0.0005555555555555556,5,0,2023-12-01,16942636
1701468000000000,0.4053065115038778,22.74588446198397,0.7230425176390674,1800,0.7302619325247075,0.4044176606748918,0.00035143252686209436,0.00025376623756123706,6.615354722222222,0.0,5,0,2023-12-01,16942636
1701469800000000,0.21156445791468806,11.593499350012777,0.3274316846662596,1800,0.32812905910395285,0.49867265376449044,6.981411046269592e-05,0.004182021689552173,9.887632777777778,0.0011111111111111111,5,0,2023-12-01,16942636
1701471600000000,0.3402105593912668,13.18118341486573,0.70221539120882,1800,0.706286092127002,0.5451919529435396,0.002499521829812945,0.002752334566651249,10.26538861111111,0.0005555555555555556,5,0,2023-12-01,16942636
1701473400000000,0.3083037193247901,12.621234960565781,0.35441210937376,1680,0.36595159919544806,0.4345644078069495,0.0006847826454503547,0.000639992080837315,6.991871130952381,0.0005952380952380953,5,0,2023-12-01,16942636
1704067200000000,0.3566690655104957,30.29457130684785,0.5302364432980826,1680,0.5417537273308553,0.39757694704480107,4.6948475509012155e-05,4.1858308741593575e-05,6.800928869047619,0.0011904761904761906,0,0,2024-01-01,11986235
1704069000000000,0.35577746191619836,22.04658136237588,0.6361997247139868,1800,0.6389096937277234,0.4681679788126264,0.0007541551362361121,7.629183421342667e-05,7.543715555555556,0.0005555555555555556,0,0,2024-01-01,11986235
1704070800000000,0.3409802931184791,18.530745292965104,0.6601784689439051,1800,0.6709024255394653,0.47714076501006986,0.005665787758456053,0.00111764199396025,7.998361111111111,0.0005555555555555556,0,0,2024-01-01,11986235
1704072600000000,0.4906279905919927,17.206210904378782,0.4562226946726665,1800,0.4618045998647342,0.5512837023339688,0.00013747216748527524,0.0008413369725153164,6.799237222222223,0.0038888888888888888,0,0,2024-01-01,11986235
1704074400000000,0.3657581767103155,25.4143907238745,0.6304002706006694,1800,0.6411160633333737,0.4715112235708213,0.00020284726185171298,0.0008990338458453317,8.074877222222222,0.0005555555555555556,0,0,2024-01-01,11986235
1704076200000000,0.34033460974560964,24.45693608036244,0.6744009997799292,1800,0.6855043386968129,0.5503799935987266,0.007085657439566795,0.003590554150754932,8.712345277777777,0.0011111111111111111,0,0,2024-01-01,11986235
1704078000000000,0.3356169678934037,22.443026674280436,0.5911522773418469,1800,0.6093601509211519,0.3550342329467451,0.004430118003601158,0.0023662199700129616,8.185796666666667,0.0005555555555555556,0,0,2024-01-01,11986235
1704079800000000,0.35851769065171607,13.808980953922749,0.45802123639456704,1800,0.47059529383368603,0.5454475733172324,0.003066189666587893,0.0005130452954323905,7.176351111111112,0.002777777777777778,0,0,2024-01-01,11986235
1704081600000000,0.3516877771031526,28.585192342522575,0.5998479652251579,1800,0.6218472777233148,0.3052031506867229,4.208869520083702e-05,0.00027620560253016624,7.977609722222223,0.0005555555555555556,1,0,2024-01-01,11986235
1704083400000000,0.37779995007553835,21.887624610435154,0.691924803161025,1800,0.7017737760122402,0.3877390155709268,3.6565232851781815e-05,0.0013407835921315225,6.8909400000000005,0.0011111111111111111,1,0,2024-01-01,11986235
1704085200000000,0.40921338756941233,10.752230125941637,0.6642975780443163,1800,0.6695017395232747,0.5510964109205976,4.3705036445462753e-07,0.000471903305906074,7.703111111111111,0.0005555555555555556,1,0,2024-01-01,11986235
1704087000000000,0.34177696765220006,17.73403323789973,0.6293630124201937,1800,0.6331031084868894,0.3951407415763386,0.001332571261281501,0.0016726721329145544,7.654823333333334,0.0,1,0,2024-01-01,11986235
1704088800000000,0.3306339529349065,20.894035607465085,0.6017380604899356,1800,0.6122390215144247,0.4891560119195809,0.0028085848697078086,0.002703406564897093,7.991656388888889,0.0005555555555555556,1,0,2024-01-01,11986235
1704090600000000,0.39056257506211955,13.184647702258701,0.5350957759261039,1800,0.5351007133239626,0.6500098165647119,4.349529522917894e-05,0.0015971176700756429,7.3917527777777785,0.0011111111111111111,1,0,2024-01-01,11986235
1704092400000000,0.4046780474864684,14.08294807588735,0.5105081206724469,1800,0.5108385536699998,0.6674296210944801,0.0021994448183397797,0.0019490229050624919,7.404936666666667,0.0,1,0,2024-01-01,11986235
1704094200000000,0.3663751228241048,16.740426063398743,0.6978141402023703,1680,0.697826965875758,0.4324228209550621,0.0017778562720079938,0.0010619839733503333,7.945954166666667,0.0,1,0,2024-01-01,11986235
1704096000000000,0.5088440315824475,4.260505244278426,0.518899465593301,1680,0.619302450120655,0.7021752747142145,0.0004783473159570839,0.005567825339083621,7.471088392857143,0.0011904761904761906,2,0,2024-01-01,11986235
1704097800000000,0.32033535496256554,22.9118911962467,0.5953864942474638,1800,0.6076042610553056,0.24849539391114261,0.003816249712342734,0.0012970764069366592,8.296580277777778,0.0,2,0,2024-01-01,11986235
1704099600000000,0.3478786668175864,15.241582589633932,0.538173066035167,1800,0.5495340645222058,0.519402594868853,0.0034001678739875585,0.0011371070810443085,7.74936,0.0022222222222222222,2,0,2024-01-01,11986235
1704101400000000,0.32711138224600167,21.814107832638246,0.5867739160125085,1800,0.6025219040552034,0.3731077991672894,0.0001970833320265042,0.0010151973873305797,8.40625638888889,0.0,2,0,2024-01-01,11986235
1704103200000000,0.3766481764286469,17.849213286151166,0.5765305858946219,1800,0.5835338111482177,0.49852730773808884,0.002626241334670265,0.001129159898739518,8.067274166666667,0.0016666666666666668,2,0,2024-01-01,11986235
1704105000000000,0.36134834154191314,12.591115435498724,0.5011389587409277,1800,0.5013081671338788,0.5210057718721783,0.00044578702880215815,4.639506232151369e-05,7.278810555555555,0.0005555555555555556,2,0,2024-01-01,11986235
1704106800000000,0.32069117863136737,15.051191569263915,0.5133786882264446,1800,0.5261990618901542,0.49622096862399767,0.0002508743405801317,0.00014260002547705763,9.044521111111111,0.0,2,0,2024-01-01,11986235
1704108600000000,0.35097490369302037,17.047586121939133,0.5548066817397562,1800,0.5571330868095286,0.4776920745444011,0.003914694193505874,0.00032369203747617536,7.908345000000001,0.0005555555555555556,2,0,2024-01-01,11986235
1704110400000000,0.3248012567107874,21.022858218831633,0.4861993532220159,1800,0.4939844113887074,0.5521638103165472,0.0016057752121853008,0.0011321889903166404,8.842436944444446,0.0,3,0,2024-01-01,11986235
1704112200000000,0.3451105340348644,23.05390164738528,0.5647906637495348,1800,0.5680550945373091,0.3589138872513238,0.000405183471448467,5.449051045225417e-05,7.037873611111111,0.0011111111111111111,3,0,2024-01-01,11986235
1704114000000000,0.314974610125735,25.371711449480546,0.5711749979928269,1800,0.5753909918031923,0.4735651888234943,0.0017314610018522858,0.00048341938785712024,8.242077222222221,0.0005555555555555556,3,0,2024-01-01,11986235
1704115800000000,0.28604678868700684,26.24844706877655,0.7313368925214652,1800,0.7350960062961578,0.32297301377173304,0.0029894524403812905,0.0011470843028746902,9.63933888888889,0.0,3,0,2024-01-01,11986235
1704117600000000,0.32380944805832557,15.694185882319974,0.45457582606181257,1800,0.47756929939399795,0.6097699652515329,0.0008133169453448108,0.0006525695742297666,7.459180277777778,0.0022222222222222222,3,0,2024-01-01,11986235
1704119400000000,0.31360644221766487,24.76703548434739,0.6188267539223142,1800,0.6402616215763616,0.4107278510662451,8.982206469310139e-05,2.8568268089834703e-05,6.855846111111111,0.0005555555555555556,3,0,2024-01-01,11986235
1704121200000000,0.2888769382680559,20.021241563823768,0.6864638287495421,1800,0.7008969098686022,0.42627079699174963,0.001985460026436181,0.00043211488600936043,7.3743541666666665,0.0005555555555555556,3,0,2024-01-01,11986235
1704123000000000,0.377882923167014,20.63453038914656,0.5734878126206628,1680,0.5780877462268552,0.4752218967159738,0.0011483729461172487,1.4947647683505316e-05,7.536965178571429,0.0017857142857142857,3,0,2024-01-01,11986235
1704124800000000,0.31339456964856505,33.15832950670362,0.6178742723797526,1680,0.6445702741860326,0.32184495537697244,0.0002493212411749379,0.0001314008272311762,6.603885714285714,0.0011904761904761906,4,0,2024-01-01,11986235
1704126600000000,0.2898794674531886,24.88891919250794,0.6390072327288928,1800,0.6577511307524175,0.41392684501968424,0.001419173900359616,0.00031135610909749367,6.601269444444444,0.0011111111111111111,4,0,2024-01-01,11986235
1704128400000000,0.31676416358874987,20.759559066168695,0.7281099366057571,1800,0.7305034052612875,0.45644026000881976,0.0002465604987513803,0.00016218349826957468,7.102796666666666,0.0005555555555555556,4,0,2024-01-01,11986235
1704130200000000,0.3039181606485562,13.524168292594167,0.4178698684251385,1800,0.42469760901228504,0.6517990720446356,5.865739684973725e-06,0.0006804111850222672,7.407077222222222,0.0,4,0,2024-01-01,11986235
1704132000000000,0.5156540384768427,26.788542887038414,0.48205520462730134,1800,0.49249457122925466,0.3477872113214674,0.00658304665287901,0.0005999726793725069,5.554800277777778,0.0044444444444444444,4,0,2024-01-01,11986235
1704133800000000,0.40140887522787133,16.178520722498174,0.5834135066597721,1800,0.6168417241090576,0.4795853554497469,2.1278567868709963e-05,0.0001483059023308364,5.817319444444444,0.0016666666666666668,4,0,2024-01-01,11986235
1704135600000000,0.41436120241774715,20.7546084864005,0.6004017485933726,1800,0.616900826506585,0.4188899048567286,0.00013335753946075446,0.002258446951563964,6.775299444444445,0.0016666666666666668,4,0,2024-01-01,11986235
1704137400000000,0.4943979372259136,32.94706045182907,0.5806728530515761,1800,0.5860069748427235,0.38998479665892605,7.926735530516815e-05,0.0020514201350417816,5.19395,0.005,4,0,2024-01-01,11986235
1704139200000000,0.5257826964712332,30.426715971847052,0.5304117718334853,1800,0.5499399219732566,0.31071562451299894,0.0007778351396670047,0.00010550928706298812,4.822552222222222,0.0022222222222222222,5,0,2024-01-01,11986235
1704141000000000,0.4277126367071312,20.28386811014222,0.4436811551566944,1800,0.4574705035455292,0.41723939916227193,0.0011701899132594562,1.8107903921427138e-05,6.950591388888889,0.002777777777777778,5,0,2024-01-01,11986235
1704142800000000,0.3940330221917536,24.1143997979017,0.5805145112384682,1800,0.603554340005128,0.4724079511910455,3.411472660064252e-05,6.621287636077167e-05,6.123631388888889,0.0016666666666666668,5,0,2024-01-01,11986235
1704144600000000,0.43131859789188487,30.39648702975071,0.668415141599368,1800,0.6788752165213459,0.34752806033155237,0.001495926660085689,1.2574281842536728e-05,6.1240966666666665,0.0022222222222222222,5,0,2024-01-01,11986235
1704146400000000,0.43284846863821114,21.699584938304696,0.6342607416484143,1800,0.6344172667564925,0.4461338727334482,0.007319838624245234,0.003456512513687948,6.439985555555555,0.0011111111111111111,5,0,2024-01-01,11986235
1704148200000000,0.29009547251025586,9.95499674741734,0.321678789319643,1800,0.36679721867435844,0.5987903763882865,0.013443349798075155,0.0025731454652825336,7.039568333333333,0.0005555555555555556,5,0,2024-01-01,11986235
1704150000000000,0.5180097787401768,24.964460794889373,0.5305128564215152,1800,0.5367440395593268,0.36165233129928087,1.2098583088704373e-06,0.002393669878289262,5.688430277777777,0.005555555555555556,5,0,2024-01-01,11986235
1704151800000000,0.5820309583095764,24.346256882573826,0.541852374377402,1680,0.5491108385215949,0.39095028833630285,0.000135371684968022,0.0005880016554434819,4.315433035714285,0.005357142857142857,5,0,2024-01-01,11986235
1706745600000000,0.654777324476813,18.924492089418557,0.46230311531568313,1680,0.4781360518391907,0.39789066965067765,0.0001328025926127241,0.0003674489055405239,5.049569642857143,0.002976190476190476,0,0,2024-02-01,30225310
1706747400000000,0.631232181932834,26.349508779832163,0.5822175920467927,1800,0.5932690769486371,0.38811686534578516,0.0048669067394506715,0.0043732615531008046,5.122779444444445,0.0022222222222222222,0,0,2024-02-01,30225310
1706749200000000,0.6567530008450734,8.803088291210353,0.5021173335240808,1800,0.5541246581353498,0.27652947142962436,0.0012200139197652282,0.0021341700094789084,4.3194413888888885,0.011111111111111112,0,0,2024-02-01,30225310
1706751000000000,0.7137824448930143,34.312004659028396,0.6241334894138855,1800,0.6272155589603459,0.28405686155945475,6.119232769496996e-06,0.000944866029954472,3.847391111111111,0.005,0,0,2024-02-01,30225310
1706752800000000,0.6778925960713855,25.4153493344777,0.5679108150603565,1800,0.5692548606471144,0.37946255384095096,0.00040464254657823773,0.0008430457774921685,6.073910277777778,0.0044444444444444444,0,0,2024-02-01,30225310
1706754600000000,0.6326964622044734,21.47282013509623,0.5334681815466755,1800,0.5437791290520602,0.6039992641823339,0.001005286036979136,0.0006949734786930728,4.8504125,0.002777777777777778,0,0,2024-02-01,30225310
1706756400000000,0.5349863347761525,26.833939941976777,0.6292997644477925,1800,0.6329050667084212,0.4150958015471108,0.001492537485390133,0.00019237042900988044,5.096080555555555,0.0005555555555555556,0,0,2024-02-01,30225310
1706758200000000,0.5784139284729484,28.636477336496363,0.6382707858800744,1800,0.6382831973029779,0.36817225096793527,0.001327030456251932,0.0008125273890283724,4.454038055555555,0.0005555555555555556,0,0,2024-02-01,30225310
1706760000000000,0.6299246194581473,19.58915921670107,0.6840698971194479,1800,0.6841017298847726,0.4289577352845799,4.0008289573734146e-05,0.00013188291521692985,5.146300833333334,0.0011111111111111111,1,0,2024-02-01,30225310
1706761800000000,0.5318623141830157,15.672621086091866,0.5283915118941811,1800,0.5461644705221804,0.41850083247003667,0.0010322280494933223,2.1166057133648053e-06,5.249613888888889,0.0011111111111111111,1,0,2024-02-01,30225310
1706763600000000,0.6564217090138932,18.689867219745167,0.4342432754947575,1800,0.4362436100502296,0.6256063789516697,8.73244054174771e-05,0.004556870132623958,5.294191111111111,0.0022222222222222222,1,0,2024-02-01,30225310
1706765400000000,0.5866552623975968,25.42852638523447,0.6900301457356367,1800,0.6941262889246794,0.4123738041276567,0.00045870827892091626,0.002534232866181374,4.943187222222222,0.0005555555555555556,1,0,2024-02-01,30225310
1706767200000000,0.5795017673159325,21.990010926598735,0.5353283680723653,1800,0.5413998073381064,0.4787477046079067,2.500738041089079e-07,0.0006227211039221414,5.036244166666666,0.0011111111111111111,1,0,2024-02-01,30225310
1706769000000000,0.5333539178667918,27.33314622376106,0.6084251524192965,1800,0.6173340180894844,0.45784731198530115,0.0004708134207750403,6.822077488455314e-05,4.925176666666666,0.0016666666666666668,1,0,2024-02-01,30225310
1706770800000000,0.48263252158232084,19.773657867119145,0.6468832854836468,1800,0.6491284202651673,0.38238392076539285,0.00020913211622586303,0.00020404794171824392,6.164670555555555,0.0,1,0,2024-02-01,30225310
1706772600000000,0.49789560091553575,20.539880037650846,0.6057896168907326,1680,0.6119072252037212,0.28873267370176203,0.0020492317179936492,0.0007908978641575359,6.169913392857143,0.0,1,0,2024-02-01,30225310
1706774400000000,0.5994947979672408,23.46805453656672,0.6890067317620356,1680,0.6923330704127411,0.4318047202584967,0.0026122572474786,0.0022235145766278386,5.527308333333334,0.0005952380952380953,2,0,2024-02-01,30225310
1706776200000000,0.5942076867166093,22.59922626122071,0.6445929920305566,1800,0.651564317700097,0.404953090050154,0.00020694857645520148,0.0004878373231096411,5.058901666666666,0.0005555555555555556,2,0,2024-02-01,30225310
1706778000000000,0.5938181161189819,19.060653892639333,0.5152990848336032,1800,0.523561055046715,0.4227417894526705,0.0003014691479307219,2.0100382710608322e-05,4.715603333333333,0.0016666666666666668,2,0,2024-02-01,30225310
1706779800000000,0.5738074376289221,22.502172394808788,0.6909853247431765,1800,0.6936857825219704,0.3750349699182298,0.003949599984231833,1.2615563060869306e-06,5.109107222222222,0.0011111111111111111,2,0,2024-02-01,30225310
1706781600000000,0.5625941639380364,15.788439915970805,0.4836257309823313,1800,0.4836257502071193,0.4510239377835865,0.00035447215558925826,1.8918336272988334e-05,5.917246111111111,0.0005555555555555556,2,0,2024-02-01,30225310
1706783400000000,0.5627294765581673,20.04521580626034,0.5498471094181321,1800,0.5643678488676129,0.3978931596140308,0.005595758679329377,0.0006636713758955137,4.984483055555556,0.0016666666666666668,2,0,2024-02-01,30225310
1706785200000000,0.6408496888940944,18.133135753020646,0.6786089640628983,1800,0.6789768481259794,0.47804553337877,0.0026498159052184,0.001801857423904707,4.705288055555556,0.0011111111111111111,2,0,2024-02-01,30225310
1706787000000000,0.5461155797049642,23.775536662337814,0.5570677049891293,1800,0.5650127412480185,0.395598649441562,8.321565380620122e-05,0.0005455185965330678,5.348983333333333,0.0016666666666666668,2,0,2024-02-01,30225310
1706788800000000,0.5809430627354121,15.50510017682771,0.496823021114413,1800,0.5099361579784782,0.4023676144625987,0.0060663330396785176,0.0019624291102111613,5.9345880555555555,0.005555555555555556,3,0,2024-02-01,30225310
1706790600000000,0.5169401828701232,24.575698479633708,0.565183719362239,1800,0.581785070278754,0.4328021452750006,1.9621684192339117e-05,0.0005603596776190267,4.756325277777778,0.0016666666666666668,3,0,2024-02-01,30225310
1706792400000000,0.6227184059250909,17.53881764672976,0.34033490042595405,1800,0.3403756795184333,0.6674295495069016,0.00047842980461432205,0.0006963305409818377,4.962736111111111,0.0038888888888888888,3,0,2024-02-01,30225310
1706794200000000,0.6060911700872698,22.7469405145987,0.575192600065223,1800,0.5875860110292588,0.4150152677416865,0.00023383365014972846,2.277661005412046e-05,4.266397222222222,0.0016666666666666668,3,0,2024-02-01,30225310
1706796000000000,0.6053053270905729,23.20229321128947,0.5313675388539294,1800,0.5326802484214035,0.4254640870526468,1.777433195293554e-05,9.77683342090474e-05,4.804074444444445,0.002777777777777778,3,0,2024-02-01,30225310
1706797800000000,0.665744282451684,27.37221815660928,0.4903840357023608,1800,0.5010797858834254,0.378420797327474,0.0004322149747107984,0.003749078747172563,4.403298055555555,0.005555555555555556,3,0,2024-02-01,30225310
1706799600000000,0.7609657471910879,14.677788430740534,0.4533767029705088,1800,0.48382495863446895,0.3931607029804972,5.1992618299467885e-05,0.00020345784200548334,3.86475,0.0077777777777777776,3,0,2024-02-01,30225310
1706801400000000,0.617305559429989,22.584743185851078,0.5026745784914282,1680,0.5177346282772421,0.3281828428600886,3.7833433697898045e-05,0.006549854505146224,4.216126785714286,0.0011904761904761906,3,0,2024-02-01,30225310
1706803200000000,0.614018562704408,15.223110346573339,0.45613897323595676,1680,0.4645517378609041,0.4703875127490076,6.855413554607281e-06,3.4533291008553846e-05,4.717624702380952,0.004166666666666667,4,0,2024-02-01,30225310
1706805000000000,0.5242524640509798,12.802428341449493,0.5147127660372355,1800,0.5446049184320931,0.4401421471345136,8.718863425771772e-05,0.00019576369594243026,6.809321944444445,0.0033333333333333335,4,0,2024-02-01,30225310
1706806800000000,0.6429184028615375,25.141146213206657,0.506940137413836,1800,0.5123482781922464,0.39240560114002243,0.0022574563680355375,0.0008504551008604588,4.773940277777778,0.005555555555555556,4,0,2024-02-01,30225310
1706808600000000,0.6468541717577458,23.853558023767814,0.5565006321342247,1800,0.5839607372843808,0.35054871197212745,9.823765045224864e-05,0.0006673227827099781,4.578383611111112,0.002777777777777778,4,0,2024-02-01,30225310
1706810400000000,0.6229061070358579,26.21695921505445,0.5311484144015285,1800,0.5438706070398529,0.4779865254422945,0.0009542416789309893,0.00033915275610052475,4.6318005555555555,0.0022222222222222222,4,0,2024-02-01,30225310
1706812200000000,0.5149056955994132,24.52908441911065,0.5557528472530009,1800,0.5834441963306092,0.3334988984438866,0.0001400725075921816,3.393670932960724e-05,4.841504444444444,0.0005555555555555556,4,0,2024-02-01,30225310
1706814000000000,0.5165674485916109,33.05506376690401,0.677478064559136,1800,0.6868937209662214,0.42279331695848665,1.6970621042888823e-06,0.00018532578261443167,5.002281388888889,0.0005555555555555556,4,0,2024-02-01,30225310
1706815800000000,0.7914553779306075,10.945179070276643,0.3741750978220807,1800,0.3809950801581783,0.6487360473622328,5.8513194343134955e-06,0.000561883983545064,4.410616388888888,0.007222222222222222,4,0,2024-02-01,30225310
1706817600000000,0.5838382862293355,24.811010946922046,0.6001134253339506,1800,0.6220677938805308,0.45609348978835873,0.0030324200481459673,0.0010295587891688829,4.5096155555555555,0.0033333333333333335,5,0,2024-02-01,30225310
1706819400000000,0.6110227033699477,21.555771188968382,0.6709113786381777,1800,0.691689685524388,0.3542737478513236,0.004209802654021821,0.0035343803735091717,4.498551111111111,0.005,5,0,2024-02-01,30225310
1706821200000000,0.6401930831198818,24.782089392028162,0.6016905879641434,1800,0.6141577306809631,0.5306011854456085,0.0010372042233448564,0.00017276866499260635,4.944093055555555,0.005,5,0,2024-02-01,30225310
1706823000000000,0.6276147193810062,19.180767502789998,0.6111159458369373,1800,0.6272522517021053,0.5331750312826666,0.0013921581026699048,1.5834183417773318e-06,4.115777777777778,0.002777777777777778,5,0,2024-02-01,30225310
1706824800000000,0.57125283451276,21.21228116878352,0.6071302596682224,1800,0.6141571234801408,0.44609840823627167,6.282413727909386e-06,1.4461713606750415e-05,4.464362777777778,0.0011111111111111111,5,0,2024-02-01,30225310
1706826600000000,0.48607641035431615,13.95104765353527,0.5264237431674847,1800,0.530905163239713,0.5173399634694349,0.020503422695250517,0.03553101553616256,7.618446111111111,0.0005555555555555556,5,0,2024-02-01,30225310
1706828400000000,0.5370609635446826,26.20685354907901,0.647161795449355,1800,0.6578017606660929,0.4583579894650568,3.324892929501555e-05,0.0007570677542909632,5.3423425,0.0011111111111111111,5,0,2024-02-01,30225310
1706830200000000,0.5644220602970452,17.890699151830155,0.5359616662274593,1680,0.5502055589230506,0.48152820619489056,7.010888713510077e-05,6.809366218329949e-06,5.318335714285714,0.0005952380952380953,5,0,2024-02-01,30225310
1709251200000000,0.9961682015559752,20.568684764125766,0.532680815313048,1680,0.5627446132087114,0.428864457072649,0.0005419968257552865,0.0019422028266355973,3.844569642857143,0.005952380952380952,0,0,2024-03-01,38973152
1709253000000000,1.0921292678055334,23.682556573656917,0.6453471329098727,1800,0.6768792726133513,0.34064783832443346,0.0010740083983818982,0.000629918229138493,3.554249444444445,0.005,0,0,2024-03-01,38973152
1709254800000000,1.0006769819120482,32.203645137160656,0.676514168591211,1800,0.6972827907988437,0.31485552732881117,0.00042847504638576783,0.0021077147345976988,3.9898352777777775,0.0033333333333333335,0,0,2024-03-01,38973152
1709256600000000,0.9936065670689814,22.416454768284726,0.6001940439913541,1800,0.6307272512379671,0.3669590815221476,0.0006078985274156068,0.0005321984440849192,4.386446388888889,0.0033333333333333335,0,0,2024-03-01,38973152
1709258400000000,0.8526011973072146,26.799168533689098,0.5838865364820129,1800,0.6078598545427947,0.3693848944279098,0.0012303053159513633,0.0011414686446524769,4.748016944444444,0.0011111111111111111,0,0,2024-03-01,38973152
1709260200000000,1.0098252519038917,36.88412602989327,0.66550842200635,1800,0.6798064864136726,0.2996110956512579,0.0021554665762679726,0.00342047048379146,3.8399905555555556,0.0033333333333333335,0,0,2024-03-01,38973152
1709262000000000,0.9309359911306914,35.43297884927671,0.6929180220217386,1800,0.6957936263434553,0.3265900735141505,0.0002760257179534875,2.6198840578084415e-06,3.8046616666666666,0.0016666666666666668,0,0,2024-03-01,38973152
1709263800000000,1.0941946518432035,25.460816716053532,0.5708011371988907,1800,0.5818099653796422,0.3917992307428979,0.005193558943077825,0.0026220256898022987,3.6157047222222225,0.0011111111111111111,0,0,2024-03-01,38973152
1709265600000000,0.8959627612392048,27.123309437838774,0.5857643603400204,1800,0.5945325807109341,0.40236617983554634,0.0037917146056815065,0.00324217940292848,4.408055,0.0016666666666666668,1,0,2024-03-01,38973152
1709267400000000,0.9224438065999527,21.819561081996305,0.5795836447077878,1800,0.5883636654322291,0.45547253317062397,0.0017181134549068,0.001950831451299595,4.2375919444444445,0.0022222222222222222,1,0,2024-03-01,38973152
1709269200000000,0.9031124211578049,21.5536907217551,0.6026064678983154,1800,0.6214900669926329,0.375776330619653,8.789657791197225e-05,0.0004660329218143522,3.862648888888889,0.0011111111111111111,1,0,2024-03-01,38973152
1709271000000000,0.9622085013419844,25.294049160258464,0.6058972107597547,1800,0.6145392215952492,0.4806289727636557,0.0017311842367596642,0.0038492833648925417,4.213693611111111,0.0044444444444444444,1,0,2024-03-01,38973152
1709272800000000,0.9254900779606143,20.531115630137226,0.588424785134446,1800,0.6168208861062132,0.3469360027941705,0.002233738009171593,0.0014316718180025223,5.17379,0.0038888888888888888,1,0,2024-03-01,38973152
1709274600000000,0.8939484462688769,27.717546340033987,0.6822954879701733,1800,0.7095594926551272,0.32677365448096585,0.0002710651226527361,1.1855221078160838e-05,4.562476388888889,0.0016666666666666668,1,0,2024-03-01,38973152
1709276400000000,1.024317041460957,27.92757622812893,0.6376074345990722,1800,0.6522325357427645,0.34606573896530335,4.287038410610844e-05,1.7783323928988182e-06,3.7460725000000004,0.0033333333333333335,1,0,2024-03-01,38973152
1709278200000000,1.1980542402302166,31.403917135636576,0.696845984488482,1680,0.7045835581394567,0.3441617146565774,0.004683131531897922,0.003718119842739287,3.753410714285714,0.004761904761904762,1,0,2024-03-01,38973152
1709280000000000,1.0100433231184673,26.396229063098552,0.641359013955269,1680,0.667302180464943,0.294342152343795,3.737714416540694e-05,0.00029687267379208127,3.9201916666666663,0.004166666666666667,2,0,2024-03-01,38973152
1709281800000000,1.1965734151970642,34.474116027287224,0.6066915329844855,1800,0.6168570230499355,0.3001331455164846,0.00211407659239915,0.0008328686000445007,3.7863669444444445,0.005555555555555556,2,0,2024-03-01,38973152
1709283600000000,0.9462077136696007,25.640444999273473,0.6543223252662704,1800,0.6564911056985732,0.30574283579823525,2.2915687849511812e-06,3.363661947619612e-05,6.901598611111112,0.005555555555555556,2,0,2024-03-01,38973152
1709285400000000,0.8214396758393715,21.87350599680255,0.6417589849665588,1800,0.6604323763247409,0.318620899319481,0.003523383563979965,0.003761016621353752,4.408731944444444,0.0005555555555555556,2,0,2024-03-01,38973152
1709287200000000,0.8731556908320518,20.29642997187299,0.6324818544787487,1800,0.647893709565402,0.37574088618348944,0.0009697266564148155,0.0014078060800607473,4.997974999999999,0.002777777777777778,2,0,2024-03-01,38973152
1709289000000000,0.9833522806302939,27.19994850114809,0.6401433900505284,1800,0.6577066205747086,0.37226205424892267,0.00024052067846380698,0.0013842983801501951,4.113935,0.0022222222222222222,2,0,2024-03-01,38973152
1709290800000000,0.8276725843206334,14.935516239737556,0.6140197101572813,1800,0.6620274273765929,0.19030197886588351,0.0009301810877890837,0.0010734460013197555,4.925578611111111,0.002777777777777778,2,0,2024-03-01,38973152
1709292600000000,0.8612087071219624,32.14888233897991,0.6856347796002036,1800,0.69046411564711,0.3008349997107732,0.00027385487198949843,0.0013135605069715117,4.594492499999999,0.0,2,0,2024-03-01,38973152
1709294400000000,0.7794180706904937,27.24792690175754,0.6321198553930538,1800,0.6397064154602576,0.2824747709595291,0.0003998877400513967,0.0012312239586917961,5.287505,0.0005555555555555556,3,0,2024-03-01,38973152
1709296200000000,1.1638972639272194,22.946767749093212,0.5428541560482347,1800,0.5584220100539977,0.3940332684879486,0.0006767240204728076,4.064982246032578e-06,3.692906111111111,0.005,3,0,2024-03-01,38973152
1709298000000000,1.2226683139209507,34.49784159351289,0.6536965206350167,1800,0.6678358537562357,0.34794175398683214,2.6032722093005667e-05,0.0006788716757749613,3.445348888888889,0.0044444444444444444,3,0,2024-03-01,38973152
1709299800000000,1.0769309167354442,35.835254889771925,0.7058078733322708,1800,0.7215363291404957,0.3422241526499047,5.335486716884219e-07,0.00022007516712796438,3.934135833333333,0.0038888888888888888,3,0,2024-03-01,38973152
1709301600000000,0.9074371080735828,29.437007845050687,0.6239064673689987,1800,0.6487650623207619,0.44261098735224746,0.00021900568776211937,9.285171520545532e-09,4.393231666666667,0.0044444444444444444,3,0,2024-03-01,38973152
1709303400000000,1.563338065751617,27.6469404289274,0.593811470562356,1800,0.6311238301371427,0.3902238455888368,0.002303546089913122,0.0007346086644129945,3.2651702777777776,0.02,3,0,2024-03-01,38973152
1709305200000000,1.1549528876457207,45.852004831862146,0.6885314120346677,1800,0.7111566233858231,0.3532791500713869,2.693094365291415e-07,0.0003398391533578904,3.7001852777777775,0.006666666666666667,3,0,2024-03-01,38973152
1709307000000000,1.2388007531398393,35.12262690483894,0.6770486167341261,1680,0.6903720700860763,0.2869718110335223,0.0004984335857428634,1.7530820170863493e-05,4.095772916666667,0.010714285714285714,3,0,2024-03-01,38973152
1709308800000000,1.0515309281745981,33.13517901925854,0.6566484465590794,1680,0.6724013955483246,0.34178145654076253,2.065556377051081e-07,0.000581160510066514,3.9235395833333335,0.006547619047619048,4,0,2024-03-01,38973152
1709310600000000,0.9652490210291493,29.434410943138275,0.649675700370437,1800,0.6601213414171465,0.32023908150241476,0.002440655395086755,0.00038027312368871247,4.751889722222222,0.006111111111111111,4,0,2024-03-01,38973152
1709312400000000,1.0000740573867968,29.496058475156392,0.6238850003374288,1800,0.6378928367453216,0.3733299239284369,0.0007382388346004465,2.758274046532616e-05,4.886363333333334,0.0038888888888888888,4,0,2024-03-01,38973152
1709314200000000,1.0497679842205467,15.779589206969828,0.5410102788150495,1800,0.5551328830589349,0.34671206153731504,0.0004787732078944673,0.0010562143307780714,14.481837777777779,0.0033333333333333335,4,0,2024-03-01,38973152
1709316000000000,0.834642634077757,30.679522994910645,0.632915320756763,1800,0.6506826335733369,0.3705159413243231,9.225268902679495e-06,0.0016370122092671524,4.4084119444444445,0.002777777777777778,4,0,2024-03-01,38973152
1709317800000000,1.1006670734139314,24.869224773997747,0.595823576443373,1800,0.6168245684785507,0.36566917775627084,0.00046367219417087213,0.0006136650378567587,3.845845277777778,0.0038888888888888888,4,0,2024-03-01,38973152
1709319600000000,1.0342271955895275,26.136051002357107,0.6112790563889223,1800,0.627360421667188,0.4005960568934652,0.0006259112716615611,0.0002784535287003731,4.3477033333333335,0.0038888888888888888,4,0,2024-03-01,38973152
1709321400000000,0.9136680766341745,23.602464066535077,0.6452866442728564,1800,0.6575480576756536,0.5017038615043534,0.0003970468604095334,0.003068475521805669,5.499166111111111,0.0011111111111111111,4,0,2024-03-01,38973152
1709323200000000,0.9771177796652523,20.8454607981856,0.6047157498532496,1800,0.6430839495076819,0.44156354958870414,7.918130450201843e-07,4.617047613708625e-05,5.6400274999999995,0.0044444444444444444,5,0,2024-03-01,38973152
1709325000000000,1.1382027152422793,27.174874259087083,0.6636898527431199,1800,0.6849404314062679,0.20283174695966733,1.7582392729531549e-06,0.00029261896970123047,5.095768611111111,0.006111111111111111,5,0,2024-03-01,38973152
1709326800000000,1.1645734051071823,22.505905791169642,0.5107771089506998,1800,0.5458877140879833,0.30584321598074493,0.0010555229415670775,4.205480877006451e-05,4.397532777777778,0.008888888888888889,5,0,2024-03-01,38973152
1709328600000000,1.213771031673055,33.11895179408173,0.6738405475328254,1800,0.6893182462564488,0.3056428447000761,5.1812958707153633e-05,0.00036270874640054185,4.577160833333333,0.005555555555555556,5,0,2024-03-01,38973152
1709330400000000,1.3636388231580505,19.683200583818266,0.5608024572769463,1800,0.5821012417937981,0.4887512087101916,0.005210604624078741,0.0026109976850063887,3.48605,0.0022222222222222222,5,0,2024-03-01,38973152
1709332200000000,0.9061129281757744,9.814212602667844,0.4140756719778461,1800,0.437979440447538,0.5136080805957677,0.0011083651014691664,0.000999734476753722,6.734385,0.0011111111111111111,5,0,2024-03-01,38973152
1709334000000000,0.8203974073678117,14.582973708441987,0.4982357696063501,1800,0.5669564005949316,0.37251251554079445,0.0003800663241627644,7.078971233864806e-06,8.61263,0.0044444444444444444,5,0,2024-03-01,38973152
1709335800000000,0.7480962953681923,16.49639817957374,0.47281544967965317,1680,0.5252835640016729,0.5033525558142097,0.00013635246673249224,7.01790074941755e-08,6.658747619047619,0.0035714285714285713,5,0,2024-03-01,38973152
1711929600000000,1.1728534647495652,17.732993041955066,0.4898503776959132,1680,0.529609761991922,0.3675372254708509,0.0002873890786345701,3.230058264636071e-06,3.409066369047619,0.002380952380952381,0,0,2024-04-01,12837492
1711931400000000,0.8915305528050304,26.849837485678023,0.6542198990548345,1800,0.6563814928246968,0.3611337428127306,0.0015755986214245343,0.0005243919697834887,4.421639444444445,0.0011111111111111111,0,0,2024-04-01,12837492
1711933200000000,0.8368064851607193,26.759937030931297,0.6131614603441446,1800,0.6287694488034465,0.25944688919735825,0.0007707192616303038,0.0004306879913208439,4.914830555555556,0.0033333333333333335,0,0,2024-04-01,12837492
1711935000000000,0.894835516047601,26.54610775578813,0.5922747244078727,1800,0.6038941234626971,0.3145172263974668,0.0043470252069595094,0.0016380318020847717,4.443785833333334,0.0038888888888888888,0,0,2024-04-01,12837492
1711936800000000,0.7788942212954341,26.78176787085071,0.7238890307367973,1800,0.7335881072820757,0.3122841854077,0.0009141246437373018,0.0008016233263098416,4.867605277777778,0.0005555555555555556,0,0,2024-04-01,12837492
1711938600000000,0.7497308937103113,26.292355705729406,0.7734319095651968,1800,0.7738053756738992,0.3264007848309133,0.0013878737342608582,0.0014177451767677374,5.356816388888889,0.0011111111111111111,0,0,2024-04-01,12837492
1711940400000000,0.6948379313764478,19.74436762041063,0.6617710867291344,1800,0.6819495083362553,0.20774049815264395,9.27416676488324e-06,3.840534566035281e-06,5.589669444444445,0.0,0,0,2024-04-01,12837492
1711942200000000,0.7084084314915791,21.429346452656453,0.6575491136006009,1800,0.682048337407492,0.36470298771977694,0.005447582614945268,0.0017894511633418375,5.897397222222223,0.0005555555555555556,0,0,2024-04-01,12837492
1711944000000000,0.7504960379012492,17.11896171741449,0.5398604904158071,1800,0.5644338824560963,0.4502900317321883,0.002588910985295456,4.013193466989584e-06,5.756973055555555,0.0011111111111111111,1,0,2024-04-01,12837492
1711945800000000,0.6812438709773273,30.299538494448505,0.6697851577297207,1800,0.6719162863926588,0.29688249894311114,0.006292967941918803,0.00340716926791218,6.151317777777777,0.0016666666666666668,1,0,2024-04-01,12837492
1711947600000000,0.746938894269224,28.598896441699704,0.6395353858727388,1800,0.651473685324562,0.2726757171708387,2.1299322022994005e-05,0.0007219861323141119,5.883604444444444,0.0016666666666666668,1,0,2024-04-01,12837492
1711949400000000,1.559384859545101,14.302979555948127,0.22803317331360273,1800,0.2933460913873768,0.2474578508864025,0.0002460157607128144,4.999494225732537e-05,4.186624166666666,0.16833333333333333,1,0,2024-04-01,12837492
1711951200000000,1.7662644132687095,19.609421571586882,0.4780527247790247,1800,0.517653193618679,0.2203543178970101,0.000909136851481307,0.0004005289379513943,3.6833861111111115,0.024444444444444446,1,0,2024-04-01,12837492
1711953000000000,1.0753861968584737,31.495296074169417,0.6048702246728856,1800,0.6196020569261933,0.24547488436373066,5.3225550565194624e-05,0.0009376730688498425,4.300369166666667,0.005555555555555556,1,0,2024-04-01,12837492
1711954800000000,0.8629663154485242,25.16892652700028,0.6077422650633857,1800,0.6190951322202207,0.27508466744033266,6.0240241413156426e-05,3.998882392231007e-05,5.498894166666667,0.006666666666666667,1,0,2024-04-01,12837492
1711956600000000,0.9666538838889773,27.523549078512772,0.6022273153010522,1680,0.6190922752431561,0.3908705166464719,0.000443859044902184,0.0009567259509245529,4.983256547619047,0.006547619047619048,1,0,2024-04-01,12837492
1711958400000000,1.069393869408727,32.00580433985513,0.6119804070356174,1680,0.6270833427007936,0.32494949156863606,5.7621440539890045e-05,8.95215347074263e-07,4.80676130952381,0.007738095238095238,2,0,2024-04-01,12837492
1711960200000000,0.8840038806113654,4.796745423688952,0.4587565390899231,1800,0.5947966845867805,0.3420019828480533,9.221107345469548e-07,2.2558033531794308e-05,4.674953333333333,0.009444444444444445,2,0,2024-04-01,12837492
1711962000000000,0.9089600956283422,26.23246903760068,0.7155820567240607,1800,0.7237568228783747,0.37881413358389415,0.0018744721105752316,0.00029376541400616407,4.599968055555555,0.0044444444444444444,2,0,2024-04-01,12837492
1711963800000000,0.842029111732439,21.21531711559545,0.6251015693811741,1800,0.6307688350856422,0.22238308111942506,0.0027490593656468443,0.0010513130964922013,5.310958055555556,0.0016666666666666668,2,0,2024-04-01,12837492
1711965600000000,0.9084031949419832,25.820070344566965,0.6184258478192772,1800,0.6252029955090936,0.23885837213313044,0.0007857449252990367,0.0008061538748798114,4.577238888888889,0.0033333333333333335,2,0,2024-04-01,12837492
1711967400000000,0.8178968931424361,26.804004325839706,0.6788779079717897,1800,0.6864864598909113,0.17822077853243135,0.00048460385353876756,0.00035260895728961295,4.990937777777778,0.0005555555555555556,2,0,2024-04-01,12837492
1711969200000000,0.8554460439578229,23.777501968182314,0.6014228301243355,1800,0.6238569524870594,0.14599488732086396,1.5173313854588422e-05,2.3144309306610822e-05,4.4769355555555554,0.006111111111111111,2,0,2024-04-01,12837492
1711971000000000,0.7854645875407303,25.946384919464492,0.5715618572695188,1800,0.5839592570070877,0.3176722255777851,0.007327756869872748,0.00039041842715259456,5.235176111111111,0.0022222222222222222,2,0,2024-04-01,12837492
1711972800000000,0.7873849304025783,21.571499901991395,0.660583608836875,1800,0.6817807140540155,0.31659074503085816,2.3758953459407373e-05,0.000809756309380405,5.365572500000001,0.0016666666666666668,3,0,2024-04-01,12837492
1711974600000000,0.7857764650984168,27.18621559983529,0.6810661150633203,1800,0.6902318023755472,0.2509713544134826,0.001512516819800025,0.00013290509463004252,5.496204166666667,0.0022222222222222222,3,0,2024-04-01,12837492
1711976400000000,0.8862672540688422,26.52613144712151,0.6180772472322531,1800,0.6330299646366535,0.30244130110677536,0.0019604746818132623,0.0015691262862292943,5.364006388888889,0.006666666666666667,3,0,2024-04-01,12837492
1711978200000000,1.1872668397723298,37.799507257885196,0.6461421363070534,1800,0.6562642108317895,0.2317727953364599,0.0006470468368746651,0.0032233662518721395,4.297655555555555,0.007222222222222222,3,0,2024-04-01,12837492
1711980000000000,1.1133616480354607,26.833381142996856,0.6123520711461305,1800,0.6353536261918868,0.2703559954396244,6.779689198099792e-05,9.447975932475039e-05,4.321596666666666,0.0038888888888888888,3,0,2024-04-01,12837492
1711981800000000,1.630208786656004,30.716131976882703,0.5311125375608972,1800,0.555643695333901,0.24149348421144468,0.0007898048684560344,1.3849205491300864e-06,3.482563611111111,0.04,3,0,2024-04-01,12837492
1711983600000000,2.389273741143304,26.38325284056319,0.5097713357563571,1800,0.5504262707594592,0.2295093413470255,0.00046229437305767007,0.0005549180612848259,2.5104625,0.06666666666666667,3,0,2024-04-01,12837492
1711985400000000,1.016277343607841,8.132194495684402,0.5744968326812351,1680,0.7002530503347995,0.23922217213807784,0.002063395839335569,0.00024658539639332844,3.7332220238095237,0.01607142857142857,3,0,2024-04-01,12837492
1711987200000000,1.2183125296084423,40.61728142178074,0.6495124075435339,1680,0.6653785213830292,0.22701930771378132,2.4952135395661657e-06,0.0022249561142656527,4.086898214285714,0.013095238095238096,4,0,2024-04-01,12837492
1711989000000000,0.9397714452090656,30.760005010282523,0.7127666840169237,1800,0.7285675837252058,0.21666791255141893,9.40938503971589e-05,0.00038793419312055377,4.7477175,0.0044444444444444444,4,0,2024-04-01,12837492
1711990800000000,0.9114980218368405,12.818477626020913,0.6645830528526782,1800,0.7055975056904118,0.2754735621451687,0.00040200906663789837,3.29972946396806e-05,4.749515277777778,0.0038888888888888888,4,0,2024-04-01,12837492
1711992600000000,0.8525988732682803,15.078628280515776,0.5715743519275291,1800,0.619155625820353,0.2922399442755257,0.0021482121359974737,0.005367519988860536,4.931914722222222,0.014444444444444444,4,0,2024-04-01,12837492
1711994400000000,0.8290772835867987,12.804274425280141,0.5936414582131957,1800,0.6601473907603279,0.31626598548631757,0.00010754852215300037,7.982603604905769e-06,5.103594999999999,0.011111111111111112,4,0,2024-04-01,12837492
1711996200000000,0.9194421616259962,27.443171671721725,0.6370466270804458,1800,0.6613154364216911,0.12105948177782666,0.0004476164373570235,1.1429536961315989e-07,4.5335825000000005,0.005555555555555556,4,0,2024-04-01,12837492
1711998000000000,1.0214284715387232,28.659501371978646,0.577069333307044,1800,0.5910119292283331,0.23709960492551263,3.143152480356015e-05,0.0011418170675613348,4.863070277777778,0.006666666666666667,4,0,2024-04-01,12837492
1711999800000000,0.8971774009511868,23.482559188007027,0.44929034989748606,1800,0.4622548391159226,0.523935226721042,2.5657326227390698e-05,5.8942165759301446e-05,6.495511666666667,0.005,4,0,2024-04-01,12837492
1712001600000000,0.923454825801716,24.21171383848242,0.6878246337929153,1800,0.7019955417856514,0.2811459673498379,0.0015017545721746073,0.00015122886046770034,12.126899722222221,0.002777777777777778,5,0,2024-04-01,12837492
1712003400000000,0.8565934367248478,23.925979703269977,0.588394645044845,1800,0.619847124524254,0.32981755893757736,2.077410957612713e-05,4.154717573778832e-05,4.98344,0.0033333333333333335,5,0,2024-04-01,12837492
1712005200000000,0.9424411599803688,23.445229914741827,0.4851520868376785,1800,0.5069618613872255,0.38747056464231255,0.010770056531731353,0.004552644608318834,4.265054444444444,0.006111111111111111,5,0,2024-04-01,12837492
1712007000000000,1.1192908295364163,16.026209365164377,0.45208364965838355,1800,0.4652901222130442,0.5121160767891184,0.009410564222377404,0.009649112358878442,4.2598825,0.0033333333333333335,5,0,2024-04-01,12837492
1712008800000000,1.0924468139248433,21.782276779173564,0.6009463319871606,1800,0.6267667322734445,0.4768219259438502,8.431826471699821e-06,0.0006052006420185219,4.038334722222222,0.005555555555555556,5,0,2024-04-01,12837492
1712010600000000,1.006912419015897,30.572502493318815,0.6222122368352094,1800,0.6417808668915749,0.35862472750781504,0.00010744792034445005,0.0001506974971321462,4.092228055555556,0.002777777777777778,5,0,2024-04-01,12837492
1712012400000000,0.9177307153089249,16.950668341368523,0.5925532432188574,1800,0.6150348929277218,0.43224987547826055,0.00011100670649877298,0.00030352623351614927,4.141568888888889,0.002777777777777778,5,0,2024-04-01,12837492
1712014200000000,0.7852400192386746,17.49367525828458,0.5685309147615297,1680,0.5993603914037057,0.3412814772256514,0.001266977821929749,3.6146878192755416e-05,4.792599107142857,0.0005952380952380953,5,0,2024-04-01,12837492
1714521600000000,1.1990240027537085,32.361295111809184,0.6349656809411893,1680,0.6433121555469663,0.33300153816537015,0.0003142189924459915,0.0020193945773226973,3.056789880952381,0.005357142857142857,0,0,2024-05-01,24341505
1714523400000000,1.2914902081487283,29.130900126342173,0.6812400710807376,1800,0.6967660059529996,0.35252307161808394,8.462615020965458e-06,3.4339527579252405e-06,2.8820566666666667,0.010555555555555556,0,0,2024-05-01,24341505
1714525200000000,1.328247692316714,27.421068150701437,0.60087020778908,1800,0.6174128818743462,0.31003800850080965,8.93054957081807e-05,0.0003648632445493183,2.9062755555555557,0.012222222222222223,0,0,2024-05-01,24341505
1714527000000000,1.3001549029046335,32.63390077567524,0.6511223079905422,1800,0.6608862231026595,0.3224411595919524,2.593343997747688e-05,0.0006521490778366168,2.742098888888889,0.005555555555555556,0,0,2024-05-01,24341505
1714528800000000,1.4322785054727103,37.2172377012018,0.5845333900503115,1800,0.5906625955467595,0.2954497420507667,0.0007252031060176467,0.0005109197687103162,2.549281666666667,0.01888888888888889,0,0,2024-05-01,24341505
1714530600000000,1.096497170561817,32.04454150715082,0.6758533671250837,1800,0.6880890923695908,0.3082159611873768,0.002921535952139287,0.0017573987849659467,3.0693813888888886,0.0033333333333333335,0,0,2024-05-01,24341505
1714532400000000,1.1320822968352937,28.050130003953193,0.6676797362427989,1800,0.6797730135600643,0.20861314651955676,0.002060842088997372,0.001644148299319248,3.0475766666666666,0.0033333333333333335,0,0,2024-05-01,24341505
1714534200000000,0.9516970998000205,17.547604226087547,0.6347104466646216,1800,0.6658321825281399,0.22781533869527626,0.002949512573508728,0.0013440668234881992,3.279588888888889,0.0011111111111111111,0,0,2024-05-01,24341505
1714536000000000,1.069582305541347,22.21999053790492,0.6642050632834146,1800,0.6776009294474713,0.42664122028592033,0.0015814625180855524,0.0017332172006653268,3.426277222222222,0.0033333333333333335,1,0,2024-05-01,24341505
1714537800000000,1.016881352958422,14.93569332922642,0.6049051857988863,1800,0.6331002483155681,0.4517450549594507,0.00022253697407947914,4.180115781415861e-05,3.5383033333333334,0.0044444444444444444,1,0,2024-05-01,24341505
1714539600000000,0.9786845753942888,21.747340312479704,0.5765825789808225,1800,0.5799283936118866,0.37854232018353884,0.0012336845138712915,0.00221174217691833,4.124948888888889,0.0011111111111111111,1,0,2024-05-01,24341505
1714541400000000,1.1759750429586682,16.33007867279206,0.6119078200262824,1800,0.6403739112529,0.40101375804172823,0.0007657242582771451,5.842698980318417e-05,3.299944166666667,0.005,1,0,2024-05-01,24341505
1714543200000000,1.1170052240391273,24.31681806453442,0.6043288743962467,1800,0.6270686249089752,0.3043119654875375,0.0003366033121264822,0.00012395773523721232,3.1670374999999997,0.005,1,0,2024-05-01,24341505
1714545000000000,1.2447921074292454,34.26347459615,0.6262882890991275,1800,0.6395263944244507,0.19805305154926967,8.030287088955923e-06,8.814139349944128e-05,3.1856008333333334,0.010555555555555556,1,0,2024-05-01,24341505
1714546800000000,3.3147492622090535,17.717559753972733,0.2557131955913112,1800,0.28025102843967686,0.132622422365841,0.001108424937976693,0.0005345033811356981,1.583575,0.1411111111111111,1,0,2024-05-01,24341505
1714548600000000,3.5804029515199334,31.824623980612184,0.5876337326896786,1680,0.6128956620511219,0.28564531510564006,0.0014076480514336742,0.0005848187596538823,1.539711011904762,0.0869047619047619,1,0,2024-05-01,24341505
1714550400000000,2.555421016277924,6.164475063789366,0.4083785667174915,1680,0.49397518450552136,0.17524828630016964,0.0037823230997290347,2.1735040839243602e-05,1.7171440476190476,0.09107142857142857,2,0,2024-05-01,24341505
1714552200000000,1.962601626575411,37.29616180679294,0.6215903957158485,1800,0.6311066105123196,0.30564378523121494,1.3305689314790925e-06,8.414586314664518e-05,2.153506388888889,0.025,2,0,2024-05-01,24341505
1714554000000000,1.5658416390021168,36.694910002987605,0.6395139768549607,1800,0.6584105456980623,0.25532315444467313,0.0004686238624931338,0.0013863272335825627,2.554432222222222,0.013333333333333334,2,0,2024-05-01,24341505
1714555800000000,1.3739724837405036,34.07961487309732,0.6769576710924925,1800,0.6889784962864373,0.2039224251196171,4.6080156972938546e-05,0.00012175072378328711,2.843535,0.007222222222222222,2,0,2024-05-01,24341505
1714557600000000,1.576958886379873,34.55655676487356,0.5961117559755033,1800,0.6007032535245114,0.2810984251336902,0.00015896496395084725,0.0013309254262687809,2.707144722222222,0.023333333333333334,2,0,2024-05-01,24341505
1714559400000000,1.3644838427439534,26.745942331311845,0.6464324147050303,1800,0.6589242234430956,0.2934506289749803,7.987830891220682e-05,5.121956248232973e-05,2.741678611111111,0.01,2,0,2024-05-01,24341505
1714561200000000,1.5259909507898697,28.57660022005309,0.5957146544476281,1800,0.6005581597955296,0.3978207536149485,0.001451289523866528,0.0003430378439377435,2.640711111111111,0.006111111111111111,2,0,2024-05-01,24341505
1714563000000000,1.3186422394992152,24.548219944799214,0.5743328025932167,1800,0.584078111142716,0.32647402945333337,0.0007939829080420013,0.0009910732218249008,2.7831844444444442,0.005555555555555556,2,0,2024-05-01,24341505
1714564800000000,1.530097824636884,36.13735151116064,0.5774190757801045,1800,0.589077751309774,0.28398807809634286,0.0004754148606842534,0.00011334948499097663,2.780597222222222,0.023333333333333334,3,0,2024-05-01,24341505
1714566600000000,1.2974810773400227,32.545542754350876,0.6113461016414229,1800,0.6218353355290398,0.29186952476017736,0.0018526510624713444,0.004522723566631082,3.440418888888889,0.008888888888888889,3,0,2024-05-01,24341505
1714568400000000,1.236673821720095,32.43312699244584,0.6574081399541386,1800,0.6741497078311052,0.2724322565070382,0.001535771909495165,1.666766887220561e-05,3.2349725,0.006111111111111111,3,0,2024-05-01,24341505
1714570200000000,1.808199223840907,33.485260720233285,0.6184094051746531,1800,0.63071978782964,0.20890105366484313,0.00375764058589112,0.0006461819087330012,2.671286111111111,0.025,3,0,2024-05-01,24341505
1714572000000000,1.686936140547593,27.824607235962592,0.5484615445439069,1800,0.5652690079823466,0.37959830516957627,0.00024748270431929065,2.1228870154987867e-05,2.490025277777778,0.01611111111111111,3,0,2024-05-01,24341505
1714573800000000,1.0620647436379163,8.91832219751727,0.5521882517562713,1800,0.6406410935512521,0.2386191868905656,0.002831564557010613,0.0020894501369572716,2.8396608333333333,0.005555555555555556,3,0,2024-05-01,24341505
1714575600000000,1.4853589867866948,19.71836177080079,0.5545938351073183,1800,0.5879415617487046,0.29790276510266644,0.00038206310212562933,1.1571002173860201e-05,2.76715,0.019444444444444445,3,0,2024-05-01,24341505
1714577400000000,1.4468579744375718,41.12979846554565,0.7280003534486756,1680,0.7332421109447478,0.23542431129213715,0.0015462959134210363,0.0016286210121466693,2.586510714285714,0.010714285714285714,3,0,2024-05-01,24341505
1714579200000000,1.6113843154499818,31.52924767935513,0.5849818126946362,1680,0.5979557459287177,0.34392721649020064,0.00013181389653060815,2.9502712342477366e-05,2.619566369047619,0.015476190476190477,4,0,2024-05-01,24341505
1714581000000000,1.3973389288168179,46.889453624241085,0.6963328870662775,1800,0.7064878192152602,0.2152910879340032,9.494512547170153e-06,0.0007254375071696906,2.5861197222222225,0.008333333333333333,4,0,2024-05-01,24341505
1714582800000000,1.4850257095668624,35.94452172125706,0.5929798501390768,1800,0.6045272704512263,0.23599268311445654,4.5710254658715144e-05,3.914724328035746e-07,2.7126505555555553,0.008888888888888889,4,0,2024-05-01,24341505
1714584600000000,1.4977923629882475,9.530752265138476,0.4530573128900348,1800,0.49264445536999957,0.24404199158432516,0.00014496009171049984,8.44220231333015e-06,2.599878611111111,0.015555555555555555,4,0,2024-05-01,24341505
1714586400000000,2.559299300763763,19.807745400459186,0.5321918636119825,1800,0.5596846171136969,0.2727557311997235,0.00016678273952464018,1.5445247852907684e-05,2.152006111111111,0.05388888888888889,4,0,2024-05-01,24341505
1714588200000000,2.716622238845115,28.244414897607715,0.5286715179850534,1800,0.5497533740614047,0.3510853199000694,6.503214883302189e-05,0.0008607159634369532,1.9988433333333333,0.07388888888888889,4,0,2024-05-01,24341505
1714590000000000,2.0448516194442647,15.888005184906648,0.6229195169807795,1800,0.6555050592664716,0.27905213433207277,3.7731973667742835e-07,3.800617056570754e-05,2.2183705555555555,0.042222222222222223,4,0,2024-05-01,24341505
1714591800000000,2.8241489233113537,19.283969409331014,0.4835670580640391,1800,0.5259343723762582,0.2797398781761391,0.0012179983763803692,0.00166960659219062,1.8208605555555555,0.07388888888888889,4,0,2024-05-01,24341505
1714593600000000,1.9208124615887625,33.227204675202636,0.5903606565262108,1800,0.595895938915218,0.34799160273302143,0.0007454663971812048,0.0005166923874219131,2.7243308333333336,0.020555555555555556,5,0,2024-05-01,24341505
1714595400000000,1.7587980461573898,27.178767124400075,0.5673576866223901,1800,0.5691690266388121,0.1631430064495586,0.0016529151096467132,5.6790624654912136e-05,2.481161111111111,0.008888888888888889,5,0,2024-05-01,24341505
1714597200000000,1.62870499480104,22.966186952013814,0.44014035012412767,1800,0.45119626522362755,0.4332361726980627,1.6958506131592443e-06,5.2702579183994125e-05,2.893036944444445,0.016666666666666666,5,0,2024-05-01,24341505
1714599000000000,1.5545641791074716,23.01609492318013,0.6368788695711973,1800,0.6476842237889757,0.26811472239273115,0.022183417491884128,0.0252439475019286,3.6431088888888885,0.0038888888888888888,5,0,2024-05-01,24341505
1714600800000000,1.7168237665833614,26.71490012054768,0.5353688248609942,1800,0.5398010803525559,0.3174938831711043,9.067281170027641e-05,5.9980689516514474e-05,2.6638147222222224,0.008333333333333333,5,0,2024-05-01,24341505
1714602600000000,1.4079743914182397,28.039817370131875,0.5970159709042653,1800,0.612581934938054,0.30912248144451815,4.149786053453397e-06,0.0008774781129193832,2.7436825,0.0077777777777777776,5,0,2024-05-01,24341505
1714604400000000,1.3055971375167108,27.028745527659016,0.6287784290152729,1800,0.6419792913895992,0.3655610098857388,0.0002189607358672463,0.00028347226743119514,3.0613752777777776,0.0038888888888888888,5,0,2024-05-01,24341505
1714606200000000,1.5114236195753263,16.310608956828567,0.32861753727588905,1680,0.3286549951524027,0.4990236865805858,8.22448510006124e-05,0.0004140943836929978,3.3220294642857144,0.007142857142857143,5,0,2024-05-01,24341505
1717200000000000,0.5845265639999297,11.54372022646189,0.5452622267486538,1680,0.585878927657762,0.49977683473064427,7.589344270098053e-05,4.367405311445083e-05,6.013425,0.0017857142857142857,0,1,2024-06-01,5596725
1717201800000000,0.4454756155250333,22.073015880360536,0.5336789527846761,1800,0.5577866863322366,0.316393611659216,0.0024107460093962807,0.0013757983523241535,5.940046111111111,0.0011111111111111111,0,1,2024-06-01,5596725
1717203600000000,0.3320660562915893,4.641269490390638,0.37621014756895854,1800,0.4984270889611764,0.4100331982630203,0.006371309965421679,0.000431636533647084,7.304286111111111,0.0022222222222222222,0,1,2024-06-01,5596725
1717205400000000,0.5712685213579839,15.086675336632744,0.6120086917978549,1800,0.6121424423527602,0.40957419287796193,0.000555859711261375,3.786736942457125e-06,6.532746111111111,0.0011111111111111111,0,1,2024-06-01,5596725
1717207200000000,0.5833462330542024,7.870977624495673,0.3498869505669219,1800,0.3727562070963546,0.465092778583738,0.003450382054487444,1.7736819337144105e-05,8.071715833333334,0.0011111111111111111,0,1,2024-06-01,5596725
1717209000000000,0.5024556101822637,14.499449282652408,0.612733727634269,1800,0.6219653768927838,0.4613328313631231,0.0015460383219727536,5.138208522204035e-05,5.6563888888888885,0.0,0,1,2024-06-01,5596725
1717210800000000,0.1468588853213728,5.645119571416894,0.24768431316479156,1800,0.4556567964540712,0.3861966302190446,3.5708027956826704e-05,0.0009332392173987403,11.162783055555556,0.0,0,1,2024-06-01,5596725
1717212600000000,0.2297825554536535,3.8057557137414606,0.22793431652976393,1800,0.346374355709563,0.6147877974684242,0.00022544999066587135,9.01216340531974e-06,7.614884444444444,0.0005555555555555556,0,1,2024-06-01,5596725
1717214400000000,0.2818364556782361,6.137023904165807,0.316622558614461,1800,0.456612141551746,0.44451110490273193,0.003442300383475705,0.0032024348026180594,6.906336666666667,0.0011111111111111111,1,1,2024-06-01,5596725
1717216200000000,0.34162463122488784,14.056457587715277,0.6196821299982432,1800,0.6388341314859566,0.33331429310483496,0.00019070928124254038,5.433783207464682e-05,5.847037222222222,0.0,1,1,2024-06-01,5596725
1717218000000000,0.3398429849235316,14.309454944561603,0.6129386501167506,1800,0.6288130783967615,0.3506339828993845,6.644698130886528e-05,6.960570124281418e-06,7.505188888888889,0.0005555555555555556,1,1,2024-06-01,5596725
1717219800000000,0.3808307216515099,15.550440165357216,0.46097310424788795,1800,0.4783813034471467,0.4952233464363749,0.0018660468081085346,0.0032555873335231578,6.674793888888889,0.0005555555555555556,1,1,2024-06-01,5596725
1717221600000000,0.20241435451567144,6.167967169540714,0.35433847795389883,1800,0.49599638098492116,0.4044974112318982,5.9520599914208994e-05,0.0005166297846107559,8.670928055555555,0.0005555555555555556,1,1,2024-06-01,5596725
1717223400000000,0.37429604281923784,6.934020413483638,0.5417043761798226,1800,0.585199855549219,0.48068620853752464,0.00010917978927893479,2.2649149538200852e-05,6.1439625,0.0005555555555555556,1,1,2024-06-01,5596725
1717225200000000,0.25477415355921457,5.229370108296957,0.45400831992304225,1800,0.486108350284843,0.4469758016024906,0.00250722213202903,0.00014952692316072547,6.9390475,0.0005555555555555556,1,1,2024-06-01,5596725
1717227000000000,0.5802793511146227,3.9120029439359914,0.20203775680454383,1680,0.20828194417075774,0.3348721315572195,0.00013552739401145875,1.4268678537598944e-06,6.442398511904762,0.0011904761904761906,1,1,2024-06-01,5596725
1717228800000000,0.26775748568448643,5.6022847718089,0.24179065421523316,1680,0.34549713390005876,0.5959526735141059,0.003490540386569041,0.00167691765894884,6.29512886904762,0.0,2,1,2024-06-01,5596725
1717230600000000,0.49776198594327553,10.283160678274179,0.4854963264186444,1800,0.5009603498340844,0.5404967467658883,0.0012416983775555002,0.0038501611973245087,7.142842777777778,0.0,2,1,2024-06-01,5596725
1717232400000000,0.31075106587458423,12.805245154427391,0.5296544074351968,1800,0.5547137435533802,0.3254136771662407,0.005791819606355775,0.0006495694974139044,7.762142222222222,0.0,2,1,2024-06-01,5596725
1717234200000000,0.3209417369139732,13.67455838612277,0.6930535729704126,1800,0.6981287698733873,0.30980512400286586,0.0009829471299356296,0.000926347146505635,7.877356666666667,0.0,2,1,2024-06-01,5596725
1717236000000000,0.32080572082058534,13.975315261974316,0.4297290063463268,1800,0.43792392991834406,0.5641262086374149,0.001356850073754523,0.002079390957646754,9.496693333333333,0.0005555555555555556,2,1,2024-06-01,5596725
1717237800000000,0.27631408170238536,8.449438360889236,0.2925786929933607,1800,0.3175907394351315,0.458456483560979,0.0006210942444843104,0.0010696188103946902,7.440809444444445,0.0005555555555555556,2,1,2024-06-01,5596725
1717239600000000,0.3439296109868743,13.633366956458747,0.7369626867892856,1800,0.7369856952131895,0.332404109689027,0.0013771112109851602,0.00022528864083437572,8.798279722222222,0.0005555555555555556,2,1,2024-06-01,5596725
1717241400000000,0.21510204929024637,7.076656621343906,0.5090289623898046,1800,0.5581627165182272,0.42732960066149794,0.0036535854332873097,0.0010914056444326636,8.075644444444444,0.0,2,1,2024-06-01,5596725
1717243200000000,0.19179136290281457,3.038895741875805,0.38919263393290493,1800,0.5824257708116172,0.3145471196988946,0.005847925256180719,0.0009951867099751155,11.171142222222223,0.0,3,1,2024-06-01,5596725
1717245000000000,0.41898291025936735,7.865754277025068,0.2727929703900247,1800,0.29829931714811575,0.6043046252379674,0.0016357011611398686,0.00041273577374179027,8.618246666666666,0.0005555555555555556,3,1,2024-06-01,5596725
1717246800000000,0.48147739255470595,10.632551487607966,0.402132394408518,1800,0.4061446415759783,0.6494631614262405,0.0034579922233006766,3.1289362748543326e-05,6.841534166666667,0.0011111111111111111,3,1,2024-06-01,5596725
1717248600000000,0.44520864584632164,15.41068219974364,0.6569687043812678,1800,0.6569693293768426,0.33419314955390844,0.0016748142347877693,0.0032803539795492886,7.264215,0.0005555555555555556,3,1,2024-06-01,5596725
1717250400000000,0.33260515630137943,15.542415227036086,0.5706733368597748,1800,0.576763927503982,0.4485277742239093,0.0013564040566103053,0.0013267995479077088,9.075464444444444,0.0,3,1,2024-06-01,5596725
1717252200000000,0.3867816289167689,13.51199767254551,0.5376084085363826,1800,0.5585413564548163,0.23126254582216033,2.0913666252231344e-05,0.00019470883467831435,8.568707777777778,0.0,3,1,2024-06-01,5596725
1717254000000000,0.27375809822439634,16.167481661725972,0.5360477858405965,1800,0.5503873670514774,0.2860367551791494,0.0020199155575396643,0.0025908997457476657,10.56870111111111,0.0,3,1,2024-06-01,5596725
1717255800000000,0.40349334833442957,12.82049196038347,0.6048048178354732,1680,0.608231211026158,0.5200613522007858,0.0028140854183364983,0.0015298710970539364,8.462136607142856,0.0,3,1,2024-06-01,5596725
1717257600000000,0.381583549624359,12.60726765945449,0.4849379130243686,1680,0.48962100590394797,0.3358686481628814,0.006840047146674411,0.005521722550408725,7.621689285714286,0.0005952380952380953,4,1,2024-06-01,5596725
1717259400000000,0.3422454410816917,9.43189814322574,0.5526149886008038,1800,0.579631428041201,0.512123544113914,4.730216088810746e-05,0.0010289173858009093,6.731376666666666,0.0005555555555555556,4,1,2024-06-01,5596725
1717261200000000,0.37626408677029616,14.127830243296625,0.42758166551069854,1800,0.4295183777700994,0.4571562709792888,0.0032851317216622267,0.0013727358991939553,6.474121944444445,0.0011111111111111111,4,1,2024-06-01,5596725
1717263000000000,0.5692123536151306,8.462878205572606,0.2748153599973123,1800,0.27503188949368573,0.6435343152131029,3.0099457409837882e-05,0.002120905003859197,9.083615277777778,0.0033333333333333335,4,1,2024-06-01,5596725
1717264800000000,0.4036759008189477,17.39750072969129,0.699151692698071,1800,0.6991545982790954,0.3221105694997767,0.004858675092107689,0.0015383301260568638,6.5030475,0.0,4,1,2024-06-01,5596725
1717266600000000,0.4200275839425328,20.608185556321498,0.8477944842559555,1800,0.8490830073610347,0.4229676669659098,0.0023740456557903578,0.0005801101731374159,6.750049166666667,0.0,4,1,2024-06-01,5596725
1717268400000000,0.35761488717364304,12.587292780083647,0.7760263881560472,1800,0.784519304741283,0.5601687731070324,0.0012750383006407962,0.0006320218290486457,7.164705555555555,0.0,4,1,2024-06-01,5596725
1717270200000000,0.38739271875449527,16.947773671765486,0.658222311214063,1800,0.6693007774330678,0.4509348517274123,0.0010894179144607108,0.007312114397662106,7.5114775,0.0005555555555555556,4,1,2024-06-01,5596725
1717272000000000,0.3622656297690705,12.086492698495796,0.6080946633747656,1800,0.6228288558707055,0.43166210123572246,0.00372133307802891,0.001391321704016124,7.4998869444444445,0.0011111111111111111,5,1,2024-06-01,5596725
1717273800000000,0.28452700419162524,18.55592409739453,0.775504615259213,1800,0.7775825900551401,0.2762948550697526,0.00026414774902361327,0.00018699164143132219,9.365131666666667,0.0,5,1,2024-06-01,5596725
1717275600000000,0.29376384375001924,9.426050091443168,0.5109342386432556,1800,0.5459023658277291,0.48426034607963586,2.610775086164807e-05,0.0003310872286653721,8.604665833333334,0.0011111111111111111,5,1,2024-06-01,5596725
1717277400000000,0.4585397039470199,9.938808445391325,0.6646027180024435,1800,0.6964857850887858,0.4387747108567127,0.03137700719290715,0.0016913785880587895,5.676229722222222,0.0,5,1,2024-06-01,5596725
1717279200000000,0.4235587063769249,13.94263707500941,0.4257435770659421,1800,0.45513933165410614,0.522990649509063,0.0012540970216261549,0.0006703261246445713,6.2118794444444445,0.0011111111111111111,5,1,2024-06-01,5596725
1717281000000000,0.3320811446395257,16.434944464193386,0.725779132153491,1800,0.725998460629022,0.3915359319385938,0.001508070530187755,0.000830903714785225,8.320491944444445,0.0,5,1,2024-06-01,5596725
1717282800000000,0.2922418902453265,11.400313845842257,0.5804497976372762,1800,0.6056520256405035,0.32546489925024924,6.570174283404562e-06,9.487297756516355e-06,15.555769999999999,0.0,5,1,2024-06-01,5596725
1717284600000000,0.2954217027940724,9.335494313683208,0.7114464408886023,1680,0.713277312264102,0.359469013092636,0.0045462680334852346,0.0027866683467400177,11.370659226190476,0.0005952380952380953,5,1,2024-06-01,5596725
1719792000000000,0.42712440411719266,31.409900992814862,0.6716756207942083,1680,0.6844142722900222,0.2849347563080106,0.0009212633573638662,2.4757784091722357e-06,9.371896726190476,0.0011904761904761906,0,0,2024-07-01,13488347
1719793800000000,0.4150409477861716,25.909866794571993,0.6853617691414502,1800,0.6868162755767813,0.31194603411627286,4.99696202038713e-06,1.3036969558344325e-06,10.92420888888889,0.0011111111111111111,0,0,2024-07-01,13488347
1719795600000000,0.6064138841191362,14.752177392184041,0.38286796942743717,1800,0.39190870068307404,0.30572282551713836,0.0018938462949904533,0.00028847742167226187,9.167487777777778,0.012777777777777779,0,0,2024-07-01,13488347
1719797400000000,0.4781969036540208,34.85392791087869,0.6494028436020534,1800,0.6531605673985661,0.22594601482841115,0.00253009537703075,0.0005066288837223265,11.184745277777777,0.0033333333333333335,0,0,2024-07-01,13488347
1719799200000000,0.6162249926053915,16.59137232889798,0.28302172822236393,1800,0.28931803910051623,0.6051344558719656,3.1865101224215486e-05,0.00027087897340738465,8.680615,0.005555555555555556,0,0,2024-07-01,13488347
1719801000000000,0.5221105672606701,22.182835735869222,0.5097371033366741,1800,0.5330962351727958,0.42359990753363785,0.0011735072452637718,7.930574432812865e-05,8.326906666666668,0.0005555555555555556,0,0,2024-07-01,13488347
1719802800000000,0.5274047590248672,21.04883703808994,0.4957077386319464,1800,0.52040557270248,0.5271356501136615,0.0046408651425708936,0.0056544545350090125,8.777102777777777,0.002777777777777778,0,0,2024-07-01,13488347
1719804600000000,0.45141910080248526,21.50674037495227,0.647523362219505,1800,0.6673471166059037,0.3247232328157752,0.001805839136323928,0.000346411896299359,9.494411111111111,0.0011111111111111111,0,0,2024-07-01,13488347
1719806400000000,0.39965487927697474,25.883840699365432,0.7376679557946659,1800,0.7469951209555681,0.2686986657157132,0.0005739673206600626,0.00016495820890460866,10.438458055555556,0.0,1,0,2024-07-01,13488347
1719808200000000,0.3625663981586424,18.060052998946993,0.6191216209060421,1800,0.6394131935436569,0.3927035387363552,9.21235542905574e-06,0.0003558527232362385,12.058667777777778,0.0005555555555555556,1,0,2024-07-01,13488347
1719810000000000,0.38499944579099055,22.812212290195557,0.7096062643482721,1800,0.7166326954781446,0.23407806950790322,0.0010867656394432101,9.856088268755947e-06,11.801631111111112,0.0005555555555555556,1,0,2024-07-01,13488347
1719811800000000,0.38553198280039364,27.212129748256213,0.7271014727835008,1800,0.7307900935545013,0.42240883013464514,0.002999836186342253,0.0006919128475793013,12.06296,0.0005555555555555556,1,0,2024-07-01,13488347
1719813600000000,0.37022049758944636,21.50449325247702,0.654497867944648,1800,0.6621723958560957,0.2179314654964386,0.0006814427930583733,0.0003151998678418977,11.70421611111111,0.0011111111111111111,1,0,2024-07-01,13488347
1719815400000000,0.3840957012221743,13.036193085305333,0.4924196555134085,1800,0.522984967567869,0.4328767173055834,0.0008022191822497637,0.0006010597755904401,11.110102222222222,0.0005555555555555556,1,0,2024-07-01,13488347
1719817200000000,0.39037686729695337,17.17273687304846,0.6477907860541523,1800,0.6677277292341224,0.2437145628732802,0.004447345262084124,0.0017192484459512825,11.047230555555556,0.0016666666666666668,1,0,2024-07-01,13488347
1719819000000000,0.3954143677406854,22.825488892930238,0.6289228950269514,1680,0.6446217866013969,0.2741621656237344,2.411080256892184e-06,0.00045101277048475996,10.167690476190478,0.0,1,0,2024-07-01,13488347
1719820800000000,0.42431974933814687,19.767231652724487,0.5309615829697552,1680,0.5429625027404559,0.3234683606216274,0.0015894154600780697,0.00037655641882594626,10.723872023809523,0.002380952380952381,2,0,2024-07-01,13488347
1719822600000000,0.4558872017561763,18.724817868402674,0.5679879784803168,1800,0.5702569945054986,0.31146444635766446,0.0002859906587837635,8.891319742720949e-05,10.68855722222222,0.0022222222222222222,2,0,2024-07-01,13488347
1719824400000000,0.3886242674153403,30.869867530188863,0.6432660180896846,1800,0.6512630732167266,0.2523337227071436,0.002449793286150026,0.0003770910005577166,10.753289166666667,0.0,2,0,2024-07-01,13488347
1719826200000000,0.3131151739342597,24.43905597592345,0.6909969820095256,1800,0.6950309824769626,0.33726846962271373,0.0022436915194457008,0.0033976156378244804,14.370211944444444,0.0,2,0,2024-07-01,13488347
1719828000000000,0.30134500417510734,14.238139486402353,0.5931263252611085,1800,0.6085544114695318,0.32425708759223193,0.0008529747412007183,0.0013237370884012778,16.03182027777778,0.0,2,0,2024-07-01,13488347
1719829800000000,0.30897586697867596,27.005240420534612,0.6775977888834124,1800,0.6866095233258449,0.1837908640473035,0.004054235372474957,0.0010298372427294256,15.47226138888889,0.0005555555555555556,2,0,2024-07-01,13488347
1719831600000000,0.40872725172278895,24.532710431818444,0.653256066925038,1800,0.6622530292264414,0.19217910350292322,0.0009122016979963288,0.0012987578562854152,11.950766944444444,0.0016666666666666668,2,0,2024-07-01,13488347
1719833400000000,0.36623771821405576,26.227733393061087,0.6055124828535097,1800,0.612368977947074,0.30205206318809474,0.003403939524826871,0.0012703190714263846,12.324410555555554,0.0011111111111111111,2,0,2024-07-01,13488347
1719835200000000,0.3404276834886343,31.54549255629898,0.6474403120523942,1800,0.6526660746918937,0.2579589397698939,0.0002817891195181499,0.0009723207522585042,13.37002,0.0011111111111111111,3,0,2024-07-01,13488347
1719837000000000,0.3478274567667026,26.265061055247518,0.6300940361854481,1800,0.6401369510129677,0.2703011592038954,5.483556680951907e-07,0.000557361568665371,13.415070277777778,0.0,3,0,2024-07-01,13488347
1719838800000000,0.3811687119890728,22.742769708392174,0.6617789979967925,1800,0.6907245791861398,0.2527198079810139,5.650666697920581e-05,0.00011554093028343093,13.48430138888889,0.002777777777777778,3,0,2024-07-01,13488347
1719840600000000,0.5353384504405123,32.808136600201095,0.5927332060449947,1800,0.610524359113596,0.3124821669180411,0.0011940899515884285,4.158820362787363e-05,9.174017500000001,0.005555555555555556,3,0,2024-07-01,13488347
1719842400000000,0.4916244286287146,29.264224938782156,0.6040435075059263,1800,0.6312243011008984,0.38143344269922863,0.00025832462418795554,0.0014954480964510797,9.901682222222222,0.005555555555555556,3,0,2024-07-01,13488347
1719844200000000,0.43638245012325094,34.18285619900432,0.6768939181777374,1800,0.6949815182096186,0.16468316685337026,0.000150073661040806,2.8241139999996e-05,10.214083055555555,0.0016666666666666668,3,0,2024-07-01,13488347
1719846000000000,0.4185943787401408,27.305074305709088,0.6401527132035061,1800,0.6474251745835642,0.2590537638474223,0.0006191080250415038,0.0005703768814555588,11.575084444444444,0.0011111111111111111,3,0,2024-07-01,13488347
1719847800000000,0.4071776024895945,24.590400615985786,0.6815847479333201,1680,0.7007201599509221,0.22409473938219526,0.00027053259939224805,0.0005721006812576812,11.436692857142857,0.0011904761904761906,3,0,2024-07-01,13488347
1719849600000000,0.46557519813995046,27.243086546016436,0.6028618610585665,1680,0.6267960257939102,0.24442659720986426,2.392891602776004e-05,0.0009664903554230664,10.830813988095239,0.004166666666666667,4,0,2024-07-01,13488347
1719851400000000,0.495498342534656,29.117211542714248,0.6671885713805888,1800,0.681230184571292,0.14745625983235788,0.0006105963032265738,0.001893931594161069,9.733193333333332,0.0022222222222222222,4,0,2024-07-01,13488347
1719853200000000,0.4180240630614047,33.484653795008796,0.6770303073488949,1800,0.6782880280478905,0.15453781013298307,2.780786712008876e-10,5.540259210845555e-05,12.270561666666666,0.0011111111111111111,4,0,2024-07-01,13488347
1719855000000000,0.492483856194923,29.79889671608206,0.5421165272914359,1800,0.560130584961279,0.24186813692138087,0.0021298999688599274,0.002185588220307122,9.201785,0.0033333333333333335,4,0,2024-07-01,13488347
1719856800000000,0.4453478445241195,27.882963281012927,0.6018945907985607,1800,0.6182677717444254,0.21922272966439482,7.343489805133885e-08,8.277648077537059e-06,9.857010833333334,0.005,4,0,2024-07-01,13488347
1719858600000000,0.3973335105186403,31.136901332806556,0.6657514131372604,1800,0.6812950408502509,0.2476061165917266,0.0004124274675244566,7.986480550226105e-06,10.924929166666667,0.0022222222222222222,4,0,2024-07-01,13488347
1719860400000000,0.4172116526568785,32.75780650776357,0.7034622674668487,1800,0.7088168135410878,0.24150213850777846,0.0011549218779691728,0.0011914698843210614,10.211724722222224,0.0033333333333333335,4,0,2024-07-01,13488347
1719862200000000,0.4667672718642227,21.515773703741313,0.4229742637868623,1800,0.425577499876329,0.4918886568550036,0.0010074447082291105,0.00020081425507301187,10.102347777777776,0.0022222222222222222,4,0,2024-07-01,13488347
1719864000000000,0.4339543236442865,18.15303541698499,0.5909894633443098,1800,0.6101482509179748,0.2908798391279378,0.0015489369101993056,0.0008697808193820489,10.65990388888889,0.0011111111111111111,5,0,2024-07-01,13488347
1719865800000000,0.41047643395864997,19.838305870457614,0.5836320961564638,1800,0.6032384388044167,0.27589207897618884,0.00018772088134166864,0.0005015302122108878,11.55427,0.0,5,0,2024-07-01,13488347
1719867600000000,0.32001811647345296,9.500453557933305,0.6520263880682938,1800,0.6520963070687917,0.42675540646815235,0.0004690864409017115,7.583189120086153e-06,13.176121388888888,0.0005555555555555556,5,0,2024-07-01,13488347
1719869400000000,0.7012467099489911,8.22628678013384,0.38412662873397874,1800,0.38645280372528723,0.6682009009486867,0.0036153821989882706,0.00028535468718560164,5.5816225,0.0,5,0,2024-07-01,13488347
1719871200000000,0.5051503606520078,14.912682226219683,0.5106362008187909,1800,0.5121653310625119,0.31551365276568244,0.00017467089692924098,4.5068514325730114e-05,9.94867,0.0038888888888888888,5,0,2024-07-01,13488347
1719873000000000,0.4032550827825136,28.550824046645026,0.5290180548457089,1800,0.5347761852686393,0.26000949097473847,0.0007845892508165919,0.0005982449221206831,8.885644722222223,0.0011111111111111111,5,0,2024-07-01,13488347
1719874800000000,0.38905466585383364,18.711097726826733,0.7094392750324008,1800,0.712804733729258,0.38224395141230916,0.0008501154031329561,0.000762065230833664,13.86795888888889,0.0005555555555555556,5,0,2024-07-01,13488347
1719876600000000,0.3929830336154592,18.159383720996626,0.6142002464319762,1680,0.6238737924889641,0.2807905478011593,0.002386835809280896,0.0011223773582337282,10.102159226190475,0.0017857142857142857,5,0,2024-07-01,13488347
1722470400000000,0.5699881541361207,22.579039219261382,0.5559885020874132,1680,0.5643525726880952,0.25616201437059205,0.00037198953311734506,0.0018120433371991984,8.633872619047619,0.004761904761904762,0,0,2024-08-01,23427124
1722472200000000,0.665841952612198,30.289849317631823,0.7053408905154949,1800,0.7208103644373953,0.1590375575020201,0.00039500065310171806,0.0009259660796313574,6.609052222222222,0.0038888888888888888,0,0,2024-08-01,23427124
1722474000000000,0.5709011122113539,28.581577049205737,0.7100595375193464,1800,0.7146289659661275,0.2446664618827432,0.00028775080887344373,0.0015381441110875471,7.998651388888889,0.002777777777777778,0,0,2024-08-01,23427124
1722475800000000,0.617554535096583,28.30756579391855,0.5642341897386434,1800,0.5729198095775565,0.16864020103513733,3.912557639240699e-05,0.0010029002301441547,7.045778055555555,0.0033333333333333335,0,0,2024-08-01,23427124
1722477600000000,0.6075610885239303,32.08211886801279,0.592074023092434,1800,0.6097218831409478,0.24557783842295966,3.243769112459827e-05,1.0051845862557585e-05,8.048890833333333,0.0044444444444444444,0,0,2024-08-01,23427124
1722479400000000,0.5641537492737398,35.73093555323307,0.7347357632202892,1800,0.7421616861479718,0.2242458047383954,0.0010223295539022459,3.458844764914204e-05,7.941599722222222,0.0038888888888888888,0,0,2024-08-01,23427124
1722481200000000,0.5369066307321123,37.55968117373601,0.7185302941076088,1800,0.7342122962238105,0.15305038112264457,0.0007146648012669177,0.0007988290288404309,10.635950555555555,0.005555555555555556,0,0,2024-08-01,23427124
1722483000000000,0.5436978135315546,31.785751862192452,0.7238093228917096,1800,0.7272791152144502,0.22886274170027576,0.0010564718673291562,0.00013039199097220067,9.75863361111111,0.0005555555555555556,0,0,2024-08-01,23427124
1722484800000000,0.5396528398538847,36.03857160493869,0.7272782711908656,1800,0.734748365911075,0.16927388455489245,0.000590933571285146,0.0008122926888349813,10.877195277777778,0.006666666666666667,1,0,2024-08-01,23427124
1722486600000000,0.5002634462611081,44.63618724034352,0.7369708112050244,1800,0.7420753793864624,0.06836977347549755,0.0011180754106711044,0.001583143072014681,12.947710277777777,0.005555555555555556,1,0,2024-08-01,23427124
1722488400000000,0.4588197138977978,26.620216986700864,0.41260375092762636,1800,0.4163637525768268,0.2647441708882372,0.000207135071639164,0.0011627654713481927,19.885782222222225,0.0038888888888888888,1,0,2024-08-01,23427124
1722490200000000,0.40100890309618614,29.383712610136275,0.5868574763097565,1800,0.5973982375520419,0.21211977727805342,0.0009885387295845982,6.812070158557226e-05,10.461913611111111,0.0016666666666666668,1,0,2024-08-01,23427124
1722492000000000,0.4593607571539095,23.585310736224553,0.6221247546706415,1800,0.6295855734212583,0.14884029359133555,3.2712998976336394e-08,8.357126312619201e-05,10.795504444444445,0.0038888888888888888,1,0,2024-08-01,23427124
1722493800000000,0.41633817158738007,17.526897751768388,0.455287279785188,1800,0.48288207828144625,0.4379961806656322,0.00017142475945675084,0.00018276888320889473,9.906901388888889,0.0022222222222222222,1,0,2024-08-01,23427124
1722495600000000,0.48607845394473304,14.138360441891397,0.5277330929335879,1800,0.5396075154294915,0.4772376235698653,0.0004820488275399937,0.000169841451749142,9.851133055555556,0.002777777777777778,1,0,2024-08-01,23427124
1722497400000000,0.4069245902569657,24.97233803956319,0.7237759457537457,1680,0.7491120726760083,0.20317105199312557,0.0002964443971033015,0.0005257713387941676,9.736278273809525,0.0005952380952380953,1,0,2024-08-01,23427124
1722499200000000,0.4545646329092043,10.883186901348513,0.6444060050406144,1680,0.645332661148524,0.30548220952072647,7.490879928229166e-05,0.00022435349830907114,10.894048511904762,0.0011904761904761906,2,0,2024-08-01,23427124
1722501000000000,0.398284405744819,25.065218617426282,0.6903053922493112,1800,0.7097002860304173,0.24976749887335836,0.0011988807735312523,0.00023041441643190108,9.559109722222221,0.0011111111111111111,2,0,2024-08-01,23427124
1722502800000000,0.48898161352568975,22.64460989773362,0.6177431311094366,1800,0.6206801614787266,0.24683761076764787,0.0001752011803499709,8.362732186451005e-05,9.246035000000001,0.0005555555555555556,2,0,2024-08-01,23427124
1722504600000000,0.47614039583959966,14.955184886905226,0.6176113286978423,1800,0.6408913256820004,0.24907027312696273,8.792344867958324e-05,0.0005205835266437475,9.029498055555555,0.0005555555555555556,2,0,2024-08-01,23427124
1722506400000000,0.5267728931266399,27.708684523513,0.5373509666953749,1800,0.5486783868406462,0.4127170635383949,2.009665159641294e-05,6.384461845998501e-05,9.25384,0.0005555555555555556,2,0,2024-08-01,23427124
1722508200000000,0.4766000895645166,18.78556842934889,0.6710262627594309,1800,0.6742785048360306,0.18542815344747532,3.2239707922765426e-05,1.3661207753923321e-06,9.240891111111111,0.0,2,0,2024-08-01,23427124
1722510000000000,0.48263238192756164,29.880913581964816,0.6581030090852744,1800,0.6638187967366638,0.22278446320626055,0.0009108552293822791,0.0013344115839570847,10.07273861111111,0.0005555555555555556,2,0,2024-08-01,23427124
1722511800000000,0.5857007584959913,22.83897626086859,0.6145935664233197,1800,0.6272348150110701,0.2923067464682467,0.001908324509216408,0.0013281657561349247,9.438443333333334,0.0016666666666666668,2,0,2024-08-01,23427124
1722513600000000,0.5419340208047795,13.508395728914717,0.5321681945476504,1800,0.5350422251695826,0.39936213075986016,0.0012885061767758943,0.00022683436156489822,9.699254444444444,0.0022222222222222222,3,0,2024-08-01,23427124
1722515400000000,0.5607282337935438,23.5290903372099,0.6724089246650384,1800,0.691837558730632,0.15977085116994205,0.0016539502737024092,0.0002105974676227529,9.184301944444444,0.002777777777777778,3,0,2024-08-01,23427124
1722517200000000,0.5123489096284856,25.303268804938394,0.6247766812245121,1800,0.6407716485748232,0.27618953033639604,0.0022667220485739215,0.0031918506890421527,9.827682222222222,0.0022222222222222222,3,0,2024-08-01,23427124
1722519000000000,0.5130905429966287,23.494159494770287,0.6524354651483484,1800,0.68742268574038,0.24101271909347188,0.00017510874472825844,1.5054301442107842e-05,9.634265833333334,0.0033333333333333335,3,0,2024-08-01,23427124
1722520800000000,0.5298040783937382,29.846705312318083,0.6712497620881199,1800,0.7006018375165778,0.16625655985682297,7.447693975648484e-06,8.515411407084006e-05,9.578852777777778,0.002777777777777778,3,0,2024-08-01,23427124
1722522600000000,0.4855030087644202,30.368586352445167,0.5863400727187073,1800,0.6128880804941026,0.12202370891029146,0.0016691896847785825,7.816826409334787e-05,10.96107638888889,0.006111111111111111,3,0,2024-08-01,23427124
1722524400000000,0.8308401551209083,29.215535399963276,0.4792365462134871,1800,0.4934204823005608,0.3001677620049784,0.00011473433703712566,0.00031416958313357224,9.238500555555555,0.03388888888888889,3,0,2024-08-01,23427124
1722526200000000,0.831596602596063,29.7535900935518,0.569279399920472,1680,0.5721102357835066,0.2466857029037297,0.003917660145720814,0.004639981541079474,8.484575595238095,0.014285714285714285,3,0,2024-08-01,23427124
1722528000000000,0.7228698402260398,44.36012065681099,0.6796003056093618,1680,0.6973702447424917,0.2321576498182979,0.0006378555595423219,0.0013232806735968827,6.05988005952381,0.020833333333333332,4,0,2024-08-01,23427124
1722529800000000,0.6272108681137186,44.89539648505576,0.6958149570191301,1800,0.7106212688935474,0.19501483503983452,0.00012745583258477744,0.00015770081947519277,7.315635555555556,0.009444444444444445,4,0,2024-08-01,23427124
1722531600000000,0.5705658194762103,53.19487663954111,0.7166493409322101,1800,0.7288650782404925,0.1503575264011876,7.533211528798489e-06,0.00031342638605613704,8.17532138888889,0.0077777777777777776,4,0,2024-08-01,23427124
1722533400000000,0.7148473882777424,14.47810886928409,0.36325099345137435,1800,0.36325119631886227,0.05679553828579531,0.0013040507287754854,0.00026151377038963197,14.814296944444443,0.013888888888888888,4,0,2024-08-01,23427124
1722535200000000,0.6316301464665325,23.7721692121171,0.6601679499091495,1800,0.6611527485859192,0.2552158400038159,7.171411838580166e-05,0.00020991758206667654,18.723931666666665,0.007222222222222222,4,0,2024-08-01,23427124
1722537000000000,0.5527305628658045,32.74001152541497,0.6312767004301238,1800,0.6487269865175893,0.09757329201444787,6.82347567173558e-05,1.1324158163183995e-05,9.568894722222222,0.0038888888888888888,4,0,2024-08-01,23427124
1722538800000000,0.4845834508232154,47.28394098581112,0.7559247660423799,1800,0.7644639545915289,0.23458792843213228,0.00010640594017508054,0.0010671497375787098,8.896817222222223,0.0044444444444444444,4,0,2024-08-01,23427124
1722540600000000,0.5428514865253153,39.52571122854355,0.7181959796750959,1800,0.7230721207093704,0.1199222716368753,0.0013643703475293423,0.0010067248617123825,8.3965675,0.002777777777777778,4,0,2024-08-01,23427124
1722542400000000,0.5851686340663705,30.3938397242897,0.504824390782469,1800,0.5105110502185082,0.43896547774519823,0.0015655923546568085,0.003492002447754272,8.424906666666667,0.005555555555555556,5,0,2024-08-01,23427124
1722544200000000,0.6870617287367016,20.011270829669915,0.3242508044696283,1800,0.32539739190590733,0.5900117529620572,3.062673813447603e-07,3.34411013386271e-05,13.139581944444446,0.01611111111111111,5,0,2024-08-01,23427124
1722546000000000,0.6720274857121231,30.684586918256002,0.5621974599105295,1800,0.5756181967946354,0.3909881715182887,0.002667432798995506,0.005560025155483261,7.340724166666667,0.005555555555555556,5,0,2024-08-01,23427124
1722547800000000,0.821255464286723,8.395565515831821,0.24397634907738897,1800,0.2843640994095983,0.44663576753345213,0.0038251722695232804,0.000334118177188647,6.138091111111112,0.0038888888888888888,5,0,2024-08-01,23427124
1722549600000000,0.6135414017930413,35.471590502929104,0.5747915798666339,1800,0.5968804086358248,0.31964099636320653,0.00038558713959691016,0.00036379160906796493,7.674213055555556,0.005555555555555556,5,0,2024-08-01,23427124
1722551400000000,0.5688520096507298,34.52338669809944,0.6529081233892127,1800,0.6716706093545666,0.30349633570490064,7.38008170989568e-05,0.0016618273545437878,8.508160555555556,0.0022222222222222222,5,0,2024-08-01,23427124
1722553200000000,0.49399220739289734,10.176945787839127,0.5529479534940354,1800,0.6036458656769387,0.3351035070259212,0.000530172796504802,2.6897519659341285e-06,8.605293333333334,0.0038888888888888888,5,0,2024-08-01,23427124
1722555000000000,0.49361979371062364,24.736252839879086,0.6511556309117215,1680,0.6702263685938954,0.3549120678313531,0.00018063082447150602,0.00019774946145945105,9.741674404761905,0.002380952380952381,5,0,2024-08-01,23427124
1725148800000000,0.4225672140561176,14.296300232213671,0.6915717388439073,1680,0.6962268235072087,0.41115767381437396,0.0020236195888835296,3.1666202876534655e-06,6.927955357142857,0.0005952380952380953,0,1,2024-09-01,20327324
1725150600000000,0.4137351531707686,18.23093177911068,0.6737367405257646,1800,0.7020471370474417,0.3324053330224135,0.007575892831893194,0.009165695744024593,6.386938611111111,0.0,0,1,2024-09-01,20327324
1725152400000000,0.5509714937214181,20.566284163833718,0.7084518575110463,1800,0.7268255898243785,0.3845107531378672,0.00985369685128834,0.001525895835680413,6.840156666666666,0.0005555555555555556,0,1,2024-09-01,20327324
1725154200000000,0.5303210653131901,18.715327418210123,0.6938013921036246,1800,0.7170613782951919,0.2816013558962587,0.001210735712667832,2.049025962225226e-05,5.869395,0.0005555555555555556,0,1,2024-09-01,20327324
1725156000000000,0.7802517792137509,14.87991685781435,0.6142525954775364,1800,0.6156823203845627,0.35826233906157756,0.0011050144077241475,0.001698505720720056,5.654505277777778,0.01,0,1,2024-09-01,20327324
1725157800000000,0.6229146416953619,26.60236452207555,0.7051034260569797,1800,0.7100920572625753,0.3791877543768315,0.00030135641022521753,0.0006318696998299789,6.2110586111111115,0.0044444444444444444,0,1,2024-09-01,20327324
1725159600000000,0.5563470413892748,17.729683099712304,0.4729849799415343,1800,0.4848933833712794,0.5067012867802512,1.6600351955942116e-05,0.000191441594290076,6.194356666666667,0.0016666666666666668,0,1,2024-09-01,20327324
1725161400000000,0.5333072985289043,16.18968471983054,0.6909646332566932,1800,0.7199165731144002,0.346639853168507,0.0004341195143365839,0.0007492507090072209,5.981156944444445,0.0011111111111111111,0,1,2024-09-01,20327324
1725163200000000,0.6273285639875723,18.82478356034087,0.6770651873652676,1800,0.6865998793610877,0.3088762845770222,0.004327388142861155,0.0003958070781994172,5.606718055555556,0.0016666666666666668,1,1,2024-09-01,20327324
1725165000000000,0.6330085090406242,10.594536513155061,0.45584351074562335,1800,0.4637944248404987,0.5906935758612555,0.00158331558421132,0.0014423558411778004,6.590798055555555,0.0005555555555555556,1,1,2024-09-01,20327324
1725166800000000,0.8866102953956763,15.910473569892906,0.4054812489616372,1800,0.42012927879253603,0.5040288148691363,0.0002138206270488885,0.00038281392821304383,6.775676111111111,0.005555555555555556,1,1,2024-09-01,20327324
1725168600000000,0.758562937387734,34.57737318847303,0.6062885684065725,1800,0.6293654719777555,0.3909020417084724,0.005492251428646511,0.002179147210100152,5.518654722222222,0.006111111111111111,1,1,2024-09-01,20327324
1725170400000000,0.6207534955627622,25.589841736831513,0.6324699922850587,1800,0.6465820846095182,0.43489480170565753,0.007105153356569027,0.0009635521239920175,6.606160555555555,0.0005555555555555556,1,1,2024-09-01,20327324
1725172200000000,0.6894761285660024,21.371165747002433,0.6790380462318268,1800,0.6964182750274424,0.3123298797490107,0.0004720710350601953,0.0008270169086520562,5.239249166666666,0.0005555555555555556,1,1,2024-09-01,20327324
1725174000000000,0.7192063792203751,22.4619045715604,0.6857828743056149,1800,0.6892760423170539,0.3955504630674962,0.0004969541981419967,0.0019010901682706693,5.792121666666667,0.0016666666666666668,1,1,2024-09-01,20327324
1725175800000000,0.6213838371091067,18.09582255169972,0.5531394533550136,1680,0.5759194205040419,0.3438813009604017,7.653680689223563e-09,0.0006339475968810682,6.257694047619047,0.0017857142857142857,1,1,2024-09-01,20327324
1725177600000000,0.619121008270925,18.31846432582167,0.6195162298108389,1680,0.6218489804956668,0.5339362573786836,0.0038020792531644476,0.005818632714836625,8.011324702380952,0.002976190476190476,2,1,2024-09-01,20327324
1725179400000000,0.6708257118961726,23.27778646190602,0.6371906479672798,1800,0.6483257351468938,0.39080122818012497,0.00031255790452611176,8.729217976899406e-06,5.320033333333333,0.0022222222222222222,2,1,2024-09-01,20327324
1725181200000000,0.5717333746417274,24.868023384660642,0.7042866735428324,1800,0.7119651792503707,0.33164398427937136,0.0007723410195175084,0.00022546028045367095,6.418418333333333,0.0011111111111111111,2,1,2024-09-01,20327324
1725183000000000,0.6088646396614633,26.59679282686526,0.6846508073386146,1800,0.7010744419295574,0.39721597077320137,5.625404750286833e-05,0.0003199060688390265,6.738360277777778,0.0022222222222222222,2,1,2024-09-01,20327324
1725184800000000,0.6125654443739841,23.466192822859565,0.6349085171420698,1800,0.6528922835252418,0.3407471120581146,0.0030759481907989272,0.002645461866379928,6.4073777777777785,0.0022222222222222222,2,1,2024-09-01,20327324
1725186600000000,0.6037082463956696,26.600065604185357,0.6510621896312592,1800,0.6620756809685533,0.2728109687822611,0.0002341546364189595,3.085028911842258e-05,6.205604444444444,0.005,2,1,2024-09-01,20327324
1725188400000000,0.5859205397683616,24.479936908142502,0.6298857395029804,1800,0.647022631294339,0.28194801026807026,6.612875271039265e-06,0.00031621398397274625,6.2019094444444445,0.002777777777777778,2,1,2024-09-01,20327324
1725190200000000,0.5400012352318387,7.431577296357723,0.557620396024767,1800,0.6188409469503899,0.39225602203289334,3.864221446048255e-05,0.0004893589030789958,9.490992499999999,0.0016666666666666668,2,1,2024-09-01,20327324
1725192000000000,0.5210854631189605,25.1046714825028,0.5475087963188151,1800,0.5679685108486889,0.3988059686020199,0.00020921602947898688,0.00036425178077070797,7.32838,0.0016666666666666668,3,1,2024-09-01,20327324
1725193800000000,0.5392777281788098,28.430067523341847,0.6451851919070355,1800,0.6532384494307447,0.3730109091059558,0.001109138068709714,0.004366773409382851,6.493220277777778,0.0005555555555555556,3,1,2024-09-01,20327324
1725195600000000,0.5444698407595951,22.216129673583257,0.6642849360040747,1800,0.6829017191607132,0.4118014053556941,0.0027749032019818154,0.0027673180630282124,7.003402777777778,0.0005555555555555556,3,1,2024-09-01,20327324
1725197400000000,0.6866105915329694,23.82487107811464,0.597963803870504,1800,0.6018485834233458,0.3617901051775225,0.0040746672964802055,0.003401468002249386,6.5044575,0.0077777777777777776,3,1,2024-09-01,20327324
1725199200000000,1.0114422809663697,13.571952257972674,0.4822476676954598,1800,0.48224926545489355,0.2978981359062165,0.0019643696923286047,0.003185102915020277,5.992970555555555,0.029444444444444443,3,1,2024-09-01,20327324
1725201000000000,0.6507517581705421,28.415378159770032,0.5918567629870428,1800,0.6020970380451349,0.32886094915914343,1.3123232432299403e-05,0.0006043609073058676,6.193742222222222,0.0038888888888888888,3,1,2024-09-01,20327324
1725202800000000,0.5806049847544156,36.388914278121945,0.7498709880228169,1800,0.7573006217812794,0.1850586001183202,0.0019655230968411708,0.0014116337798387724,6.292672777777778,0.0011111111111111111,3,1,2024-09-01,20327324
1725204600000000,0.6828504776843403,14.734938173370505,0.5938952834993836,1680,0.6263268502728222,0.25243373969663874,0.005154132672975598,0.00030040970823908,6.413617261904762,0.0125,3,1,2024-09-01,20327324
1725206400000000,0.6101616402200071,32.611491815988586,0.7618520676913427,1680,0.7700231624868519,0.24663547630739024,0.0013834863522049767,0.0013312255848055843,7.052122023809524,0.0017857142857142857,4,1,2024-09-01,20327324
1725208200000000,0.5859243667794893,30.058380604721474,0.6143424381237599,1800,0.6268589012690835,0.3765622480580224,3.787618106076973e-05,7.861278628062962e-09,6.371102777777778,0.0038888888888888888,4,1,2024-09-01,20327324
1725210000000000,0.5739456419521685,26.5012891553757,0.7345135908485203,1800,0.7462699401792287,0.237105382490012,0.0011048186402410343,0.002772922094144259,6.584212222222223,0.0022222222222222222,4,1,2024-09-01,20327324
1725211800000000,0.5753621888138615,27.816014092603165,0.7489927171582802,1800,0.7575724780356426,0.28032289415146305,0.002038735377507095,0.0018580697529222423,6.299456944444444,0.0033333333333333335,4,1,2024-09-01,20327324
1725213600000000,0.6590047948388394,14.80643137952307,0.5571013360059935,1800,0.5758241523095358,0.3303878067829835,0.00212378026237503,0.00015532133194828823,6.509659444444445,0.005,4,1,2024-09-01,20327324
1725215400000000,0.62177646996994,21.402631570851643,0.6095047044809687,1800,0.6102947499441924,0.4649734555737599,2.1280972851256408e-05,0.0005117233444434932,6.6004008333333335,0.0044444444444444444,4,1,2024-09-01,20327324
1725217200000000,0.6855323789743519,34.41932886344468,0.6907259491802136,1800,0.7096573054988282,0.37717611012226204,0.0005227666198136527,0.000105335749620461,5.76928,0.005555555555555556,4,1,2024-09-01,20327324
1725219000000000,0.5485286532264492,23.63967386617616,0.6364676594696255,1800,0.6605639209574536,0.38794630939165564,9.948447930896442e-06,0.002109519927531278,6.253978333333333,0.0038888888888888888,4,1,2024-09-01,20327324
1725220800000000,0.5885253972553501,22.27422211319323,0.6828955529592798,1800,0.7049408900011269,0.3811534994403938,9.30955020850277e-08,0.001865296597976518,5.725244166666667,0.0011111111111111111,5,1,2024-09-01,20327324
1725222600000000,0.5106054288497375,12.741534387261474,0.6812448894567984,1800,0.744954552473043,0.3177216291835653,0.0018011701196978258,3.1734365809388265e-05,5.780137777777777,0.0016666666666666668,5,1,2024-09-01,20327324
1725224400000000,0.5508593522565596,22.280594258138173,0.6678336423098405,1800,0.6809927439904795,0.30361413022187445,0.004966177889845769,0.00425616148161112,5.623825555555555,0.0022222222222222222,5,1,2024-09-01,20327324
1725226200000000,0.6829506474665408,16.589787546345324,0.6523121227943178,1800,0.6636109284156342,0.3904413440415859,0.009449989531950753,0.002294751548854612,4.063927777777778,0.0,5,1,2024-09-01,20327324
1725228000000000,0.6955375241362504,24.54455395552915,0.6092969347289295,1800,0.6315481941741712,0.15648807904067497,0.0007413731136058921,2.514912352213905e-05,6.188494722222222,0.010555555555555556,5,1,2024-09-01,20327324
1725229800000000,0.7151149851547699,40.27031212289964,0.6532662614938354,1800,0.6675497701512498,0.22266202753849074,0.0009888761071193963,9.904525111181783e-08,6.12557361111111,0.023333333333333334,5,1,2024-09-01,20327324
1725231600000000,0.7562205855400914,34.6114192487629,0.647997640501739,1800,0.6605586613546734,0.3018664555837166,0.0028153889249123987,0.00022832659387139742,5.549878611111111,0.014444444444444444,5,1,2024-09-01,20327324
1725233400000000,0.6900194363787409,25.665770506805966,0.6505529353299144,1680,0.6625741330102021,0.2644967151328783,3.3260193302853125e-06,1.273862120854119e-05,6.0320205357142855,0.005357142857142857,5,1,2024-09-01,20327324
1727740800000000,0.5006174663549717,27.053102968492283,0.5852916356480384,1680,0.620211668285459,0.2372754882849618,0.00018990069830182588,0.00010928036176327538,13.978871428571429,0.011904761904761904,0,0,2024-10-01,24067980
1727742600000000,0.4798852705494729,35.97991448144503,0.7360422892793402,1800,0.7539783683996845,0.17462849345296905,0.0036019036190116926,0.0010348588707924655,8.296403611111112,0.005555555555555556,0,0,2024-10-01,24067980
1727744400000000,0.55096597224128,26.72133028126049,0.22530774595581804,1800,0.23226077323365457,0.24310745179349003,4.200608872850786e-06,3.079578378417658e-06,11.10754638888889,0.007222222222222222,0,0,2024-10-01,24067980
1727746200000000,0.5251237734230381,29.431947040265488,0.7114017348648687,1800,0.7206017458475031,0.1611783599812875,0.00015465145727922014,0.0004057161802261122,14.675631944444445,0.0016666666666666668,0,0,2024-10-01,24067980
1727748000000000,0.44178197040067235,26.801916257231188,0.6534852212256577,1800,0.6768065736328099,0.2012338563363164,5.190626043238833e-05,0.00018122531793329788,17.669034444444442,0.002777777777777778,0,0,2024-10-01,24067980
1727749800000000,0.41131468003174665,19.23795722454643,0.7067565952561877,1800,0.7559230233111307,0.3656505761851292,0.0003364928726038441,0.0003242473235696153,7.909239444444444,0.0016666666666666668,0,0,2024-10-01,24067980
1727751600000000,0.4048819746318106,22.854814626415674,0.595169809451177,1800,0.6188486219523104,0.38111448079510346,7.683182975071201e-05,7.491265224413013e-05,9.501811666666667,0.0022222222222222222,0,0,2024-10-01,24067980
1727753400000000,0.44315124381821375,25.567734448459888,0.6695238700057624,1800,0.6985382836789615,0.3269900019136248,0.0006757020972150141,8.704948513738042e-05,9.156204722222222,0.0005555555555555556,0,0,2024-10-01,24067980
1727755200000000,0.46114322378756156,18.89772322260436,0.5711001608152058,1800,0.5914271678240386,0.380861567690825,0.0005036617892449913,0.0001898468243489715,8.72165388888889,0.0022222222222222222,1,0,2024-10-01,24067980
1727757000000000,0.48141149559191676,19.73689368331702,0.6030458715359669,1800,0.6387739594810828,0.38149987663094487,2.8760762438295728e-08,0.0006732190970664131,7.160150833333334,0.0033333333333333335,1,0,2024-10-01,24067980
1727758800000000,0.5415140944911471,21.871901992273443,0.6263635826870062,1800,0.6321510191529929,0.30681845616819237,0.0003549570689258541,0.0005506012944724858,9.845492222222221,0.0016666666666666668,1,0,2024-10-01,24067980
1727760600000000,0.44854375097247395,12.525713936114437,0.713670733758538,1800,0.7291271406148709,0.4125493160632834,0.0064263987709656245,0.0007164765705890419,8.183069722222221,0.0005555555555555556,1,0,2024-10-01,24067980
1727762400000000,0.41472851173518227,19.31312891956169,0.608841178128025,1800,0.6305225883701745,0.2193118228322185,4.867988066192819e-05,0.0026575418632861503,12.428703333333335,0.0022222222222222222,1,0,2024-10-01,24067980
1727764200000000,0.40754262083506615,25.416251053591793,0.7213696332717283,1800,0.7215093867711665,0.1686179794007765,1.1034166302881232e-07,4.040899300727929e-07,12.847269444444445,0.0016666666666666668,1,0,2024-10-01,24067980
1727766000000000,0.3762064778303801,25.173020001297587,0.6300058903046881,1800,0.6349486458350726,0.23582608061195465,0.0003472930603038993,6.934742321795806e-05,10.046659444444446,0.0033333333333333335,1,0,2024-10-01,24067980
1727767800000000,0.37651137034144305,13.901250643477555,0.5771448737496636,1680,0.6351078072625131,0.4168899066147427,0.0006531607818528462,0.0005526765804751976,10.76082857142857,0.0017857142857142857,1,0,2024-10-01,24067980
1727769600000000,0.32458783360718885,18.992517354592977,0.6381360362012507,1680,0.656392460474114,0.32038943524689323,0.0011471276461901825,0.0017372178267001104,11.250081845238096,0.0011904761904761906,2,0,2024-10-01,24067980
1727771400000000,0.3877795311999428,16.442358415633333,0.6218437448771192,1800,0.6522704308350962,0.33311811906358724,0.00028056250371144564,0.0004801271475027846,10.819065833333333,0.0022222222222222222,2,0,2024-10-01,24067980
1727773200000000,0.3503268703745432,15.546892085120666,0.5810735420558569,1800,0.6239272242729198,0.32738405398948656,0.0007345659633624102,0.00013582864839145614,10.170910833333334,0.0022222222222222222,2,0,2024-10-01,24067980
1727775000000000,0.36941580909005234,17.994571208513623,0.6841485067749761,1800,0.6901123150222694,0.3154297999043859,0.0006143046326488877,0.0011179370585457926,9.679463333333333,0.0005555555555555556,2,0,2024-10-01,24067980
1727776800000000,0.3442998856541325,19.746316434886197,0.4075012193947466,1800,0.41102193189723646,0.4599328116479624,0.0013661444230528286,1.6625656099944486e-05,14.353204722222221,0.0016666666666666668,2,0,2024-10-01,24067980
1727778600000000,0.28538558136617936,16.91569774909508,0.6593397673407639,1800,0.6827697502159706,0.3593262615815086,0.0005241976872406573,0.0018905940442469626,12.614560277777779,0.0005555555555555556,2,0,2024-10-01,24067980
1727780400000000,0.32899063253893224,20.9873290340711,0.7026765747625277,1800,0.7295427772348013,0.33347659919636563,5.4996374675653215e-05,0.0008992753777176121,11.093299166666666,0.0011111111111111111,2,0,2024-10-01,24067980
1727782200000000,0.3729826805524521,8.70236318982477,0.5562881805610935,1800,0.5602472478603422,0.4944407671302258,0.0004267601864561543,3.563948971163633e-06,13.3016075,0.002777777777777778,2,0,2024-10-01,24067980
1727784000000000,0.33318980621758054,16.88054639965153,0.65390375031426,1800,0.6590767891813579,0.38930263422258204,2.3260320482165753e-05,0.000635605549479723,12.083247222222223,0.0022222222222222222,3,0,2024-10-01,24067980
1727785800000000,0.3510509140440886,26.27419995201632,0.6375319682734822,1800,0.6567761514730717,0.2713514288285471,0.0024600808433660193,0.002564483302329057,11.176506666666667,0.0022222222222222222,3,0,2024-10-01,24067980
1727787600000000,0.37097219708900914,33.029595076319076,0.6386221183376575,1800,0.6518708328536804,0.2773643984774087,0.0001650975559246426,0.00015424776791617134,12.815676111111111,0.0033333333333333335,3,0,2024-10-01,24067980
1727789400000000,0.45533694802386343,33.20908940222347,0.5599600951406567,1800,0.5847799624537848,0.24013152477234245,2.7063821037454083e-05,0.0008675551798080772,13.423820277777777,0.02,3,0,2024-10-01,24067980
1727791200000000,0.49710307007503435,38.04642287084718,0.6610534176000427,1800,0.6809116852550399,0.21574581952447247,8.127907083710362e-06,0.000377372314382618,10.233214722222222,0.017222222222222222,3,0,2024-10-01,24067980
1727793000000000,0.5318029613007189,33.790533585798386,0.5813120162004539,1800,0.5862410277492534,0.19758804241688654,0.00126214309973538,0.00010642990760245663,20.95575638888889,0.018333333333333333,3,0,2024-10-01,24067980
1727794800000000,0.6194796721302538,19.214330050256468,0.35842046533480754,1800,0.36488637409976477,0.18840893953399285,0.0002880558256824761,0.0015898600488370995,10.427252222222222,0.045,3,0,2024-10-01,24067980
1727796600000000,0.4785310590569958,33.20526757008189,0.616859853128309,1680,0.633923037332689,0.26518121966161645,0.00019075221200348658,0.00045540245803543655,10.796161607142858,0.015476190476190477,3,0,2024-10-01,24067980
1727798400000000,0.4087936179439282,26.598656992540604,0.40679061704158803,1680,0.42247089970373486,0.5553127796829046,6.079262428237975e-06,0.0008250227123870468,10.940330357142857,0.010714285714285714,4,0,2024-10-01,24067980
1727800200000000,0.5732852447172974,38.23589456267614,0.5593209071266023,1800,0.5822102510654386,0.35500050417521967,0.0007666068359896139,0.000741006147245149,10.08084138888889,0.02,4,0,2024-10-01,24067980
1727802000000000,0.6169439679848047,28.449099424181405,0.4571487376911906,1800,0.48445461740164575,0.16646907774752207,0.0011067503272174095,0.00010354902730369542,8.884207222222223,0.050555555555555555,4,0,2024-10-01,24067980
1727803800000000,0.5669677865734203,37.27554887503142,0.579345562885804,1800,0.6072833287158915,0.31356627917422963,5.6745375747180304e-06,0.0001756282788539787,9.99697861111111,0.021111111111111112,4,0,2024-10-01,24067980
1727805600000000,0.4462907433117135,27.86878450453617,0.5732280864731698,1800,0.5880182472517783,0.3104604020842132,0.0001739816182362297,0.0009366477818761876,12.641406388888889,0.014444444444444444,4,0,2024-10-01,24067980
1727807400000000,0.4317893209706253,39.11475370500414,0.6788586769324838,1800,0.7015714552068906,0.26951859160503155,0.00040195697700162736,0.0006141508614211366,9.9119275,0.008333333333333333,4,0,2024-10-01,24067980
1727809200000000,0.41668601139297684,43.988776125779935,0.6883506625923331,1800,0.7119588709880883,0.26182642240464704,0.000616000530045735,0.000205465905024238,9.371867222222223,0.011111111111111112,4,0,2024-10-01,24067980
1727811000000000,0.4276998401373049,43.12434244189771,0.7650692052941152,1800,0.7756240467675718,0.28949462475212306,1.3135999566982193e-05,0.00014148574094730026,8.818301388888889,0.0077777777777777776,4,0,2024-10-01,24067980
1727812800000000,0.6930692007752444,17.79560523875839,0.447431356698166,1800,0.44743173842784767,0.3863518808531772,0.00048783286105369417,0.00021533385518301973,6.669189722222222,0.03111111111111111,5,0,2024-10-01,24067980
1727814600000000,0.7229188743152761,33.86574858802889,0.5814394965212545,1800,0.5993773331090203,0.2001476149865924,0.0004098783969411768,0.0003954882470122989,8.880874722222222,0.03222222222222222,5,0,2024-10-01,24067980
1727816400000000,0.5144392258469982,36.03669872023218,0.708649793031774,1800,0.7313488154912874,0.20240691863418991,0.00039590387100918445,0.002077288280322609,7.620028055555555,0.01611111111111111,5,0,2024-10-01,24067980
1727818200000000,0.8519239167764855,17.936583247210883,0.542668575539057,1800,0.5590206870253667,0.40132777654750695,0.003036743667746533,0.0032972134388636887,5.508398333333333,0.0016666666666666668,5,0,2024-10-01,24067980
1727820000000000,0.4235591383944087,32.329755810304135,0.664370415839833,1800,0.6786013740864335,0.40592365819048337,0.0015179460869606531,0.0007307705954074928,9.658747222222221,0.0044444444444444444,5,0,2024-10-01,24067980
1727821800000000,0.3991914091404113,32.22571607143034,0.5798713872027708,1800,0.5981396626039313,0.39764240212249147,4.1417904521612314e-06,1.5706975668328127e-05,10.283224722222222,0.005,5,0,2024-10-01,24067980
1727823600000000,0.45629650576657843,30.420641704404325,0.5754642346627876,1800,0.5943063285032502,0.3402569705871895,0.000331963842709615,0.0007709382093233907,8.000238055555556,0.0038888888888888888,5,0,2024-10-01,24067980
1727825400000000,0.45490456089880016,25.6168379428344,0.5328147849087085,1680,0.5589313307285322,0.3251321459605939,0.00378454295330799,0.00022669327408253448,8.907925,0.005952380952380952,5,0,2024-10-01,24067980
1730419200000000,0.5529655155804781,26.850307938372154,0.7044160465588335,1680,0.7205341596062966,0.3841554765921682,0.0016436999481919123,0.0020651937451520164,8.25289494047619,0.0005952380952380953,0,0,2024-11-01,20028781
1730421000000000,0.5134209727812347,24.84211904955064,0.6607619716755483,1800,0.686254608985577,0.3437667955298931,0.0002809039096616228,0.0004436876810013368,9.721218611111112,0.0033333333333333335,0,0,2024-11-01,20028781
1730422800000000,0.5470992925358701,35.509205069280455,0.7523826372247645,1800,0.7590296606962335,0.29310317879188796,0.00044872865653733385,0.0002964422242185405,14.129279166666667,0.0022222222222222222,0,0,2024-11-01,20028781
1730424600000000,0.7947117179104558,35.13492362075141,0.6568235166023808,1800,0.6692873704149425,0.24629046028751522,4.0146246371719485e-05,0.0004803968027283778,7.184477222222222,0.020555555555555556,0,0,2024-11-01,20028781
1730426400000000,0.7474687980488632,34.841380400555764,0.6563920112192076,1800,0.6704908194312711,0.28298426977305724,0.001653611321083992,0.0010806310195272673,7.3403833333333335,0.019444444444444445,0,0,2024-11-01,20028781
1730428200000000,0.5578714953181961,29.844471445319087,0.6382982971098661,1800,0.6605464009306834,0.16252004624732785,0.00039913615514641787,0.00013677762867880805,9.319404166666667,0.006111111111111111,0,0,2024-11-01,20028781
1730430000000000,0.5367703522693645,40.75642922791189,0.7519707580295074,1800,0.7570154216187475,0.321987010619038,0.0005237096388269746,0.00021458812829266982,8.552174444444445,0.0022222222222222222,0,0,2024-11-01,20028781
1730431800000000,0.5438721702001719,24.273568822573505,0.6734051924087896,1800,0.6850630759561211,0.35211603081925313,3.5791299047627234e-05,0.00018398959841858797,8.730991388888889,0.005,0,0,2024-11-01,20028781
1730433600000000,0.4632491313513211,27.696366207501377,0.7291469484363471,1800,0.7439671234670848,0.377818520618487,0.0018028253677841999,0.005870874149306093,8.584655555555555,0.0022222222222222222,1,0,2024-11-01,20028781
1730435400000000,0.44303960751473925,20.307206043977665,0.7101796815847321,1800,0.7270521086195587,0.3618348969257128,0.0003801580746951583,0.0008797875247854581,9.22958611111111,0.0005555555555555556,1,0,2024-11-01,20028781
1730437200000000,0.515943819474401,28.879658808352097,0.7958380183187862,1800,0.8035323796334937,0.273439497542601,0.0010057428812583202,0.0010826288670159334,9.139059166666666,0.0016666666666666668,1,0,2024-11-01,20028781
1730439000000000,0.41678069110979027,20.624363599739645,0.6017471104640066,1800,0.6214683492384789,0.37620515528976506,2.4163819845157697e-05,0.000696270842395541,9.934132222222221,0.0033333333333333335,1,0,2024-11-01,20028781
1730440800000000,0.4762305680943484,29.24619764948838,0.6170606432463446,1800,0.628331127749773,0.3446221767191291,0.0004680325284979192,0.0014372442720860246,9.868933055555555,0.0022222222222222222,1,0,2024-11-01,20028781
1730442600000000,0.5068018042120751,26.331359789735124,0.5962115875100072,1800,0.6037909842983271,0.3342142690600107,0.00642061271237937,0.0026650109661059407,8.658291944444445,0.0033333333333333335,1,0,2024-11-01,20028781
1730444400000000,0.5141033833338295,33.0221432233184,0.6185995990656745,1800,0.621763813803321,0.291586009667017,3.95944582676222e-08,6.784388443903389e-05,11.112160277777779,0.0038888888888888888,1,0,2024-11-01,20028781
1730446200000000,0.4207323617388536,27.202569682015316,0.7650787593683037,1680,0.7668777861124073,0.45630573659498963,0.002130286763445066,0.0016717201351262867,10.804224702380953,0.0011904761904761906,1,0,2024-11-01,20028781
1730448000000000,0.4460040099537857,20.37089794236378,0.6424429858757472,1680,0.6520298681762228,0.3240879028534296,0.0005395038085159731,0.0004281832369517069,12.255062202380952,0.0035714285714285713,2,0,2024-11-01,20028781
1730449800000000,0.49725056851414373,36.82440618939891,0.7455687568170457,1800,0.748519934003492,0.36229219381679323,5.4560600761033307e-05,0.0004970469772248576,9.552053611111111,0.0005555555555555556,2,0,2024-11-01,20028781
1730451600000000,0.46042740894792133,24.260401075072025,0.7527072719418917,1800,0.7564165221306752,0.28738008191061915,0.0028298064480223317,0.0009832329655267147,9.006240277777778,0.0005555555555555556,2,0,2024-11-01,20028781
1730453400000000,0.4164936683154718,21.66339713731688,0.7104482256400301,1800,0.7140241637582957,0.29465525075348487,0.005860316606056237,0.004076984321266908,9.924844444444446,0.0022222222222222222,2,0,2024-11-01,20028781
1730455200000000,0.47748298385299337,26.031368625382225,0.5849423898600425,1800,0.5888538592456898,0.41633475019981847,0.00022938401709549083,5.075318666547535e-05,11.169780555555555,0.0033333333333333335,2,0,2024-11-01,20028781
1730457000000000,0.5421285620663202,26.15011258214589,0.5759223528957378,1800,0.5905054827307348,0.3772960404964787,0.0013212829807398574,0.0011673697320508936,8.443376388888888,0.005555555555555556,2,0,2024-11-01,20028781
1730458800000000,0.4949703904204339,27.2264376001614,0.6823136161533045,1800,0.6826215159684523,0.3450000438577463,0.0013194766866584384,0.0006057263670948831,10.968748611111112,0.0011111111111111111,2,0,2024-11-01,20028781
1730460600000000,0.4249795449653215,25.486692641345105,0.6953649151006005,1800,0.7039947805008177,0.2950737891620092,0.0009718462780642367,0.0011700896141894068,10.954355277777777,0.0011111111111111111,2,0,2024-11-01,20028781
1730462400000000,0.447182515332923,26.545785214363406,0.7175148603231946,1800,0.7327512748932543,0.2645291456068385,2.3190103897174907e-05,0.0011583210933006072,9.324674444444446,0.0,3,0,2024-11-01,20028781
1730464200000000,0.6426003685128573,25.42718589984493,0.5909317178765172,1800,0.6017394100293614,0.3169064848947153,2.487537425299724e-05,4.406628606246077e-05,8.39421,0.008333333333333333,3,0,2024-11-01,20028781
1730466000000000,0.48668662337549334,41.22890724934256,0.7570708735126409,1800,0.7617822954777815,0.27953616711994655,0.00036086680151703465,0.00032967254927362966,9.23008361111111,0.0016666666666666668,3,0,2024-11-01,20028781
1730467800000000,0.7063645449599809,34.21714888540709,0.4917431256814536,1800,0.5010169880540994,0.3764471212573881,4.9933378492683644e-05,0.0011654780331116221,7.929706666666666,0.013888888888888888,3,0,2024-11-01,20028781
1730469600000000,0.6858867942558785,32.43980871535962,0.563491698525893,1800,0.5737071838471646,0.31345241056065387,9.306706474165871e-05,1.920530631183137e-05,8.535293611111111,0.012222222222222223,3,0,2024-11-01,20028781
1730471400000000,0.6863056092759813,35.6004358231153,0.6636714820307523,1800,0.677752596715793,0.3256922287508265,0.0005401676449312554,0.0004893093043859542,7.616669444444444,0.008888888888888889,3,0,2024-11-01,20028781
1730473200000000,0.6338626483334342,40.843725678941354,0.674507153558543,1800,0.6896664442465612,0.26563917694017036,0.0002070464142959194,0.00012823865668531997,8.563313888888889,0.008888888888888889,3,0,2024-11-01,20028781
1730475000000000,0.9397720965180087,34.93563954190794,0.6047914672062912,1680,0.6200160919315882,0.35809312854361397,0.00022861930718076628,0.001231921155763649,6.123412797619048,0.04702380952380952,3,0,2024-11-01,20028781
1730476800000000,0.8065139362244865,46.70962854431588,0.6843066666367164,1680,0.6915824220198524,0.29382594235711834,0.00031189953090282607,6.557955996033815e-05,7.07596875,0.01488095238095238,4,0,2024-11-01,20028781
1730478600000000,0.8085748030333227,40.121900700034494,0.7372941033488356,1800,0.7491762228040237,0.3275555803674417,0.00030774127034238763,1.4570113262335482e-05,6.824756944444444,0.013888888888888888,4,0,2024-11-01,20028781
1730480400000000,0.7495053629652523,38.3631108080213,0.5884570088457237,1800,0.6012944497581372,0.3263805732059154,6.386647433131998e-08,0.00011723646609307359,6.953856666666667,0.012777777777777779,4,0,2024-11-01,20028781
1730482200000000,0.7572841318359754,43.92161034788063,0.5719871163130181,1800,0.5792073129024566,0.3651658049535569,0.0005080013697730257,3.9375560683119204e-05,6.936496944444444,0.005555555555555556,4,0,2024-11-01,20028781
1730484000000000,0.7987018767997703,41.891748801675206,0.673950200809404,1800,0.6893093199855727,0.3169853122984566,0.002238391248884475,0.0005489049743270247,6.20177361111111,0.0044444444444444444,4,0,2024-11-01,20028781
1730485800000000,0.6901425800975947,33.858364097365516,0.751001528523912,1800,0.7745991933919709,0.11648327233221045,3.187684668226609e-06,7.739241941551178e-05,7.639555555555556,0.005,4,0,2024-11-01,20028781
1730487600000000,0.8210086305724226,42.55858394761804,0.7038455694692339,1800,0.7142056772422941,0.21688270518741815,3.9775343989023604e-05,0.0006143729825860422,6.332772777777778,0.008333333333333333,4,0,2024-11-01,20028781
1730489400000000,0.7283966142268488,29.374432573656772,0.4773085662308213,1800,0.4859767138784,0.220158153799472,0.0002567119256869921,0.00015315065020071739,7.0654547222222215,0.012777777777777779,4,0,2024-11-01,20028781
1730491200000000,0.640077658954798,27.627735789885534,0.6100090843608827,1800,0.622861043176106,0.36964897526539453,0.003202779857983451,0.0025170268880158053,8.046058611111112,0.005,5,0,2024-11-01,20028781
1730493000000000,0.6896371022198844,19.773739520663266,0.5803717015556739,1800,0.5910329977114392,0.41330945265142593,0.002274955604350981,0.007248368592025378,7.968563333333334,0.0044444444444444444,5,0,2024-11-01,20028781
1730494800000000,0.9226077651175183,19.35785968016573,0.5303760803347837,1800,0.554070425189217,0.4690811035631516,0.0011915667816922992,0.00010668920340417554,6.549379166666666,0.0044444444444444444,5,0,2024-11-01,20028781
1730496600000000,1.127846012565832,16.92961279348496,0.6152593748950742,1800,0.6316726615994208,0.6080501182100694,0.006567361090831558,0.009055224101737869,5.288327777777778,0.0016666666666666668,5,0,2024-11-01,20028781
1730498400000000,0.7039708686676251,27.19047377690976,0.7415933738963874,1800,0.7501760035601065,0.3769021698209122,0.0018894760702072855,0.0012787677238995654,7.042393611111111,0.0016666666666666668,5,0,2024-11-01,20028781
1730500200000000,0.6537479649480614,25.807925601485593,0.7179213473395991,1800,0.7264000257338701,0.3633004366249978,0.00011749226672197466,0.00011230297908815245,7.160100277777778,0.0016666666666666668,5,0,2024-11-01,20028781
1730502000000000,0.5499435158776245,25.464394529746126,0.7212618717969002,1800,0.7321375404858881,0.3535897988553246,4.016519887839465e-05,0.0007090492440531282,8.741315,0.0011111111111111111,5,0,2024-11-01,20028781
1730503800000000,0.447974606708424,18.596014292618875,0.7169411734628093,1680,0.7359596362924394,0.38603993072024567,0.002603027543169767,0.0023547327222011027,11.821865773809524,0.0011904761904761906,5,0,2024-11-01,20028781
1733011200000000,0.8920662909027779,21.492031146506733,0.6595936923001814,1680,0.6755416431425083,0.37637025265337276,0.0007989811858893914,2.295365082449763e-05,7.765053571428572,0.004761904761904762,0,1,2024-12-01,10639810
1733013000000000,0.981515249639429,25.989357752591008,0.5448194422516142,1800,0.5664656877370438,0.32482002274477384,0.0007093001094835572,0.00011422757053192178,6.806019166666667,0.006666666666666667,0,1,2024-12-01,10639810
1733014800000000,1.0484717734654623,33.227936019891025,0.6308292381709355,1800,0.6430212053422166,0.2653711380356635,0.00033418077411551117,2.4540581131771155e-05,6.942811666666667,0.011111111111111112,0,1,2024-12-01,10639810
1733016600000000,0.8574825557533463,27.77051413562671,0.6385669808115135,1800,0.6545625684834672,0.2761914384086973,0.0036280292853413387,0.004151648211456749,8.30089,0.006111111111111111,0,1,2024-12-01,10639810
1733018400000000,1.239328079095679,24.796004748859474,0.37084369365749814,1800,0.3865199236171092,0.3905304587929672,0.00013084798844864576,6.76802403357657e-05,6.7697725,0.027777777777777776,0,1,2024-12-01,10639810
1733020200000000,1.0190993808410012,34.669126580944216,0.6728419793509873,1800,0.681865563454225,0.1746155154741098,5.574374806194271e-08,0.0004359486228930898,7.024381944444444,0.006666666666666667,0,1,2024-12-01,10639810
1733022000000000,0.89862947128302,28.17275483513706,0.7358734584705539,1800,0.7483441186049211,0.34898162825952883,0.00037361269476521297,0.00027531080327847235,7.50115,0.002777777777777778,0,1,2024-12-01,10639810
1733023800000000,0.8689856483981835,15.291366203405785,0.5190316807534499,1800,0.5531717309082043,0.421945860978282,0.0003215780631001808,0.0007353882595526606,7.2410675,0.0,0,1,2024-12-01,10639810
1733025600000000,1.072997947335173,24.878366433448235,0.64118277596388,1800,0.6470676259855294,0.3623737859465349,0.0018767865928888128,0.004347472987847656,7.129741666666667,0.002777777777777778,1,1,2024-12-01,10639810
1733027400000000,0.8595017104715262,13.121398447294888,0.5800241939074492,1800,0.6126753366833528,0.34400453645142304,0.00477502170034072,0.003222284565575606,8.152526666666667,0.0016666666666666668,1,1,2024-12-01,10639810
1733029200000000,0.9210328045163297,18.539674658306126,0.48771049105506437,1800,0.4986865286485036,0.38301720513348503,0.002259543848605272,0.0005361910119320301,7.550038333333333,0.0022222222222222222,1,1,2024-12-01,10639810
1733031000000000,1.1100142737815641,22.920907106722606,0.6847239526315467,1800,0.6881230398883004,0.42784092326656664,0.004273025893076432,6.860915383599675e-05,7.289195833333333,0.0022222222222222222,1,1,2024-12-01,10639810
1733032800000000,0.8504761088949458,20.627826398202075,0.6262791712328767,1800,0.6474555211710804,0.3654778273947321,0.0017203874943053643,0.0009797448442843137,7.459278333333333,0.0005555555555555556,1,1,2024-12-01,10639810
1733034600000000,0.8846987154196596,14.1335844237345,0.6423762551690133,1800,0.6747732201118056,0.4018903381490596,2.4283984974227124e-05,2.5869924898946906e-05,7.444204722222222,0.0005555555555555556,1,1,2024-12-01,10639810
1733036400000000,0.7791408263132391,20.47347156221738,0.6866659716970256,1800,0.6966302298518692,0.3223197699857342,0.0004275727895164394,0.0002763715830133018,8.230562777777779,0.0005555555555555556,1,1,2024-12-01,10639810
1733038200000000,0.8297484605513115,15.792830898449397,0.6297710303179791,1680,0.6441577770476917,0.508010669984663,0.007810013461107546,0.008291261746966594,8.225803571428571,0.0,1,1,2024-12-01,10639810
1733040000000000,1.2937953403260032,8.357104396766006,0.3834313690973504,1680,0.3974386574509562,0.48465123865217963,2.2932298380240468e-05,0.00015212499899730503,8.739274702380952,0.005357142857142857,2,1,2024-12-01,10639810
1733041800000000,1.26428552391963,28.701427236719212,0.6149991728480055,1800,0.6324631747763064,0.1744762623318502,0.0010792842208012798,0.003184625249787798,6.754722222222222,0.010555555555555556,2,1,2024-12-01,10639810
1733043600000000,0.8492535152217352,19.874680721985968,0.5885597285338043,1800,0.6111734774279042,0.17961198364158015,0.0001060138854753756,0.0004828407883350483,7.269714722222223,0.0011111111111111111,2,1,2024-12-01,10639810
1733045400000000,0.8033836578356442,22.055534863018742,0.7587357679796745,1800,0.7676874927404148,0.343108288565952,0.002172571595899009,0.001088815057945225,8.78533388888889,0.0,2,1,2024-12-01,10639810
1733047200000000,0.7742281432170884,15.230102713899658,0.49903369764055294,1800,0.526018513953316,0.4978239821268591,0.0005906444001544386,2.7462192531357843e-05,9.743682222222223,0.0011111111111111111,2,1,2024-12-01,10639810
1733049000000000,1.0087686224310008,22.943042290290748,0.5968033988282317,1800,0.6058987600576233,0.4053948187904003,0.0004160097907047744,0.0004150335686916584,7.822054166666667,0.0033333333333333335,2,1,2024-12-01,10639810
1733050800000000,0.8439523277337793,14.604700580741175,0.5655856396510943,1800,0.5804834093697283,0.3720271346230043,0.001877852392447088,0.0001910867414083306,7.715767777777778,0.0011111111111111111,2,1,2024-12-01,10639810
1733052600000000,1.0700737136700391,17.64311080675468,0.5501578104170126,1800,0.5717917200096414,0.265860027167239,0.001855220269493696,0.00013426092846857696,6.3584075,0.0005555555555555556,2,1,2024-12-01,10639810
1733054400000000,0.9224434649508713,11.175745098683995,0.5946275668799431,1800,0.6255525220552527,0.3857374746480794,0.0013251466859736105,8.885191464180764e-05,8.324109444444446,0.0011111111111111111,3,1,2024-12-01,10639810
1733056200000000,0.9425757319732255,17.13390348750213,0.6606029741937178,1800,0.6963029525407227,0.4405056737531252,0.008135775968533099,0.0012029085940321593,8.567694444444445,0.0011111111111111111,3,1,2024-12-01,10639810
1733058000000000,0.9870167206563789,22.79854567002182,0.5294243244316412,1800,0.536517206156961,0.42662522453333807,0.0005923086548346168,0.0003188461586518532,8.16619361111111,0.005,3,1,2024-12-01,10639810
1733059800000000,0.9862749527161225,27.427062742995428,0.5808223541312718,1800,0.5873902690907099,0.410125136506829,0.00011229246920563263,0.00010887301585760234,6.591814444444444,0.0038888888888888888,3,1,2024-12-01,10639810
1733061600000000,0.950333724337882,16.61052882430183,0.43268953958905854,1800,0.47593911694179236,0.43158664144389736,4.101010862012089e-05,0.00019460089468470443,6.478063333333333,0.0022222222222222222,3,1,2024-12-01,10639810
1733063400000000,1.1226550887923819,18.09715243437388,0.35078658641990956,1800,0.3718640506381936,0.5782237709786451,0.0028431205735220955,0.0018799799396975736,6.380476666666667,0.006111111111111111,3,1,2024-12-01,10639810
1733065200000000,0.8959950508976922,26.33919519817329,0.7510031396963743,1800,0.7732737606494158,0.4169754858030401,0.003593580242359784,0.002074196244336468,7.335438055555556,0.0011111111111111111,3,1,2024-12-01,10639810
1733067000000000,0.9785920262475761,22.59595188420998,0.6702195161659047,1680,0.7004587278812939,0.32293398539226603,0.0014682062754937109,0.0011460017796055544,6.716476785714286,0.002976190476190476,3,1,2024-12-01,10639810
1733068800000000,0.859845533534647,14.701095331584861,0.5627717361192037,1680,0.5931198720891537,0.21714382882427063,0.0023372635162732802,0.0008747288125460218,9.584329464285714,0.002380952380952381,4,1,2024-12-01,10639810
1733070600000000,0.8213889713101702,16.388491086795007,0.29148917045164624,1800,0.30317685494923197,0.38373080327955966,0.00018319540445377314,0.0004289852991772314,7.431768333333334,0.0022222222222222222,4,1,2024-12-01,10639810
1733072400000000,0.978951542564964,23.98519644328695,0.7060459916366029,1800,0.7197192261771586,0.3226791688772477,0.0006913251840996448,0.0010977939753957777,6.679507777777777,0.0011111111111111111,4,1,2024-12-01,10639810
1733074200000000,0.8172958655838847,14.98816120456795,0.6147926564727373,1800,0.6546512860580148,0.395755199146284,0.00044953525210600365,6.905180413463441e-05,7.639575555555556,0.0016666666666666668,4,1,2024-12-01,10639810
1733076000000000,0.8179392455447254,12.187892904242212,0.4743353407297106,1800,0.5333096427658448,0.2920609519766555,0.0005221620937199134,1.8507486392316252e-06,10.830824444444445,0.0016666666666666668,4,1,2024-12-01,10639810
1733077800000000,0.8198376723094508,17.813267408962904,0.5159819537047898,1800,0.5400314621553384,0.3391196137993311,0.0026209674503167024,0.00028242482141616065,7.388398888888889,0.0022222222222222222,4,1,2024-12-01,10639810
1733079600000000,0.9366276633071327,19.861019806025205,0.6088464651490952,1800,0.634013046707691,0.3264336179533417,0.0007983318323497857,0.000723567295632499,7.015346111111111,0.0011111111111111111,4,1,2024-12-01,10639810
1733081400000000,1.0350563131405082,16.563584679992054,0.6353948955379258,1800,0.683653531907302,0.4279407864111857,0.0007262676113051203,1.0827885679187688e-05,6.825356388888888,0.0011111111111111111,4,1,2024-12-01,10639810
1733083200000000,1.089921491209797,26.334998227018442,0.6977223543243565,1800,0.7189689143153131,0.26072492328093266,0.0015754825800026184,0.0009735230049201515,7.310411388888888,0.006666666666666667,5,1,2024-12-01,10639810
1733085000000000,0.9566063669588863,20.856299545963797,0.6814420898286706,1800,0.7108136638682098,0.3537104787716556,0.00478074246953919,0.0011011965515570488,7.120945555555555,0.002777777777777778,5,1,2024-12-01,10639810
1733086800000000,0.9555446473910056,23.318467274262304,0.683885431565896,1800,0.7041255871602305,0.3725387087306945,0.0007796501757922902,0.0008185053947594723,7.702875277777777,0.0022222222222222222,5,1,2024-12-01,10639810
1733088600000000,0.8902515912663009,12.767971175169471,0.6945054244504347,1800,0.722055896350426,0.2932051218184917,0.0019883904469297775,0.006971033472438215,7.564679166666667,0.0011111111111111111,5,1,2024-12-01,10639810
1733090400000000,0.9724751244077292,33.74826011566761,0.6280290960894006,1800,0.6440557704370335,0.28086186169947513,0.0007938463602260581,0.0002201729380594264,9.138723055555555,0.005555555555555556,5,1,2024-12-01,10639810
1733092200000000,1.1161464760470048,6.7079957444234495,0.24676267459702295,1800,0.2794026704966476,0.7473403006259747,0.0023791121725152964,0.00018080011560828169,8.011298333333333,0.0005555555555555556,5,1,2024-12-01,10639810
1733094000000000,1.2025444691555558,34.660030856790065,0.7621163628990337,1800,0.7719154687254841,0.2322019688734982,0.000574815391674699,8.132876460076321e-05,6.2043800000000005,0.006666666666666667,5,1,2024-12-01,10639810
1733095800000000,1.06950876502968,26.717190842439276,0.6890694504114907,1680,0.7106802550532688,0.16243247534867478,0.000953903970958625,0.0012337099441609434,7.503301785714286,0.002976190476190476,5,1,2024-12-01,10639810
1735689600000000,1.469671141343223,24.406947901277587,0.6293681299109479,1680,0.636487686332319,0.3563780659879924,0.00043596119787181475,0.0030936675548275394,4.867988392857143,0.002380952380952381,0,0,2025-01-01,9509014
1735691400000000,1.619809072986165,14.461104026287426,0.5253776434161553,1800,0.5483144955659176,0.3821721775213973,4.165300198089028e-06,0.0007678881244113089,5.382480277777778,0.006666666666666667,0,0,2025-01-01,9509014
1735693200000000,1.5168046153173065,23.07555123958521,0.5542704258321818,1800,0.5698738408700676,0.4580897228579752,0.00417610140513025,0.0024587495082426525,5.361426666666667,0.0033333333333333335,0,0,2025-01-01,9509014
1735695000000000,1.6130903583351521,13.581816729245379,0.6491356413636704,1800,0.6771311372970845,0.4506378695583394,3.840772921925861e-08,2.2375870412871812e-05,4.385016111111112,0.0038888888888888888,0,0,2025-01-01,9509014
1735696800000000,1.6360068757770558,20.10201351025903,0.711666532162415,1800,0.7324030649092177,0.3859911393255743,0.0005083747121408244,0.0014869105145350892,3.9513797222222222,0.0044444444444444444,0,0,2025-01-01,9509014
1735698600000000,1.8260387381175864,19.676433601560888,0.6602874798019975,1800,0.6613217994617152,0.45353451126103017,0.0010478293536475558,0.0004220114448609813,4.431198333333334,0.002777777777777778,0,0,2025-01-01,9509014
1735700400000000,1.848858511652726,13.7520790744595,0.5817158799397192,1800,0.602698868393057,0.4506158392831542,7.322632618689262e-05,0.00031489797929606933,3.9147394444444443,0.0016666666666666668,0,0,2025-01-01,9509014
1735702200000000,1.7284853322988931,7.205548914335671,0.5964901873512789,1800,0.6479115231150248,0.4162149131295011,0.0013573395118787746,0.0011202604584588105,4.018697222222222,0.0033333333333333335,0,0,2025-01-01,9509014
1735704000000000,1.587505169397899,11.72913820994043,0.5302241974840775,1800,0.5724709598795028,0.22236197656681145,0.0026728651661802605,0.0016012671687529734,3.8294319444444445,0.0022222222222222222,1,0,2025-01-01,9509014
1735705800000000,1.733371045695057,15.162635595232711,0.6233494269814632,1800,0.6260355260342539,0.4706915329248691,0.000816681444991918,0.0009172686165143107,5.4201925,0.0033333333333333335,1,0,2025-01-01,9509014
1735707600000000,1.3001012030507932,13.455213211202752,0.6359737470365835,1800,0.6419919087651542,0.14346670232948266,0.0030419166616960647,0.0032072869339849763,5.963277499999999,0.0022222222222222222,1,0,2025-01-01,9509014
1735709400000000,1.422812040333179,16.73925035651359,0.700794069848595,1800,0.7024274873642047,0.40197163777605105,0.003880357221049624,0.001283458083612521,5.469813611111111,0.0033333333333333335,1,0,2025-01-01,9509014
1735711200000000,1.3601744515717153,11.655430734039996,0.6719635670924605,1800,0.6723004102074523,0.3300771281965088,0.0013719293659441023,0.00037891169706272265,5.565409166666667,0.0011111111111111111,1,0,2025-01-01,9509014
1735713000000000,1.6924018734872988,15.402040387639568,0.5597108487534552,1800,0.5947684639897426,0.47406696271180737,0.00032889646396827565,4.61094541401863e-05,4.273971388888889,0.0011111111111111111,1,0,2025-01-01,9509014
1735714800000000,1.2825143305787317,12.986748179430867,0.6314152329504594,1800,0.6477260945623874,0.43590044514398896,0.0009001351923931811,0.000550224445192371,4.9512680555555555,0.0005555555555555556,1,0,2025-01-01,9509014
1735716600000000,1.3532901073075483,7.71031598464762,0.6368965278933938,1680,0.6492062133939873,0.5054627265882151,0.00018884717927336592,0.00024528878205432036,5.869220238095239,0.0005952380952380953,1,0,2025-01-01,9509014
1735718400000000,1.7343032124656708,12.00017711609249,0.4946080795331471,1680,0.496644848133751,0.4391521785082705,0.0022014445437430474,0.0030580395607650024,5.1759080357142855,0.0011904761904761906,2,0,2025-01-01,9509014
1735720200000000,1.4931335662180178,22.076303095091255,0.6745050625843297,1800,0.6859902845774983,0.4200100529699562,0.0012193812317617958,0.0003721183798685024,4.297599166666667,0.0022222222222222222,2,0,2025-01-01,9509014
1735722000000000,1.7555387198394095,19.709586322367155,0.49949826108430695,1800,0.5064505306977147,0.33415878605422955,0.025256763116000447,0.0048808810972528205,5.82357,0.002777777777777778,2,0,2025-01-01,9509014
1735723800000000,1.4374577010935992,27.54328182275219,0.6500505872538456,1800,0.6500528930034755,0.3116854163887878,1.0210868450766242e-06,0.00020876831066285462,5.324188333333334,0.005,2,0,2025-01-01,9509014
1735725600000000,1.5483785299489792,22.803280959620267,0.655630375360523,1800,0.6693572439615656,0.42305798396838035,0.0023176688214411323,0.0008174385908931159,4.616188055555555,0.0033333333333333335,2,0,2025-01-01,9509014
1735727400000000,1.3294764458104416,26.3514669689391,0.7490809394488509,1800,0.7550057012558038,0.3604907560959413,0.003185501027404558,0.0022361436888659325,5.253706666666667,0.0011111111111111111,2,0,2025-01-01,9509014
1735729200000000,1.5580839375858218,20.824181465355565,0.7114505548916152,1800,0.7120061719239542,0.3623322265488066,0.007285635924807576,0.00228826694855222,4.8107227777777775,0.0016666666666666668,2,0,2025-01-01,9509014
1735731000000000,1.6481622532917775,17.807634419108098,0.613133863737627,1800,0.6157432115716905,0.44815962369257256,0.0009013274450557773,0.00015879565646503835,4.900861944444444,0.005,2,0,2025-01-01,9509014
1735732800000000,1.5471182656404563,16.831246287192,0.5481646690114261,1800,0.5587781596941805,0.3471502487910939,0.00140501291678774,6.205057164776484e-05,5.666594722222222,0.006666666666666667,3,0,2025-01-01,9509014
1735734600000000,1.3185079916240245,22.68519467564862,0.6285760378577973,1800,0.6360469830481256,0.3983406707568594,0.0014025148329984694,0.0030925583762981823,5.592740833333333,0.0044444444444444444,3,0,2025-01-01,9509014
1735736400000000,1.321360423787419,23.792348147594478,0.672351197195336,1800,0.6834597552544729,0.4181538499665248,2.765398720716572e-05,0.0003292889780609487,4.8009441666666675,0.006111111111111111,3,0,2025-01-01,9509014
1735738200000000,1.4976404528706313,19.63485017355269,0.6453472895336534,1800,0.6546240403101317,0.2811836437636709,0.0006332185167049476,0.0023222399628962664,4.517012222222222,0.0038888888888888888,3,0,2025-01-01,9509014
1735740000000000,1.5197535901416797,14.104904377124837,0.5759593031947552,1800,0.6278469243543956,0.3811844186319504,7.868339318972684e-05,3.8956003611478884e-05,4.451303888888889,0.006111111111111111,3,0,2025-01-01,9509014
1735741800000000,1.9745821788230793,30.42284342733511,0.6420701529144186,1800,0.6514049633060006,0.3735294821417474,0.0010857719168110291,4.888779563549939e-05,4.220793333333333,0.009444444444444445,3,0,2025-01-01,9509014
1735743600000000,1.6011132804750683,27.339410936175483,0.6577654783580951,1800,0.6745289593390212,0.28161046137817847,9.138988263379666e-05,0.0006330955669417992,4.305708055555556,0.005,3,0,2025-01-01,9509014
1735745400000000,1.5225052474013898,31.694738576280344,0.7030413285736495,1680,0.715813308479905,0.19032910849846352,0.00023985834270479067,0.00010546728690474794,4.394069642857143,0.002976190476190476,3,0,2025-01-01,9509014
1735747200000000,1.5008892536080503,27.09422182024296,0.7450142828486416,1680,0.7525708565314958,0.16285546040834664,0.00021940233260442366,0.0010741797282095567,4.857687797619048,0.006547619047619048,4,0,2025-01-01,9509014
1735749000000000,1.4693030909316764,21.710198209845085,0.6874707362364652,1800,0.6958242906794933,0.37916277212339766,0.00030640175025498095,0.002863889016445409,4.827299999999999,0.0038888888888888888,4,0,2025-01-01,9509014
1735750800000000,1.7134477347449095,26.480460607876314,0.648167390616122,1800,0.659091727436937,0.31347250646361313,0.0015166427984545372,0.00010877372220396975,4.094345277777777,0.0044444444444444444,4,0,2025-01-01,9509014
1735752600000000,1.4733542457272257,19.798655902087194,0.7193835343670321,1800,0.7240310069235782,0.387872543018987,0.000738848297894168,0.00026290774794657246,4.779499444444444,0.0038888888888888888,4,0,2025-01-01,9509014
1735754400000000,1.678154339400316,21.347114402284397,0.6782941373517644,1800,0.6822109797780778,0.3245655384123939,0.002087887201639105,0.002534465534481223,4.354160555555556,0.0038888888888888888,4,0,2025-01-01,9509014
1735756200000000,1.581546938422769,21.277988783503062,0.7618017909521625,1800,0.7692715637102432,0.5252865369431515,0.0002904676085826452,8.889841128922882e-05,4.526066388888889,0.0011111111111111111,4,0,2025-01-01,9509014
1735758000000000,1.2826748793332812,25.666625568355204,0.735386010141216,1800,0.7382624989793847,0.30789354677314296,0.00215196437718268,0.0003969270024628546,5.647072222222222,0.0038888888888888888,4,0,2025-01-01,9509014
1735759800000000,1.5431577045430358,18.02765162638737,0.6764810155712297,1800,0.6809131914769517,0.2811671350371948,0.0006791547329423331,0.00014054356374515464,5.179900833333333,0.01,4,0,2025-01-01,9509014
1735761600000000,1.3515722382709527,22.611231306361805,0.6622113541684478,1800,0.675640502723396,0.4239397187897159,0.0008602570884490568,0.00015024285642706303,5.233538055555556,0.0038888888888888888,5,0,2025-01-01,9509014
1735763400000000,1.4740428322566275,32.25984697168884,0.7138774775659577,1800,0.7184861224693557,0.17663330012219836,2.498676093176666e-05,0.00024208759796395807,5.734755833333333,0.0044444444444444444,5,0,2025-01-01,9509014
1735765200000000,1.4757157505479326,9.6826898380424,0.5766516861726773,1800,0.6018431738624893,0.1837408694486512,0.001325725427387181,0.0005609669672369533,4.897769722222223,0.006111111111111111,5,0,2025-01-01,9509014
1735767000000000,1.6203327921969373,23.19401116652121,0.6656002391174212,1800,0.6762446889269003,0.34752486104026836,0.0019049777178002936,0.0006237808826379254,4.356771388888889,0.006111111111111111,5,0,2025-01-01,9509014
1735768800000000,1.5740249842146994,15.440325959628924,0.5587476397707016,1800,0.5806944992383914,0.4599065621392483,0.0003141616543759218,0.0003819554721858909,6.269196666666667,0.0033333333333333335,5,0,2025-01-01,9509014
1735770600000000,1.6699595436366987,11.141179317586554,0.6101071237366396,1800,0.6431539358425492,0.5263109858221714,0.005055382094153349,0.0048714906804526725,4.704708611111111,0.0005555555555555556,5,0,2025-01-01,9509014
1735772400000000,1.6249088168916577,30.813396036024102,0.6925063677387873,1800,0.7060213240920629,0.3554157293719662,0.0005709439685096518,0.0004588276877257602,4.499459722222222,0.006111111111111111,5,0,2025-01-01,9509014
1735774200000000,1.530540397827535,23.786034048079824,0.6767428294103136,1680,0.6923586826276436,0.4357578894442755,5.031025297641545e-05,0.0018515261632630065,4.875266964285714,0.002976190476190476,5,0,2025-01-01,9509014
1738368000000000,1.554658011755865,16.46191387804225,0.5345632566457231,1680,0.5541187505470897,0.4848586059966242,0.0020318261083365208,0.0004182025140946344,5.549666964285715,0.0035714285714285713,0,1,2025-02-01,8908390
1738369800000000,1.3853117224000147,20.63589451896064,0.6975626068292109,1800,0.7152422753575937,0.2705402647247921,0.00024771371807219555,3.0120350343443292e-05,6.145043888888889,0.0022222222222222222,0,1,2025-02-01,8908390
1738371600000000,1.583602029501353,24.673968606802244,0.5822923600742573,1800,0.602497069221702,0.4123059678969372,0.00020096537860392338,0.0005661113567611009,4.567302777777778,0.0022222222222222222,0,1,2025-02-01,8908390
1738373400000000,1.4049549978446447,20.999964142199428,0.6260557851374434,1800,0.6397393940763714,0.352601888304482,0.0010802688094895263,7.295609015989246e-05,4.790613333333333,0.0033333333333333335,0,1,2025-02-01,8908390
1738375200000000,1.4999156965232947,24.739613815000517,0.6848349488630872,1800,0.6917827400691936,0.2645678767994063,0.0013751566853473784,0.00040770150191515864,5.2679275,0.002777777777777778,0,1,2025-02-01,8908390
1738377000000000,1.7389282883727764,19.0984214673512,0.6097971323688488,1800,0.6120851806908418,0.4154011785144647,0.0003508611720819399,5.0959732920241585e-05,4.480048333333333,0.0005555555555555556,0,1,2025-02-01,8908390
1738378800000000,1.3575240746061812,21.46655579739235,0.7192472512152772,1800,0.7246960065036688,0.3472782310715845,0.0015477670727498394,0.0010299005531968497,5.869071388888889,0.0005555555555555556,0,1,2025-02-01,8908390
1738380600000000,1.185608359558525,17.779061469398233,0.529406777593649,1800,0.5337982552266052,0.4262845817097334,0.0010132630979790003,0.0002325653370065517,5.787059166666666,0.0011111111111111111,0,1,2025-02-01,8908390
1738382400000000,1.5275290020947778,14.594518855491337,0.5623879882117471,1800,0.5883818215041405,0.32628560805062035,0.0018744433438981911,0.0006144184756988746,5.498793888888889,0.005,1,1,2025-02-01,8908390
1738384200000000,1.3536811338284094,16.884226704121232,0.2994459154943331,1800,0.30215657190391076,0.6719181529161051,7.108946842071528e-05,0.0021797299440091678,5.474836666666667,0.002777777777777778,1,1,2025-02-01,8908390
1738386000000000,1.4486121821313693,8.94101532272426,0.5755611877601157,1800,0.5759644250613289,0.47614070409309694,0.0008804079270117171,0.0013857580764636834,4.937426666666667,0.0011111111111111111,1,1,2025-02-01,8908390
1738387800000000,1.2192603673307718,9.793621983492113,0.37915200979944363,1800,0.42380788800479874,0.5863284432289034,0.00030519207414514415,0.0004340274304093228,5.145899166666667,0.0005555555555555556,1,1,2025-02-01,8908390
1738389600000000,1.3454165461663186,17.060617794635025,0.6258931706836396,1800,0.6313906723525275,0.37866572368344,0.0022370120361563384,0.0005131703543669319,4.9120783333333335,0.0005555555555555556,1,1,2025-02-01,8908390
1738391400000000,1.5095750664596261,14.394511775612935,0.5849011030141245,1800,0.6189028715578213,0.40496777652548166,0.000492566244134296,1.9260730765524592e-05,4.614859166666666,0.002777777777777778,1,1,2025-02-01,8908390
1738393200000000,1.438893250612731,15.719230190730444,0.5980570636093476,1800,0.6229013563233238,0.4418640315580836,0.0006860923331167834,0.0018521057449402134,4.795822222222222,0.0005555555555555556,1,1,2025-02-01,8908390
1738395000000000,1.2483468438840473,16.355846403299523,0.49409127701350564,1680,0.5226949600624173,0.39967190596020363,0.00010708368131318036,0.0006838466556514655,5.310067261904762,0.0005952380952380953,1,1,2025-02-01,8908390
1738396800000000,1.2366238123812168,18.208876252770782,0.5209096105164199,1680,0.523342814577646,0.319298096186313,8.420847552126354e-05,0.0008910734818760035,6.298486607142857,0.004166666666666667,2,1,2025-02-01,8908390
1738398600000000,1.3741545027194768,11.955299418846794,0.4645226597059685,1800,0.4785672298139356,0.40210639986368824,0.002385945144530277,0.0013020738459978975,4.7778675,0.006666666666666667,2,1,2025-02-01,8908390
1738400400000000,1.4144189601448953,20.412315484310913,0.5456623192309871,1800,0.5556495992158208,0.34459675947664625,0.0012372258253191548,0.004641421222914666,4.960530277777778,0.006666666666666667,2,1,2025-02-01,8908390
1738402200000000,1.499856289927618,18.214050771412225,0.4585285931545978,1800,0.46927104424033106,0.3033008954177948,0.00025759667207603254,3.542861579441947e-06,4.757601944444444,0.010555555555555556,2,1,2025-02-01,8908390
1738404000000000,1.1430274647034107,12.048810035932126,0.47400276024581234,1800,0.5069294777389655,0.32451268981758974,0.002575624462575421,0.0004240012164791196,5.833743333333333,0.0016666666666666668,2,1,2025-02-01,8908390
1738405800000000,0.9508817320614847,8.520770482822874,0.3799756168490753,1800,0.44770185242347693,0.345590171115677,0.0003747843188349753,0.0012661123837508503,8.508714166666666,0.0038888888888888888,2,1,2025-02-01,8908390
1738407600000000,1.1816132924472016,26.949603498756886,0.6263878677176302,1800,0.6310438937925003,0.2725293912183031,0.000787111951184194,0.0001564294050404591,6.090936388888888,0.0038888888888888888,2,1,2025-02-01,8908390
1738409400000000,1.325552208267973,15.735567095003876,0.47296101700014015,1800,0.4959873854650273,0.4064240204643822,0.003971071438115259,0.00010077889644044546,5.920539444444445,0.0033333333333333335,2,1,2025-02-01,8908390
1738411200000000,1.2721583810928683,11.211869518219169,0.3715009984620836,1800,0.3966642034872423,0.5244732095784339,2.344112389640607e-06,0.0004785479855797803,6.076958333333333,0.0033333333333333335,3,1,2025-02-01,8908390
1738413000000000,1.0037515380955941,18.211593712052668,0.5643276018362171,1800,0.5742543177632364,0.3663948696888376,0.0003387415049053155,0.00100198079422964,5.858044722222222,0.0011111111111111111,3,1,2025-02-01,8908390
1738414800000000,1.1307107991780037,19.698285770971648,0.6583543306096491,1800,0.6600709104543572,0.3293259502783278,0.00015167142022287639,4.8751743810915293e-05,5.360491666666666,0.0011111111111111111,3,1,2025-02-01,8908390
1738416600000000,1.1809311675944378,24.659810289263834,0.609384702527295,1800,0.6176307538212492,0.21565552272368382,0.0013612167410418374,0.000783767572949845,5.801087222222223,0.002777777777777778,3,1,2025-02-01,8908390
1738418400000000,1.3964184686926306,24.3341279028051,0.6187548966340002,1800,0.6342678125775267,0.3400778510999518,0.0017706076312934416,0.0016954030034302958,4.781296111111112,0.0038888888888888888,3,1,2025-02-01,8908390
1738420200000000,1.2906098552316219,24.12171708697418,0.5748166015231555,1800,0.5792262785418737,0.27860145194552977,0.004561621085615752,0.0010120511985715064,5.462768611111112,0.0033333333333333335,3,1,2025-02-01,8908390
1738422000000000,1.4368323807636643,21.082857654133935,0.5752497040590636,1800,0.5867301258342554,0.23942663951463894,0.0002632594291968049,0.0018683992794162885,4.930691666666667,0.005,3,1,2025-02-01,8908390
1738423800000000,1.2890913054095936,14.287227964742186,0.3880292376984936,1680,0.410775808712852,0.48403088867772925,0.0015125076826757455,0.0006861418631223248,5.6357550595238095,0.0035714285714285713,3,1,2025-02-01,8908390
1738425600000000,1.0791695882148709,29.098510394301048,0.6858778539168581,1680,0.698179292518335,0.29108961460522886,0.0007063078545300749,0.0029971430887365536,5.613602083333333,0.007738095238095238,4,1,2025-02-01,8908390
1738427400000000,1.1668731878289358,27.433710410364473,0.706884487325556,1800,0.7142077439673205,0.2305551172406346,9.51230573241757e-05,4.513248086368549e-08,5.565949166666667,0.0038888888888888888,4,1,2025-02-01,8908390
1738429200000000,1.5755852438892524,10.326847483383213,0.4377937616274552,1800,0.4624128293059372,0.3683526273925183,0.002234937669105097,0.0005070228894151763,4.187562777777778,0.012777777777777779,4,1,2025-02-01,8908390
1738431000000000,1.0288962139177684,16.07251988782306,0.4370443570075374,1800,0.4438289519965325,0.35207707362364127,2.487499392955783e-05,1.2798727114793351e-06,5.675013611111111,0.0011111111111111111,4,1,2025-02-01,8908390
1738432800000000,1.1999278125316386,21.444760640255332,0.550012960801563,1800,0.5767804394644009,0.3251044827578028,0.0016777587430930607,0.0023481627647561343,6.388026111111111,0.002777777777777778,4,1,2025-02-01,8908390
1738434600000000,1.222191970819004,20.170110114501906,0.6515876351443688,1800,0.6718684271664983,0.22512914638836157,0.0032031117843484003,1.222039813009168e-06,5.399015833333333,0.006666666666666667,4,1,2025-02-01,8908390
1738436400000000,1.281454474210432,24.91652028936787,0.6023858296317541,1800,0.6162246092626107,0.20931606699931238,0.0007958280086034497,0.0006723870167204549,7.421498888888889,0.01,4,1,2025-02-01,8908390
1738438200000000,1.4759828036146416,17.38594208827304,0.5307169708421896,1800,0.5468496502988679,0.2292766518272189,0.0011042979929500873,0.00041667351849217216,5.373071111111111,0.015555555555555555,4,1,2025-02-01,8908390
1738440000000000,1.6837387112749724,17.090064405450395,0.47514766397619046,1800,0.48315253272590775,0.4515125549608475,0.0004271269353059992,3.8571392649733305e-05,4.678530555555556,0.01611111111111111,5,1,2025-02-01,8908390
1738441800000000,1.5754819141633012,25.24931451150931,0.5785458331982911,1800,0.6118096736308392,0.18313433246469923,0.0002894700433010433,4.2458689941682337e-07,4.550315277777778,0.011666666666666667,5,1,2025-02-01,8908390
1738443600000000,1.4438629157927396,22.25505659235663,0.5724958461660841,1800,0.5816370650769048,0.2963901760131794,0.0007334955491831163,0.00017299955028693415,8.305830833333333,0.011666666666666667,5,1,2025-02-01,8908390
1738445400000000,1.501070552793768,21.797187421162114,0.5282980887109088,1800,0.5486480206689401,0.16189902719666327,0.0006696125570415656,0.0005340586646221945,5.243474444444445,0.014444444444444444,5,1,2025-02-01,8908390
1738447200000000,1.9684221281972596,24.312281959637478,0.5351548814214824,1800,0.542473566786869,0.31317146936502094,0.0015031068339833586,0.0003612459262940515,4.026173333333333,0.011666666666666667,5,1,2025-02-01,8908390
1738449000000000,2.4954554934249664,18.664488726052372,0.5813224492907352,1800,0.6075442412454511,0.2326689828724774,0.01947949831294149,0.010109152679600664,2.6115552777777777,0.01,5,1,2025-02-01,8908390
1738450800000000,2.2757523984646615,31.83410233869985,0.6316726432170481,1800,0.6471767674666458,0.2536526634015501,2.3883881783426375e-07,7.895734156426748e-05,3.368505277777778,0.01888888888888889,5,1,2025-02-01,8908390
1738452600000000,1.9755120242774014,23.10505341188812,0.5441723638155551,1680,0.5688189893030073,0.3205658943619847,0.0020730860284828845,0.000348085623306571,3.526565476190476,0.0125,5,1,2025-02-01,8908390
1740787200000000,1.367587308086709,31.67089084201229,0.7332481765479841,1680,0.7440066621210424,0.3018278285488064,4.096721027868622e-05,9.63233607320646e-08,4.293239285714286,0.0011904761904761906,0,1,2025-03-01,18119386
1740789000000000,1.2498346099300088,20.166534072389148,0.6593196392206324,1800,0.6794852630087413,0.3590628699930585,0.0023680269518248087,2.864393271495569e-05,5.857148333333334,0.002777777777777778,0,1,2025-03-01,18119386
1740790800000000,1.2175990424140548,32.82943446607456,0.7428447584045657,1800,0.7514178024926234,0.167898896389284,0.002052053020015987,8.447169798364573e-05,5.443419722222223,0.0005555555555555556,0,1,2025-03-01,18119386
1740792600000000,1.6615503414785764,27.592984711670567,0.6914610610903331,1800,0.7013167720695419,0.3442751232691057,0.0008230633485590833,0.0002091645633873762,4.480642777777778,0.008333333333333333,0,1,2025-03-01,18119386
1740794400000000,1.657118015231236,32.73840976239498,0.7212183351953897,1800,0.7242768398880837,0.2635503477850273,0.00026116267804088267,0.00032244107986900694,4.319895,0.009444444444444445,0,1,2025-03-01,18119386
1740796200000000,2.0687547762783587,27.779620030952618,0.6258159492966506,1800,0.6322400601646747,0.25134285944586,0.00033324952473867686,5.110315494660789e-06,3.6911277777777776,0.01888888888888889,0,1,2025-03-01,18119386
1740798000000000,1.6078359369194346,30.522359163593052,0.7282280115945389,1800,0.7355178710448724,0.291679448440619,8.158307819428057e-05,0.0010898342735502498,4.353330833333334,0.006111111111111111,0,1,2025-03-01,18119386
1740799800000000,1.5982443520230016,37.65699491864374,0.7399694919053852,1800,0.7605382575166624,0.2226291989500353,0.0007929166960024547,3.249958060524971e-05,3.7857025,0.0033333333333333335,0,1,2025-03-01,18119386
1740801600000000,1.4979259857833966,28.97692779142395,0.664298087463933,1800,0.6726628702144927,0.26993535933942947,8.021545342073999e-06,0.0021780591627086343,7.877396666666667,0.006111111111111111,1,1,2025-03-01,18119386
1740803400000000,2.246945801261374,20.433546000882757,0.5507394712186471,1800,0.5530568853998894,0.3817503471614355,0.0002999410522307455,0.0003282155533528286,4.096493055555555,0.01611111111111111,1,1,2025-03-01,18119386
1740805200000000,1.770192618710882,29.306323792160843,0.6454800134403853,1800,0.6591934915558256,0.2830621014636865,0.0003682833342527614,0.001235736904678375,3.4741388888888887,0.005555555555555556,1,1,2025-03-01,18119386
1740807000000000,1.5381308357940644,24.018087971416854,0.706493631905108,1800,0.7157784959865239,0.2710151256258928,0.0002999485299071125,0.001276990559961222,4.334655555555556,0.0016666666666666668,1,1,2025-03-01,18119386
1740808800000000,1.0911524095532021,5.6074651059793075,0.4833264631423604,1800,0.586898198013801,0.3178023603198864,0.00033308174794044465,0.0002529413632910149,6.768723333333333,0.005,1,1,2025-03-01,18119386
1740810600000000,1.736256407712047,13.210955481959706,0.7077886897386748,1800,0.7422233293061578,0.4774933076476081,0.0002539025234156167,9.91389938275189e-05,5.431713333333334,0.007222222222222222,1,1,2025-03-01,18119386
1740812400000000,0.7026478906479765,2.53420224818461,0.2796731788414174,1800,0.47525809986017187,0.5255415335033807,0.0016330480961449512,0.0001205856077641787,11.545728055555555,0.007222222222222222,1,1,2025-03-01,18119386
1740814200000000,1.2552371495193877,15.836681661576536,0.5051965496108326,1680,0.513867276776057,0.4361725585002937,0.0032718970013654314,0.0003867074479176891,6.877446428571429,0.004761904761904762,1,1,2025-03-01,18119386
1740816000000000,1.2863554825615526,15.744694630700566,0.5730218597986809,1680,0.5790197729069375,0.42435518143580053,6.809603851576362e-06,0.0006374266776942861,6.788079761904762,0.0017857142857142857,2,1,2025-03-01,18119386
1740817800000000,1.3549721736689058,34.486693147837116,0.7400183211886653,1800,0.7584714842603018,0.24959539513881368,7.545180910051297e-05,0.000252185859835774,4.3223275,0.0016666666666666668,2,1,2025-03-01,18119386
1740819600000000,1.5183487525544013,22.313798945365903,0.6765042348975121,1800,0.6838890634457269,0.33874149556775257,1.6244995943437424e-05,0.0001637436137756909,5.419669166666667,0.0038888888888888888,2,1,2025-03-01,18119386
1740821400000000,1.2040110491936027,21.153253597982122,0.6251227583753705,1800,0.6522966286094054,0.25425340941305175,0.0023617505462349975,0.0010544779732326592,5.870744166666666,0.0011111111111111111,2,1,2025-03-01,18119386
1740823200000000,1.465368699619895,20.098496040082278,0.5721412085793428,1800,0.6096473466719188,0.28795727829202433,0.0008294117377523058,0.001456597294012818,4.873536944444444,0.007222222222222222,2,1,2025-03-01,18119386
1740825000000000,1.762219072034049,25.304158238287307,0.6769264406013462,1800,0.6780581940105518,0.2551427800485292,0.0004552727009717872,0.00016465832498679944,8.30913,0.005555555555555556,2,1,2025-03-01,18119386
1740826800000000,1.5942771210835396,22.404471262890926,0.604971203065879,1800,0.6118449128704224,0.3665506316365046,0.0002833520635584508,0.0006622401576557024,7.7097575,0.013888888888888888,2,1,2025-03-01,18119386
1740828600000000,1.7705314080548322,17.14908238727254,0.696804806238847,1800,0.6985751452122102,0.3562676889188745,0.0009341781975243935,0.0007081174438310356,5.287445277777778,0.0044444444444444444,2,1,2025-03-01,18119386
1740830400000000,1.7588932569155196,22.07978910300129,0.6488745493280619,1800,0.6609171017057203,0.3978365380297407,5.050630995651062e-06,0.0003875469205845139,4.241658888888889,0.0033333333333333335,3,1,2025-03-01,18119386
1740832200000000,1.955694973296228,23.65028941948297,0.6427440052968727,1800,0.6566001564876147,0.3327218283973862,0.001353925692971214,0.0014666047086407952,4.1219238888888885,0.0016666666666666668,3,1,2025-03-01,18119386
1740834000000000,2.4015815381507353,36.99160986402556,0.7532785473155494,1800,0.7640145701323604,0.3061527652724315,0.005268602214808404,0.005756454076647377,2.8644594444444444,0.008888888888888889,3,1,2025-03-01,18119386
1740835800000000,2.435025779637073,36.93530343636086,0.721992394026699,1800,0.7389150499605585,0.19400859364937895,8.118063549722443e-05,0.0003107930706904849,3.29096,0.002777777777777778,3,1,2025-03-01,18119386
1740837600000000,2.373566934145517,42.33877784791662,0.7549869131398017,1800,0.7727304916766777,0.2484039099538513,2.1043389460961848e-06,2.3566292837506886e-05,2.892758888888889,0.0016666666666666668,3,1,2025-03-01,18119386
1740839400000000,2.3401917091744804,31.585061431187746,0.7947680934221819,1800,0.7950673588545758,0.26830364198260526,1.959655940464433e-05,0.00010682234669734392,2.7750925,0.0038888888888888888,3,1,2025-03-01,18119386
1740841200000000,2.2336221208733913,32.73204633246993,0.7836946986460653,1800,0.8061887159808818,0.25240663320223566,0.0008224397700047348,0.002183509283681606,3.1706950000000003,0.0077777777777777776,3,1,2025-03-01,18119386
1740843000000000,2.070062939811997,22.78736914657978,0.7110323781854342,1680,0.7362547264366319,0.2845610729776723,0.00010264841793028445,3.741890557606986e-05,3.099589583333333,0.002380952380952381,3,1,2025-03-01,18119386
1740844800000000,2.02211407015116,20.714521481031657,0.6521137033409107,1680,0.6710474063766876,0.3310399575826489,0.0002776882572275152,0.0014277016136122755,3.4392345238095237,0.004761904761904762,4,1,2025-03-01,18119386
1740846600000000,2.406510248690919,36.30104979357305,0.7305213944974157,1800,0.744088702870686,0.3245510757298202,0.00010704438232000957,7.5361444934474164e-06,2.8959041666666665,0.008888888888888889,4,1,2025-03-01,18119386
1740848400000000,2.3597925618884195,32.945750345199876,0.7324332505947313,1800,0.7482631911821881,0.3123606696514678,1.5324024738139208e-05,8.937914419915316e-06,3.248686944444444,0.008888888888888889,4,1,2025-03-01,18119386
1740850200000000,1.5256635400379763,31.872599984391616,0.7588257064656031,1800,0.7694238895258384,0.21981673753113484,0.00023287592363507859,0.0017762426536741538,5.800724166666667,0.0044444444444444444,4,1,2025-03-01,18119386
1740852000000000,1.541307588880891,30.761157917255343,0.7011869743248555,1800,0.7229661841998956,0.3417976150522847,6.69146189024028e-05,4.5454263702948694e-05,5.412149166666667,0.007222222222222222,4,1,2025-03-01,18119386
1740853800000000,1.5718288945204206,28.402983577281905,0.6865885929563158,1800,0.6905810476929628,0.2882840960604559,0.0002607399617651218,0.00016785065632174412,4.8573908333333335,0.0011111111111111111,4,1,2025-03-01,18119386
1740855600000000,1.4496926630020304,30.383100354678536,0.6775545552134182,1800,0.6931511526260332,0.11006379761371854,0.00045254648447234924,2.0651388526471415e-05,4.9234752777777775,0.005555555555555556,4,1,2025-03-01,18119386
1740857400000000,1.7919227803836146,18.687958414790504,0.6768261817542438,1800,0.6824097258657724,0.13392399871567617,9.189943905862918e-07,7.819123649865922e-05,4.934163055555556,0.008888888888888889,4,1,2025-03-01,18119386
1740859200000000,1.769325245180266,18.51015651348174,0.6760082833143077,1800,0.7151577844636356,0.29340383164432937,0.0015155641998684244,0.00013995295379964912,4.127077777777778,0.0033333333333333335,5,1,2025-03-01,18119386
1740861000000000,1.6938225672880731,20.421165523722266,0.7249198033476958,1800,0.743539883120841,0.23490626708186135,0.0008633252250508372,0.0012454351761272964,4.613580833333333,0.002777777777777778,5,1,2025-03-01,18119386
1740862800000000,1.8232260519174244,23.996854793840562,0.721857271948276,1800,0.7433778587665829,0.24045520407099485,7.79543910535141e-05,0.0011774388037968375,4.424699722222222,0.0044444444444444444,5,1,2025-03-01,18119386
1740864600000000,2.483442263449456,6.231894373639602,0.6251549547779595,1800,0.7295765664879263,0.5119934282896391,0.0016526900945380563,0.0005327519841422657,4.065531666666667,0.008888888888888889,5,1,2025-03-01,18119386
1740866400000000,2.4467520365657927,20.723887177847526,0.6414165017565875,1800,0.6564008500458007,0.41553664816520863,2.8957622443925857e-05,0.00017776453094697775,3.278078888888889,0.005555555555555556,5,1,2025-03-01,18119386
1740868200000000,2.58197813286298,20.97211286570387,0.7215103271245799,1800,0.7241126573298154,0.3477373844859474,0.004516065717927398,0.0015901366974565567,2.6261047222222222,0.0005555555555555556,5,1,2025-03-01,18119386
1740870000000000,1.6967222536514397,22.688237363748392,0.6686306298958187,1800,0.6872569050382669,0.22184546707977781,0.0007000343213113824,0.0007547148574718054,4.147451388888889,0.007222222222222222,5,1,2025-03-01,18119386
1740871800000000,1.4588552548492952,19.13503766059853,0.7301486323974615,1680,0.7427261259671928,0.3377482910352879,7.778522762513784e-05,0.0004335299756350608,4.330764285714285,0.0011904761904761906,5,1,2025-03-01,18119386
1743465600000000,0.793583275092923,30.161640025900216,0.7179772484661597,1680,0.7337105771102339,0.23329000016910262,2.7888320679236855e-05,0.00011024892219058113,7.174113988095239,0.005952380952380952,0,0,2025-04-01,23706764
1743467400000000,1.1616430697661237,24.662565666167463,0.6916415875465614,1800,0.7094321031982593,0.24659688342447983,0.0024846775238331897,0.0005032671180054127,5.730858055555555,0.009444444444444445,0,0,2025-04-01,23706764
1743469200000000,1.3242183167730923,39.61822405553428,0.751914952842142,1800,0.7626505175553357,0.21744597214380157,0.0005127698479148179,8.447111654596995e-08,4.50879,0.010555555555555556,0,0,2025-04-01,23706764
1743471000000000,1.1894254628615464,39.72487121100183,0.7708508534375845,1800,0.7749952761635871,0.19900777416831927,0.00040760643329984525,0.0007176125397160282,4.726517222222222,0.005,0,0,2025-04-01,23706764
1743472800000000,1.106853676581999,30.62138636343587,0.7054883059694165,1800,0.717770710638412,0.23964455062414158,0.0007126438878910513,0.0001269433099436723,5.234666944444444,0.0038888888888888888,0,0,2025-04-01,23706764
1743474600000000,0.9430538327984448,28.052895217524583,0.7500395630788737,1800,0.7561864960624236,0.2658549699207635,0.0006538572735769188,0.00025692286295619926,5.6826236111111115,0.0022222222222222222,0,0,2025-04-01,23706764
1743476400000000,0.8334937348860271,25.422962896345595,0.7165161481250468,1800,0.7355262648114118,0.2188441757408851,5.457925749996484e-05,0.0007649628815553644,6.523405,0.0044444444444444444,0,0,2025-04-01,23706764
1743478200000000,0.8049428981479201,24.01938963555423,0.7412175481543841,1800,0.7522795348319197,0.23176051657428287,6.393949426930501e-05,0.0011131742223833285,6.860554722222222,0.0044444444444444444,0,0,2025-04-01,23706764
1743480000000000,0.8779328416735576,12.765725512971754,0.6363983236106074,1800,0.6601980002533466,0.4032916421455478,0.0005391826303452474,0.001715754212587628,6.622173611111111,0.0038888888888888888,1,0,2025-04-01,23706764
1743481800000000,0.9338714174107705,21.74937457344922,0.7283364533105026,1800,0.74208747659893,0.29103015458954495,4.7447735721073414e-05,0.0006963672742482663,5.890436111111111,0.0022222222222222222,1,0,2025-04-01,23706764
1743483600000000,0.8839881640491424,30.098018790019523,0.675631087404805,1800,0.6816667031141732,0.16951121084514564,3.6041876988135435e-05,0.0014242131596211571,6.087402777777778,0.0011111111111111111,1,0,2025-04-01,23706764
1743485400000000,0.7279078614981226,16.356538871059,0.7453817045378016,1800,0.7548386904329316,0.1733557629224497,0.00010566087735408569,0.0003234672277218076,8.4927125,0.0011111111111111111,1,0,2025-04-01,23706764
1743487200000000,0.7632827551551827,18.514330948154694,0.7423178421879941,1800,0.7484070466687399,0.3741067246512647,0.000842588207080941,0.00021887341159054774,7.979017222222222,0.005555555555555556,1,0,2025-04-01,23706764
1743489000000000,0.8240478464688706,24.919588064263746,0.6264144283021217,1800,0.654961361302963,0.29292540826864366,0.0005655035083143023,0.00025732762104979656,6.745247777777777,0.0077777777777777776,1,0,2025-04-01,23706764
1743490800000000,0.818476543191769,20.14830870259136,0.6769555112772732,1800,0.6948025608104325,0.28648828820605476,0.00020236647878468794,1.066183775966234e-05,6.791299166666667,0.0022222222222222222,1,0,2025-04-01,23706764
1743492600000000,0.8920332743365993,23.85945031618602,0.7433521123438968,1680,0.7454021650270803,0.3478408904081731,0.004009082141963938,0.0020573742762224345,6.612045535714286,0.0011904761904761906,1,0,2025-04-01,23706764
1743494400000000,0.7853997796093624,22.069292344358058,0.6465411053602772,1680,0.6567111081360006,0.34183800632811223,8.133134494170413e-05,0.003554193531988381,8.483831845238095,0.011904761904761904,2,0,2025-04-01,23706764
1743496200000000,0.7454781780713263,26.501899015508087,0.6502421956510274,1800,0.6607614100096912,0.2736940151831495,4.699320110823635e-07,2.931650477455694e-05,7.699480555555556,0.0044444444444444444,2,0,2025-04-01,23706764
1743498000000000,0.7587947205033507,29.4395356099547,0.6652980891512856,1800,0.6739253433258258,0.12266463405068273,0.00036226651620563377,0.001918362517469352,8.523637222222222,0.0044444444444444444,2,0,2025-04-01,23706764
1743499800000000,0.6881879702710749,22.88699871327489,0.6849185627087528,1800,0.6937024192857058,0.257697380803936,0.0027728633103301092,0.0005828429060850127,9.125921388888889,0.0033333333333333335,2,0,2025-04-01,23706764
1743501600000000,0.7138552892455002,22.985029800478628,0.7006167486615741,1800,0.7082178912317004,0.2209310039006115,0.0002936450713035832,7.787066676601118e-05,8.591609444444446,0.0077777777777777776,2,0,2025-04-01,23706764
1743503400000000,0.6816280627118072,31.85571935340216,0.7353710006920866,1800,0.7557494000125596,0.31444510514470325,0.0004577769604128257,2.0006066893119012e-06,8.00385138888889,0.005,2,0,2025-04-01,23706764
1743505200000000,0.6638501443900308,33.00956136748232,0.6975973276540922,1800,0.7017081107660288,0.27965699799877364,0.00035399031833471817,7.108549272605291e-05,9.1571375,0.005,2,0,2025-04-01,23706764
1743507000000000,0.653699193400216,24.408906499982237,0.6687623926361559,1800,0.6870101801579196,0.2134149245941902,8.391109880490077e-06,0.00024605722313519873,9.590371111111113,0.0038888888888888888,2,0,2025-04-01,23706764
1743508800000000,0.661955554418056,27.588373341342688,0.7318777148453033,1800,0.7363455402567487,0.23061402245698193,0.0017068378015357988,0.001127381701011454,11.174113333333333,0.0044444444444444444,3,0,2025-04-01,23706764
1743510600000000,0.7593789686693181,21.862730651404924,0.6704783984489346,1800,0.6947761106240242,0.15434158638927775,9.886677713588643e-05,0.00034835013119771663,7.744011111111111,0.005555555555555556,3,0,2025-04-01,23706764
1743512400000000,0.6634445864976874,36.75410205503898,0.7412340318822557,1800,0.751069558633804,0.3178833488814733,0.001496171130411561,0.001191067096062759,10.497289444444444,0.006111111111111111,3,0,2025-04-01,23706764
1743514200000000,0.9190290172196387,44.365936170867684,0.7399151925393873,1800,0.7503979894979542,0.15958755750333542,0.000568404851121973,9.208234776025837e-05,7.747501111111111,0.03,3,0,2025-04-01,23706764
1743516000000000,0.908253791594611,38.55463549981357,0.6666984089237447,1800,0.6780718843516081,0.21345881369999897,2.0623957523224767e-05,0.0008148995446694007,7.640265277777778,0.03111111111111111,3,0,2025-04-01,23706764
1743517800000000,0.8135845453814985,39.44439650625614,0.6486891903064365,1800,0.6581774273321174,0.24988293297113284,0.0002359465473178446,2.8214868196374532e-05,7.816831666666667,0.023333333333333334,3,0,2025-04-01,23706764
1743519600000000,0.877864189878585,41.38190265603045,0.6882449219435116,1800,0.6956025088255411,0.23369817976052543,2.6963547091196638e-05,0.0007726587697698406,7.989485277777778,0.03,3,0,2025-04-01,23706764
1743521400000000,0.8535337795293408,44.101713811548954,0.7412746500057223,1680,0.7475578954096929,0.20872026774525443,0.0007105329699144125,0.00023016120409102836,8.568748214285714,0.0125,3,0,2025-04-01,23706764
1743523200000000,0.754119371010981,39.03040605846477,0.6842408405211677,1680,0.69045962820722,0.1974070690494657,0.00015375702776809774,9.089818750951384e-05,9.201051488095239,0.0125,4,0,2025-04-01,23706764
1743525000000000,0.7953359122676793,37.27404779668837,0.7239533221553685,1800,0.7331295455745934,0.14313035665754292,5.133969232029578e-05,0.0003206294304098911,9.632597222222222,0.01,4,0,2025-04-01,23706764
1743526800000000,0.7438631367577164,38.61028404191683,0.6665488472561616,1800,0.6718641619024806,0.30864774575529985,8.095939911190175e-05,4.5405781878948837e-05,9.914120277777778,0.005555555555555556,4,0,2025-04-01,23706764
1743528600000000,0.7513025997672549,35.78600946948236,0.7060828759185721,1800,0.7068933861664066,0.20935182578649558,0.0004231173501885177,1.5921145638309042e-05,10.763891944444444,0.011111111111111112,4,0,2025-04-01,23706764
1743530400000000,0.7507819427949921,36.54615248832544,0.7174247165453015,1800,0.7261547852917678,0.10538712511944914,3.949977768069601e-05,0.0002373750278523712,10.159835000000001,0.005555555555555556,4,0,2025-04-01,23706764
1743532200000000,0.7376321117419788,36.83172714457604,0.7230786033982679,1800,0.7410772149194951,0.16909748220625131,6.3192133138434414e-06,0.00014305505145939534,9.218420833333335,0.005,4,0,2025-04-01,23706764
1743534000000000,0.7679247783060307,32.90309828002791,0.7472130294729971,1800,0.7564456285782379,0.2765451376971584,1.0692387241162393e-06,0.0010470645355179498,9.853429444444444,0.006111111111111111,4,0,2025-04-01,23706764
1743535800000000,0.7302891526829663,28.591664340345606,0.6875238207949352,1800,0.6914001598287467,0.3365049558770177,0.0018069021256905682,0.003183127181205836,10.189150555555557,0.006111111111111111,4,0,2025-04-01,23706764
1743537600000000,0.6926101679720685,24.755218977115444,0.6960817705277772,1800,0.7026230427212824,0.30371957107905845,0.00028786095934640876,7.260840895417786e-06,11.149920833333333,0.0044444444444444444,5,0,2025-04-01,23706764
1743539400000000,0.7477670729701379,19.647079174088447,0.5670904070328397,1800,0.5841940351140402,0.2710700244435418,3.4845187965037994e-06,0.0009092692501312394,8.386933888888889,0.005555555555555556,5,0,2025-04-01,23706764
1743541200000000,0.6784094202620958,18.027532082090048,0.7549102402078426,1800,0.7681064476557649,0.43027320549502934,0.0020946691255328,0.0003841939978542763,8.819634722222222,0.0011111111111111111,5,0,2025-04-01,23706764
1743543000000000,1.2125464524392042,27.534327626467896,0.7620946635368713,1800,0.7763203643458962,0.31516911698776984,0.0007301577094268596,0.00041815075547935177,4.121036388888889,0.0011111111111111111,5,0,2025-04-01,23706764
1743544800000000,0.8722400830821836,29.975090417063516,0.7386102796877901,1800,0.7420855320458242,0.2063899717690716,0.0020053966822057845,9.509333188439939e-06,7.8785425,0.0038888888888888888,5,0,2025-04-01,23706764
1743546600000000,0.7718903297079984,30.41046270011371,0.7482773051921809,1800,0.7633180130655274,0.25599721993161595,3.0715234340394915e-06,0.00042345836966084516,8.473310833333334,0.0016666666666666668,5,0,2025-04-01,23706764
1743548400000000,0.8568918139168884,30.239069837240116,0.7742429811373781,1800,0.7763741207662589,0.19594694246778788,0.00025608563835588516,0.00013078037334057768,6.918990833333333,0.002777777777777778,5,0,2025-04-01,23706764
1743550200000000,0.8061251761913013,21.622822329361224,0.6508257453320351,1680,0.6590604764077516,0.23294614643057876,0.0001739639830083961,0.0005135354955555504,6.887768749999999,0.006547619047619048,5,0,2025-04-01,23706764
1746057600000000,0.7818816853884021,24.62163827336219,0.7673045832271588,1680,0.7711611085566247,0.3214828732824071,0.0004635894751826575,0.00020221671283371379,10.992328869047618,0.0017857142857142857,0,0,2025-05-01,17107176
1746059400000000,0.7315551982151175,22.07437179679274,0.6830412109170825,1800,0.6832103051904821,0.31571815000492753,0.0001986065535112269,0.0002466814424763042,11.494645833333333,0.0016666666666666668,0,0,2025-05-01,17107176
1746061200000000,0.7596293727056356,15.515147431990238,0.5549646725439126,1800,0.5750318113171647,0.34629954158726295,6.750432546276386e-09,5.712368541099799e-05,10.013083055555557,0.0038888888888888888,0,0,2025-05-01,17107176
1746063000000000,0.8412645102146865,22.721043822857155,0.7075373828488518,1800,0.7188292408429029,0.32274568406588244,0.0016365855250781713,0.00460234272171256,11.39446472222222,0.0022222222222222222,0,0,2025-05-01,17107176
1746064800000000,0.5962959898930343,5.1367256767769005,0.4473403976935254,1800,0.55545858932797,0.38616548467333345,9.551794019313498e-05,0.0029548718081688907,11.962311944444444,0.005,0,0,2025-05-01,17107176
1746066600000000,0.7766034971834287,16.998516272362664,0.6342857530136704,1800,0.6473014604888028,0.26295049737734466,0.00016114639835818068,0.0006122630739625601,11.169157777777778,0.0038888888888888888,0,0,2025-05-01,17107176
1746068400000000,0.5445841748359461,9.999033308779852,0.43786981885692067,1800,0.4824023711767593,0.32688932505750934,0.00023774163384115976,0.0018385175568885748,12.653789722222221,0.0011111111111111111,0,0,2025-05-01,17107176
1746070200000000,0.7450385037320436,20.879436394768785,0.5423414753066877,1800,0.5639671615834427,0.26565087173647817,5.085548771766035e-06,0.0011960369615898747,10.007909166666666,0.005555555555555556,0,0,2025-05-01,17107176
1746072000000000,0.684351113878457,26.03638053120412,0.7892423826686282,1800,0.8030215571735354,0.2872079413471328,0.0006897172585583755,0.0026328836235358644,10.537210833333335,0.0033333333333333335,1,0,2025-05-01,17107176
1746073800000000,0.7459298974653339,15.089734407114234,0.5151971981597226,1800,0.5211783824126275,0.42357505590427813,0.00024658614219974506,0.00012552269711529895,11.50940138888889,0.0016666666666666668,1,0,2025-05-01,17107176
1746075600000000,0.7131190383143371,17.993487487158383,0.6173226144938235,1800,0.6188057023891644,0.4118510820879553,0.0017346971117117027,0.0013744058038679396,10.883156388888889,0.0016666666666666668,1,0,2025-05-01,17107176
1746077400000000,0.8075861005487855,13.041347232302183,0.525293843447898,1800,0.5479215928709306,0.03013827530477675,0.00031853385378743937,0.0007890816718850724,11.35536638888889,0.002777777777777778,1,0,2025-05-01,17107176
1746079200000000,0.6758140348448012,17.111829186993933,0.6907196630534369,1800,0.7003013079859797,0.16893588944747706,9.845642043215808e-05,0.000138305737329536,11.047078611111111,0.002777777777777778,1,0,2025-05-01,17107176
1746081000000000,0.6865899181448666,18.419874763054235,0.6634635306313427,1800,0.6780525854551009,0.28920130865195826,0.003589947848724795,0.0012254197223035002,14.695705555555556,0.0044444444444444444,1,0,2025-05-01,17107176
1746082800000000,0.5682180698759907,20.115007824110084,0.6512207477394951,1800,0.665174090586379,0.19998773055238195,0.0007359915509126402,5.188220901897189e-06,11.491644722222222,0.0011111111111111111,1,0,2025-05-01,17107176
1746084600000000,0.6776464884485564,10.620513579396306,0.601604333421049,1680,0.6081567359184072,0.4542768236053061,0.002287469955470134,0.0010805822298083356,13.314377678571429,0.0017857142857142857,1,0,2025-05-01,17107176
1746086400000000,0.7033622549616634,12.99328346489938,0.6161383143779934,1680,0.6256411032387392,0.34508423203686867,0.0005751183227317158,0.000538351778541224,13.46222470238095,0.002380952380952381,2,0,2025-05-01,17107176
1746088200000000,0.5969508309655575,13.166205389240941,0.6423030316159251,1800,0.670479607767118,0.24735939637522986,0.0001322915223580523,0.0003869129449025621,13.240074166666666,0.0022222222222222222,2,0,2025-05-01,17107176
1746090000000000,0.5169305851062556,8.73181209607432,0.49504790388561226,1800,0.5370741449264785,0.3136141497080005,0.00019981517696188167,0.0002897555096184057,14.94482138888889,0.0022222222222222222,2,0,2025-05-01,17107176
1746091800000000,0.688881120779566,17.535939276283536,0.6596777687610698,1800,0.6664576474124436,0.175723215746463,0.0002641920601313963,0.0005640091114776924,11.3930925,0.002777777777777778,2,0,2025-05-01,17107176
1746093600000000,0.7616121902078391,25.54151972609274,0.6287176425637597,1800,0.637777466090556,0.18420958361992312,0.00011694258572914062,3.2859939289364704e-05,10.71139,0.013888888888888888,2,0,2025-05-01,17107176
1746095400000000,0.7972873841356782,25.358937832738835,0.6080555991505459,1800,0.6106673072997253,0.36441706293288867,6.523814163950092e-05,3.424989831757319e-05,10.199616111111112,0.0038888888888888888,2,0,2025-05-01,17107176
1746097200000000,0.7795843194569336,25.579817829039584,0.5987851379241506,1800,0.6164795847482263,0.3515755420075495,0.0004072832805023241,0.0009638118394901252,10.404696944444444,0.0038888888888888888,2,0,2025-05-01,17107176
1746099000000000,0.6649341297866588,21.74494317324023,0.7060125013626637,1800,0.7088544173807133,0.3719078251288407,0.001978828817429945,0.0023149569920919433,11.314528333333334,0.0011111111111111111,2,0,2025-05-01,17107176
1746100800000000,0.6578508713811905,14.241252978583418,0.6141223932141195,1800,0.628827463867488,0.2041328147745355,1.628681123666542e-05,0.001447985852387923,13.760779722222223,0.0038888888888888888,3,0,2025-05-01,17107176
1746102600000000,0.7312539108442505,21.03568276296185,0.6739528488966875,1800,0.6741021280709956,0.2336447325343648,0.0027340369910461293,0.0001958218202730011,10.675135833333334,0.0038888888888888888,3,0,2025-05-01,17107176
1746104400000000,0.7433575026628243,22.697314556063063,0.687709725651644,1800,0.6925280588073404,0.19247674181100372,0.0007739420166708033,0.001519491252184313,10.520047222222221,0.0044444444444444444,3,0,2025-05-01,17107176
1746106200000000,0.9429574092409508,35.7523061648631,0.6820244166854037,1800,0.6948027015401717,0.26796117835883937,0.00035256061861121957,0.0007365138909424251,9.676994166666665,0.021111111111111112,3,0,2025-05-01,17107176
1746108000000000,1.023623436881446,23.5531166967551,0.5020669457375938,1800,0.5189064741596585,0.21526963436732438,0.00010682414222928927,0.0014046737983451907,9.527278333333333,0.016666666666666666,3,0,2025-05-01,17107176
1746109800000000,0.9502854163528718,24.10891625262906,0.5535565583428869,1800,0.5629683759725237,0.2599764825060844,0.0010258782328181892,0.000166900363959388,8.42031388888889,0.008888888888888889,3,0,2025-05-01,17107176
1746111600000000,1.0524425507483968,32.91554901410842,0.6692785280472096,1800,0.674985316605023,0.27117707688384163,0.00011531745376114344,0.001690151750111557,8.368304166666666,0.02277777777777778,3,0,2025-05-01,17107176
1746113400000000,0.8998087362623062,35.87176450263243,0.6999166859590172,1680,0.7033812645606745,0.20616001828072694,0.0026992265871870202,0.0020258749889426886,9.132511607142858,0.009523809523809525,3,0,2025-05-01,17107176
1746115200000000,0.8298023766639049,32.79092935350273,0.7220428846400719,1680,0.7295545828970202,0.1504106262759256,8.578861054875375e-07,0.0002342513000709312,9.26060625,0.008928571428571428,4,0,2025-05-01,17107176
1746117000000000,0.7088351035005597,19.15630786348533,0.6038333880395836,1800,0.6169157498033332,0.3284065790922972,0.0011201227129199465,0.0007685514985317221,9.896017222222222,0.005555555555555556,4,0,2025-05-01,17107176
1746118800000000,0.7892312922291803,20.327972296843654,0.6782620039698306,1800,0.6798143521564972,0.29276845455444056,3.546794712039336e-06,1.3117706976650823e-05,9.575767222222224,0.005,4,0,2025-05-01,17107176
1746120600000000,0.772920174532147,24.968897458451284,0.5198601588481775,1800,0.5318325666259456,0.2823937048813434,0.0008540047347245228,0.000780616493996078,9.263236111111112,0.0038888888888888888,4,0,2025-05-01,17107176
1746122400000000,0.6861140297807936,22.00005611991131,0.7226374966335887,1800,0.7381299462482194,0.25858061843563196,0.00019814262554518347,0.001983150189132865,9.618255277777777,0.0016666666666666668,4,0,2025-05-01,17107176
1746124200000000,0.8079860986570855,17.66819682260823,0.5936473025321873,1800,0.6045917622102235,0.27038841281243775,0.0005399698946897402,0.00026460082633161797,8.680860277777779,0.006111111111111111,4,0,2025-05-01,17107176
1746126000000000,0.8381677224314956,26.17398755137114,0.7347619996033488,1800,0.744003885547612,0.17918673825554798,0.0004866541923594925,9.670547846662991e-05,9.3083075,0.0033333333333333335,4,0,2025-05-01,17107176
1746127800000000,0.9162069607732357,20.828238195940504,0.736409521704509,1800,0.7459512268672569,0.3011267768068647,3.782263741947123e-05,4.5296726520871466e-05,9.366704722222224,0.009444444444444445,4,0,2025-05-01,17107176
1746129600000000,0.9088964261831837,24.557626593701567,0.6150996063907879,1800,0.6236833161800944,0.39405727190705586,0.0003244896537382136,4.0342536422377506e-05,8.764866944444444,0.009444444444444445,5,0,2025-05-01,17107176
1746131400000000,0.9814777266576851,24.495859530890296,0.7406219969813115,1800,0.7446201232925123,0.32683360568182285,0.0007099728308401776,0.00021151957616105665,8.421590833333333,0.005,5,0,2025-05-01,17107176
1746133200000000,0.8883268596675097,19.12629257214504,0.7839799858467971,1800,0.7912047822989403,0.2550794580122454,0.001792046917221679,0.002630958956745477,8.357289166666666,0.0005555555555555556,5,0,2025-05-01,17107176
1746135000000000,1.0702982184504635,14.84992642075704,0.7670040440873889,1800,0.7765351077131413,0.543327378064293,0.000104460340706658,0.00023747211614488783,5.575820277777778,0.0011111111111111111,5,0,2025-05-01,17107176
1746136800000000,0.9159894092615503,29.83314855496745,0.8171074341881158,1800,0.81711640260435,0.3982092445068611,0.0017811867882445709,9.264602184233528e-05,8.51759,0.002777777777777778,5,0,2025-05-01,17107176
1746138600000000,0.8789738294118709,12.721190620740211,0.6833189446960575,1800,0.6833198398102132,0.3457234440812248,0.002090394056388667,0.00047987132373539243,11.374510555555554,0.0038888888888888888,5,0,2025-05-01,17107176
1746140400000000,0.7464847911226707,17.369625085298473,0.5731098574145831,1800,0.5885611795698902,0.4294637870637418,0.0013530825538826674,0.00021151946606956518,9.708362500000002,0.0011111111111111111,5,0,2025-05-01,17107176
1746142200000000,0.7471721712353382,24.568625964544214,0.7957188950296961,1680,0.8019749300998475,0.30076232204413533,0.00024022351355612592,0.00019081703897583235,9.671350892857143,0.0017857142857142857,5,0,2025-05-01,17107176
1748736000000000,0.977002701629901,22.072842480507784,0.6924191613985549,1680,0.6981293796121408,0.33158399725232957,0.0051307193861162,0.0010829626386257285,6.961863095238096,0.004166666666666667,0,1,2025-06-01,15781865
1748737800000000,0.8545337486029206,15.73566900162227,0.6728428280861323,1800,0.7002990163361137,0.3349280211181752,0.0005195698247870695,8.316293209631453e-08,8.379602222222221,0.002777777777777778,0,1,2025-06-01,15781865
1748739600000000,0.8658239919389106,13.53060436000229,0.6876174124315357,1800,0.7324475212123354,0.2084045424928176,0.00151277861396526,0.002385907321203473,10.205134999999999,0.0033333333333333335,0,1,2025-06-01,15781865
1748741400000000,1.065064343149502,18.42507433720742,0.5588116279322781,1800,0.5691109638942893,0.42618061513586025,0.0012732858145250159,0.00016052890949314058,7.163685,0.008333333333333333,0,1,2025-06-01,15781865
1748743200000000,0.906802346465593,24.234335229460257,0.6844493226202468,1800,0.7115917228153997,0.3149236580271193,0.0038651921578150006,0.0023070562512745862,7.096057222222222,0.005,0,1,2025-06-01,15781865
1748745000000000,1.0482366184515626,15.51214367644884,0.7040721705217083,1800,0.7409197896937779,0.44840466000617774,0.002711726092400557,0.0005361953510133466,7.257007499999999,0.002777777777777778,0,1,2025-06-01,15781865
1748746800000000,1.1184947845181998,15.577384190717808,0.7081078254371669,1800,0.7121241643758212,0.3399079614378159,0.0036513290354160954,0.0015381561163833046,8.763626666666667,0.0033333333333333335,0,1,2025-06-01,15781865
1748748600000000,0.9548307241691399,15.496158879966647,0.7016773120480295,1800,0.7405666551948336,0.4656276028617461,0.006182762639681982,0.002911593575161131,7.951370277777778,0.0016666666666666668,0,1,2025-06-01,15781865
1748750400000000,0.8332612413184204,12.102451545780099,0.6537423760823767,1800,0.708320863692635,0.4321587191792179,7.319000960848143e-11,8.525528335523447e-07,6.777844999999999,0.002777777777777778,1,1,2025-06-01,15781865
1748752200000000,0.9189891013604048,14.842349852971521,0.695178493510314,1800,0.7070775066770579,0.3802835011298047,0.0020208173751260494,0.0005129463539325085,7.963187499999999,0.0022222222222222222,1,1,2025-06-01,15781865
1748754000000000,1.0075230253014718,7.600470907330842,0.5617457048336323,1800,0.5621345239396941,0.542931043232595,0.00012054106042125312,8.497942878371578e-05,8.060599999999999,0.002777777777777778,1,1,2025-06-01,15781865
1748755800000000,0.6750976191189966,10.651301424614223,0.6434834214866318,1800,0.6531681636070589,0.4151607886654781,0.0020998401071258277,0.0017914936595460063,7.850894722222223,0.0,1,1,2025-06-01,15781865
1748757600000000,0.9447453486193551,15.217003688546153,0.6044370092657296,1800,0.6084615688826165,0.6095835082559061,0.0027942913355040178,0.0034252108283789884,11.680132777777779,0.002777777777777778,1,1,2025-06-01,15781865
1748759400000000,0.8223930004561882,18.180659023629396,0.7760902876618052,1800,0.784670029357828,0.3953637158934564,0.0028309694132416796,0.00047142855794046756,7.749988888888889,0.0011111111111111111,1,1,2025-06-01,15781865
1748761200000000,0.7910822391552802,5.566642178423941,0.6826379964029077,1800,0.7627036099833133,0.3548509841496561,0.0014332260929719176,0.00011200852114812143,10.483443055555554,0.0016666666666666668,1,1,2025-06-01,15781865
1748763000000000,1.0324967818968651,17.522522932892784,0.7016399204496339,1680,0.7430272759733907,0.4049988956411945,0.0008452239695934116,0.00019377641980855564,7.293778273809524,0.0035714285714285713,1,1,2025-06-01,15781865
1748764800000000,1.1515495107149474,16.984103592046246,0.7690858573219328,1680,0.7734983703657995,0.4837252480987124,2.906035816896413e-05,0.0001348774968465971,7.2996002976190475,0.005357142857142857,2,1,2025-06-01,15781865
1748766600000000,0.9800334926706292,14.322326489031685,0.7780339759976775,1800,0.8000502565576121,0.3488556455852191,0.002351802202479103,0.0002921080563103029,7.895009166666666,0.0022222222222222222,2,1,2025-06-01,15781865
1748768400000000,1.022031465753255,17.684792157047003,0.6569753206978175,1800,0.6748903968950096,0.3986364063556963,0.00043872170746594996,4.927562945455932e-06,7.535941944444445,0.005555555555555556,2,1,2025-06-01,15781865
1748770200000000,0.9983084370311385,25.153536808364404,0.6195692000296198,1800,0.6370745230815829,0.391302537902099,4.615072340208304e-05,0.00022496693816842495,7.324692777777778,0.015,2,1,2025-06-01,15781865
1748772000000000,1.009667790048184,18.603433625262635,0.719296310456438,1800,0.7626806151785237,0.3391942303737382,0.0005205030744832584,0.0001238257429562184,7.602966944444445,0.005555555555555556,2,1,2025-06-01,15781865
1748773800000000,1.0287875394983754,21.877040256754665,0.7298566063064602,1800,0.7447155842218304,0.29657165391909945,0.00015016412620671993,2.659200095833647e-05,8.079865833333333,0.0011111111111111111,2,1,2025-06-01,15781865
1748775600000000,0.883076690517391,11.872776707952777,0.6718891135399976,1800,0.6822345748076675,0.4062491177875076,0.0008343409407585156,0.001212870468066285,7.81288888888889,0.002777777777777778,2,1,2025-06-01,15781865
1748777400000000,0.8547625848838184,10.160293871162096,0.5531856297610283,1800,0.5700014237835926,0.6620918620730383,0.0009498549144817403,0.0001628969209823694,7.994219722222222,0.0022222222222222222,2,1,2025-06-01,15781865
1748779200000000,0.9151538056317342,18.114345882954087,0.7319036080884349,1800,0.7454340050027829,0.26934210114167423,0.004953367607313686,0.0006617617329839343,8.580135277777778,0.0016666666666666668,3,1,2025-06-01,15781865
1748781000000000,0.9596906599708276,18.176652738109755,0.738523837104248,1800,0.7583625745943137,0.32629148888080006,0.0015588021888686132,0.003054456463303712,8.819035277777777,0.005555555555555556,3,1,2025-06-01,15781865
1748782800000000,0.8902344045534295,19.548639976348564,0.7313559633265123,1800,0.7324363827989494,0.3723636030701344,0.001655439354954935,0.0038497906830265993,9.033442222222222,0.0011111111111111111,3,1,2025-06-01,15781865
1748784600000000,1.0429206038679635,17.949022124122365,0.5478933733733011,1800,0.554419491335506,0.42678892122848056,0.0007694148095443998,0.001340809590537062,8.442789166666667,0.002777777777777778,3,1,2025-06-01,15781865
1748786400000000,1.0920390234327721,22.865973133854904,0.645964379513267,1800,0.6707388206356191,0.352526162664903,0.0013993219046279926,2.757538641873225e-11,7.9539252777777785,0.005,3,1,2025-06-01,15781865
1748788200000000,1.075844176250441,20.15392380327342,0.6825395271097072,1800,0.6984257434227839,0.27939818969073527,0.0008773875281054,0.00010909259286007167,7.833050277777778,0.005,3,1,2025-06-01,15781865
1748790000000000,1.0803064661869222,17.57241204446071,0.5778705775817243,1800,0.5976575588963573,0.46253305190920957,0.0018557173613770184,0.00019823449581068964,8.820836111111111,0.0038888888888888888,3,1,2025-06-01,15781865
1748791800000000,1.154737075409533,13.574723812873097,0.6121304591610365,1680,0.6402697429489956,0.2713934774124801,0.003187797663219971,0.0005950425646055191,8.213134226190476,0.005357142857142857,3,1,2025-06-01,15781865
1748793600000000,1.2675861412279188,13.320351195085088,0.4542432127228404,1680,0.46721316928067447,0.4337322007342844,0.0011538907377364183,0.0007708670889244873,8.776379464285714,0.023214285714285715,4,1,2025-06-01,15781865
1748795400000000,1.2557631061228884,17.310255781663606,0.5976142130543154,1800,0.613086897615411,0.37504932801003976,0.0017730510875526573,2.1748568412860436e-07,6.817184444444445,0.012222222222222223,4,1,2025-06-01,15781865
1748797200000000,1.064652787083874,19.92945229384561,0.6786872183792099,1800,0.6938034827888606,0.29770492139389826,0.0024617259958601423,0.0007706554903891272,7.570128055555555,0.002777777777777778,4,1,2025-06-01,15781865
1748799000000000,1.2840821196860608,21.582333297366525,0.710835185460519,1800,0.7172741323006508,0.37899821567560177,0.00015648353641151136,0.0010494064117332336,7.058366944444444,0.0077777777777777776,4,1,2025-06-01,15781865
1748800800000000,1.1408560029483674,16.698944915460558,0.7071886764506328,1800,0.7364155637494099,0.3667211530920155,0.000426627938775348,6.743981139090138e-05,7.400310277777777,0.006111111111111111,4,1,2025-06-01,15781865
1748802600000000,1.1335191835546454,20.483622280069568,0.4407910762544587,1800,0.46398127179731063,0.5029674550065542,0.00040963007053851364,0.0006553547754619693,7.473798333333333,0.012222222222222223,4,1,2025-06-01,15781865
1748804400000000,1.074969359530498,20.357720811995176,0.5984284050960237,1800,0.6291273685689245,0.36391890940343896,0.00038282241105158654,0.0024750106307164232,7.222109722222222,0.006111111111111111,4,1,2025-06-01,15781865
1748806200000000,1.0384896472225338,14.319767441549843,0.6737924740221359,1800,0.7006261239736808,0.3603109245841122,0.002594002537470441,0.0013557674875733783,7.634722222222222,0.0033333333333333335,4,1,2025-06-01,15781865
1748808000000000,1.1148041661835282,16.84297847219932,0.6621566804864996,1800,0.696936150573066,0.27666078576611486,0.0002898856036868125,0.00046956128018549315,8.416463055555555,0.0022222222222222222,5,1,2025-06-01,15781865
1748809800000000,0.9548988821725664,9.251771990407198,0.7176865352361967,1800,0.744767148373358,0.30855277973413653,0.0003836266840290259,4.9051254198517746e-05,13.296850833333334,0.002777777777777778,5,1,2025-06-01,15781865
1748811600000000,1.2339265242189146,11.220873602621937,0.5498692758984147,1800,0.5630996558020953,0.4129162253295542,0.0007231201724845482,1.9877548228519615e-06,7.420321666666666,0.0016666666666666668,5,1,2025-06-01,15781865
1748813400000000,1.1251088046238429,11.615043441369497,0.6041546589126525,1800,0.6315385819562073,0.41879288494625744,0.0009332256839932329,0.00012817857137026323,10.756207777777778,0.0022222222222222222,5,1,2025-06-01,15781865
1748815200000000,1.0723982527745306,16.96968922286797,0.6807705382510518,1800,0.7149761746221022,0.25135204351786966,0.0006138866551057554,4.3606703670207025e-07,7.8332675,0.006111111111111111,5,1,2025-06-01,15781865
1748817000000000,0.9985037415913471,19.960672151413906,0.7453647576862314,1800,0.7709426093160521,0.4012780662850376,0.00012340803648291931,0.0004000422674447224,8.018018055555556,0.005,5,1,2025-06-01,15781865
1748818800000000,1.0492035716873203,23.182523537047434,0.7041633734478432,1800,0.7062222450485985,0.2816998410512971,0.0005519716723062507,4.2796300691039235e-05,7.975291111111111,0.006111111111111111,5,1,2025-06-01,15781865
1748820600000000,1.029650740153835,19.3581014753789,0.7145026620219573,1680,0.7375881809345775,0.17038392571733907,5.2869043218106704e-05,0.0003088651767781947,7.306440773809523,0.002380952380952381,5,1,2025-06-01,15781865
1751328000000000,0.7316508945963107,14.564738565527456,0.619525563833422,1680,0.6264505973571548,0.3947557237707797,0.004267749699851331,0.0009231356709537009,9.785311011904762,0.005952380952380952,0,0,2025-07-01,20682145
1751329800000000,0.8662611929990621,19.383288231866693,0.6900675447222875,1800,0.7068669833544758,0.33007422777003737,0.0022521848607204298,0.0020439126684617115,7.330717777777777,0.005,0,0,2025-07-01,20682145
1751331600000000,0.7689902637162495,16.54576982808959,0.6771018294686186,1800,0.7093934750596393,0.2648355962264535,0.0020316651453879953,0.00020959041421531044,7.873689166666666,0.0022222222222222222,0,0,2025-07-01,20682145
1751333400000000,0.817831617265806,20.088974663349163,0.7542297472192996,1800,0.7676745663578525,0.39643470148983884,0.002426511660429176,4.421932944309592e-05,7.760609722222222,0.0011111111111111111,0,0,2025-07-01,20682145
1751335200000000,0.7803484374642956,22.080607631368913,0.7777721865515695,1800,0.7852065312339899,0.14603964735680952,0.0038778299375626935,0.000163878809896989,7.434714166666667,0.0011111111111111111,0,0,2025-07-01,20682145
1751337000000000,0.7933506859623668,21.262728576627733,0.720995171258402,1800,0.7363393973415518,0.19609288121980595,0.0009066176618404143,0.00014636831235892434,8.764556388888888,0.0022222222222222222,0,0,2025-07-01,20682145
1751338800000000,0.8285196917682757,14.578475830718022,0.6632919733550662,1800,0.6742478582335201,0.4125209651823267,0.00046145786010876044,2.472725632252093e-05,8.854516111111112,0.002777777777777778,0,0,2025-07-01,20682145
1751340600000000,0.5772261088063865,13.741762058535885,0.6393488243165647,1800,0.6500613571826193,0.43359350384404005,9.496847686030208e-07,1.4996655979260254e-06,9.587228333333332,0.002777777777777778,0,0,2025-07-01,20682145
1751342400000000,0.7356824163104261,5.234461635031221,0.5613873559119535,1800,0.5647568540102597,0.5844007480207222,3.9681661729962237e-05,4.83323963607063e-06,10.506449444444444,0.0022222222222222222,1,0,2025-07-01,20682145
1751344200000000,0.5059514428543479,17.16544521123298,0.6832049884525436,1800,0.6885726057285947,0.22480241973349435,0.0009488439526021963,0.0010273063510095604,11.052080833333333,0.0005555555555555556,1,0,2025-07-01,20682145
1751346000000000,0.6655844492160088,15.601200490116815,0.7469102673114638,1800,0.7634554399824791,0.24637977759039198,5.155105701948326e-05,0.001027340218689221,10.110430277777777,0.0,1,0,2025-07-01,20682145
1751347800000000,0.7648242448061519,14.949655056712073,0.7288715316179724,1800,0.7474224871167168,0.3520675455467325,0.00399606588519863,0.001755616069568755,9.774370555555555,0.0038888888888888888,1,0,2025-07-01,20682145
1751349600000000,0.9187481805587088,18.4178097166285,0.754349452361817,1800,0.7544121666948613,0.2975854264096718,3.794329304973587e-06,0.011004315012291488,9.406264166666666,0.0011111111111111111,1,0,2025-07-01,20682145
1751351400000000,0.6443894745182018,23.950295483164968,0.759881061450972,1800,0.761562564179279,0.2616140529755988,0.00037301289643021374,0.00026134000959432413,11.307988333333334,0.0011111111111111111,1,0,2025-07-01,20682145
1751353200000000,0.7313160943617074,20.300768101822754,0.6855170497029421,1800,0.6997141977199764,0.4000323564732349,0.00017387969769733225,0.001073976527188658,11.114552222222223,0.0033333333333333335,1,0,2025-07-01,20682145
1751355000000000,0.7641758612441443,8.88032605833032,0.5110282408970587,1680,0.516062046721488,0.5873376400753508,0.00074137420479925,0.0003223625847214029,10.242498511904762,0.0017857142857142857,1,0,2025-07-01,20682145
1751356800000000,0.6166343793464681,14.856540807146645,0.7035653661038952,1680,0.7233821879425103,0.41304111641156527,0.0005482253692674632,9.961236326239131e-05,10.139015178571428,0.0017857142857142857,2,0,2025-07-01,20682145
1751358600000000,0.7076564513127901,21.456070109595828,0.7626988363790805,1800,0.7627250618660165,0.3629832824559811,0.001360491426356747,0.002931060270693342,9.420950555555555,0.0011111111111111111,2,0,2025-07-01,20682145
1751360400000000,0.7220365950816844,17.86597842800219,0.7388993577258229,1800,0.7494104406733756,0.3647799063857904,0.0001316428249749091,2.894230523342589e-05,9.725095555555555,0.0,2,0,2025-07-01,20682145
1751362200000000,0.5567399605436986,21.8740607432981,0.7036214997565242,1800,0.7142070623569783,0.18318090331417636,0.0005244020911019387,0.0003516596321968546,11.262905,0.002777777777777778,2,0,2025-07-01,20682145
1751364000000000,0.5713186792911508,17.401824135205786,0.7483249034284493,1800,0.7630337922003374,0.34753709510054076,0.00047949031510141626,0.00016394127976049333,11.809665555555556,0.0016666666666666668,2,0,2025-07-01,20682145
1751365800000000,0.645552546912817,12.804887578003221,0.5965513715440622,1800,0.5966744187989355,0.35073450558963903,0.0006253022317775914,0.0012425058268993316,12.158824444444443,0.0038888888888888888,2,0,2025-07-01,20682145
1751367600000000,0.6052759300900792,16.41798096380214,0.6959595415886051,1800,0.6963457265389921,0.41533827654853694,0.0034791940552565404,3.746319114927843e-07,12.628795277777778,0.0022222222222222222,2,0,2025-07-01,20682145
1751369400000000,0.5445014141084688,15.695583153997758,0.68286686079878,1800,0.6834263412962269,0.27840359402718284,0.00122352939119319,0.0003725033289162516,14.245767222222224,0.0,2,0,2025-07-01,20682145
1751371200000000,0.5440219391153424,19.22451878620618,0.6764817753652644,1800,0.6935597483515634,0.34668553548396575,0.00209383718988565,0.0018252153297256823,12.755449722222222,0.0011111111111111111,3,0,2025-07-01,20682145
1751373000000000,0.6084204858514612,15.607528276509353,0.763842911439679,1800,0.7663399814445411,0.26482921958650063,0.005029509974121105,0.0025480781842793787,12.57635611111111,0.0016666666666666668,3,0,2025-07-01,20682145
1751374800000000,0.5765540931300387,12.836417092091935,0.6128582920702026,1800,0.6174377694902804,0.3966388538095472,0.0010302478991719433,0.00032321386211175973,11.541128611111112,0.0016666666666666668,3,0,2025-07-01,20682145
1751376600000000,0.6928714971629312,33.612590044536994,0.7565721382068352,1800,0.7670296066818916,0.3195667543937809,0.0014276092148947095,0.002324179385293057,10.642374444444446,0.008333333333333333,3,0,2025-07-01,20682145
1751378400000000,0.8023889535961009,27.153236741586944,0.7293657067416484,1800,0.7455671303458501,0.33636709086476535,0.0026694878929114374,0.004816529595599528,10.375368055555555,0.015,3,0,2025-07-01,20682145
1751380200000000,0.8762279904993718,29.001888623786886,0.6826909996241601,1800,0.6892934386540915,0.29527348690578437,5.8462205832832126e-05,2.6920143336162106e-05,9.780228055555556,0.013888888888888888,3,0,2025-07-01,20682145
1751382000000000,0.7768449344999148,30.166583974479263,0.7494901777317875,1800,0.760016247555426,0.27664593768879064,0.002730341550649884,0.0017702844981790644,9.307314722222221,0.0077777777777777776,3,0,2025-07-01,20682145
1751383800000000,0.8371349754966757,27.75259596379142,0.7613818127253928,1680,0.7653511379063386,0.24845283327958634,9.783063911150691e-05,5.6721098936618475e-06,10.117571428571429,0.0017857142857142857,3,0,2025-07-01,20682145
1751385600000000,0.7269321151570644,30.35208225498165,0.7476674005464993,1680,0.7679608412829504,0.23653101473510274,0.00015248012471225092,7.118958000218445e-05,9.544577083333333,0.002976190476190476,4,0,2025-07-01,20682145
1751387400000000,0.7733548082626766,26.36544903834317,0.7157723276333541,1800,0.7253280578116588,0.2630789311631623,0.0016929667168849027,0.00013903150526484165,9.756804444444445,0.0044444444444444444,4,0,2025-07-01,20682145
1751389200000000,0.7387489256083183,32.71178038384627,0.7702497736170945,1800,0.7779077011234061,0.2337922333023753,4.483863255910769e-06,0.00023114383940525673,9.805176944444446,0.002777777777777778,4,0,2025-07-01,20682145
1751391000000000,0.8107008357990567,25.028765905009426,0.7713363762071963,1800,0.7910687769462927,0.294130274484546,0.0023661234308752777,0.0008766400553271714,9.284833055555556,0.002777777777777778,4,0,2025-07-01,20682145
1751392800000000,0.6887681136471999,16.799483482696672,0.662866507365669,1800,0.6676965110122293,0.2931458547336998,0.0020750038289225614,0.00023820751032577192,9.659142777777777,0.0022222222222222222,4,0,2025-07-01,20682145
1751394600000000,0.659471863013814,14.86645603998148,0.6937854659644156,1800,0.7257092266261114,0.274666104370238,0.004380415283909644,0.0006052184707536767,10.014654444444444,0.006111111111111111,4,0,2025-07-01,20682145
1751396400000000,0.7620135465375498,25.607044327375384,0.6934259676071797,1800,0.6978022098076634,0.3167900578826678,0.0004756034236187423,4.39486959550317e-05,9.671411111111112,0.006666666666666667,4,0,2025-07-01,20682145
1751398200000000,0.7374251638866559,17.71217684962032,0.5642482990980425,1800,0.5659948674444719,0.42969969618317094,0.0019712312975086466,9.094416318133902e-06,12.779998888888889,0.002777777777777778,4,0,2025-07-01,20682145
1751400000000000,0.7652705152075818,20.48118192830036,0.6589426356208044,1800,0.6673900418853822,0.31035838525853954,0.0034273601606702453,0.001727128938425193,9.693398055555555,0.005555555555555556,5,0,2025-07-01,20682145
1751401800000000,0.6656029002200448,17.82445522290938,0.6762853982964736,1800,0.6877190025457703,0.3714730798890712,1.4694698791117844e-09,1.3367733716962427e-05,9.753968888888888,0.0022222222222222222,5,0,2025-07-01,20682145
1751403600000000,0.8652637068567695,18.208147823777754,0.7862898962223245,1800,0.792275135663846,0.5154952263153948,0.004230337737152201,0.0018865485666389459,8.168919166666667,0.0033333333333333335,5,0,2025-07-01,20682145
1751405400000000,1.1253391464702318,16.15507794016529,0.848876148544004,1800,0.8508617342375326,0.6849977156575686,9.883906961172251e-05,0.00012133588482265978,5.446918333333333,0.0011111111111111111,5,0,2025-07-01,20682145
1751407200000000,0.7305815616545699,24.60212465854229,0.844728533350192,1800,0.8447889806847448,0.34691813854240494,0.0020140694349410904,0.0034200392456329443,9.77267638888889,0.0038888888888888888,5,0,2025-07-01,20682145
1751409000000000,0.6368665181646802,21.25546230254054,0.7114689765889701,1800,0.7281789804129059,0.32140650215323097,0.0015849314289545502,0.0021426792293162134,10.679252222222221,0.002777777777777778,5,0,2025-07-01,20682145
1751410800000000,0.6256287107775316,18.764927373709742,0.6781551047825355,1800,0.6957560030425918,0.4007331569208368,0.001450598910057388,7.8478877335586e-06,9.586295,0.0044444444444444444,5,0,2025-07-01,20682145
1751412600000000,0.5057352095027414,11.213910924047232,0.707728239695415,1680,0.7765464113797613,0.4132380468637904,0.00023651732650431523,0.00026352633303639017,10.019258035714286,0.0011904761904761906,5,0,2025-07-01,20682145
1754006400000000,0.7661328462019129,25.79309904234799,0.6431601829106701,1680,0.6674714296454932,0.2712950022776075,0.00012931625109480205,0.0008644882497664819,9.595625297619048,0.017261904761904763,0,0,2025-08-01,43729440
1754008200000000,0.9213059809500519,21.784641311844467,0.5497899592210697,1800,0.5604040243520261,0.26052065194517726,0.000638393940887938,0.0005967574772919315,9.344449999999998,0.051111111111111114,0,0,2025-08-01,43729440
1754010000000000,0.8497721741544838,52.219448798686976,0.765717796647283,1800,0.7724258484082899,0.23713924858551783,0.0014654440105580369,0.0009574106998180287,8.741806111111112,0.019444444444444445,0,0,2025-08-01,43729440
1754011800000000,0.8051001660023501,48.76879761727661,0.7861244320382219,1800,0.7874315348283772,0.2639997586491446,0.003770146669531238,0.00154150272982434,9.296900833333334,0.010555555555555556,0,0,2025-08-01,43729440
1754013600000000,0.6510190121443022,33.00632141166435,0.7247360552123654,1800,0.7297569849991759,0.24498766465741006,0.0010812305093398367,0.0019059640743247508,11.602551388888887,0.0044444444444444444,0,0,2025-08-01,43729440
1754015400000000,0.6059682841122682,28.509338338898544,0.6882301710033446,1800,0.6905171987698646,0.3111576545109195,0.0032059993100284068,0.0015077414567995495,11.755252222222223,0.005,0,0,2025-08-01,43729440
1754017200000000,0.6327805114830725,26.951311464227743,0.7583685948641838,1800,0.7583835521779441,0.34009435892538675,0.005593541734416285,0.003047787457757245,11.556750555555556,0.0038888888888888888,0,0,2025-08-01,43729440
1754019000000000,0.5285590087120934,28.59033224882588,0.7370922624596672,1800,0.7382297547473604,0.40101334135638034,0.0013595087814294304,0.000398991663079995,13.211949444444443,0.0022222222222222222,0,0,2025-08-01,43729440
1754020800000000,0.5346809941702388,39.574761299292014,0.7760018153191068,1800,0.7848756403451417,0.304756220850247,0.00816307653816939,0.005568697783960075,12.275009166666667,0.0044444444444444444,1,0,2025-08-01,43729440
1754022600000000,0.5426549712542424,24.007962784956966,0.738117503622489,1800,0.75588428418738,0.29285951258944887,0.0025462785614664973,0.00041521575577352365,13.041981111111111,0.002777777777777778,1,0,2025-08-01,43729440
1754024400000000,0.5853384250862187,23.929630086400888,0.7511178159545199,1800,0.7514210040999788,0.2674252261162382,0.004456917262275928,0.004928508354256178,12.7467875,0.005555555555555556,1,0,2025-08-01,43729440
1754026200000000,0.5486107273488099,30.216766596264943,0.7806645093900091,1800,0.7854369382281047,0.33062257265268136,0.004698678959102698,0.0025493462336769745,11.158708888888889,0.008333333333333333,1,0,2025-08-01,43729440
1754028000000000,0.539932380387032,36.63051191179184,0.7693264930527743,1800,0.7740673057012717,0.2686071796847016,0.0015059982563350172,4.353284455216322e-05,11.658773055555555,0.011111111111111112,1,0,2025-08-01,43729440
1754029800000000,0.534461698967064,25.253227054986954,0.612587608596486,1800,0.6198363441698524,0.39636247438425176,0.004765597138189359,0.0008991123965471637,10.77913861111111,0.008333333333333333,1,0,2025-08-01,43729440
1754031600000000,0.6741109044540796,33.5761024139986,0.7286407131830048,1800,0.7291141271781416,0.11910449897716324,3.09380320949737e-05,0.0007180665692751997,22.95597138888889,0.006111111111111111,1,0,2025-08-01,43729440
1754033400000000,0.6758660782822035,24.619422553629725,0.7170629646894404,1680,0.717866414647896,0.25443265371928825,0.00012298928475107385,8.647944192663459e-05,17.543536904761904,0.009523809523809525,1,0,2025-08-01,43729440
1754035200000000,0.6515526944196698,39.41701217317906,0.7888687896083779,1680,0.80262002071669,0.1823911585642175,1.4019619360094993e-05,0.0008131234667225762,10.885309821428573,0.015476190476190477,2,0,2025-08-01,43729440
1754037000000000,0.6776015080036613,28.792945708370873,0.7191767364657441,1800,0.7231736032247996,0.15434995792168038,0.00039354443293437846,2.656935129730087e-05,11.122250833333334,0.015555555555555555,2,0,2025-08-01,43729440
1754038800000000,0.6933715118430496,27.850988059651034,0.5909546532569034,1800,0.600394489927924,0.41097564140126186,7.243439365045568e-05,0.0011611794058420388,11.693622222222222,0.013888888888888888,2,0,2025-08-01,43729440
1754040600000000,0.6299526995253294,25.96279077795368,0.6682483729580884,1800,0.6796271665914203,0.4412064703096765,0.0010005889965108983,0.00040647863043274945,10.450769999999999,0.006666666666666667,2,0,2025-08-01,43729440
1754042400000000,0.47809594590454907,28.396738760786587,0.7809122167457024,1800,0.7893845727372061,0.3217764128688074,0.0014934756853377529,0.0016801745027017478,12.25103361111111,0.002777777777777778,2,0,2025-08-01,43729440
1754044200000000,0.6780861951119401,27.906903146399774,0.71087998732861,1800,0.7114721424582272,0.32263591786945633,0.0006816187258976703,0.00015607632741188038,10.982109999999999,0.0044444444444444444,2,0,2025-08-01,43729440
1754046000000000,0.598449265048726,26.88189958315253,0.7362329009057751,1800,0.7442344592405123,0.2561519788179789,0.001304942656976782,0.002123100960354396,10.267204444444445,0.005,2,0,2025-08-01,43729440
1754047800000000,0.5343104423936287,18.863494923105456,0.7331722881446261,1800,0.7496484598565077,0.31007431040740907,0.00801822074155567,0.0038755289025853568,10.636846111111112,0.002777777777777778,2,0,2025-08-01,43729440
1754049600000000,0.6580184562776425,24.33405205882089,0.712117473731801,1800,0.7169771061582023,0.34987597610541277,0.010539437791677542,0.0037587431930400372,10.547980555555556,0.005555555555555556,3,0,2025-08-01,43729440
1754051400000000,0.8842928937257599,21.04571448007145,0.5364041178105916,1800,0.5460720409004081,0.42202314064978297,0.0011499903297758074,6.440168610843955e-05,9.20629388888889,0.028888888888888888,3,0,2025-08-01,43729440
1754053200000000,0.7459611891707975,35.04682608136474,0.7199018082560513,1800,0.7259627452420092,0.3101915130133831,0.003411332656042876,0.00028636763774947394,10.122525277777777,0.006666666666666667,3,0,2025-08-01,43729440
1754055000000000,0.8060017544151254,42.736449087629744,0.7255137114755947,1800,0.7405540481430177,0.19977319991486164,0.0008233696257003986,0.0008406841197535764,8.636160833333333,0.03777777777777778,3,0,2025-08-01,43729440
1754056800000000,0.8426786747633224,36.52980300653422,0.6825248040873797,1800,0.7010578900382622,0.18275882866430093,0.00032505262527482426,1.1296954273598558e-05,8.736087777777778,0.03111111111111111,3,0,2025-08-01,43729440
1754058600000000,0.8407961807869885,40.20265803112601,0.652235645622234,1800,0.6547064370873477,0.3247727132689585,0.002407197634018532,1.9488933764688632e-05,8.958050833333333,0.01888888888888889,3,0,2025-08-01,43729440
1754060400000000,0.8137039828011231,47.35919159746689,0.7667589573582275,1800,0.7762785398440362,0.29679729972801927,0.00045573943076715473,0.0003105627100417063,9.241073333333334,0.019444444444444445,3,0,2025-08-01,43729440
1754062200000000,0.7966506436700057,31.891698578930544,0.7405534365362251,1680,0.7485694668900849,0.24239293755949964,0.0001463199545272964,0.0002904618037445905,8.940213392857142,0.014285714285714285,3,0,2025-08-01,43729440
1754064000000000,0.6810311060869113,31.228130068469603,0.7721258379351574,1680,0.7866943001598149,0.11887463911962548,0.006200403763392037,0.002554027207511411,9.542160714285714,0.005357142857142857,4,0,2025-08-01,43729440
1754065800000000,0.8149348862809042,31.298505971691327,0.628048557131757,1800,0.6378757445809288,0.3334462082017341,0.0016216760059588609,0.0037704756483407653,9.691250277777776,0.015555555555555555,4,0,2025-08-01,43729440
1754067600000000,0.7954576566303543,39.438091868423314,0.760377551437086,1800,0.7661902205571585,0.24619606047541986,1.329556776841212e-05,0.0001443909079539285,9.239282222222222,0.021666666666666667,4,0,2025-08-01,43729440
1754069400000000,0.8451120344467881,37.046398855823426,0.6515519703081106,1800,0.6562189206678144,0.32088292857190903,7.858844354169392e-07,0.00013553163586255135,8.690839166666667,0.022222222222222223,4,0,2025-08-01,43729440
1754071200000000,0.9360863680924402,31.901262629025112,0.7241510615594189,1800,0.7523981503332599,0.16463739667968824,2.7896643703395618e-05,4.4437410284814405e-06,9.815513888888889,0.028888888888888888,4,0,2025-08-01,43729440
1754073000000000,0.9224044832870755,47.315832707573115,0.7770509035749342,1800,0.7809336856806719,0.2693163406819461,0.00024481918304863903,0.00022772737686294064,8.328059444444444,0.025,4,0,2025-08-01,43729440
1754074800000000,0.852797533429064,40.25411667119398,0.7721682554895026,1800,0.78122465514483,0.07462685027139815,0.0005809967610492794,0.001240733116364301,8.637025833333334,0.021666666666666667,4,0,2025-08-01,43729440
1754076600000000,0.8851838615446436,42.20036584390764,0.7652065698139755,1800,0.7717419549027844,0.29149949981269885,0.00013193513112519373,0.001323195178465908,8.647354166666666,0.03111111111111111,4,0,2025-08-01,43729440
1754078400000000,0.8974690335514458,33.938792105278516,0.6143121117686874,1800,0.6228664978012552,0.3692854817713902,0.003382247254586912,0.0012486069180398518,9.062744166666667,0.021666666666666667,5,0,2025-08-01,43729440
1754080200000000,0.7443306774166059,33.44682754455136,0.751295776137799,1800,0.7582098427409191,0.3347783773930205,0.00045380767675795575,1.0768443061026645e-05,9.26083611111111,0.015555555555555555,5,0,2025-08-01,43729440
1754082000000000,0.8674303883215395,24.75860132897792,0.7460287496458518,1800,0.7654809149487118,0.42894667482951376,0.0012790781821009345,0.00037493813428890466,8.414978611111112,0.011111111111111112,5,0,2025-08-01,43729440
1754083800000000,0.7706752883323114,13.387482060950411,0.6866900578933821,1800,0.7189723127523058,0.48314519034552894,0.004181653056763213,0.0011553281002840698,6.803473333333334,0.0016666666666666668,5,0,2025-08-01,43729440
1754085600000000,0.9670443675021619,26.03794471248106,0.6961284873889021,1800,0.7020226376981014,0.37196154079620425,0.008341510645550443,0.006626260629416625,7.812027777777778,0.034444444444444444,5,0,2025-08-01,43729440
1754087400000000,1.2434574294003784,25.984075740485387,0.6979538900300905,1800,0.7244147316958158,0.1762042223163921,0.0020198353541838188,0.002059037380162665,6.378998611111111,0.050555555555555555,5,0,2025-08-01,43729440
1754089200000000,1.0870946538212445,30.14128399424578,0.7310676734448571,1800,0.7404379191999202,0.2969850543173469,0.001631656764392364,0.0010277990036092755,7.294395277777778,0.011666666666666667,5,0,2025-08-01,43729440
1754091000000000,0.8774769553066187,22.612488180884164,0.7892624955108265,1680,0.8070072111142811,0.3597787278674539,0.00019708211489377625,0.000103962616043618,8.708586904761905,0.0035714285714285713,5,0,2025-08-01,43729440
1756684800000000,0.5497007754882446,31.46449832182049,0.7191283810175981,1680,0.7260529124176063,0.2506530044767019,0.0011345832846832993,0.0026765558444024062,11.522869940476191,0.0035714285714285713,0,0,2025-09-01,37154019
1756686600000000,0.5365553849038356,41.21733722605853,0.7316132511202278,1800,0.748893544533177,0.2709501583697067,3.3478332798542176e-05,4.7071208730820047e-07,12.36030861111111,0.005555555555555556,0,0,2025-09-01,37154019
1756688400000000,0.5839875562770899,47.83371087434699,0.809856374692636,1800,0.8184869372418618,0.14301369895084748,0.0023285932089904815,0.0012351477939051003,10.453962777777779,0.006111111111111111,0,0,2025-09-01,37154019
1756690200000000,0.5837854442004755,49.08042695343772,0.8317586094343878,1800,0.8350853088435022,0.23006898073217996,0.0009039792859577567,0.00029555986454854466,11.351160555555555,0.0038888888888888888,0,0,2025-09-01,37154019
1756692000000000,0.6259631026132269,47.25984581161928,0.7945594089231001,1800,0.7975719548196836,0.20573476238038513,4.057261909429233e-05,0.001424867208582925,10.355848611111112,0.0044444444444444444,0,0,2025-09-01,37154019
1756693800000000,0.5712947356465742,32.37769576702871,0.7244560989521892,1800,0.7373043852377519,0.2510567233259633,0.0003775999264243879,0.0012556506078121865,11.149532222222222,0.007222222222222222,0,0,2025-09-01,37154019
1756695600000000,0.5132460323713544,30.575910674176928,0.7090908916169886,1800,0.734075977655455,0.28204586266152254,0.0008266066447626397,0.0005284347998065764,11.63505,0.0044444444444444444,0,0,2025-09-01,37154019
1756697400000000,0.4450081191544862,26.1296969903161,0.7373668918256249,1800,0.7574910406073249,0.3057233252543986,0.0004731589118237567,0.0009172140042430499,12.668947777777777,0.002777777777777778,0,0,2025-09-01,37154019
1756699200000000,0.5505476155432013,27.26094748361143,0.7111973619649745,1800,0.7201212889075042,0.09379992650914393,0.00029852534977437006,0.00048100629029323994,10.774218055555554,0.0022222222222222222,1,0,2025-09-01,37154019
1756701000000000,0.5537701357005228,32.9392894236068,0.7456960908593427,1800,0.7587344345344795,0.21363096888543953,0.0002653355730294349,0.0005617508431948748,10.801405833333334,0.0011111111111111111,1,0,2025-09-01,37154019
1756702800000000,0.6247525903830862,25.572335652427576,0.7069817480413981,1800,0.7295731348685639,0.36142727423493604,0.0002202320452240336,0.00021412923640151682,9.456272499999999,0.0033333333333333335,1,0,2025-09-01,37154019
1756704600000000,0.5498712616454451,38.52236016817583,0.7719085957251343,1800,0.7746459751095585,0.2583197093364442,0.003377488313767163,0.0010819875053261763,10.948345833333333,0.0011111111111111111,1,0,2025-09-01,37154019
1756706400000000,0.4950548262790035,33.759947968932906,0.7423357927621143,1800,0.7528130523616178,0.3642930201563115,0.007020249504896214,0.006088841026028247,10.742569722222221,0.0022222222222222222,1,0,2025-09-01,37154019
1756708200000000,0.5273681907431967,27.775490945933868,0.7099511357785859,1800,0.7182392968871552,0.38903532033023647,0.00042662786153502275,0.00021419430925773142,10.346906944444443,0.0005555555555555556,1,0,2025-09-01,37154019
1756710000000000,0.5157529181899022,33.652923338424955,0.7697288576249903,1800,0.7749815766240636,0.32323734350896927,0.0010443052925516172,0.00017100427824945363,11.35569888888889,0.0038888888888888888,1,0,2025-09-01,37154019
1756711800000000,0.6628891460690455,36.827240499541205,0.6963160534480093,1680,0.708483904665028,0.33479445809422437,0.000297741551585462,0.00018477882074552365,10.78882113095238,0.010714285714285714,1,0,2025-09-01,37154019
1756713600000000,0.7178548065856424,36.53265424346701,0.717784322325016,1680,0.7303744644817196,0.29718655674757066,0.0002422234849224214,0.0004919586054356051,10.053300595238094,0.016666666666666666,2,0,2025-09-01,37154019
1756715400000000,0.5655191220438425,28.581674286717,0.7699026891563105,1800,0.7792425169241547,0.375030511714627,0.0016579218381240768,0.0025281246299659887,11.782641111111111,0.002777777777777778,2,0,2025-09-01,37154019
1756717200000000,0.5395518162588916,29.50335020972169,0.6354573190842527,1800,0.6407440695784545,0.4379373324375503,0.001993246294571316,0.001220426414180631,11.401298333333333,0.0038888888888888888,2,0,2025-09-01,37154019
1756719000000000,0.5739096876336559,30.240190576023675,0.7196200185446595,1800,0.7290306741321353,0.33540534245227294,0.00017807117435919562,0.002286785433525118,13.514997222222222,0.0016666666666666668,2,0,2025-09-01,37154019
1756720800000000,0.5974189640771366,24.244549591983574,0.687985523891587,1800,0.6971922279373368,0.29473274949567496,0.0005561300517480383,0.0006962769101338528,12.077858333333333,0.0016666666666666668,2,0,2025-09-01,37154019
1756722600000000,0.6662913586447039,35.34295979907596,0.7146561913921313,1800,0.7291875528918095,0.20384566606528431,0.0008399917568451265,0.0006728586388874414,9.950160555555556,0.005555555555555556,2,0,2025-09-01,37154019
1756724400000000,0.6148389920318471,33.06461432128168,0.7422999142614295,1800,0.7520154600716068,0.3586189611978676,1.2718427667701704e-06,0.0001675942690986254,10.982981111111112,0.0016666666666666668,2,0,2025-09-01,37154019
1756726200000000,0.55190253764324,27.805063551919194,0.7293169701510951,1800,0.7577126763911759,0.2705703966045313,0.0017620280741562633,0.0018272908470277072,10.484955000000001,0.0038888888888888888,2,0,2025-09-01,37154019
1756728000000000,0.4877696063873294,24.10649492500068,0.7485058829064573,1800,0.7693112056904815,0.36032698284078135,0.008606535431003648,0.0038987932509756407,12.050576388888889,0.0016666666666666668,3,0,2025-09-01,37154019
1756729800000000,0.4167331897228967,26.09300018474483,0.7335931191656038,1800,0.7492550033239016,0.13127269928437468,0.00030636933793604104,0.0018108593610445256,12.739694166666666,0.0016666666666666668,3,0,2025-09-01,37154019
1756731600000000,0.5229998313052724,36.35421548959912,0.6870637824341768,1800,0.6956288396242281,0.34381455495217095,0.00042167745876753315,7.565870463521751e-05,11.688014444444445,0.002777777777777778,3,0,2025-09-01,37154019
1756733400000000,0.6569994372949007,38.77357933943958,0.750265890602928,1800,0.769408379059383,0.2879529641223071,0.0006702109386306221,9.562576790356214e-05,11.249346388888888,0.006111111111111111,3,0,2025-09-01,37154019
1756735200000000,0.6287949741339001,41.61317479314481,0.7894262537844476,1800,0.7968579677705812,0.19048392558299698,4.556767836394471e-06,0.0003181345186326068,10.191707777777777,0.002777777777777778,3,0,2025-09-01,37154019
1756737000000000,0.5794958779955098,33.756243623243975,0.757265740009767,1800,0.7640429807821403,0.27451635149438447,0.00017496155061813567,0.001580957770109026,10.615810833333335,0.0044444444444444444,3,0,2025-09-01,37154019
1756738800000000,0.5784137691149768,40.58446612982034,0.6880919009219231,1800,0.7007023429191543,0.32747911217055203,0.0006681519362875532,1.5295264206294235e-06,10.493291944444445,0.0077777777777777776,3,0,2025-09-01,37154019
1756740600000000,0.500086808393836,37.19889721624147,0.794856320880087,1680,0.8004010370850364,0.2207482812911583,0.00012614187321646764,0.00023208295994192607,12.658454761904762,0.005357142857142857,3,0,2025-09-01,37154019
1756742400000000,0.5286382580062017,36.29739194939225,0.7973494243886214,1680,0.8067329909961053,0.2556062650566536,0.00037417495596048234,0.0002796842972944136,11.954816964285714,0.002380952380952381,4,0,2025-09-01,37154019
1756744200000000,0.5033350061404456,32.86920044687852,0.7813249193512324,1800,0.7941483253773279,0.15283013220751596,4.395118413802468e-05,9.383625092385106e-05,11.995262777777778,0.0016666666666666668,4,0,2025-09-01,37154019
1756746000000000,0.6434306851136437,22.356569582452053,0.7433943274856253,1800,0.7613262580727971,0.18528440324954032,0.002386236173156142,0.0007214635194315866,10.269422500000001,0.0077777777777777776,4,0,2025-09-01,37154019
1756747800000000,0.6511615077091427,21.056068423902982,0.6444593889303512,1800,0.6546157209091679,0.38899378363694426,0.0033519525469891676,9.557808237137255e-05,8.945174444444445,0.006111111111111111,4,0,2025-09-01,37154019
1756749600000000,0.6050271185159073,27.379426355305558,0.7668639102499354,1800,0.7852549237649762,0.2511248551369182,0.0006985282101855672,0.0003648922672069288,11.240086388888889,0.0022222222222222222,4,0,2025-09-01,37154019
1756751400000000,0.5682007654034479,16.801473046042545,0.7322740169914532,1800,0.7349636820723844,0.45736399331140054,0.0025894820731490187,0.0011706706341280126,12.588696944444445,0.0005555555555555556,4,0,2025-09-01,37154019
1756753200000000,0.4576380359526136,22.705725310531584,0.725330960157655,1800,0.7377654013815074,0.4591131273588708,0.0007275713180644461,3.712236621455922e-05,11.943561666666668,0.0,4,0,2025-09-01,37154019
1756755000000000,0.4401744158689661,18.135638761756347,0.7549403449824451,1800,0.771544850375462,0.3685105686180433,0.003015431305193328,0.0025469279056747895,12.664068055555555,0.0011111111111111111,4,0,2025-09-01,37154019
1756756800000000,0.45076244726505066,15.887793789227072,0.7457424596678377,1800,0.7502152514298142,0.49977299694959076,3.548699542432754e-05,0.000638169441940617,14.138691111111111,0.0005555555555555556,5,0,2025-09-01,37154019
1756758600000000,0.8544043476441351,22.95660206677272,0.5601182592340073,1800,0.5930253965167247,0.36714129482276625,2.5042938751718147e-05,3.1567092433792965e-05,9.448205555555555,0.03833333333333333,5,0,2025-09-01,37154019
1756760400000000,0.8248672897454173,26.755807365578548,0.6768302783615361,1800,0.6960555258172345,0.257033814780101,0.0019196626088203717,2.3883318387429853e-06,8.390905,0.012222222222222223,5,0,2025-09-01,37154019
1756762200000000,0.8252659584694932,20.828583584446864,0.6183958451882277,1800,0.6442120708087635,0.3023207293957534,0.0002598308884899092,4.20423726313901e-05,7.324192222222222,0.0022222222222222222,5,0,2025-09-01,37154019
1756764000000000,0.6400680161334806,21.637780699577345,0.6597761486742456,1800,0.6747935139942274,0.28003929615171097,0.002053259632752713,0.000541820958882,10.768904999999998,0.0038888888888888888,5,0,2025-09-01,37154019
1756765800000000,0.5879155894034337,24.63320094936124,0.6950470906521089,1800,0.725738047563015,0.3200502603836415,0.0015913933328365326,0.001041400485297883,9.133831388888888,0.0022222222222222222,5,0,2025-09-01,37154019
1756767600000000,0.842233261070223,34.51621447902276,0.7365806798300523,1800,0.7437992119021903,0.26024850587846515,0.00020984529730172508,0.00029896664589113,7.853151944444445,0.0038888888888888888,5,0,2025-09-01,37154019
1756769400000000,0.9297848103230351,27.257792182080106,0.6871263481687084,1680,0.6997163048536883,0.3797459093472554,0.00026062347088551263,4.5813773894232135e-05,7.511099107142858,0.002380952380952381,5,0,2025-09-01,37154019
1759276800000000,0.4033057875246233,25.71339404568409,0.7168647342021635,1680,0.7591995603849803,0.2641083886283657,0.0005655039728634792,0.0005170475017926002,12.906557440476192,0.0011904761904761906,0,0,2025-10-01,40090044
1759278600000000,0.3927630682295,23.73856913546218,0.7632917179525458,1800,0.791480744054575,0.3465792877268603,4.945784340881776e-05,0.0007535394507047766,10.396559444444446,0.0016666666666666668,0,0,2025-10-01,40090044
1759280400000000,0.3785439572724499,28.90195705112984,0.7672907629634695,1800,0.782368141297153,0.28881883638024464,0.0012286813446712452,0.00014443789261708861,12.030454444444445,0.0022222222222222222,0,0,2025-10-01,40090044
1759282200000000,0.3939744050374177,19.18793220287487,0.6924580740496833,1800,0.7215458127143957,0.22897404582990277,0.002502375760953801,0.00045947084522790504,13.259111111111112,0.0022222222222222222,0,0,2025-10-01,40090044
1759284000000000,0.35799856120128787,19.19809551700308,0.7732311876867694,1800,0.7967393850772793,0.45605829686581123,0.003662850660343775,0.0015412370947575083,12.739507222222223,0.0033333333333333335,0,0,2025-10-01,40090044
1759285800000000,0.36151525637151954,11.672434031241114,0.7226109432990663,1800,0.7646926176643227,0.12061129228878653,0.005821009919548259,0.009480280785172157,21.127166388888888,0.0016666666666666668,0,0,2025-10-01,40090044
1759287600000000,0.3956393667224308,13.520662261045473,0.5390883388624201,1800,0.5727902423997152,0.5448349434362916,0.0010827724121490467,0.0027346392653972984,15.769985277777778,0.002777777777777778,0,0,2025-10-01,40090044
1759289400000000,0.36005799731547755,15.441485195377677,0.6528844992455131,1800,0.6742176229953554,0.40270355179327366,0.005089888376047291,0.0007754868096525591,15.497156944444445,0.0022222222222222222,0,0,2025-10-01,40090044
1759291200000000,0.3822818479266836,23.444844451235134,0.753911643173564,1800,0.7834129018924678,0.34976462261638397,0.0020106562296425823,0.0002793365521399638,15.166010555555555,0.002777777777777778,1,0,2025-10-01,40090044
1759293000000000,0.42385964618677485,26.89791025981765,0.692672798682725,1800,0.7148999723965086,0.4182213593409898,0.0033963097952121046,0.0010942366862718433,12.761612777777778,0.0022222222222222222,1,0,2025-10-01,40090044
1759294800000000,0.4946487782767944,23.60344737399201,0.6090251985791666,1800,0.6288460311434779,0.49938414714623225,0.00029244025061558876,0.0011867117695808505,11.070688055555555,0.0016666666666666668,1,0,2025-10-01,40090044
1759296600000000,0.40884112270334466,24.528138600873433,0.7819073664226108,1800,0.7999947610375793,0.3833968916758156,0.0026426819126290635,0.00038207585619609574,11.163465833333333,0.0022222222222222222,1,0,2025-10-01,40090044
1759298400000000,0.4890650878576533,23.605244081716744,0.7380149560050395,1800,0.7593059471750759,0.4221379131940207,0.00705842980965754,0.0024094661960779584,9.83169611111111,0.0022222222222222222,1,0,2025-10-01,40090044
1759300200000000,0.5003434920600532,26.07897666549085,0.7152507685550364,1800,0.7224177363648829,0.40421501963468875,0.0015430348587887055,1.9631143082787794e-05,10.661511111111112,0.002777777777777778,1,0,2025-10-01,40090044
1759302000000000,0.4468772972574986,24.05178488030578,0.7446243936374193,1800,0.7636312879697716,0.3494298454143008,0.006772235382022651,0.0024984900259378273,10.59720361111111,0.0016666666666666668,1,0,2025-10-01,40090044
1759303800000000,0.42453539983897765,17.144439456264895,0.7417410842631454,1680,0.7435791456250553,0.3931383785425504,0.0016285071990506106,0.0002327933869451515,10.927634523809523,0.0005952380952380953,1,0,2025-10-01,40090044
1759305600000000,0.5424499536613553,11.388518233497615,0.5737217476296337,1680,0.5855518418891268,0.19200416552374278,0.004538434799257529,0.007029942804505418,14.023792857142858,0.007738095238095238,2,0,2025-10-01,40090044
1759307400000000,0.7103123054871933,25.275683814034654,0.5806230009303035,1800,0.5902581186832694,0.29169250167632244,0.0005061682596205763,0.00029380157387925987,11.828367777777778,0.04666666666666667,2,0,2025-10-01,40090044
1759309200000000,0.6177514133529729,28.326325400532042,0.6505405320866057,1800,0.6652408997268895,0.264905410610073,0.0007214418626851904,0.0004711395299832333,9.497528888888889,0.005555555555555556,2,0,2025-10-01,40090044
1759311000000000,0.5400876401943894,18.444195242652913,0.5865953150818435,1800,0.62526225533261,0.2523231340265054,0.000741041581228119,0.0018315931275277864,8.658660277777777,0.0022222222222222222,2,0,2025-10-01,40090044
1759312800000000,0.46188411304906046,26.348550904616424,0.670196233999078,1800,0.6789729396196036,0.3708929299379412,0.0006265186609243356,0.0007849060855710244,10.24394888888889,0.0016666666666666668,2,0,2025-10-01,40090044
1759314600000000,0.5040873899584486,24.479499172941285,0.7816358972210655,1800,0.8026152647367714,0.15233837667958616,0.00801977631637596,0.0037429213881257084,10.36338111111111,0.0005555555555555556,2,0,2025-10-01,40090044
1759316400000000,0.4480084229641776,19.13466556443673,0.7272672356205656,1800,0.7555513047767546,0.323985217977638,0.0024091141423531193,3.91080967887536e-06,10.327997499999999,0.0005555555555555556,2,0,2025-10-01,40090044
1759318200000000,0.4419095818926856,22.389887761021665,0.5226725079579688,1800,0.5280340107375985,0.2710958848950693,0.0016568415465559871,0.0006532589403738243,11.443566111111112,0.0011111111111111111,2,0,2025-10-01,40090044
1759320000000000,0.5433321526320104,23.37184167727164,0.6765197337534095,1800,0.7006388450585728,0.2332563991231943,0.00012621785221766935,3.224026729409246e-05,10.00224388888889,0.007222222222222222,3,0,2025-10-01,40090044
1759321800000000,0.550157778816341,21.95912269337008,0.6700014508201122,1800,0.6715700214682713,0.2944235120120493,0.0030429101465482278,0.00019584545507911333,18.1920925,0.0016666666666666668,3,0,2025-10-01,40090044
1759323600000000,0.4721052080991573,23.934158494098448,0.7701862940293325,1800,0.7793508860816997,0.35424132485660353,0.00027031168860569554,8.540197581119457e-06,10.905292777777778,0.0016666666666666668,3,0,2025-10-01,40090044
1759325400000000,0.6361488710922063,44.15696015478206,0.7438868847054292,1800,0.7583766567487019,0.26438341913439367,0.002238691760123368,0.001220512714743549,9.98611111111111,0.006666666666666667,3,0,2025-10-01,40090044
1759327200000000,0.6754161157699724,37.24715147933788,0.7162822664010746,1800,0.727169742829127,0.19190505867732166,0.00014433579452788337,0.0004027101614971773,9.07300888888889,0.006666666666666667,3,0,2025-10-01,40090044
1759329000000000,0.5529238551288727,38.61503224094881,0.7340779754948845,1800,0.7467976827497136,0.2268989974984298,0.0008766436310924108,0.0014962865219533272,9.608666388888889,0.0016666666666666668,3,0,2025-10-01,40090044
1759330800000000,0.4815362002170569,22.8820833238648,0.6631593772804341,1800,0.6726093345250308,0.28436956799658886,0.00171993244764157,0.00021199378758973708,10.44009,0.002777777777777778,3,0,2025-10-01,40090044
1759332600000000,0.4471761842702504,23.75660502244253,0.6962308440522339,1680,0.7184768610199699,0.2836396262080324,0.0007287639753932318,0.0015753500374809937,9.247308928571428,0.004761904761904762,3,0,2025-10-01,40090044
1759334400000000,0.528068917724277,10.441012817741731,0.4938626791833308,1680,0.5501374998095518,0.34287932286806033,0.00014325105073420552,0.00011860131708296695,8.89273869047619,0.005357142857142857,4,0,2025-10-01,40090044
1759336200000000,0.6064817617094629,16.288590000029615,0.5153745428708745,1800,0.5522917077844617,0.33135810554940914,0.00017707195633787087,0.0007136236785879602,7.954011111111111,0.0077777777777777776,4,0,2025-10-01,40090044
1759338000000000,0.5134040628734544,20.42971142178874,0.6235725990562617,1800,0.6593270236134852,0.4621734354336787,0.0021251700355536807,0.0020357118198165436,8.928842222222222,0.0033333333333333335,4,0,2025-10-01,40090044
1759339800000000,0.4351053045486442,21.32809696336339,0.6164948459996007,1800,0.6415158027607792,0.26740543867561795,0.00013823246571842418,1.3632206050551154e-05,9.092423888888888,0.002777777777777778,4,0,2025-10-01,40090044
1759341600000000,0.48999173248904815,28.46649196585652,0.729256840947743,1800,0.744105821142099,0.24431248531670058,9.674161051309582e-05,2.3179396992145662e-05,8.8320075,0.0016666666666666668,4,0,2025-10-01,40090044
1759343400000000,0.46799412116666717,22.257734392158792,0.6788995368881753,1800,0.6984664722343651,0.2977961931431745,0.0032532940854483883,0.0016748152604239008,9.538577777777776,0.0011111111111111111,4,0,2025-10-01,40090044
1759345200000000,0.45926892642095135,14.077306386459988,0.7855625572535746,1800,0.7868044972081516,0.382794718943519,0.0014281282850758803,0.00048912008779467,10.254095,0.0005555555555555556,4,0,2025-10-01,40090044
1759347000000000,0.5597855389458275,26.630012310389564,0.7614414399391242,1800,0.7762400522416977,0.4248216085313795,0.0029765319631079867,0.0007024703650340136,8.985732777777777,0.005555555555555556,4,0,2025-10-01,40090044
1759348800000000,0.6284792622413007,18.034175518367586,0.5069009195387757,1800,0.5105368627716451,0.6310394355011915,0.0023226114652116214,0.0023857234477511202,8.8681925,0.006111111111111111,5,0,2025-10-01,40090044
1759350600000000,0.4998106662547671,17.771310331055155,0.7007358648551787,1800,0.7097773748010903,0.4158547916584897,0.0029829441047877214,0.0011968045097533464,9.42532138888889,0.0,5,0,2025-10-01,40090044
1759352400000000,0.510441464350977,22.14383321617228,0.8095872395304452,1800,0.8204845402374985,0.3174869327272971,0.004611803247755342,0.004557777496334903,10.312364166666667,0.0011111111111111111,5,0,2025-10-01,40090044
1759354200000000,0.6662198139149116,10.893129605769685,0.7588331689788673,1800,0.7732805573432557,0.537278480207354,0.005658937831254818,0.0020361182101050757,7.4864225,0.0005555555555555556,5,0,2025-10-01,40090044
1759356000000000,0.5331186843520715,17.304900391129518,0.630384220877042,1800,0.6568771229351793,0.38057930302151444,2.031138325309101e-07,0.0003965649337375199,9.686590555555556,0.0033333333333333335,5,0,2025-10-01,40090044
1759357800000000,0.5649660284457804,16.267334856815893,0.5103736039195272,1800,0.5244989155659446,0.580650953851817,0.00014244312931688263,0.000218565441957419,11.722289444444444,0.002777777777777778,5,0,2025-10-01,40090044
1759359600000000,0.7538879444144627,20.50143163052639,0.6206949924732028,1800,0.6246102146580246,0.3824457558163342,0.0016068660164115789,9.94491061823144e-06,9.417655833333333,0.005,5,0,2025-10-01,40090044
1759361400000000,0.5749447660289865,28.3116430916659,0.7319412812761195,1680,0.74934052746451,0.28110107788460736,0.001488641967963944,2.0794499377974063e-07,8.441305952380953,0.002380952380952381,5,0,2025-10-01,40090044
1761955200000000,1.1888345059067271,15.204579957155147,0.5823287688856387,1680,0.5938177769552839,0.39548101250784695,0.004688637866280709,0.0004256227581703742,4.379394940476191,0.0017857142857142857,0,1,2025-11-01,13435971
1761957000000000,1.1424159462824275,13.37557376839273,0.5017989667431695,1800,0.5252438264149282,0.5002692021286776,0.0017172027082380525,0.0003228967397437277,4.67094,0.0022222222222222222,0,1,2025-11-01,13435971
1761958800000000,1.3071357968668564,15.563027462673693,0.5704889279262804,1800,0.5885936182737455,0.32218099228800023,0.0010714408083215554,0.0005036877082381652,3.931347222222222,0.0011111111111111111,0,1,2025-11-01,13435971
1761960600000000,1.6273750539850154,10.59428285412697,0.4334266689255125,1800,0.43976881019334846,0.4936059499788106,0.0041695532444162575,0.0029223319265953007,4.0663680555555555,0.002777777777777778,0,1,2025-11-01,13435971
1761962400000000,1.0508519480282645,12.503488950555498,0.46609789236225374,1800,0.49682046154989,0.44949409570464416,0.0024042345687418365,0.00016306040193481142,4.959438333333333,0.0005555555555555556,0,1,2025-11-01,13435971
1761964200000000,0.8955550331159424,12.952869067470624,0.4597731914996329,1800,0.492559061532861,0.5857935490623591,0.001147472208127387,0.0009704679553143025,5.081151111111112,0.0022222222222222222,0,1,2025-11-01,13435971
1761966000000000,1.0931078887897827,14.087460558415327,0.26713556625087853,1800,0.29001667683881915,0.6850170613173461,0.0009631447147921968,7.675193957057402e-05,8.055856666666667,0.0016666666666666668,0,1,2025-11-01,13435971
1761967800000000,1.0467263565648335,14.833837144680771,0.35920242084242304,1800,0.37834895925136225,0.60862730443957,0.0002822988903420365,0.0022995847816457138,5.361241111111111,0.0005555555555555556,0,1,2025-11-01,13435971
1761969600000000,1.1457527693132648,17.72442756946649,0.47210099512480475,1800,0.4970813345638905,0.47494192691412307,0.0028110161585340743,0.0005581766460158732,3.9476858333333333,0.0033333333333333335,1,1,2025-11-01,13435971
1761971400000000,1.2392995581007562,15.0543708206521,0.5134321371701274,1800,0.543048446084553,0.4379579576824997,0.00196489415248724,0.0011757351843689756,3.6065275,0.002777777777777778,1,1,2025-11-01,13435971
1761973200000000,0.9530541851376065,14.673475674564799,0.6531489030352835,1800,0.6750253217553408,0.428726954531891,0.004390566307365673,0.0031795479039399277,4.2951105555555555,0.0016666666666666668,1,1,2025-11-01,13435971
1761975000000000,0.76813175941532,11.831871611489525,0.5356150122100913,1800,0.5782241706506914,0.5512336825969515,0.0028544817293265634,0.003373988189048438,4.590057222222222,0.0,1,1,2025-11-01,13435971
1761976800000000,0.9209635962644023,15.05937256045117,0.541703651775423,1800,0.5516200790026713,0.38011986354918414,0.00023703099098038027,5.094336470667926e-06,4.309340277777777,0.0005555555555555556,1,1,2025-11-01,13435971
1761978600000000,0.8425090416413773,9.928658575377101,0.47506556426007185,1800,0.5493439820201929,0.3803241113213027,0.002226553361029615,8.796308318015367e-05,4.206839166666667,0.0016666666666666668,1,1,2025-11-01,13435971
1761980400000000,0.7139262502843977,11.438670062559279,0.5506899595666387,1800,0.5921178505124342,0.467138283825,0.001266140490596146,0.00040774130882870185,4.739634722222222,0.0011111111111111111,1,1,2025-11-01,13435971
1761982200000000,0.7242098840814992,12.9162894792645,0.5262103335445099,1680,0.5779103857617758,0.5118420994440491,0.0031227135162440467,3.1671342928363266e-05,5.110991964285715,0.0005952380952380953,1,1,2025-11-01,13435971
1761984000000000,0.7426081483693854,14.11038128881709,0.6785478217969871,1680,0.7108469822905833,0.4523855034378864,0.0015060810517437684,0.0021407506967091594,4.420722916666667,0.0017857142857142857,2,1,2025-11-01,13435971
1761985800000000,0.8037558078032339,11.939767573030835,0.41586610769197263,1800,0.4653507484279856,0.4660185819437431,0.003675836069201077,0.0012477609253539468,3.809728055555556,0.0022222222222222222,2,1,2025-11-01,13435971
1761987600000000,0.8080500169176835,15.16038868797662,0.6449529111153903,1800,0.664106490548432,0.3600919221840855,0.003685941329250486,3.802285892917645e-06,4.6699166666666665,0.0,2,1,2025-11-01,13435971
1761989400000000,1.1903371195642363,9.406835022102056,0.46909276248599796,1800,0.47950714396748084,0.6433648183162157,0.00015850293015573502,0.0013345442944868724,4.111132777777778,0.0005555555555555556,2,1,2025-11-01,13435971
1761991200000000,0.8561253828537722,11.886382001943174,0.5208388129608779,1800,0.565457722677748,0.5205505297259269,0.0002535813096158357,4.0594433468044144e-05,6.023085,0.0,2,1,2025-11-01,13435971
1761993000000000,0.9096518564676959,8.96160204002892,0.5908936164010739,1800,0.6146034920014989,0.7277111774372764,0.0008052348925222663,0.00025398285582467484,6.975031944444445,0.0,2,1,2025-11-01,13435971
1761994800000000,0.6569779741653405,15.41301809273543,0.7319159460502593,1800,0.7566673286147247,0.5600200826658999,0.0026906239375183993,0.0010127015651781868,5.240392222222222,0.0005555555555555556,2,1,2025-11-01,13435971
1761996600000000,0.8913244063682491,13.021907556259965,0.7212601413546311,1800,0.7265596278597382,0.49608174042912834,0.0002841062343945655,0.00015946551359491412,4.778634722222222,0.0005555555555555556,2,1,2025-11-01,13435971
1761998400000000,0.7132848485904115,13.344805637523038,0.6306598583091343,1800,0.639445416967172,0.49896979426774235,0.0008852621861761278,0.00013647871480126916,4.479972222222222,0.0005555555555555556,3,1,2025-11-01,13435971
1762000200000000,0.711616338029094,17.497886019393828,0.5878345856436178,1800,0.5914987194999687,0.4291177304888075,0.009310621405895003,0.004368261608496238,4.567248055555556,0.0016666666666666668,3,1,2025-11-01,13435971
1762002000000000,0.8047486914903933,12.375268568639097,0.44999285861284344,1800,0.4723365345087839,0.5108595363079016,0.006387918047710106,0.006668885890750764,4.539353055555556,0.0011111111111111111,3,1,2025-11-01,13435971
1762003800000000,0.9198267949189263,13.537365092785919,0.564338276391509,1800,0.5720843354166476,0.4036888133402836,0.006284259106163259,0.0001808037480496294,5.302972222222222,0.0016666666666666668,3,1,2025-11-01,13435971
1762005600000000,0.7056729019360466,12.965848742207214,0.5126334140882451,1800,0.5614592640699176,0.4182552499005404,1.109376635899384e-05,0.005537385182596277,5.928149166666667,0.0022222222222222222,3,1,2025-11-01,13435971
1762007400000000,0.9749127477260549,11.366039554343294,0.7040230686363749,1800,0.7058568043388884,0.3762940900320477,0.006633722306555012,0.007411515803200097,7.488397777777778,0.0016666666666666668,3,1,2025-11-01,13435971
1762009200000000,0.8299352447353856,14.962757732005194,0.5565077661916693,1800,0.5955551293917764,0.3367348859990311,0.021509355562341348,0.020799699331140675,6.680829444444445,0.006666666666666667,3,1,2025-11-01,13435971
1762011000000000,0.7347838723806487,12.466474441655985,0.6300707700226612,1680,0.6587474075890627,0.2186691793118548,0.008287858233593126,0.007706109040129361,10.96631875,0.0017857142857142857,3,1,2025-11-01,13435971
1762012800000000,0.8599386111836255,15.541959808871301,0.637071133659143,1680,0.6660585455812597,0.14496022718271817,0.0024803901701622166,0.0028845116230808987,6.188128571428572,0.002380952380952381,4,1,2025-11-01,13435971
1762014600000000,0.4997113914623759,2.2077515347931302,0.36824243163760273,1800,0.6710980763557541,0.29832655097724536,0.0004333366427974328,0.0004751626774999185,7.95595,0.002777777777777778,4,1,2025-11-01,13435971
1762016400000000,1.0717545878022214,11.441462575043449,0.6212244067702833,1800,0.6229330847098645,0.591572869555999,7.169624827219057e-05,0.0001294368813192781,5.306858611111111,0.0038888888888888888,4,1,2025-11-01,13435971
1762018200000000,0.8096103998305717,10.464319224999976,0.5307746309048693,1800,0.599801974384032,0.43019428933649717,0.00011258800832136817,0.005934919275403017,5.216832222222223,0.0038888888888888888,4,1,2025-11-01,13435971
1762020000000000,0.6177666440767318,16.752032836213505,0.6913577206611918,1800,0.712956701101256,0.4142304474431304,0.006100480022938393,0.003985891892964166,6.421151388888889,0.0011111111111111111,4,1,2025-11-01,13435971
1762021800000000,0.5405182444938222,10.783556817343852,0.6713376693562644,1800,0.6766139772718387,0.4075013389095551,6.164298051436479e-05,2.1018870880462615e-05,14.399330833333334,0.0005555555555555556,4,1,2025-11-01,13435971
1762023600000000,0.4914749463917936,7.867891169065777,0.702055953012068,1800,0.7061062927381265,0.4466711547330572,0.001698027933515367,0.0009019563109339268,10.98146,0.0,4,1,2025-11-01,13435971
1762025400000000,0.538011743488982,11.939517955781092,0.6698158725457724,1800,0.6867761547189621,0.5474969188479659,0.0003482244359588327,0.00018023020027502223,5.262363055555556,0.0,4,1,2025-11-01,13435971
1762027200000000,0.639411207515497,15.118545069143645,0.656480878968142,1800,0.6732958687815702,0.5222052831554673,0.000554941428969169,0.0007100260089585309,6.908642777777779,0.0011111111111111111,5,1,2025-11-01,13435971
1762029000000000,0.6556517208909026,9.082344159923515,0.491028516721689,1800,0.5444857533160767,0.5327826353287248,0.003274405409709469,0.001749481072551795,6.082277777777778,0.0011111111111111111,5,1,2025-11-01,13435971
1762030800000000,0.681952887804209,9.823111606450398,0.5948226945588928,1800,0.655940182603304,0.3921981995537047,0.00694868390170289,0.00162189405093216,5.229896388888889,0.0005555555555555556,5,1,2025-11-01,13435971
1762032600000000,1.1567637325985727,10.502783699588239,0.5532766851376458,1800,0.6061125869980177,0.4356272049475335,0.0021997793497947615,0.0007467904544001813,3.9497269444444445,0.0016666666666666668,5,1,2025-11-01,13435971
1762034400000000,0.5411712594631847,13.660535664356097,0.6430568230208747,1800,0.6937066060450606,0.390347612321691,0.000180198741361437,2.7845728323816488e-05,6.220356944444444,0.0011111111111111111,5,1,2025-11-01,13435971
1762036200000000,0.46567809248853487,11.235634504951067,0.6612265172909986,1800,0.7367778006516792,0.43105841558043156,0.0066385767847655375,0.007420346654997689,6.7969727777777775,0.0,5,1,2025-11-01,13435971
1762038000000000,0.3740946149857081,13.40168900584435,0.7305155556978502,1800,0.773211653078127,0.42724445841168257,0.0016302122367986005,0.0018994133703322813,6.7892883333333325,0.0,5,1,2025-11-01,13435971
1762039800000000,0.4263951707619311,8.848979199087545,0.37956815824972645,1680,0.39835078459345796,0.43108261862083064,0.006056738497858594,0.009762361977329492,7.621788988095238,0.0005952380952380953,5,1,2025-11-01,13435971
1764547200000000,1.1357962407958724,25.146160122828192,0.5646648139430768,1680,0.5756623742452288,0.1403735034321837,6.644484366158387e-05,0.0001418081641813007,4.795838392857143,0.11607142857142858,0,0,2025-12-01,52633967
1764549000000000,0.8274247046748759,35.90553672306518,0.6913375891993505,1800,0.7065932083705881,0.14031567698263414,1.4594248258448239e-05,0.00017673555805164387,5.123195277777778,0.03833333333333333,0,0,2025-12-01,52633967
1764550800000000,0.6179547724287437,36.59164566090723,0.7069615847607373,1800,0.7278189641446569,0.26936268324933976,0.005342029340653975,0.00019204066509614925,6.118453888888889,0.019444444444444445,0,0,2025-12-01,52633967
1764552600000000,0.41190622479585304,45.630413732161955,0.75878283635457,1800,0.7684134417716794,0.2713948996634207,0.00027485614289501914,1.3633924015321597e-06,6.303430277777777,0.008888888888888889,0,0,2025-12-01,52633967
1764554400000000,0.4322050875998864,35.84211823120163,0.6561175222935174,1800,0.6692186614350542,0.30695442819692254,4.331147526182022e-07,1.5578606696209363e-05,6.622292222222223,0.01,0,0,2025-12-01,52633967
1764556200000000,0.4838846018094443,31.586822002780856,0.6287288789581978,1800,0.6461212787367333,0.16486524795449253,0.00047237078334527727,0.001924990076068278,6.857391111111111,0.015555555555555555,0,0,2025-12-01,52633967
1764558000000000,0.4355510159914766,35.87894798759911,0.689586566606382,1800,0.6974032716625058,0.2739295107175903,0.00037518047902618257,0.0032268154832856277,7.150421111111111,0.013333333333333334,0,0,2025-12-01,52633967
1764559800000000,0.4505230484699221,32.70644555410701,0.632338260840404,1800,0.6412787213233202,0.25570907860280934,0.0003441889554114397,0.00014013406315371846,7.2001558333333335,0.009444444444444445,0,0,2025-12-01,52633967
1764561600000000,0.4519748782171796,39.360653890267166,0.6992032601186144,1800,0.7102959154961016,0.1876153700965536,0.00012625616253147953,0.0032585989558052697,7.176376666666666,0.008333333333333333,1,0,2025-12-01,52633967
1764563400000000,0.3965735099207718,34.8324270525202,0.7505174848147449,1800,0.7579293332388282,0.23427870380279026,0.00015096799635982983,0.000288295814507733,8.27460111111111,0.0033333333333333335,1,0,2025-12-01,52633967
1764565200000000,0.36798220184791836,34.966988070666126,0.7068777174794287,1800,0.7179590668610979,0.22653132262929843,0.0001688275331622746,0.00040380315023325064,7.978574999999999,0.0038888888888888888,1,0,2025-12-01,52633967
1764567000000000,0.38405193992624254,37.075754041091336,0.7255986467795833,1800,0.7428363479328924,0.2993371950257867,2.972530411815555e-07,2.15627380062422e-07,8.3406,0.005555555555555556,1,0,2025-12-01,52633967
1764568800000000,0.3826882266257468,32.30162653028318,0.7374182325898504,1800,0.748973217926092,0.23113551801967847,0.0036548743077053913,0.005605979306602005,8.944484166666667,0.002777777777777778,1,0,2025-12-01,52633967
1764570600000000,0.34287422663821077,29.82202856034696,0.6080600587728165,1800,0.6188312865325849,0.40270305037596166,0.0011886103390146285,0.0031884071193398755,8.583553333333334,0.0033333333333333335,1,0,2025-12-01,52633967
1764572400000000,0.30559008792864156,25.972277599546135,0.8007978450829308,1800,0.8270547498759397,0.24568458214172761,0.0007962348513169681,0.0004289031724982184,8.256471388888889,0.0033333333333333335,1,0,2025-12-01,52633967
1764574200000000,0.33873710693285564,30.539629365846846,0.7456070831771344,1680,0.759173608550168,0.27874416503420263,2.1573952530773433e-05,0.00026504156581041993,8.905663988095238,0.002380952380952381,1,0,2025-12-01,52633967
1764576000000000,0.3804753454886382,26.95839437715673,0.7052852834355414,1680,0.7121855911108497,0.2757831522207853,0.0007469918446569856,0.001515202593962206,8.718435416666667,0.0035714285714285713,2,0,2025-12-01,52633967
1764577800000000,0.3737638396452697,25.110817524114097,0.7121515028573414,1800,0.7170298232172321,0.39339446711980597,1.3371542405771208e-05,0.0003117171779298822,8.838208611111112,0.0038888888888888888,2,0,2025-12-01,52633967
1764579600000000,0.34062354319267263,32.47033252891787,0.6306337136707698,1800,0.643714072822728,0.350342370950552,0.00045865959771962395,1.1411957243634419e-06,8.973303333333334,0.006111111111111111,2,0,2025-12-01,52633967
1764581400000000,0.28730421500022363,31.684248603609014,0.7186775164720547,1800,0.7272614484321773,0.2831183480514935,0.00010146099902241801,0.0001659015669147612,9.051995277777777,0.002777777777777778,2,0,2025-12-01,52633967
1764583200000000,0.31132914074400464,28.41562514409337,0.6812524458497939,1800,0.6864613462963657,0.308261702393978,8.76968543981338e-05,0.0003279330290320015,8.957966388888888,0.0033333333333333335,2,0,2025-12-01,52633967
1764585000000000,0.2492527515270173,20.22653691908893,0.7870218710896815,1800,0.8240730729337022,0.2841069943325938,0.0004593520763338521,0.0005462053964665481,9.481846388888888,0.0011111111111111111,2,0,2025-12-01,52633967
1764586800000000,0.25507470281760364,21.983274091622643,0.5876583121736736,1800,0.6184260596476625,0.34049797401655235,0.0001743585809365067,0.00035412423064484777,10.340016944444445,0.002777777777777778,2,0,2025-12-01,52633967
1764588600000000,0.3209621781525182,27.41049938506333,0.6643253534276944,1800,0.6706297370003458,0.15611383130406697,0.0026679939645981587,0.006772790105363691,11.180269444444445,0.0016666666666666668,2,0,2025-12-01,52633967
1764590400000000,0.32048804112303836,33.66858085376337,0.6456878848750834,1800,0.6639894120986533,0.31534012968696934,0.00044537751817796956,9.692189238574844e-05,9.87867722222222,0.002777777777777778,3,0,2025-12-01,52633967
1764592200000000,0.4122601296299015,25.162504713961106,0.5025432537078562,1800,0.5104241054231626,0.30271574150513536,3.8793282344462554e-05,0.0015223175921101895,9.220653888888888,0.015555555555555555,3,0,2025-12-01,52633967
1764594000000000,0.39970550995406195,27.11259552535516,0.6119329329299918,1800,0.6317614285311863,0.32807522693750457,9.23113383288765e-07,0.00019021037326749646,8.843441944444445,0.013888888888888888,3,0,2025-12-01,52633967
1764595800000000,0.3283677538652508,37.659654847862775,0.7186761024619206,1800,0.7288272156062412,0.22429817536395402,0.002704509612192041,0.0007114968398336252,8.8964625,0.006666666666666667,3,0,2025-12-01,52633967
1764597600000000,0.3368737945519586,30.05811542218299,0.636578313928725,1800,0.6522064846184588,0.38005080610046316,0.0009816404767805098,0.00017778920026689793,8.737359722222221,0.0077777777777777776,3,0,2025-12-01,52633967
1764599400000000,0.4513017753950816,48.40045964250845,0.6448154494881815,1800,0.6521625379882797,0.28952403882985767,5.844686484313133e-05,0.0002040715838538265,7.3522675,0.021111111111111112,3,0,2025-12-01,52633967
1764601200000000,0.4782201480464784,40.50226836167958,0.6718279797630264,1800,0.6827196068338182,0.23826685310805995,0.0005947290985190978,3.6316772421551846e-06,6.641862777777777,0.021666666666666667,3,0,2025-12-01,52633967
1764603000000000,0.8177313694993206,34.082871025850636,0.6010816693400606,1680,0.6175647678345509,0.1956291801037604,0.0005763503541051929,0.0007048591254777969,5.5482226190476185,0.050595238095238096,3,0,2025-12-01,52633967
1764604800000000,0.565634003162023,37.053832856593864,0.6253943003769791,1680,0.6398113006632832,0.2978399817516826,3.353047742427062e-05,0.0007676077689263705,7.084595535714286,0.01488095238095238,4,0,2025-12-01,52633967
1764606600000000,0.4827690933003089,35.593688987178034,0.6125810305093473,1800,0.6235154631481841,0.2318829719464498,0.00023311142504101046,0.0009679403124058794,7.354305833333333,0.012777777777777779,4,0,2025-12-01,52633967
1764608400000000,0.42518258299414463,42.90627849504061,0.6908705554398631,1800,0.7089965694420687,0.23679476664627586,8.470243860858595e-06,6.044618130474078e-07,7.563401666666667,0.008333333333333333,4,0,2025-12-01,52633967
1764610200000000,0.3815524515947589,41.26189379559796,0.7203751160934155,1800,0.732935610005243,0.27763307191008757,0.00010074131886683713,2.1754772468907113e-05,7.689663055555556,0.0077777777777777776,4,0,2025-12-01,52633967
1764612000000000,0.38876685004799516,35.18329827923756,0.5954253266140901,1800,0.614902800866395,0.3316734326770021,1.5746463166710356e-07,0.0003130432227198554,7.8955641666666665,0.008333333333333333,4,0,2025-12-01,52633967
1764613800000000,0.3957516341024897,32.188548935945256,0.6307340544808868,1800,0.6473016178043769,0.28998901988514314,1.0275490236466567e-08,0.0003594053720388235,7.677461666666667,0.006111111111111111,4,0,2025-12-01,52633967
1764615600000000,0.3436630310197046,41.25538309736091,0.7294667900133052,1800,0.7398623885792369,0.21803673123605094,0.00016428489361663967,0.0012114350213551228,7.653641666666667,0.005555555555555556,4,0,2025-12-01,52633967
1764617400000000,0.37878917568237813,47.52447960843374,0.7298431321461083,1800,0.7428390119570353,0.21268278385900308,0.000313230518261598,9.878133115559518e-05,6.808493333333334,0.006111111111111111,4,0,2025-12-01,52633967
1764619200000000,0.47576994497554037,22.158797030408824,0.5837399132837062,1800,0.5837506143488222,0.3413511460301113,4.339703114197846e-05,0.00026287543039138495,7.02074,0.011111111111111112,5,0,2025-12-01,52633967
1764621000000000,0.4357247200514614,27.269234308781765,0.5573424173091331,1800,0.581523253230265,0.2832270633980587,9.104668210113687e-05,4.504792924908685e-06,6.903192777777777,0.01,5,0,2025-12-01,52633967
1764622800000000,0.49110045717137357,27.55365787482709,0.5378097309028163,1800,0.5510349828285445,0.2763684992129115,0.0017884530278828858,0.00017472263347417805,6.5931966666666675,0.010555555555555556,5,0,2025-12-01,52633967
1764624600000000,0.4685213317073487,32.716975486834095,0.39728328350862174,1800,0.4105280628472927,0.47980612122675925,0.0004596622844540432,1.5223290646293464e-05,6.501760277777778,0.012222222222222223,5,0,2025-12-01,52633967
1764626400000000,0.47661663295429907,32.52281810502345,0.7112701159015666,1800,0.7132418961259064,0.23937377426451345,0.0007602582476030628,0.0010361774672889013,6.776242777777777,0.0033333333333333335,5,0,2025-12-01,52633967
1764628200000000,0.5561842975823884,17.336749243610566,0.5802939524090351,1800,0.6219711577380129,0.33618130875724117,0.003567980152511474,0.0017471458014550745,5.494991388888889,0.0005555555555555556,5,0,2025-12-01,52633967
1764630000000000,0.5254395222452457,20.69332301891577,0.6184249120118261,1800,0.6412785013149748,0.2914859882213514,0.0002330345765929609,0.0012489315460383343,6.18125138888889,0.0022222222222222222,5,0,2025-12-01,52633967
1764631800000000,0.5098852602988218,24.683113128843473,0.6328591556967273,1680,0.6411638357215312,0.22745769609392152,0.0013224798671156446,0.0020458832936232074,6.199776488095238,0.0017857142857142857,5,0,2025-12-01,52633967
1767225600000000,0.36591027172485796,12.069940090678845,0.5003146831363872,1680,0.5022050225102412,0.6065383282861919,0.0005703216741560491,0.0013737424425378508,5.969933333333333,0.0017857142857142857,0,0,2026-01-01,7629432
1767227400000000,0.3782067042942201,14.734627884760958,0.6867284068907138,1800,0.6885736981935715,0.2704319832419232,0.002771921469310157,0.0013690422957290949,6.722588611111111,0.0,0,0,2026-01-01,7629432
1767229200000000,0.3760823089642895,10.13217045084714,0.4341131411898157,1800,0.45269620222111406,0.24393240630225854,3.220207309218015e-05,0.000362670177614155,6.392694166666667,0.0005555555555555556,0,0,2026-01-01,7629432
1767231000000000,0.32848579943767403,14.397601138578173,0.493256581425805,1800,0.5449551489502988,0.3709805927250216,0.008774148190698883,0.00448513374973869,5.862845277777778,0.0005555555555555556,0,0,2026-01-01,7629432
1767232800000000,0.36961597672827073,14.388310044236208,0.5483267285769435,1800,0.5653793600062915,0.4641380212229138,0.00018826491455148364,0.0006689226135246917,6.2844475,0.0011111111111111111,0,0,2026-01-01,7629432
1767234600000000,0.45111035516303927,13.302602201628746,0.47622509911347644,1800,0.48703635610974205,0.45047665337554066,0.0008742135649468796,0.0002423862091670559,6.938930555555556,0.0005555555555555556,0,0,2026-01-01,7629432
1767236400000000,0.43261768358367536,12.535928523920754,0.5489379883169205,1800,0.5679072344414051,0.5542508498282023,0.0017722935662587425,0.0007332882729828016,7.015750555555556,0.0005555555555555556,0,0,2026-01-01,7629432
1767238200000000,0.3858587744178469,11.788122377086697,0.7089445755654251,1800,0.7200246880709575,0.5177236117391012,0.0020714657647790125,0.006566596426365701,7.810773611111111,0.0005555555555555556,0,0,2026-01-01,7629432
1767240000000000,0.37535106776631605,19.80619266258938,0.5420280585498927,1800,0.547573415835328,0.458585540392071,0.000322061012158259,0.0015088925986571633,7.3242925,0.0,1,0,2026-01-01,7629432
1767241800000000,0.41155682077522243,13.733351830839451,0.4010258004756585,1800,0.4229735886884244,0.4034879116625023,0.0011436447524090232,0.0006995426449156739,6.047829444444445,0.0011111111111111111,1,0,2026-01-01,7629432
1767243600000000,0.461136628086441,10.289048709730235,0.5728962634372181,1800,0.5765817631539352,0.44152296822176107,0.00016233064186921276,0.0002410260390918184,6.255688055555555,0.0,1,0,2026-01-01,7629432
1767245400000000,0.445337877403545,8.757026779514396,0.36698260885206746,1800,0.38735742206066603,0.6698118963242675,0.0005104961151639609,1.5375282162333193e-05,6.591915833333333,0.0005555555555555556,1,0,2026-01-01,7629432
1767247200000000,0.5016866841302616,7.209386852902701,0.40757478162012206,1800,0.45470748612679834,0.7100452829589501,7.157211816877229e-06,9.260897532947787e-06,6.902304166666666,0.0005555555555555556,1,0,2026-01-01,7629432
1767249000000000,0.25849478697112793,8.847168729116623,0.45664358267069005,1800,0.49864633586517626,0.4947593808550551,0.0005023644148077766,0.0017780531435143132,12.056830555555555,0.0,1,0,2026-01-01,7629432
1767250800000000,0.38433918513880516,7.426831251392997,0.5611170802994294,1800,0.5618877991189297,0.46306902435370334,0.0038304734563854304,0.00032964007322799915,8.30814,0.0,1,0,2026-01-01,7629432
1767252600000000,0.3534442705334485,6.96667130157734,0.3256815619117518,1680,0.3533533044404079,0.6881737421702235,0.00037540639056810043,0.0003221770169776761,8.092909226190477,0.0005952380952380953,1,0,2026-01-01,7629432
1767254400000000,0.35554937019388955,5.6626305095871174,0.22239132987272325,1680,0.25721931385099506,0.675149566160921,1.4658134616651886e-05,0.0050111262855376815,5.718475297619048,0.0,2,0,2026-01-01,7629432
1767256200000000,0.5223712695071802,6.97386765266213,0.3866444119962197,1800,0.4516907750342768,0.6787964920941683,6.758030065556753e-07,0.0005202928883071278,6.768885833333334,0.0,2,0,2026-01-01,7629432
1767258000000000,0.41306672163358477,10.32502190035125,0.4632431339610027,1800,0.5082750985308779,0.48945149650840536,0.0007390391772460481,0.000999565756809373,6.234689722222223,0.0,2,0,2026-01-01,7629432
1767259800000000,0.4928731694246871,9.047735402040837,0.6619916918160089,1800,0.6711971779666425,0.6083997031670324,0.0007611646626093371,0.0180223837828275,8.127344722222222,0.0,2,0,2026-01-01,7629432
1767261600000000,0.46072451779958684,12.370753424586978,0.6126353954380439,1800,0.6165437543759592,0.4626793105229061,8.55007539084518e-05,0.00038820516696569385,9.167530277777777,0.0,2,0,2026-01-01,7629432
1767263400000000,0.42119791823108077,13.15695412087799,0.6375801824452165,1800,0.6418492674752645,0.4614119264769141,3.4136292962672066e-05,0.00019644063878410112,6.887074722222223,0.0,2,0,2026-01-01,7629432
1767265200000000,0.421918089223081,10.601171149694236,0.4279545906483223,1800,0.44838466683031497,0.5496164991632633,1.4930988057049177e-06,0.00028613934088839166,6.548279166666667,0.0,2,0,2026-01-01,7629432
1767267000000000,0.4452224222987604,9.80574807309786,0.43505480075886194,1800,0.4556970434790538,0.524790154547049,0.003692814531964572,0.0005994800110904475,6.516288055555555,0.0011111111111111111,2,0,2026-01-01,7629432
1767268800000000,0.3321664356407551,14.430524924874934,0.41182458321603355,1800,0.45739538749494024,0.44776217253026107,0.0008251395972984632,8.045453908789302e-05,6.827116111111111,0.0,3,0,2026-01-01,7629432
1767270600000000,0.3366254707765989,10.301150499086756,0.4430734087784377,1800,0.4657794376950468,0.4678395728975555,9.91227344582235e-05,3.874486327626325e-05,7.175745277777778,0.0,3,0,2026-01-01,7629432
1767272400000000,0.333815916792106,6.3329226653095345,0.5997871882345543,1800,0.6637161272914774,0.3963557305951859,0.004475318274618889,0.004469720648878295,7.849076388888888,0.0,3,0,2026-01-01,7629432
1767274200000000,0.43515088627200343,7.328039122642379,0.6477711742007726,1800,0.6981635556371704,0.6512885949292548,0.002493182656799653,4.0981607381751495e-05,7.522841944444444,0.0,3,0,2026-01-01,7629432
1767276000000000,0.38011732954598076,9.665874027195303,0.365189255859099,1800,0.39268490760408836,0.670450582985284,0.0003956212874175469,0.0002026865121925736,7.689794722222222,0.0016666666666666668,3,0,2026-01-01,7629432
1767277800000000,0.3646385501861904,12.39797397447542,0.4617177204699736,1800,0.46809483277291375,0.5860899861335729,0.002342710345967336,0.0001315308959674022,7.516738055555556,0.0005555555555555556,3,0,2026-01-01,7629432
1767279600000000,0.45809643780637305,13.009899742458122,0.5915744960036744,1800,0.6167360855933789,0.5246111639725684,0.004745998910140603,0.0017451575391027596,7.031812222222222,0.0,3,0,2026-01-01,7629432
1767281400000000,0.3835546935711103,12.175834020984073,0.4909222719593441,1680,0.526270828031379,0.35395571616833066,0.00024069759883793562,0.0033511208995583575,6.770503869047619,0.0011904761904761906,3,0,2026-01-01,7629432
1767283200000000,0.393316968933223,17.765062070274286,0.6030601080401058,1680,0.6257259072209247,0.40229523523463895,0.006566685678536577,0.001441080620638302,6.87922619047619,0.0,4,0,2026-01-01,7629432
1767285000000000,0.3807590590660919,11.383166471512409,0.6740505429655766,1800,0.709357290866697,0.35051766115014404,0.00028948685745755487,0.0021804619670884318,8.25973,0.0005555555555555556,4,0,2026-01-01,7629432
1767286800000000,0.38475928545597426,11.417709927267598,0.4235922324026149,1800,0.4504224537459448,0.5388367817067619,0.0009912452296284568,9.067900367032422e-06,7.237509166666666,0.0016666666666666668,4,0,2026-01-01,7629432
1767288600000000,0.3962712610108397,17.755300128175044,0.5786055745239873,1800,0.5943444719095219,0.4517943531716413,0.00015179235112317002,7.212560446523408e-05,8.106839444444445,0.0022222222222222222,4,0,2026-01-01,7629432
1767290400000000,0.3257459639393109,17.056531073757466,0.425705382481703,1800,0.4607530036443338,0.4490001857011209,9.499691625336482e-06,0.002320659080550347,7.0378622222222225,0.0033333333333333335,4,0,2026-01-01,7629432
1767292200000000,0.24201120375921073,10.075305569195944,0.5564869914680004,1800,0.6305438069515266,0.4365355767719883,0.0033649528027116515,4.785870100876277e-05,7.831844444444444,0.0,4,0,2026-01-01,7629432
1767294000000000,0.285707464882577,11.351159363418438,0.49248405056295796,1800,0.5642549656830309,0.4691433031225213,0.0005381902134975469,0.0013833497519336602,8.335509722222222,0.0,4,0,2026-01-01,7629432
1767295800000000,0.26374387010284533,11.67283622935835,0.47209016170264406,1800,0.5205767229465815,0.5002282864804055,0.0025282552452975393,0.0010034412293918882,8.564234444444445,0.0011111111111111111,4,0,2026-01-01,7629432
1767297600000000,0.33165667064090215,16.082826299494226,0.6132574044558291,1800,0.6242713957082708,0.3992990407075919,0.0024456192060045012,0.0013741448314589233,8.343483055555556,0.0,5,0,2026-01-01,7629432
1767299400000000,0.3579540630509943,9.128191571181734,0.4968031077449715,1800,0.4972037247982177,0.6003912520443655,0.0009437915457398693,0.002571900311706621,7.6286338888888885,0.0,5,0,2026-01-01,7629432
1767301200000000,0.3135329170814623,13.43082695507431,0.6647159826042434,1800,0.6976003356495846,0.4916852808731471,0.0013209131066179713,0.0016906973400894199,8.698038888888888,0.0,5,0,2026-01-01,7629432
1767303000000000,0.2844827135567995,9.318752649319201,0.5157896949227745,1800,0.5723647490065342,0.5370430694202302,0.0009310537532185581,0.00037143080706758536,7.818310555555556,0.0,5,0,2026-01-01,7629432
1767304800000000,0.374243405861769,14.973754656924731,0.4123811526191964,1800,0.4257235586034751,0.5488962756167022,0.00027131514017064706,0.0037740679117898024,8.715076111111111,0.0011111111111111111,5,0,2026-01-01,7629432
1767306600000000,0.5577825549113212,10.224464121414215,0.6457775469645406,1800,0.6484931175542813,0.4466897902629392,0.0011910137204586002,2.677619166502332e-06,5.267046944444444,0.0011111111111111111,5,0,2026-01-01,7629432
1767308400000000,0.4511452232500556,14.843302069775127,0.4926253910738283,1800,0.5193958465025297,0.356874837714274,0.0006083475301665864,0.00020665269675812503,5.652959722222222,0.0005555555555555556,5,0,2026-01-01,7629432
1767310200000000,0.44092228630895397,14.28721159060841,0.48458363334637444,1680,0.4996050621585193,0.41178379798202935,0.0008015113362159765,0.0016779869852138196,7.023599107142857,0.0005952380952380953,5,0,2026-01-01,7629432
1769904000000000,0.4486461326456113,27.179345014942196,0.5269013270448277,1680,0.5591044805813873,0.12928080539788633,0.0002915619094502331,0.0004160984722084704,3.336439583333333,0.005952380952380952,0,1,2026-02-01,42679707
1769905800000000,0.4720041769363684,30.175536124696,0.5950773675693539,1800,0.6385140380010013,0.2181880298674569,8.87149524952946e-08,0.0005621914355912194,2.7549330555555556,0.0022222222222222222,0,1,2026-02-01,42679707
1769907600000000,0.5321275403208413,26.69809829857245,0.47239771463431957,1800,0.5047729545205503,0.38888124085706954,6.867839709157053e-07,0.00022899973880630142,2.942748888888889,0.006666666666666667,0,1,2026-02-01,42679707
1769909400000000,0.42978804783140473,27.19813901245427,0.564012491558952,1800,0.6240612367015054,0.3503836125854387,0.0004474192678848299,0.0038149734459441698,3.5193525,0.0038888888888888888,0,1,2026-02-01,42679707
1769911200000000,0.38688731473892424,25.999012333129404,0.6135576648179655,1800,0.6524009610553173,0.24147702686272965,3.26457478586617e-05,0.0008438041720660872,3.3887108333333336,0.0044444444444444444,0,1,2026-02-01,42679707
1769913000000000,0.4329981781706271,27.415173090892637,0.6300194819084405,1800,0.6781831040644962,0.3341587767099785,0.0016540128745340388,0.0016305018717550634,3.0525238888888886,0.0044444444444444444,0,1,2026-02-01,42679707
1769914800000000,0.4548131035096816,34.43777249070421,0.6901427337016703,1800,0.720234839022645,0.15559374503103285,2.3649079884391355e-06,2.4158842060195695e-06,2.8851075,0.0016666666666666668,0,1,2026-02-01,42679707
1769916600000000,0.4042928684017991,19.171691831282672,0.5662664199088789,1800,0.613533969154416,0.457338074770433,0.00045434383174569604,0.0002953725168596266,3.000875833333333,0.002777777777777778,0,1,2026-02-01,42679707
1769918400000000,0.4108194708470314,23.059133223106183,0.5451238714327287,1800,0.5890089666991266,0.26331562829748856,2.177875866227197e-05,3.1672352240885715e-05,3.4684530555555555,0.0038888888888888888,1,1,2026-02-01,42679707
1769920200000000,0.3989285289957146,26.7953652798352,0.6464429643413004,1800,0.6679516727334922,0.2336998356242903,0.0013686079579225963,0.00019155285454941495,4.0793175,0.0033333333333333335,1,1,2026-02-01,42679707
1769922000000000,0.37194124354690894,18.938203897979115,0.36181931365853914,1800,0.39074679029316195,0.5365616206609836,3.3152614135389946e-05,0.0005594976078922009,4.9534,0.0038888888888888888,1,1,2026-02-01,42679707
1769923800000000,0.39676872066017843,21.903842792755608,0.5486871741482464,1800,0.6050458497444992,0.4519046887316064,0.0028324112217171793,0.004427191207219683,6.033879444444445,0.0022222222222222222,1,1,2026-02-01,42679707
1769925600000000,0.3643092088435914,19.71449283150236,0.5740689048016995,1800,0.6223676866518865,0.3902581591180311,0.004261464031921736,0.008448310341710785,4.097066944444444,0.0011111111111111111,1,1,2026-02-01,42679707
1769927400000000,0.5069093973709545,20.46171430884232,0.49634964257571124,1800,0.5347842964772791,0.37756248295354167,0.0003921605301373532,0.0016557642477805778,3.9184550000000002,0.007222222222222222,1,1,2026-02-01,42679707
1769929200000000,0.5967716319504048,19.2839648936901,0.52140618158411,1800,0.5577114055125256,0.22668460319976313,7.2263808090777815e-06,0.0007367836183234111,3.5654547222222224,0.0077777777777777776,1,1,2026-02-01,42679707
1769931000000000,0.5965691440873764,28.345082334316263,0.5688063100882708,1680,0.5972607211398266,0.2869554137887762,0.0026238509499337814,0.00046483213913062205,3.3459574404761905,0.007738095238095238,1,1,2026-02-01,42679707
1769932800000000,0.6034165226118414,17.1198553535914,0.5148655329124912,1680,0.5451653478277771,0.42348921589899924,0.00014965218227580568,0.008150064254796696,3.6062258928571427,0.005952380952380952,2,1,2026-02-01,42679707
1769934600000000,0.5372016768870113,19.2835405054453,0.51647204198572,1800,0.5460069635633094,0.4530203242651293,1.5960082527688435e-05,3.668080450092148e-05,4.091242777777778,0.0033333333333333335,2,1,2026-02-01,42679707
1769936400000000,0.46829792696364236,27.66269557288383,0.6662097237520272,1800,0.6915735268913822,0.2395434170773516,0.0005124785360740569,0.0008610411297136356,3.9825561111111107,0.0022222222222222222,2,1,2026-02-01,42679707
1769938200000000,0.4723308946144862,16.357092730792417,0.4493993198999571,1800,0.5060586805275906,0.35769314820959186,0.0036539380590352444,0.0011019906877942631,3.618449722222222,0.005,2,1,2026-02-01,42679707
1769940000000000,0.5282878857175256,18.264762833844518,0.5687677749264242,1800,0.587442469846958,0.4016988665542126,0.0013391280408964201,0.0008904477757436524,3.775663055555556,0.002777777777777778,2,1,2026-02-01,42679707
1769941800000000,0.6681776651745822,25.037835896358857,0.430312216402836,1800,0.46767266448801703,0.3611060320381847,0.0001419996201744711,0.001579626584175986,3.839575,0.012777777777777779,2,1,2026-02-01,42679707
1769943600000000,0.46131111386301693,28.741152760299045,0.660098131300494,1800,0.6919778935107599,0.3871407554956646,0.0022787104293073845,0.00020413723630918756,3.813176111111111,0.0033333333333333335,2,1,2026-02-01,42679707
1769945400000000,0.5287425559923078,16.76138012086515,0.5417261434488345,1800,0.5922775816694471,0.31119842790406416,5.29755088682915e-05,3.206256848786726e-05,4.73795,0.0038888888888888888,2,1,2026-02-01,42679707
1769947200000000,0.5335203324153662,18.689660088799197,0.4042444646231522,1800,0.4455502056199213,0.5315639586977681,0.0008075974940441322,4.584715392352834e-05,4.411519444444444,0.006111111111111111,3,1,2026-02-01,42679707
1769949000000000,0.5224701197691001,10.938329502372426,0.47971815801874196,1800,0.5224871202931078,0.5865740811715986,0.00048052179721502775,0.00020080794940480207,4.973249166666666,0.0044444444444444444,3,1,2026-02-01,42679707
1769950800000000,0.49613343582634095,24.566798604361445,0.602354045880189,1800,0.6461776517729563,0.313220387245564,0.0014973355968810331,3.4166636162846764e-05,4.392464166666667,0.0044444444444444444,3,1,2026-02-01,42679707
1769952600000000,0.49600379795304356,23.501783406494894,0.604681590524276,1800,0.6425604930071047,0.36393772499692534,0.0011894890768207045,0.002764015685002952,4.3095975,0.005555555555555556,3,1,2026-02-01,42679707
1769954400000000,0.5978639704214637,29.711342784418832,0.5636521006776086,1800,0.5831990766394417,0.2709452432497621,0.00010196806682172266,0.0014042921333321523,3.9024858333333334,0.007222222222222222,3,1,2026-02-01,42679707
1769956200000000,0.9406551660919321,29.50343775895878,0.563520989171229,1800,0.5768667429102319,0.18196868133390454,0.001822858918410497,6.528610046652172e-05,4.796725277777778,0.03166666666666667,3,1,2026-02-01,42679707
1769958000000000,0.7956755629216457,32.019935321863464,0.574055094812082,1800,0.5870748943504174,0.20742457721968421,0.00195519150463197,0.0017132475197816355,3.746991388888889,0.026111111111111113,3,1,2026-02-01,42679707
1769959800000000,1.0030390468711752,28.432656063882504,0.6099953889675943,1680,0.6343052375737463,0.15983962816167874,5.647386253271325e-05,8.346148518278973e-05,3.4769062500000003,0.0375,3,1,2026-02-01,42679707
1769961600000000,0.7265684131865268,26.463911071747138,0.5367046551860302,1680,0.5692675265139712,0.2434677934613949,6.230822080421916e-05,4.927000133292392e-05,3.4909979166666667,0.025595238095238095,4,1,2026-02-01,42679707
1769963400000000,0.6223414771694626,33.2732300926184,0.6361869841737463,1800,0.6572079914516256,0.20056506530027018,0.0006378790185185279,0.0008040615796407469,3.6151699999999996,0.013333333333333334,4,1,2026-02-01,42679707
1769965200000000,0.6587590897797639,26.57416056026979,0.5785730200815296,1800,0.609248692081855,0.2654677532734465,0.00036854288177534666,0.003141852936402678,3.3664963888888892,0.011666666666666667,4,1,2026-02-01,42679707
1769967000000000,0.5816750231207924,26.310544946911975,0.5372301347630903,1800,0.5723959945737751,0.29389290145649516,0.0018317537480107005,0.0003971007992857878,3.414319166666667,0.013888888888888888,4,1,2026-02-01,42679707
1769968800000000,0.865760453369517,23.519490019141223,0.49835894939833236,1800,0.5347765807216385,0.2610366851807202,0.0013083082284006675,0.0011251661400007995,3.579346944444444,0.03111111111111111,4,1,2026-02-01,42679707
1769970600000000,0.6821537458888324,25.33411111234335,0.6054414859888395,1800,0.6182759270557261,0.2951127991324728,0.0003218734830521264,0.00013864123908458037,3.9260525000000004,0.006111111111111111,4,1,2026-02-01,42679707
1769972400000000,0.6620763397698587,22.804229251974196,0.579484366781901,1800,0.6117225896725822,0.26680617485779035,0.00019544795547632443,4.335105901975833e-05,3.6817002777777774,0.008333333333333333,4,1,2026-02-01,42679707
1769974200000000,0.7370482901167439,23.97538556011183,0.54299737204005,1800,0.5733511054738638,0.2442007827255307,0.00020405489924901765,0.0027227135488688825,3.9854825,0.008333333333333333,4,1,2026-02-01,42679707
1769976000000000,0.800911805739639,18.99756188237344,0.5388823671500036,1800,0.5501942950705179,0.29473333829785076,0.0003561431944749671,0.0013000551285483608,3.8328316666666664,0.01611111111111111,5,1,2026-02-01,42679707
1769977800000000,0.8630374025158324,23.824057514500698,0.5530878616425701,1800,0.5742657032766461,0.22679269718368056,0.002880654773212865,1.2346635730464683e-05,3.4008833333333333,0.014444444444444444,5,1,2026-02-01,42679707
1769979600000000,0.9245334861187466,24.23197362911908,0.5545790407055977,1800,0.5692569607677529,0.27926481351637067,0.00045722570706430155,0.00013071944353437726,3.4998883333333333,0.018333333333333333,5,1,2026-02-01,42679707
1769981400000000,1.052950579256348,24.584831299197226,0.5421643437547147,1800,0.5568587119244373,0.38190876396524154,0.0008370884041306592,0.00025985041335374603,2.89574,0.02666666666666667,5,1,2026-02-01,42679707
1769983200000000,1.2975131842500123,26.828162296290664,0.5136191658198893,1800,0.5537650782926353,0.3249814786073403,0.00036295852268075635,6.792063999916387e-05,2.2155091666666666,0.021111111111111112,5,1,2026-02-01,42679707
1769985000000000,0.6069384544269322,18.56143125461702,0.5339920163783962,1800,0.5887646325949604,0.3165577434760317,9.372804794516298e-07,0.005245874542220363,2.2005958333333333,0.002777777777777778,5,1,2026-02-01,42679707
1769986800000000,2.2343656865485877,17.04262465840052,0.5050425079702404,1800,0.5745717856503112,0.21193003633856555,2.3984578048419358e-05,0.00010078197205376505,1.889806111111111,0.08666666666666667,5,1,2026-02-01,42679707
1769988600000000,1.228026774462696,17.108571824492724,0.41673769851695486,1680,0.46866341921580223,0.30914695249219404,0.0002604721237697838,0.0006753005234969578,2.2758342261904763,0.026785714285714284,5,1,2026-02-01,42679707
1772323200000000,0.49343349245928436,23.735495975553626,0.568077880783207,1680,0.5969681980363029,0.2563240827504375,8.228332413973138e-05,7.836523312865218e-05,3.9591979166666667,0.0011904761904761906,0,1,2026-03-01,36953944
1772325000000000,0.4667308056520482,21.93262806471795,0.6196817675999515,1800,0.6388935299386912,0.4167618186450155,0.00015179171769419408,0.0016904598579785546,4.169007777777778,0.0022222222222222222,0,1,2026-03-01,36953944
1772326800000000,0.6093234724987869,15.106465570219838,0.4240743875248185,1800,0.4362740184694419,0.34707174527327633,0.0002649534445181567,1.2652268122081978e-09,4.289260277777777,0.008888888888888889,0,1,2026-03-01,36953944
1772328600000000,0.821555708358456,16.621056870287745,0.39552689907397287,1800,0.41193218807657594,0.22837036432163427,3.3728752664163864e-06,0.00038981275370830737,4.207692499999999,0.019444444444444445,0,1,2026-03-01,36953944
1772330400000000,1.0646413119696279,12.284561961243353,0.4808054651084557,1800,0.5138505651189036,0.3164158268923377,0.00010151391686108457,0.0012313508481350821,5.813471666666667,0.03277777777777778,0,1,2026-03-01,36953944
1772332200000000,0.7441260363012524,26.862967931756003,0.3962994818534913,1800,0.423356427400874,0.3280078390211738,0.0021740965896425157,0.0009242138558119839,2.812434722222222,0.006111111111111111,0,1,2026-03-01,36953944
1772334000000000,0.6980164520180941,20.063768688396124,0.6066227105800055,1800,0.6236705721392038,0.25769621216334715,3.6339603798341003e-06,0.0015376646043725462,3.4990944444444443,0.0033333333333333335,0,1,2026-03-01,36953944
1772335800000000,0.6670246377563717,24.5208217381278,0.3993731047284853,1800,0.41407624748137484,0.4152005863578788,8.352975171077581e-05,0.00048539087004084713,3.2924344444444444,0.008888888888888889,0,1,2026-03-01,36953944
1772337600000000,0.7549417057752561,17.576513203373622,0.4141925043032667,1800,0.4407070447730933,0.4826861453627419,2.456994116206701e-05,0.0003529488502843625,2.9480405555555556,0.008333333333333333,1,1,2026-03-01,36953944
1772339400000000,0.8020069967825356,17.90678692956208,0.3281174741956606,1800,0.3425421457383502,0.4882213383383557,0.0006941882648937581,8.392554117875317e-05,2.8518227777777776,0.0022222222222222222,1,1,2026-03-01,36953944
1772341200000000,0.8678181795840969,18.30074823927275,0.40898968289974114,1800,0.42870467807784174,0.5317661893400317,0.0005668786952836014,6.275419347134825e-05,3.138173055555556,0.0044444444444444444,1,1,2026-03-01,36953944
1772343000000000,0.7001666883570896,11.100368641397615,0.5150337284848738,1800,0.5552765215894317,0.4004868002421156,0.0007686223463142516,0.0012514993369341365,3.0267541666666666,0.0011111111111111111,1,1,2026-03-01,36953944
1772344800000000,0.6759689402859775,19.10507536613536,0.30473009759792835,1800,0.3155962196864095,0.4489856076267922,0.00019824636127596662,0.0005581237000310546,3.321778611111111,0.0077777777777777776,1,1,2026-03-01,36953944
1772346600000000,0.644685911195845,19.062575108582354,0.43464219387589953,1800,0.4658067995384273,0.5005804674290215,0.0009326589816612829,0.0005755775557468867,3.5068408333333334,0.0044444444444444444,1,1,2026-03-01,36953944
1772348400000000,0.5066553909203348,22.863827351855242,0.5753009478580577,1800,0.5983483934465483,0.34581015535902315,0.0004652722001881049,0.0011816887645865748,3.1110394444444447,0.0033333333333333335,1,1,2026-03-01,36953944
1772350200000000,0.680713079395695,18.035487237566546,0.5047148009569364,1680,0.5192793262207971,0.33938159386295796,0.001506400874830116,0.002836067864533387,2.7761005952380953,0.002380952380952381,1,1,2026-03-01,36953944
1772352000000000,0.6907050424216598,20.468467675085403,0.48246679786189495,1680,0.4926509438035541,0.5049487301865956,0.0028175213869767735,0.0005928834822606088,3.064156547619048,0.002380952380952381,2,1,2026-03-01,36953944
1772353800000000,0.7435007440914616,18.122924079787413,0.39431628935214746,1800,0.41120606298170514,0.33474871139507,0.0003032520907891856,0.0007582620931799733,3.213211111111111,0.008333333333333333,2,1,2026-03-01,36953944
1772355600000000,0.6803294349093958,25.11229877650503,0.5652729651981323,1800,0.5819532048738608,0.300415713064042,0.001168336458953978,0.00041169926218298514,3.7037613888888887,0.006666666666666667,2,1,2026-03-01,36953944
1772357400000000,0.6714934262214537,21.85002353157452,0.4917781773358212,1800,0.5034322218628272,0.4525575704673479,0.0005607243941933016,0.00028064725723131456,3.399926944444444,0.007222222222222222,2,1,2026-03-01,36953944
1772359200000000,0.6063661377285278,13.549579128402446,0.5379528381801608,1800,0.5666180650092522,0.28203963879981675,0.0011464428034391183,2.525302883704672e-05,3.3937613888888887,0.008333333333333333,2,1,2026-03-01,36953944
1772361000000000,0.6001764320074731,13.285335547171076,0.5141984759457836,1800,0.5151683360930543,0.23472477103405975,0.00030707588215472814,0.0009071049499425055,5.121281111111111,0.002777777777777778,2,1,2026-03-01,36953944
1772362800000000,0.550908492139357,16.93805289527436,0.4796380262708314,1800,0.4944273221165333,0.1476876708136794,2.647883059969658e-05,0.00010766564897146669,3.9537694444444442,0.0022222222222222222,2,1,2026-03-01,36953944
1772364600000000,0.47991686360744884,15.0060356759813,0.37992958544421274,1800,0.3976645729624442,0.5101814765862127,3.885211765819463e-05,9.502016142803882e-07,3.5864905555555557,0.002777777777777778,2,1,2026-03-01,36953944
1772366400000000,0.4464457702102592,18.607512786887828,0.5141495159353688,1800,0.525521976782675,0.41652074178400533,0.0004626450364288992,8.642969562266956e-09,3.6401194444444447,0.0016666666666666668,3,1,2026-03-01,36953944
1772368200000000,0.521724554690938,20.46115817991374,0.5041870038111702,1800,0.5211575377574582,0.2838165289597463,4.0548082610114555e-05,0.0010219239611612974,3.738875,0.0033333333333333335,3,1,2026-03-01,36953944
1772370000000000,0.5384950029056015,21.828504664888314,0.6346222104532573,1800,0.6392080675015288,0.30095004395392344,2.8517536748040584e-05,1.8539007264117835e-05,3.9968475,0.0044444444444444444,3,1,2026-03-01,36953944
1772371800000000,0.9576456824521778,12.463711891730668,0.34315021060318085,1800,0.35518731387780267,0.3465744325790022,0.002256798052332365,8.621625162652524e-05,3.6065461111111112,0.030555555555555555,3,1,2026-03-01,36953944
1772373600000000,0.9366473109838892,27.534237849557407,0.530053585668961,1800,0.5490064004869539,0.23716173828027487,0.00010234811229248297,0.0028192022026577446,2.4811991666666664,0.009444444444444445,3,1,2026-03-01,36953944
1772375400000000,0.6104674545102047,21.338662334107404,0.4597849537938785,1800,0.4845278414365124,0.24906734372731332,0.0020947389281081863,0.0002205576073728288,2.5074827777777777,0.006666666666666667,3,1,2026-03-01,36953944
1772377200000000,0.5380733467354942,19.959286365131216,0.42632943602803697,1800,0.45834639098981456,0.42783249877109353,4.4219331444272925e-06,0.0003046448726505835,3.3869941666666668,0.008888888888888889,3,1,2026-03-01,36953944
1772379000000000,0.46168541804951535,23.71325922915605,0.46133425713678444,1680,0.4729475976801836,0.37874094175289996,0.0006932698802210036,0.0005281831156636052,3.879759226190476,0.004166666666666667,3,1,2026-03-01,36953944
1772380800000000,0.5363159211580492,19.043385066368142,0.45057627781394927,1680,0.46990380392623754,0.3588869885273297,0.0028083961713644134,5.426191640567346e-06,3.5266482142857143,0.005952380952380952,4,1,2026-03-01,36953944
1772382600000000,0.8687704900503187,16.40304689365707,0.4006423211659428,1800,0.4202470916232529,0.3067180680233088,0.0006252784561813218,0.0007404020428786184,3.464922222222222,0.028333333333333332,4,1,2026-03-01,36953944
1772384400000000,0.6929957949087184,26.582425481811306,0.495334690513078,1800,0.5077479395185891,0.3453733505376443,0.0003422809371357305,0.003667579085711692,3.4912905555555556,0.012222222222222223,4,1,2026-03-01,36953944
1772386200000000,0.5710774494781965,23.610673324043027,0.4189632608534295,1800,0.4360365931388501,0.23418094125926514,1.3328768577736128e-07,0.0008883131419281654,3.6433258333333334,0.006666666666666667,4,1,2026-03-01,36953944
1772388000000000,0.7088829537521866,16.41194794939694,0.33908656966659956,1800,0.3557159703352132,0.41408643513944055,0.0005436239301586099,0.002932401956699082,3.3432744444444444,0.014444444444444444,4,1,2026-03-01,36953944
1772389800000000,0.5655935646129076,14.56441651884447,0.39161629269782294,1800,0.4137129716281778,0.1635859763856926,0.0008362720907884036,0.000625470844717757,4.2625255555555555,0.005,4,1,2026-03-01,36953944
1772391600000000,0.6466159171939839,14.805613150423747,0.38589771637257086,1800,0.415407790270944,0.3612684372525994,0.0002360005745258853,0.0009396156856070759,3.4251994444444445,0.0038888888888888888,4,1,2026-03-01,36953944
1772393400000000,0.5989708285863083,15.746839028423272,0.45054865137354805,1800,0.47242869779134944,0.06892111321669847,0.0002653221551186524,4.035838467975061e-06,3.5466144444444443,0.009444444444444445,4,1,2026-03-01,36953944
1772395200000000,0.6637791308465788,24.542694615936444,0.4815741698591205,1800,0.49833601870869304,0.28431087738565464,8.802672237173681e-05,0.004435473286414138,3.4268988888888887,0.0077777777777777776,5,1,2026-03-01,36953944
1772397000000000,0.7440285239413765,31.064851497133258,0.4961412975309747,1800,0.509413347176213,0.23446812117903904,7.836960634211021e-05,0.00019252570438121897,3.3701305555555554,0.010555555555555556,5,1,2026-03-01,36953944
1772398800000000,0.7082353983598355,25.410795515888882,0.5463399482715193,1800,0.559606758476112,0.32986614077905474,0.002228040568332701,0.0035178441728641596,3.626315,0.0044444444444444444,5,1,2026-03-01,36953944
1772400600000000,0.6356760860328586,15.87317950548591,0.47395866651898866,1800,0.5067894984041205,0.33021971023711805,0.00033905050608318277,2.309950031420538e-05,3.6196958333333336,0.002777777777777778,5,1,2026-03-01,36953944
1772402400000000,1.0746832695397044,7.647990325465949,0.09857072464497951,1800,0.1070996911631864,0.05990972941422246,8.589789240787127e-06,7.341700843799259e-05,3.433468611111111,0.016666666666666666,5,1,2026-03-01,36953944
1772404200000000,0.7946537793498856,9.180022009526368,0.41677045386248457,1800,0.47672463783055696,0.19610457070845744,6.044049146425312e-05,0.000530335762669254,10.653490833333334,0.0044444444444444444,5,1,2026-03-01,36953944
1772406000000000,0.6812779580426431,25.813693553374364,0.5691333493918578,1800,0.6096892647507647,0.06316050104177184,0.000593067532787428,0.00012635823416218273,3.040996388888889,0.011111111111111112,5,1,2026-03-01,36953944
1772407800000000,0.5302287523472228,28.766395701852783,0.5743710685484493,1680,0.5951465929817674,0.16849820668991666,0.0005698410578408586,0.0012335473071634073,2.786397619047619,0.006547619047619048,5,1,2026-03-01,36953944
