window,beta,t_nw,r2_ofi,n,r2_quad,r2_ti,r2_plc_p5,r2_plc_m5,depth_mean,frac_spread_gt1,block,weekend,day,events
1693526400000000,8.482221621067337e-05,4.8647731004090415,0.2647584414818369,1680,0.44295061607472097,0.5682769854374987,0.00015574755227687476,6.035720382047138e-06,2360.504464285714,0.007142857142857143,0,0,2023-09-01,1381764
1693528200000000,0.00025397098893954474,11.257751823395852,0.6298951253667482,1800,0.6664663369224169,0.47415304344597453,8.34267882148243e-05,0.002011714236995865,1249.8830555555555,0.0022222222222222222,0,0,2023-09-01,1381764
1693530000000000,0.0002840889859824642,8.991385825180888,0.5328704443227158,1800,0.6065467550406707,0.35773675006090977,4.360080096965646e-08,6.380003928829758e-06,948.6405555555556,0.01,0,0,2023-09-01,1381764
1693531800000000,0.00019399565914228166,8.277030056158257,0.38347654857459557,1800,0.4708574125745175,0.38274112845245534,9.427055040056587e-05,9.444779435985318e-06,1584.8775,0.011666666666666667,0,0,2023-09-01,1381764
1693533600000000,0.00010607387542124264,5.3047560498343325,0.43114639466699245,1800,0.5144370354317841,0.5362169954640867,1.0882189370731155e-06,0.00033116296059876316,1276.056111111111,0.008333333333333333,0,0,2023-09-01,1381764
1693535400000000,0.0002785390064554404,13.21573580595092,0.5828440868310019,1800,0.6092390836800322,0.6187691604472271,0.0009162061846356151,4.149034324696377e-05,1306.7141666666666,0.0038888888888888888,0,0,2023-09-01,1381764
1693537200000000,0.00031211108068276993,9.622045590023477,0.5860880589140152,1800,0.5898465554502785,0.7025504315876852,0.0008658247272582686,0.0010015290466396376,1106.5188888888888,0.0038888888888888888,0,0,2023-09-01,1381764
1693539000000000,0.00032529765412852283,15.355814749902898,0.6950361100554765,1800,0.6967901395761563,0.6018140587326235,0.0004080511976273238,0.00047672777172358405,1081.1236111111111,0.0038888888888888888,0,0,2023-09-01,1381764
1693540800000000,0.0002871947301755512,14.618927577215151,0.6514874846452148,1800,0.653740516296027,0.5401923255507396,7.858918981951124e-05,4.68344928616915e-07,1128.706111111111,0.01,1,0,2023-09-01,1381764
1693542600000000,0.0001894787063757755,6.94977004864692,0.44934098179109794,1800,0.6327418660642792,0.47085551413434534,0.0001670457568002659,0.00023764806284543027,980.7055555555555,0.0038888888888888888,1,0,2023-09-01,1381764
1693544400000000,0.0002955996158117872,8.232449500015042,0.5131001379804252,1800,0.5774661050240177,0.40564934444157874,0.0007426707424678103,0.0005811048343339342,947.7077777777778,0.008333333333333333,1,0,2023-09-01,1381764
1693546200000000,0.00021246696288313875,7.640263361905733,0.39116618461217956,1800,0.46510312928355946,0.47023553016123976,0.0006276275630955341,0.00014346835138523417,1304.8427777777779,0.006666666666666667,1,0,2023-09-01,1381764
1693548000000000,0.0003338598829667838,10.043571386594005,0.5212135273940467,1800,0.535212591527048,0.35167665665878156,0.0022904802244595457,0.0011387434107407168,939.5941666666666,0.012222222222222223,1,0,2023-09-01,1381764
1693549800000000,0.00011843939374688839,5.814082640317206,0.2880558446455139,1800,0.35009794413596507,0.5238728123948859,0.0164261816285034,0.01257243511445727,1139.2852777777778,0.02388888888888889,1,0,2023-09-01,1381764
1693551600000000,0.0002344870270820341,12.322397533457298,0.5216455324309299,1800,0.5974649161177996,0.44999987362979976,1.8022672802264772e-05,9.133629371949059e-05,1158.5841666666668,0.005555555555555556,1,0,2023-09-01,1381764
1693553400000000,0.000294528293847968,12.26298435039265,0.555600967391703,1680,0.5931790590651451,0.4940524525494405,0.001020892504725257,0.001350372778182063,809.3678571428571,0.01488095238095238,1,0,2023-09-01,1381764
1693555200000000,0.00033742297699811407,10.632224046478049,0.5983545531721961,1680,0.6070985119047565,0.4848220532724523,0.0004878640738260609,3.66112594707424e-05,923.2455357142857,0.017857142857142856,2,0,2023-09-01,1381764
1693557000000000,0.00019186094359735417,9.916333385276365,0.39965101373104595,1800,0.47985735631490556,0.35809318539009816,2.3057325929998207e-05,1.4751416589575683e-05,925.3269444444444,0.017777777777777778,2,0,2023-09-01,1381764
1693558800000000,0.00017308293185695843,8.046710588229244,0.3582713951747949,1800,0.41782993310738215,0.5459692025192597,4.4115767749985935e-07,0.0008013560710629086,1875.5144444444445,0.02277777777777778,2,0,2023-09-01,1381764
1693560600000000,0.00023331287851210153,7.362375425784436,0.4857576389168453,1800,0.5803397199346616,0.4424587800879868,0.0003156532252950317,0.002733516561586713,1297.5102777777777,0.014444444444444444,2,0,2023-09-01,1381764
1693562400000000,0.0002023237808769114,12.347442507414245,0.48111072315945136,1800,0.5381246452153603,0.5400829131570035,0.00011742421666605107,0.00029011915391896625,1414.6991666666668,0.012777777777777779,2,0,2023-09-01,1381764
1693564200000000,0.0003411694181601603,27.914399791239504,0.6135217482115127,1800,0.6233600754693001,0.5524176469194166,0.00160244414679922,0.001943922416256627,1004.1791666666667,0.011111111111111112,2,0,2023-09-01,1381764
1693566000000000,0.00028453652445910484,10.961046901132873,0.5658970209322641,1800,0.6347149531466503,0.5365190434220046,0.0005889255263908932,0.00010309689855847459,983.5183333333333,0.018333333333333333,2,0,2023-09-01,1381764
1693567800000000,0.00020277477309513917,9.682455471016489,0.4807504922222787,1800,0.5741191470934204,0.4888221763800016,0.0005443261613217176,5.779754417156724e-05,1157.1980555555556,0.014444444444444444,2,0,2023-09-01,1381764
1693569600000000,0.00019699130582114698,9.628891179841618,0.4108774461582655,1800,0.47217228234211917,0.5103830864313913,0.0008120036349333892,0.0012110035170876943,855.6905555555555,0.03222222222222222,3,0,2023-09-01,1381764
1693571400000000,0.00023595737828148282,13.930916643839542,0.5672174069232535,1800,0.5780757370750949,0.46678042723415636,0.0007950230797901803,0.00010325772653707599,1017.5791666666667,0.028888888888888888,3,0,2023-09-01,1381764
1693573200000000,0.00029968998914178997,13.48271590696086,0.5185157563549929,1800,0.5438775323358722,0.45094777559159593,0.001417368596566826,0.0005535866938395362,813.9877777777778,0.017777777777777778,3,0,2023-09-01,1381764
1693575000000000,0.00017790772085899615,2.0286464400584423,0.23777541800983615,1800,0.47977608280321604,0.3868344286181493,0.0001488177605264429,0.0007960735463286017,803.4172222222222,0.03944444444444444,3,0,2023-09-01,1381764
1693576800000000,0.00041780072516109867,20.702341465891237,0.569947897914423,1800,0.5949782581852243,0.4611136330007827,0.0006901117136099977,0.0008299822039603555,639.4738888888888,0.027777777777777776,3,0,2023-09-01,1381764
1693578600000000,0.0003021424567651854,10.857598936158395,0.481981770052738,1800,0.5528171598514762,0.3939099581015688,0.0016868385344578352,1.0208873100658877e-05,1056.5966666666666,0.043333333333333335,3,0,2023-09-01,1381764
1693580400000000,0.00022919367832991946,7.0640620434026875,0.4073515505022667,1800,0.502836897267128,0.34729414941154013,0.0011685224118429538,4.558296930412542e-05,997.9413888888889,0.03166666666666667,3,0,2023-09-01,1381764
1693582200000000,0.00021104100716437893,8.85191152267037,0.4440545434066495,1680,0.4780660504725469,0.4968536449123794,0.004642480927779524,0.003453986769194284,965.0824404761905,0.02023809523809524,3,0,2023-09-01,1381764
1693584000000000,7.611428832945615e-05,5.94278584759478,0.15218456560347915,1680,0.42929277090763907,0.39954585115796915,7.017843128398482e-06,0.000505776467564667,974.7184523809524,0.03333333333333333,4,0,2023-09-01,1381764
1693585800000000,0.0003932890485583411,11.047492361224332,0.4813040263101692,1800,0.5068650866755628,0.5590612730733572,0.00015141894499526298,0.0014704817105981594,789.0130555555555,0.03611111111111111,4,0,2023-09-01,1381764
1693587600000000,0.0003933639894063611,6.474543335254275,0.47765566574946605,1800,0.6142685611491436,0.408543731176236,0.00020352038100091008,0.000880487556686127,763.5619444444444,0.07833333333333334,4,0,2023-09-01,1381764
1693589400000000,0.0005155034638348222,22.0431600030055,0.6595062105657314,1800,0.698427240659589,0.5103254418579701,0.0012368542037525243,5.636866832603449e-05,689.0794444444444,0.058333333333333334,4,0,2023-09-01,1381764
1693591200000000,0.00040405266481363547,13.169670564828852,0.5977261408938781,1800,0.6183678032066479,0.5725529580668682,0.00031064677489855974,0.00011489174203538344,759.6511111111112,0.035,4,0,2023-09-01,1381764
1693593000000000,0.00019499202688833943,5.283863523095215,0.3656664538936022,1800,0.5176171216464622,0.5048666973634707,0.00014996634173269907,1.2094205124490998e-05,883.0872222222222,0.03833333333333333,4,0,2023-09-01,1381764
1693594800000000,0.0002853314017157965,11.936142399367021,0.40672355048414566,1800,0.46450544591487053,0.5036115801426113,0.0038500857530150423,0.00015935117755483397,885.1344444444444,0.017222222222222222,4,0,2023-09-01,1381764
1693596600000000,0.0002945579961806286,5.559983168779819,0.5359163638975053,1800,0.6829471423836855,0.4706569777234034,0.0006203934513542286,0.0013492138059024716,804.5786111111111,0.02666666666666667,4,0,2023-09-01,1381764
1693598400000000,0.00022699675778777042,6.1203356128786455,0.5728783168974365,1800,0.6572702008919371,0.5377640628239142,2.2729683353150953e-05,0.0004833018621870355,898.8977777777778,0.050555555555555555,5,0,2023-09-01,1381764
1693600200000000,0.00013930820674485492,17.466547678148665,0.3399872182572571,1800,0.5546485246553721,0.2473589882287911,7.723409667592662e-06,2.708672356188657e-06,800.5916666666667,0.017777777777777778,5,0,2023-09-01,1381764
1693602000000000,0.0001807908370777943,5.024346827007599,0.4567228411257671,1800,0.5934085944275692,0.45723870152677304,0.0005956690174068191,1.3454605694018795e-06,956.3969444444444,0.014444444444444444,5,0,2023-09-01,1381764
1693603800000000,8.703889998745891e-05,3.9417391137606637,0.2225088307699813,1800,0.4246322207593992,0.46197023240453505,0.0020984004344861695,9.329362519683304e-05,5725.274166666667,0.012777777777777779,5,0,2023-09-01,1381764
1693605600000000,0.00020253441904369895,6.684733531186382,0.5666494620288258,1800,0.623415652718826,0.5421965373903899,0.0009365766656386221,0.0006410935609006962,1808.6719444444445,0.022222222222222223,5,0,2023-09-01,1381764
1693607400000000,0.00028656140026654344,5.48955880763378,0.47648842738944075,1800,0.5530720954210118,0.5312067400558693,0.00013315300407357178,1.3863178231265927e-05,843.5325,0.02388888888888889,5,0,2023-09-01,1381764
1693609200000000,0.00016718362238464344,22.31505044638591,0.3886752080979665,1800,0.49129640613611014,0.3274058014711154,0.00014132831490731856,0.0005658275876381236,833.9780555555556,0.02,5,0,2023-09-01,1381764
1693611000000000,0.0002596244364083997,7.389399444208995,0.3454897660603543,1680,0.41029396726848466,0.5159373003851098,9.273791398201059e-05,0.002378675024378829,1088.5502976190476,0.009523809523809525,5,0,2023-09-01,1381764
1696118400000000,0.0003382198235543449,28.374478280165633,0.7371256267779747,1680,0.7481978080435014,0.5820971723971141,9.787637309965902e-06,3.6195864841714886e-05,1412.6074404761905,0.004166666666666667,0,1,2023-10-01,2240443
1696120200000000,0.00036912123408366655,20.855715024037217,0.6807363758388334,1800,0.7069692162967549,0.5499343621694766,0.00024328840785425854,0.0009934330124685697,1387.4897222222223,0.0038888888888888888,0,1,2023-10-01,2240443
1696122000000000,0.0003479532736919528,9.973125883553628,0.6888912552075568,1800,0.7367525732829394,0.4594026318963965,0.0027548187227960375,0.0004161371990176743,1362.3141666666668,0.005555555555555556,0,1,2023-10-01,2240443
1696123800000000,0.00032509225906440743,11.440472966713356,0.5890471153436957,1800,0.6374485938478371,0.4100138218760001,0.001104837259042979,2.2108716015600827e-05,1493.7127777777778,0.0038888888888888888,0,1,2023-10-01,2240443
1696125600000000,0.0003019860877937397,21.65031569819401,0.5540891687868845,1800,0.5633066811127276,0.46853653275556395,0.000251639574919138,0.00042521449546362167,1778.8908333333334,0.005,0,1,2023-10-01,2240443
1696127400000000,0.00032113860823341524,11.748048631309485,0.6348998023431403,1800,0.6507527366918182,0.6550021291702636,0.00010336670327115716,7.365802830949786e-05,1672.7169444444444,0.0016666666666666668,0,1,2023-10-01,2240443
1696129200000000,0.0003708914993332027,17.459641255330208,0.6963998113519234,1800,0.7177977987983692,0.5904981434196861,0.002164602439717722,0.0008874648478236491,1377.485,0.0011111111111111111,0,1,2023-10-01,2240443
1696131000000000,0.000344105757127181,24.093384927264776,0.7129831967414381,1800,0.7138618650060876,0.5546648457518013,0.0010193347627155402,0.00010653609883626292,1545.7230555555554,0.0,0,1,2023-10-01,2240443
1696132800000000,0.00033196455219211096,11.274672163106684,0.6878254111434585,1800,0.734688759767527,0.6466356767108511,0.0009096627538105473,1.5432135828108429e-06,1342.0769444444445,0.0005555555555555556,1,1,2023-10-01,2240443
1696134600000000,0.0002927494231853086,19.513520884638616,0.6565544715448122,1800,0.6684973945663535,0.5608025643292525,0.00023274673473483443,0.00035450876706499823,1579.0280555555555,0.002777777777777778,1,1,2023-10-01,2240443
1696136400000000,0.0003354863648003627,14.991425273798168,0.6062072889678348,1800,0.6264960495446692,0.5108279470328604,0.00011573471252224188,0.0009563906374255859,1462.1952777777778,0.0022222222222222222,1,1,2023-10-01,2240443
1696138200000000,0.0003491724742672337,27.96224443667112,0.6726886983438067,1800,0.6784314861107845,0.5691134432330646,0.0003157533173173688,0.0013863422042228457,1693.4966666666667,0.0033333333333333335,1,1,2023-10-01,2240443
1696140000000000,0.0003172085697500073,13.186486078803446,0.6526451938657106,1800,0.7009840443360621,0.44748324185888255,0.002157964768104703,0.0012675961238595157,1450.1733333333334,0.002777777777777778,1,1,2023-10-01,2240443
1696141800000000,0.000331085419791208,13.078758920120405,0.591542377935975,1800,0.6399933264696491,0.4786089484003836,3.008553703942596e-07,1.383496583962085e-08,1238.6930555555555,0.0038888888888888888,1,1,2023-10-01,2240443
1696143600000000,0.000339944584232288,16.513226045464645,0.6574747785378692,1800,0.6601240462235816,0.5162674231268154,0.00012565374001594076,0.00016899899187805545,1428.7416666666666,0.011666666666666667,1,1,2023-10-01,2240443
1696145400000000,0.00031089151569502037,12.178896105966126,0.6774889712672353,1680,0.6869426939474628,0.5868097272823876,0.00018738425410858017,0.0008457110152212399,1826.9107142857142,0.002976190476190476,1,1,2023-10-01,2240443
1696147200000000,9.117231374374741e-05,3.0664999665889603,0.3061330464874443,1680,0.509251857856428,0.5320007154378308,0.00051054951338525,3.681421565748799e-05,1387.158630952381,0.006547619047619048,2,1,2023-10-01,2240443
1696149000000000,0.00015968872857810467,9.643379902841605,0.4413492910312473,1800,0.5591373385205156,0.5419750131690724,0.00031866826870174947,0.0030217354232682236,1384.1963888888888,0.009444444444444445,2,1,2023-10-01,2240443
1696150800000000,0.0002359443297791271,10.503849068703135,0.4602202254110982,1800,0.5020538874847542,0.6360318166904839,7.837822719736209e-07,6.403711198610385e-05,1353.3991666666666,0.0033333333333333335,2,1,2023-10-01,2240443
1696152600000000,0.0003751291677882887,12.255392975470638,0.5858716411512783,1800,0.614673489192999,0.49349003949720716,9.853096241019266e-06,6.560689858048363e-08,1135.848611111111,0.002777777777777778,2,1,2023-10-01,2240443
1696154400000000,0.000392074632729779,14.439438018172412,0.5098741487373681,1800,0.5194790721605624,0.4518293047779943,0.0004790398729416223,0.0009204180106926474,1233.0027777777777,0.01611111111111111,2,1,2023-10-01,2240443
1696156200000000,0.00032504419693182716,6.687723733547329,0.5164266301575406,1800,0.5946289373966398,0.4082692965568909,3.259042160952408e-05,0.0005776697965093058,1638.6069444444445,0.0077777777777777776,2,1,2023-10-01,2240443
1696158000000000,0.0003175031509915742,10.694614317906268,0.4953581207113178,1800,0.5601834005978216,0.25870178018056433,8.310743904560436e-05,0.00022572448720392657,1373.4394444444445,0.0016666666666666668,2,1,2023-10-01,2240443
1696159800000000,0.0002484047819000822,5.764969777106767,0.5150997389358567,1800,0.6244628893448099,0.5354994320644555,0.001013328068333652,0.0010206888690665883,1260.5080555555555,0.0038888888888888888,2,1,2023-10-01,2240443
1696161600000000,0.00032652450992637437,12.966350602867912,0.4457794940571824,1800,0.4786738607525074,0.5076136092885648,0.0003184780248965957,4.809278025541541e-05,1334.9044444444444,0.0044444444444444444,3,1,2023-10-01,2240443
1696163400000000,0.0003720075277103114,21.020384431970346,0.6314248986991942,1800,0.6331156948532275,0.5625072015558192,1.7481706248045903e-05,2.8130376569013293e-05,1297.7694444444444,0.002777777777777778,3,1,2023-10-01,2240443
1696165200000000,0.0003106969925871317,4.075810784829236,0.45628885139533404,1800,0.5883896387199261,0.3379344562343718,0.0003033982970520599,0.00029913809137749325,1107.4933333333333,0.007222222222222222,3,1,2023-10-01,2240443
1696167000000000,0.00029352243427369345,7.142619376714829,0.48199020873246545,1800,0.5634998990601138,0.447067478512292,0.0004569423900578906,1.1218505708843196e-06,1358.6033333333332,0.008333333333333333,3,1,2023-10-01,2240443
1696168800000000,0.00021702135800910288,2.8304178507966586,0.4526610634156931,1800,0.6547470685471782,0.476908360435509,0.00010372708844774703,0.00036789415879967535,1290.7133333333334,0.0033333333333333335,3,1,2023-10-01,2240443
1696170600000000,0.00037861913624199307,25.66201156293961,0.6305442514784851,1800,0.6362994140667185,0.48393536229099243,0.00016553279291131595,1.7540607627819504e-05,1282.6858333333332,0.008333333333333333,3,1,2023-10-01,2240443
1696172400000000,0.0003143426529930307,12.586366633159658,0.6484283463934828,1800,0.6790056011029845,0.48372608771325154,0.0034160899208586226,0.003971942015979613,1296.6483333333333,0.0038888888888888888,3,1,2023-10-01,2240443
1696174200000000,0.00034477439677154054,25.3687231018754,0.6611816500920045,1680,0.6756281628884571,0.5603091581797982,0.0019808338161076966,0.00014704743721172253,1363.682142857143,0.0011904761904761906,3,1,2023-10-01,2240443
1696176000000000,0.00029807609445323255,9.714645309147022,0.6351254323967596,1680,0.6717394206877554,0.5685262358431102,0.0025679724823074457,0.0010576480835116087,1622.967261904762,0.0011904761904761906,4,1,2023-10-01,2240443
1696177800000000,0.00038893319087764783,31.96460664809886,0.7179266455763169,1800,0.7193264428322392,0.5154281367096349,0.0010073595199487917,0.0002704307072625145,1309.4127777777778,0.0033333333333333335,4,1,2023-10-01,2240443
1696179600000000,0.00035507620970963997,25.671022093171995,0.7043520427946455,1800,0.7228278217209045,0.5110462761680821,0.0007023767572107431,0.0008990646610241848,1267.0616666666667,0.0022222222222222222,4,1,2023-10-01,2240443
1696181400000000,0.00029991696062450264,10.18696183803017,0.5044597827750836,1800,0.5651543199644112,0.35387603429129133,0.0024193611010115967,0.0015059810504274296,1385.9808333333333,0.006111111111111111,4,1,2023-10-01,2240443
1696183200000000,0.00034496094389555715,20.6368750421384,0.6405715085295413,1800,0.6455030951764134,0.554061164556099,2.1593959653731787e-07,0.0003462268675245017,1434.8336111111112,0.0033333333333333335,4,1,2023-10-01,2240443
1696185000000000,0.00031921005837695724,19.073129620861263,0.7216794062615048,1800,0.7364873104236225,0.5214637091605969,8.789054240099237e-05,3.4760344669648724e-05,1609.0752777777777,0.0016666666666666668,4,1,2023-10-01,2240443
1696186800000000,0.00031591068267783443,19.257135724773264,0.6702490569796082,1800,0.6984032525637396,0.5781413919257552,0.0016055686409642833,0.0006434510434277785,1567.1352777777777,0.0033333333333333335,4,1,2023-10-01,2240443
1696188600000000,0.00030679963525084456,17.003842158378923,0.6224150744966457,1800,0.6601303917228125,0.45862806567049275,0.0003621967463932618,0.00010117467915615741,1355.7091666666668,0.0044444444444444444,4,1,2023-10-01,2240443
1696190400000000,0.0003362401248422545,12.520428500885881,0.5559498596261464,1800,0.6046494327397154,0.4147855348536177,5.018861583505618e-05,0.00020947784342650877,1290.5391666666667,0.007222222222222222,5,1,2023-10-01,2240443
1696192200000000,0.0003024466674692446,7.409277893253252,0.5520001193827297,1800,0.6407470287963728,0.3533524340820211,2.8995787587637878e-05,0.0002872108108542548,1411.308888888889,0.010555555555555556,5,1,2023-10-01,2240443
1696194000000000,0.00031212419672902825,10.412195306080534,0.5675231625622694,1800,0.6587482534605089,0.32855222086216584,0.001456590988174189,1.608095437655166e-05,1387.7513888888889,0.013333333333333334,5,1,2023-10-01,2240443
1696195800000000,0.00010969917055399406,5.428783513923675,0.2185557297041707,1800,0.3949805082839617,0.571011773348842,0.000478206378999535,0.0003416579761634786,1345.9041666666667,0.04833333333333333,5,1,2023-10-01,2240443
1696197600000000,0.0004777138869545827,4.456398267481332,0.4870494175392077,1800,0.6234199457402122,0.34063507343473587,4.7949666815982894e-05,0.0005894851322467698,969.3705555555556,0.16166666666666665,5,1,2023-10-01,2240443
1696199400000000,0.00035523932358470594,3.844775856122269,0.48278364542564745,1800,0.6670687036662927,0.3638751438012583,0.0014296046423990516,0.0018069256581282334,1032.2052777777778,0.07,5,1,2023-10-01,2240443
1696201200000000,0.00034115978730236697,13.735835394112941,0.5831757402931668,1800,0.6119452789813764,0.5432568972548737,0.00012788294550036827,0.0025184903698900474,1280.981388888889,0.01611111111111111,5,1,2023-10-01,2240443
1696203000000000,0.0003938263112058408,27.852709185712534,0.650970453595303,1680,0.6610124461460061,0.4818924245679318,3.201987148282459e-05,0.00022974142699250244,1228.4071428571428,0.010714285714285714,5,1,2023-10-01,2240443
1698796800000000,0.0011734986995016476,9.934565844761062,0.6162807615713186,1680,0.710034967530635,0.4634846963733782,0.001820880933077862,0.003550736908093155,274.9324404761905,0.1886904761904762,0,0,2023-11-01,2129833
1698798600000000,0.00090475994073081,12.22352512198066,0.5543009427751391,1800,0.6575021260726337,0.4337720440513221,1.560834653180354e-05,0.002895586206927092,340.38666666666666,0.16944444444444445,0,0,2023-11-01,2129833
1698800400000000,0.0012540199298069336,14.428842159401585,0.6419944732757457,1800,0.658166160619671,0.4805353333159732,1.6262724513160798e-05,0.0002833545259325332,314.8563888888889,0.15333333333333332,0,0,2023-11-01,2129833
1698802200000000,0.001129450111691537,10.624670532454957,0.5506136388012455,1800,0.6363663897675038,0.36769819041537644,0.001505188357946774,0.0014194542795092913,349.1897222222222,0.115,0,0,2023-11-01,2129833
1698804000000000,0.001128602952409081,7.390513985385285,0.553174632290681,1800,0.6909487731614365,0.4260408019223627,0.0012483045670261816,0.0008774483527245192,301.29777777777775,0.13444444444444445,0,0,2023-11-01,2129833
1698805800000000,0.0010542477498984386,9.59882961169779,0.5321388484906595,1800,0.6010112537034704,0.5259110162820455,6.346529816014801e-06,4.795709274141302e-09,296.84,0.11444444444444445,0,0,2023-11-01,2129833
1698807600000000,0.0011456231079265654,13.658836408888993,0.6603565162637917,1800,0.6965706793902926,0.4323136601223594,0.0045300072328446905,0.0005066355521671229,289.54055555555556,0.06944444444444445,0,0,2023-11-01,2129833
1698809400000000,0.0008434126660239168,4.288268470003,0.4441638162783962,1800,0.6789679904621534,0.4689935751354899,0.0004926162587935989,0.007274262606415616,250.98416666666665,0.10944444444444444,0,0,2023-11-01,2129833
1698811200000000,0.0006837882647098475,4.108962726279077,0.4688029164075119,1800,0.6682751099543824,0.4582905673610025,0.001935523049075183,0.001643714060189816,346.82138888888886,0.09444444444444444,1,0,2023-11-01,2129833
1698813000000000,0.0006328391533477723,3.4182874851996075,0.4117833025683405,1800,0.6570827600688649,0.4280965283192463,0.00403756809881195,0.00048114859512649044,371.44166666666666,0.04611111111111111,1,0,2023-11-01,2129833
1698814800000000,0.00043152290804911934,4.5004572323204215,0.29952791004189705,1800,0.4156542884398823,0.4132244238638856,4.893313469067628e-05,3.569764853650348e-05,444.98333333333335,0.08833333333333333,1,0,2023-11-01,2129833
1698816600000000,0.0005422424607643576,2.411365694221922,0.338286376369369,1800,0.5875512379667125,0.31110317725962433,1.4607264181787372e-05,0.0011396758358288572,379.2402777777778,0.15722222222222224,1,0,2023-11-01,2129833
1698818400000000,0.0008841047100050979,3.713030038488563,0.4661090935626254,1800,0.654170543774981,0.35908591315871985,7.305044501193514e-06,5.792768895629408e-05,278.06083333333333,0.17833333333333334,1,0,2023-11-01,2129833
1698820200000000,0.0006518135581777005,7.2549731358802925,0.44604889960064775,1800,0.590309223127637,0.4595982668819685,0.0013092337664151188,0.0017818580847853704,304.0313888888889,0.14333333333333334,1,0,2023-11-01,2129833
1698822000000000,0.0005423830336785588,5.19774730202039,0.3747967270803815,1800,0.5995847548140842,0.5169421848050161,3.1439923842913053e-05,0.0001780654577933083,342.6458333333333,0.11444444444444445,1,0,2023-11-01,2129833
1698823800000000,0.0011584547133183384,12.80334514154863,0.6445835694440336,1680,0.6455018600938327,0.51063025329891,5.983462232150849e-05,2.061898860650224e-06,268.93184523809526,0.18095238095238095,1,0,2023-11-01,2129833
1698825600000000,0.000869170628577765,4.681334082315632,0.49548842990738795,1680,0.6138478128820593,0.5613992102792265,0.00045709377612224156,0.0008095573584880889,305.38690476190476,0.20595238095238094,2,0,2023-11-01,2129833
1698827400000000,0.0006739908459747163,6.683396455241316,0.6331136455785336,1800,0.6351683379852062,0.6002701669954197,0.001424316265768999,0.0005483135875909984,427.49333333333334,0.09722222222222222,2,0,2023-11-01,2129833
1698829200000000,0.000863418477364703,15.002387634322503,0.6930674376572367,1800,0.6933189623954878,0.5180961878625022,0.0001631005952258402,0.0001167723068241644,570.7480555555555,0.06944444444444445,2,0,2023-11-01,2129833
1698831000000000,0.001066766955107104,11.210838360036538,0.5835036542706118,1800,0.59176231947129,0.47051648876901986,0.0004053380045676569,1.5967303547026468e-05,392.2322222222222,0.08611111111111111,2,0,2023-11-01,2129833
1698832800000000,0.0010038318716270702,11.75179474422137,0.6116174216727743,1800,0.6169124092892437,0.567214939950909,0.0017831413176703226,0.007658143741909318,394.6188888888889,0.05555555555555555,2,0,2023-11-01,2129833
1698834600000000,0.0008121304482842316,14.446525588380364,0.539911598477824,1800,0.5803731466548099,0.3442511093730717,9.23637347629569e-05,2.6323603012579078e-05,498.3252777777778,0.09444444444444444,2,0,2023-11-01,2129833
1698836400000000,0.001105779083737484,5.5465556113686025,0.51696540562298,1800,0.6191544576303922,0.39033092098516964,0.0007975046333916769,0.0008120264076550976,253.33416666666668,0.08777777777777777,2,0,2023-11-01,2129833
1698838200000000,0.0009416985641541911,8.780760041994215,0.48017274696951295,1800,0.5922333952365453,0.32371859548716686,0.00014730765989823258,0.0005634783310348723,342.9138888888889,0.07222222222222222,2,0,2023-11-01,2129833
1698840000000000,0.000941702722009578,10.427867190613586,0.564452397889591,1800,0.6620554922298004,0.43279280321972335,0.0014319118119949792,0.0004871099693652958,328.7336111111111,0.06333333333333334,3,0,2023-11-01,2129833
1698841800000000,0.0003690055680980876,3.751394284771676,0.27180492526236766,1800,0.45950277488196467,0.3403143552692859,0.0002159672745194463,0.0004551601883462375,438.6436111111111,0.18888888888888888,3,0,2023-11-01,2129833
1698843600000000,0.0005713569779222001,2.3866137375965315,0.25939946176478756,1800,0.5295190205521244,0.47968594369663664,0.0006811487592097709,3.332856772242376e-05,227.1363888888889,0.3838888888888889,3,0,2023-11-01,2129833
1698845400000000,0.0014373612588772246,12.942666679981413,0.5406064232543012,1800,0.5939816698533227,0.3538894574372409,0.00047671000734716973,0.002077839960572758,203.67027777777778,0.31055555555555553,3,0,2023-11-01,2129833
1698847200000000,0.0006128320945836347,3.8585012532001417,0.4001354453945194,1800,0.6528195397495267,0.28869116684975993,1.7776547957870648e-05,0.00025215416368773447,362.46722222222223,0.13833333333333334,3,0,2023-11-01,2129833
1698849000000000,0.0003795671278384496,2.3241072118233013,0.1856458132525114,1800,0.49531217404693273,0.3293103275598058,1.6237848417088863e-05,0.000564081295303609,319.11083333333335,0.19055555555555556,3,0,2023-11-01,2129833
1698850800000000,0.00025758241994601054,4.023827261860812,0.2996561448301934,1800,0.7616124182593585,0.14211588820099919,0.0004889717292666518,5.404102984485348e-05,713.5819444444444,0.09888888888888889,3,0,2023-11-01,2129833
1698852600000000,0.0006987288175874973,3.7885300517704597,0.5241726701925086,1680,0.6942445518169462,0.42965652680620037,0.0002083107693636732,1.6826659798852006e-07,308.7270833333333,0.0875,3,0,2023-11-01,2129833
1698854400000000,0.0009620719383619746,7.052111012901907,0.5557665543651125,1680,0.6937983203393185,0.35547152667726656,0.0001461640468428671,0.00022160751276778523,318.8235119047619,0.08452380952380953,4,0,2023-11-01,2129833
1698856200000000,0.0013914521124054528,26.399344391614395,0.7120195109677026,1800,0.7200161329644457,0.42697342293730556,0.0007011547544483188,0.0001877692472637138,310.1763888888889,0.08277777777777778,4,0,2023-11-01,2129833
1698858000000000,0.0010848287312755587,23.475928874839454,0.7276648928583894,1800,0.7277975548979264,0.393146008990225,8.025595759397763e-05,0.0003926733529455717,438.10555555555555,0.024444444444444446,4,0,2023-11-01,2129833
1698859800000000,0.0011849756060415015,32.683900851767,0.7315381494610405,1800,0.7366755562181082,0.37910268435809213,0.0009257481587648941,0.00034388329638168624,373.0363888888889,0.041666666666666664,4,0,2023-11-01,2129833
1698861600000000,0.00038819582549987866,2.120434385084382,0.24215271814905726,1800,0.5071303983793709,0.18471107691156907,0.0005171422901041334,0.0003745472641891734,432.12916666666666,0.16833333333333333,4,0,2023-11-01,2129833
1698863400000000,0.0009236680122628415,6.405966123349233,0.4315111992424815,1800,0.5959124869880008,0.21765066487966922,0.0009506551626247139,0.0016359499362866847,268.2705555555556,0.31,4,0,2023-11-01,2129833
1698865200000000,0.0010741469030122336,8.277512861983158,0.5550743795459745,1800,0.6693696838883282,0.326774037486146,0.00030824747246238626,9.063161013389553e-05,235.36444444444444,0.18555555555555556,4,0,2023-11-01,2129833
1698867000000000,0.0015165895046993186,9.56337542596925,0.5342269539789152,1800,0.6896912135757944,0.33260645531115174,0.0014640922460592565,0.0006769069711529685,206.53694444444446,0.29,4,0,2023-11-01,2129833
1698868800000000,0.001806038938767052,8.154233147646195,0.597508107269368,1800,0.7083505157106704,0.3348381239500794,0.0011059370195392049,4.406332363060539e-05,188.92777777777778,0.2338888888888889,5,0,2023-11-01,2129833
1698870600000000,0.0009928703278808692,5.78367226646211,0.4802312785536532,1800,0.6720593535100192,0.23780978807619169,0.0011118415766565581,0.001426116241059705,249.41305555555556,0.175,5,0,2023-11-01,2129833
1698872400000000,0.00123602551074711,8.886773215657918,0.553698153942799,1800,0.6920571426325061,0.22256363722956285,0.0013363918227830007,0.00019113295313655243,249.59666666666666,0.23444444444444446,5,0,2023-11-01,2129833
1698874200000000,0.0010003362695794231,7.555494391760919,0.447153447445481,1800,0.4965137454684927,0.41528330688013093,0.0007537877148092731,0.0030239527345052863,422.0683333333333,0.10166666666666667,5,0,2023-11-01,2129833
1698876000000000,0.0013590793585110696,9.547830295652757,0.4814616986070893,1800,0.5952778983309036,0.3428598717641105,0.0002894570998246415,0.0028601907626431,242.63916666666665,0.14277777777777778,5,0,2023-11-01,2129833
1698877800000000,0.0012408344764762074,8.897426193002705,0.5494649484738435,1800,0.5588494573354398,0.5128655056434124,0.0012462332666742792,0.0006766958998057904,274.7575,0.14222222222222222,5,0,2023-11-01,2129833
1698879600000000,0.001203393383674276,16.831956295266018,0.5762013169792397,1800,0.6456504852473035,0.40955184247921783,0.0037024418533937453,0.0004981818298760432,304.3538888888889,0.12777777777777777,5,0,2023-11-01,2129833
1698881400000000,0.0011546454401362013,10.163212494336854,0.6176650718855752,1680,0.6522441817376006,0.455829824480271,0.0008377261565961636,0.00047971165631810475,310.89732142857144,0.07797619047619048,5,0,2023-11-01,2129833
1701388800000000,0.00131121200486771,9.771255310561779,0.5422119449348175,1680,0.5994745590880899,0.5143492986831724,2.306207361135737e-05,1.7158168423181408e-05,370.82440476190476,0.05,0,0,2023-12-01,1169464
1701390600000000,0.0020426491344269636,8.136122157502669,0.636768161994913,1800,0.6866623315194542,0.4082097702879198,0.00045202299305335814,0.0018744003665750464,220.5727777777778,0.06055555555555556,0,0,2023-12-01,1169464
1701392400000000,0.0010516353495004895,5.042990668353952,0.4041859894089387,1800,0.5271078108521553,0.4305279572380296,1.933246535090749e-05,0.0002874722698686938,275.2463888888889,0.10777777777777778,0,0,2023-12-01,1169464
1701394200000000,0.0010689007692303626,4.645907646462566,0.33016772513819426,1800,0.4384999242471248,0.42633821408339556,0.0007875704125385186,0.0003488999066562082,284.7191666666667,0.10611111111111111,0,0,2023-12-01,1169464
1701396000000000,0.001415427875021575,13.433281938365287,0.5265975260963379,1800,0.5832957120852583,0.4662703931870339,0.000627866782521358,0.0010114832009167074,322.29027777777776,0.051111111111111114,0,0,2023-12-01,1169464
1701397800000000,0.0010557917572556338,5.010255338015135,0.42562797264281427,1800,0.5647614212595453,0.46611108475765606,0.008753101963521415,0.0006999873574519144,383.37388888888887,0.051666666666666666,0,0,2023-12-01,1169464
1701399600000000,0.0011857084419046036,8.516067761579835,0.48286051098062743,1800,0.6488346931394187,0.45636358452242176,2.2791839155211768e-05,1.1424764151390931e-05,275.76916666666665,0.06555555555555556,0,0,2023-12-01,1169464
1701401400000000,0.00139376841231477,8.449896898140663,0.5756211670017457,1800,0.5919604320680747,0.45790572109058936,0.00025874973777328947,0.006239667014489969,326.6813888888889,0.06277777777777778,0,0,2023-12-01,1169464
1701403200000000,0.0013924294981180645,9.268534994527252,0.5209437501634308,1800,0.6368702190742015,0.3911931963162234,0.00038865828427858684,0.00031194669125877983,252.64055555555555,0.06666666666666667,1,0,2023-12-01,1169464
1701405000000000,0.0015221137843464748,9.770238516325083,0.5534861028262534,1800,0.5855909167538877,0.4641779504799203,0.0005027814741300762,5.286334679321936e-05,328.8672222222222,0.058333333333333334,1,0,2023-12-01,1169464
1701406800000000,0.0012545838170568656,6.910040461262703,0.505922923400044,1800,0.5917588688468316,0.34625812056820093,0.0002495634203567576,0.0021959882612354598,367.69083333333333,0.05333333333333334,1,0,2023-12-01,1169464
1701408600000000,0.0009565187216298901,4.236746238089751,0.4272078640702449,1800,0.5690236008911111,0.4572737125677456,1.0488911088901709e-05,1.1732709458422974e-06,526.3638888888889,0.059444444444444446,1,0,2023-12-01,1169464
1701410400000000,0.0012454973297224435,12.71643746766149,0.4981472959267381,1800,0.5952520816676513,0.498386955618637,0.00017900214133759196,0.00011354918070949349,239.50722222222223,0.09111111111111111,1,0,2023-12-01,1169464
1701412200000000,0.0017334466585282589,11.26152358343531,0.5676116106169035,1800,0.6523541409969107,0.33546443129315584,0.0011260845135543374,9.539212380893503e-05,164.72555555555556,0.07888888888888888,1,0,2023-12-01,1169464
1701414000000000,0.0014417895178228549,8.026704301638189,0.4563609504902113,1800,0.5433888155331117,0.4876930729783364,0.00023093638801163774,0.00017821641944482103,279.8908333333333,0.09944444444444445,1,0,2023-12-01,1169464
1701415800000000,0.000944492173709016,5.1164253016529955,0.29737692370607827,1680,0.42986784208944195,0.40556291424246294,0.0009133886665014801,0.0005514964722818094,186.92648809523808,0.10892857142857143,1,0,2023-12-01,1169464
1701417600000000,0.001480380334807279,18.030142881150127,0.6584820182304874,1680,0.6586959644915393,0.5792031191941699,0.002538015022534812,0.0018776040205620292,349.6842261904762,0.055357142857142855,2,0,2023-12-01,1169464
1701419400000000,0.001225127429675339,7.027736806900522,0.4773893065880185,1800,0.566919307308666,0.48031571836296905,4.911080431213577e-10,0.00010280956975516897,359.16277777777776,0.03277777777777778,2,0,2023-12-01,1169464
1701421200000000,0.0012856029652666742,8.256435512761344,0.5144497791183097,1800,0.5922540571024058,0.413745046576275,0.00012468235751472712,0.00016770106074182056,281.6136111111111,0.06888888888888889,2,0,2023-12-01,1169464
1701423000000000,0.002076702830692065,13.58351482165004,0.6246568963925994,1800,0.6294591249413193,0.5063593022277562,0.0018694222480996059,0.004725312133401882,247.71416666666667,0.05333333333333334,2,0,2023-12-01,1169464
1701424800000000,0.000973380243149961,6.194677401262972,0.37027365425504954,1800,0.5424890532474964,0.35823104616545953,0.000454502709141158,0.0015748633677942214,268.8022222222222,0.10388888888888889,2,0,2023-12-01,1169464
1701426600000000,0.001586235923582652,15.251836238719298,0.5960007161246548,1800,0.6214125254640954,0.4138841804893658,8.955913822950023e-05,0.0009451739895601774,268.99,0.051111111111111114,2,0,2023-12-01,1169464
1701428400000000,0.0011078862337681418,7.4685210464159555,0.5552470420744773,1800,0.6187371416638925,0.455143364660476,0.0006991392115546224,0.0005611895417074741,493.39722222222224,0.017222222222222222,2,0,2023-12-01,1169464
1701430200000000,0.0014417246254389885,14.860239776689253,0.577486391118077,1800,0.6416431907323914,0.48424224642366753,0.0001182032267427191,0.0004771247701073067,344.7105555555556,0.029444444444444443,2,0,2023-12-01,1169464
1701432000000000,0.0009279008135171315,5.923345479491042,0.4240893975154064,1800,0.5341278789835976,0.3222949797452589,1.169716806137533e-05,0.00035235922408183296,362.68555555555554,0.03222222222222222,3,0,2023-12-01,1169464
1701433800000000,0.0013825558243656646,11.50433575528695,0.51948433760647,1800,0.5488715207610941,0.4132643084265033,0.00041584593189636365,2.2774851582418876e-07,308.71194444444444,0.04722222222222222,3,0,2023-12-01,1169464
1701435600000000,0.0008726681805526058,6.837206944985605,0.4696166554122214,1800,0.5708349334869403,0.33042341806932685,0.00024255427223740522,0.00026501832251757396,371.3236111111111,0.028333333333333332,3,0,2023-12-01,1169464
1701437400000000,0.0009964145583992868,2.828408141664555,0.4367810038829999,1800,0.6615058077527958,0.39038869683727495,9.801529354702687e-06,0.000107167431236177,295.49055555555555,0.030555555555555555,3,0,2023-12-01,1169464
1701439200000000,0.0015345140526969241,9.245504083435403,0.531997692211549,1800,0.6278636362787646,0.4073680850670912,0.0010075895101600008,0.0010485446631386397,279.6377777777778,0.028333333333333332,3,0,2023-12-01,1169464
1701441000000000,0.0019629428204187968,2.8929357540916296,0.6472725987968897,1800,0.6771260237073108,0.8023706649712229,0.0001387439985784944,0.002610377634285621,285.345,0.12277777777777778,3,0,2023-12-01,1169464
1701442800000000,0.0010329835820963925,4.718112635184766,0.31386836700862153,1800,0.487778611812969,0.44859603961710304,0.0006611559817900625,7.92594127851931e-06,221.95333333333335,0.11555555555555555,3,0,2023-12-01,1169464
1701444600000000,0.0018082253882276793,9.299091212091145,0.49414834724214407,1680,0.5660332950987166,0.4930116394357893,0.002439253689561771,0.0007567844886455788,238.89940476190475,0.0761904761904762,3,0,2023-12-01,1169464
1701446400000000,0.0013903160915017024,4.290302540896858,0.41859235271840634,1680,0.5701391389431818,0.36321892683235557,0.0010402611651846305,0.00013083471262287372,265.89136904761904,0.1261904761904762,4,0,2023-12-01,1169464
1701448200000000,0.0005094995296213857,3.0412122744515453,0.2364122536499419,1800,0.43190130661502724,0.23433580772775375,2.453081462627793e-06,5.903256688988279e-05,335.2316666666667,0.15388888888888888,4,0,2023-12-01,1169464
1701450000000000,0.0018405891291021063,12.13089355627151,0.4601574514800536,1800,0.5517890565717213,0.36600269393490226,4.027733516265286e-06,2.833946127223097e-05,276.15444444444444,0.11055555555555556,4,0,2023-12-01,1169464
1701451800000000,0.0012267241500390454,4.991506420923957,0.3964934103670268,1800,0.5612064515044881,0.36228687292846495,0.0018313736265334057,0.0003373709821810067,201.64111111111112,0.07444444444444444,4,0,2023-12-01,1169464
1701453600000000,0.0021879994663342663,14.977378329766571,0.6281672837817169,1800,0.6483885084286869,0.4866623132288248,7.058563702044829e-05,6.4796684657864034e-06,204.74444444444444,0.06055555555555556,4,0,2023-12-01,1169464
1701455400000000,0.0017435708243770435,10.667436755561578,0.5764616685566225,1800,0.6798906310129935,0.4662460879053354,0.004083925036875713,0.0007517277053968874,261.8808333333333,0.043333333333333335,4,0,2023-12-01,1169464
1701457200000000,0.0016198759367414069,11.821744875855655,0.5274437944703518,1800,0.6191128442061783,0.41907484533289485,0.0002442131126342284,8.307551364605814e-07,271.6433333333333,0.03111111111111111,4,0,2023-12-01,1169464
1701459000000000,0.0015680201007911923,11.926674912956013,0.6154601485015938,1800,0.6865299018851427,0.3571367234242834,0.0003458101624647103,0.0004809246928275668,238.6236111111111,0.028333333333333332,4,0,2023-12-01,1169464
1701460800000000,0.001405244309540926,16.613102743587113,0.6010048147585618,1800,0.6353649876384497,0.42135842808407,0.0008262757583838987,0.00023627872969378405,325.7075,0.030555555555555555,5,0,2023-12-01,1169464
1701462600000000,0.0007092228057912989,5.9922019043069294,0.45873915351841865,1800,0.5708789797700112,0.4347131667971673,2.104618922249557e-05,7.245636953756573e-07,440.4086111111111,0.020555555555555556,5,0,2023-12-01,1169464
1701464400000000,0.0015495651082594142,12.237457664962692,0.6363041991530051,1800,0.6726420217138859,0.4793515252430063,0.0007721081273794894,0.0013909017736920548,318.1641666666667,0.020555555555555556,5,0,2023-12-01,1169464
1701466200000000,0.0015944846734548244,15.955787906826915,0.6512013522473676,1800,0.6681310953473292,0.579166170661636,0.0013436246830084153,0.001733332958321343,440.555,0.03111111111111111,5,0,2023-12-01,1169464
1701468000000000,0.001148512199130018,9.240568191829732,0.5627697373522771,1800,0.6343984507888135,0.5918085681701798,7.140943515793197e-05,1.2726580770228146e-05,458.15055555555557,0.03222222222222222,5,0,2023-12-01,1169464
1701469800000000,0.0013920057986402323,12.070442350985225,0.6450838366350036,1800,0.6453756706360625,0.590689131739941,0.0007425545797440369,0.0009605741820395419,460.1405555555556,0.023333333333333334,5,0,2023-12-01,1169464
1701471600000000,0.0014248262110979355,14.120780736773076,0.6000639437612826,1800,0.6232401041419494,0.508606750221476,0.00026056253093276194,0.0008460735902363625,408.9838888888889,0.01611111111111111,5,0,2023-12-01,1169464
1701473400000000,0.0015295149910471133,16.756955148675832,0.6350983629079847,1680,0.6580897146776414,0.5314641174700483,9.249546785272678e-05,0.0001138338270745276,335.00863095238094,0.01904761904761905,5,0,2023-12-01,1169464
1704067200000000,0.005108612718388728,5.983083511616635,0.49605071851604443,1680,0.6327894721755067,0.4517235382756408,0.00011573303051537476,5.9184424769487265e-05,89.15714285714286,0.4148809523809524,0,0,2024-01-01,1344215
1704069000000000,0.006456773861336318,10.291454195784763,0.6191337838210096,1800,0.7224677265646671,0.4639291474974685,0.0007003493341151135,0.001322904085469978,61.15083333333333,0.4488888888888889,0,0,2024-01-01,1344215
1704070800000000,0.004969376395745542,6.476954399096083,0.5016456116480574,1800,0.5115056118958772,0.4575278550015286,0.00017586211927789197,0.0003637419142792364,113.16888888888889,0.45055555555555554,0,0,2024-01-01,1344215
1704072600000000,0.005895653550977919,14.841406232138846,0.5719316582587202,1800,0.6201398046973665,0.5621856163554674,2.0765401267164307e-05,5.93941448701063e-06,75.97638888888889,0.44166666666666665,0,0,2024-01-01,1344215
1704074400000000,0.005334615222459778,10.72074430611824,0.49232868400826424,1800,0.5606918758839992,0.3688592443643931,0.0002344655530280848,0.0005307341281745037,92.99388888888889,0.36277777777777775,0,0,2024-01-01,1344215
1704076200000000,0.00399995480958483,5.774806819496498,0.40248399105408206,1800,0.5105415331538136,0.4216684503177818,0.0053869218344668734,1.3481577571528014e-05,95.26805555555555,0.4077777777777778,0,0,2024-01-01,1344215
1704078000000000,0.003448853733370915,8.166454822356526,0.34376046071522115,1800,0.4041664711301135,0.376817850291586,0.00026279602955003867,0.0011012616988090862,95.18333333333334,0.42944444444444446,0,0,2024-01-01,1344215
1704079800000000,0.002920086844729672,4.783456065487618,0.39287131660873065,1800,0.5452763123877684,0.41165599763221394,4.27857351760208e-05,0.0001482525447882299,96.63138888888889,0.49277777777777776,0,0,2024-01-01,1344215
1704081600000000,0.0059790979765631455,15.061734887642206,0.5112378326611515,1800,0.5450039403602391,0.4225846286119309,0.000705493846123173,8.068208282030476e-06,90.15611111111112,0.5227777777777778,1,0,2024-01-01,1344215
1704083400000000,0.004689551297030889,6.460046972556269,0.48896362836070795,1800,0.5909897329947886,0.4350134505292612,7.122282922433776e-06,5.418723057559749e-05,72.09305555555555,0.46166666666666667,1,0,2024-01-01,1344215
1704085200000000,0.00582855090000127,6.676747464375134,0.6125208718148429,1800,0.6875429465979122,0.46592068617033844,0.0004913798471996023,0.0019189786415684251,92.1588888888889,0.45,1,0,2024-01-01,1344215
1704087000000000,0.006140681224278409,5.8192062801117,0.5741457610830458,1800,0.6842386054598795,0.33246084660544284,9.956720281589782e-07,0.0020082991238944414,52.65,0.5166666666666667,1,0,2024-01-01,1344215
1704088800000000,0.0026727019689629806,5.341697821273101,0.38633679531950715,1800,0.613056584234061,0.3910309325749308,0.00011440024066999843,0.0013179795472210154,78.79333333333334,0.49166666666666664,1,0,2024-01-01,1344215
1704090600000000,0.0056307694656075775,11.055359967389649,0.5870376172389147,1800,0.6262609663472076,0.504236275624447,4.9803702570572206e-05,0.0011312929636408953,120.90972222222223,0.32666666666666666,1,0,2024-01-01,1344215
1704092400000000,0.005126884062757081,13.7417630276449,0.5252628532281924,1800,0.5822484671170727,0.40363616642620825,8.039724508657198e-05,9.219439357521786e-05,83.10944444444445,0.34444444444444444,1,0,2024-01-01,1344215
1704094200000000,0.0035463987981085793,3.248228525293896,0.36797861226691053,1680,0.5368248560132853,0.44847928855457186,0.0005415829115280602,0.00019134609947679682,79.34940476190476,0.3732142857142857,1,0,2024-01-01,1344215
1704096000000000,0.005154685664190536,12.84930097198857,0.5364899621731205,1680,0.5654418842528594,0.39425330275896797,0.0014093410000943773,0.00018747559581511197,91.24107142857143,0.28154761904761905,2,0,2024-01-01,1344215
1704097800000000,0.0044476609055023476,7.518149025417315,0.4451290222803761,1800,0.5461295444190732,0.3968916459555897,0.0003765375719718689,0.0006981573018551845,87.8525,0.36277777777777775,2,0,2024-01-01,1344215
1704099600000000,0.004817714889408385,9.994783849662488,0.5204357771566667,1800,0.5595571454857378,0.4342427910164932,0.00013861859119923547,0.000493662493149527,92.73833333333333,0.2811111111111111,2,0,2024-01-01,1344215
1704101400000000,0.0040171403863006215,10.63675075634394,0.5190158550052492,1800,0.572978001659628,0.510988238865758,0.00022726769396796964,0.000510065484016109,84.6375,0.3377777777777778,2,0,2024-01-01,1344215
1704103200000000,0.0018200462563407723,6.769652240303815,0.29690687927622905,1800,0.47682730893610503,0.36753409631924816,0.0007771391769102465,4.8440156064644135e-05,186.3738888888889,0.3761111111111111,2,0,2024-01-01,1344215
1704105000000000,0.00304048612941067,6.838789314921487,0.390541353899473,1800,0.5432780846123276,0.46917057113110705,0.0010096414164959544,0.0005316825755439236,89.58527777777778,0.3372222222222222,2,0,2024-01-01,1344215
1704106800000000,0.0036233567582542626,9.970782504248708,0.42485605925871817,1800,0.5246900759725435,0.2783580803740203,0.00013116760986442433,1.504800318241628e-06,120.43944444444445,0.3244444444444444,2,0,2024-01-01,1344215
1704108600000000,0.004580794433281511,15.516812148812974,0.511156576630343,1800,0.5683794191736998,0.35223048415406544,4.020449101826973e-05,0.0007583338431986775,83.37444444444445,0.3522222222222222,2,0,2024-01-01,1344215
1704110400000000,0.004781652293047155,10.194326531547475,0.5246363345284383,1800,0.6230952855495646,0.41786405416904426,2.3847595816195444e-05,0.00010429993757432587,98.295,0.3111111111111111,3,0,2024-01-01,1344215
1704112200000000,0.0021117969242415283,3.447284717546528,0.35499536168138046,1800,0.5983517218448076,0.28860546708527923,9.510031797677065e-05,0.0008541260413262863,94.04833333333333,0.30777777777777776,3,0,2024-01-01,1344215
1704114000000000,0.002443621175980398,5.400288897520198,0.3967018617369178,1800,0.5255221011889226,0.3323219641927092,8.296993594836266e-06,0.000797630860708276,100.0575,0.3227777777777778,3,0,2024-01-01,1344215
1704115800000000,0.0052060336026942084,6.780749156705421,0.5524262700398873,1800,0.5694192581271024,0.586942728324126,0.001556302412591748,0.0003896109802735692,92.3386111111111,0.3761111111111111,3,0,2024-01-01,1344215
1704117600000000,0.006403400290358729,9.128555241243289,0.6365243769118479,1800,0.6531809265593043,0.44274042174652783,0.00016090585576700178,1.4785636228253907e-05,76.20861111111111,0.4172222222222222,3,0,2024-01-01,1344215
1704119400000000,0.004154380322374549,5.954569528730921,0.3916188384061824,1800,0.47463313829758635,0.43900329713414954,0.0005297641568190459,0.000149150915099594,75.61527777777778,0.4688888888888889,3,0,2024-01-01,1344215
1704121200000000,0.006521692006100553,12.813202679849091,0.5713466220639097,1800,0.6322292259314881,0.39554928436876724,0.002409799878619334,0.0018001902309829898,56.90888888888889,0.43277777777777776,3,0,2024-01-01,1344215
1704123000000000,0.004987743911919269,5.155654760526813,0.539604560025225,1680,0.678120275044265,0.34789577192546606,3.199014730381755e-05,0.0005503593134439377,92.42380952380952,0.29464285714285715,3,0,2024-01-01,1344215
1704124800000000,0.005958542066981268,12.048515650774712,0.5812018524377729,1680,0.6107289349583991,0.44163087572468884,0.0011817409564806036,0.0002969387474935914,71.2889880952381,0.4351190476190476,4,0,2024-01-01,1344215
1704126600000000,0.0049601541110190755,9.497698980172196,0.4162144319366021,1800,0.4746187550693406,0.37174454106276844,0.0009030891736330204,0.00012560910606529418,66.14305555555555,0.4011111111111111,4,0,2024-01-01,1344215
1704128400000000,0.0029334398982918805,4.226993762517395,0.3695596114902928,1800,0.5866026363236218,0.42499091174298775,0.0007267022419453761,0.00010622971638607481,89.44333333333333,0.3233333333333333,4,0,2024-01-01,1344215
1704130200000000,0.004640986500668997,10.18670653953547,0.5453705643736351,1800,0.5925761019811719,0.4788103924734496,4.5189429753733634e-08,0.0005424825571336278,68.84611111111111,0.37166666666666665,4,0,2024-01-01,1344215
1704132000000000,0.0030918879055789896,4.247621151765318,0.33263496505497714,1800,0.514045278787084,0.35588213315089245,1.0806659883733083e-05,9.689352246322613e-06,115.28333333333333,0.33166666666666667,4,0,2024-01-01,1344215
1704133800000000,0.0020283544919145764,3.2760880876646956,0.2581030636231618,1800,0.526690489689768,0.23041740049921822,0.002114142104980621,0.000133507778844133,64.92833333333333,0.4161111111111111,4,0,2024-01-01,1344215
1704135600000000,0.003408609682775904,4.0857308116955675,0.42423414649784663,1800,0.5557829048948723,0.3939534081806597,0.0008872620423975297,0.001861872654214114,225.75833333333333,0.25166666666666665,4,0,2024-01-01,1344215
1704137400000000,0.002024615829784418,2.376910798220651,0.2883292422979843,1800,0.5479303779742133,0.29077593625978737,0.001138402978689279,3.1650586081566345e-05,101.3575,0.3322222222222222,4,0,2024-01-01,1344215
1704139200000000,0.0010577198555096938,3.6763811108673736,0.2691754912285572,1800,0.297446842650926,0.24664120825456826,3.816252448496371e-07,0.00012968492275799992,108.41361111111111,0.3527777777777778,5,0,2024-01-01,1344215
1704141000000000,0.0012999309155392264,4.856688393319341,0.18973120851940195,1800,0.535359887999514,0.34322328612937614,1.3355197828746057e-06,0.0005256037271711422,123.05305555555556,0.35388888888888886,5,0,2024-01-01,1344215
1704142800000000,0.003021169605301011,6.873706086955767,0.38219473949183336,1800,0.5120925885299417,0.3416882766448538,4.4943726654089744e-05,6.643581731136106e-05,98.96527777777777,0.37833333333333335,5,0,2024-01-01,1344215
1704144600000000,0.003782329141659057,6.695412055427354,0.41719173359029893,1800,0.5365421424849199,0.4285115238166657,5.887655834890815e-05,0.00018958195741092254,94.57638888888889,0.3622222222222222,5,0,2024-01-01,1344215
1704146400000000,0.003948688581686431,9.04314457978008,0.47517440340126904,1800,0.5918213287957111,0.3768943411161384,0.0005724853352694348,0.0003251233978538437,99.12694444444445,0.29055555555555557,5,0,2024-01-01,1344215
1704148200000000,0.001991439185638932,4.367112509448056,0.30499078218221776,1800,0.41345947985038656,0.4579626704012887,0.0004249678046919225,7.090404708831599e-05,238.13833333333332,0.43,5,0,2024-01-01,1344215
1704150000000000,0.0019018231419040917,3.270518120103871,0.2680064895215495,1800,0.26962970428115185,0.6431374669307808,0.0029926610369825912,0.0015114644029042834,151.24972222222223,0.31055555555555553,5,0,2024-01-01,1344215
1704151800000000,0.0021267024237141734,3.1002171478823097,0.2993812183822787,1680,0.5046395284557788,0.4179781049433281,0.00014062376111811936,0.0004177127957492033,89.96666666666667,0.3136904761904762,5,0,2024-01-01,1344215
1706745600000000,0.002518343366270404,10.981655560674387,0.5924148360937475,1680,0.7035786153647652,0.260484783407797,0.00026599371911328884,9.888196132457061e-06,124.34583333333333,0.2119047619047619,0,0,2024-02-01,1261993
1706747400000000,0.0027543708795150722,15.048272359843253,0.5988127612225407,1800,0.681647176360713,0.26396756317591996,0.0004972250054640082,2.3825682955003202e-05,111.25777777777778,0.24833333333333332,0,0,2024-02-01,1261993
1706749200000000,0.0005959581957394069,1.8564056064205223,0.1631927557132471,1800,0.47099356909887924,0.22839571601410946,0.0004144708544142617,6.104758379665842e-05,112.84166666666667,0.3227777777777778,0,0,2024-02-01,1261993
1706751000000000,0.0016401487088901553,4.069470312367433,0.3704105305993266,1800,0.5718496563707307,0.1380450935818628,9.318748410080957e-05,1.990886962588423e-05,145.1363888888889,0.3288888888888889,0,0,2024-02-01,1261993
1706752800000000,0.002805237474616872,9.597998346480459,0.6172701697903422,1800,0.704795486334349,0.2521892498336792,3.2292445512394075e-05,0.00022592563867396276,111.40527777777778,0.2966666666666667,0,0,2024-02-01,1261993
1706754600000000,0.0025801479721746755,22.827278964107236,0.6924897584355265,1800,0.7251985671160432,0.3410419072788242,6.948951414287308e-10,0.0010294020547518823,148.4922222222222,0.17722222222222223,0,0,2024-02-01,1261993
1706756400000000,0.0024259776005803716,14.328389915762331,0.6264814457751916,1800,0.7168512176878608,0.3257192427299668,6.283679830110245e-05,0.0004518919975842195,147.135,0.20555555555555555,0,0,2024-02-01,1261993
1706758200000000,0.0019189035212472054,6.44309891909076,0.4643588214332477,1800,0.6285017753275883,0.290742751807298,1.2440214723907772e-06,0.0006113955248586711,120.99,0.23666666666666666,0,0,2024-02-01,1261993
1706760000000000,0.0018840557538978902,4.760991901294398,0.4491810092602221,1800,0.6534317989004461,0.22011841863437442,7.450039884537851e-05,0.00046580650582750405,126.41694444444444,0.2088888888888889,1,0,2024-02-01,1261993
1706761800000000,0.002179503408154946,8.375630781495143,0.5763674452754217,1800,0.7097011079881161,0.23298128257840922,0.007729339822499237,0.0022756404603881952,144.80916666666667,0.25555555555555554,1,0,2024-02-01,1261993
1706763600000000,0.0002769675975310373,1.8603433107163982,0.08923075041919648,1800,0.37025503979317365,0.35377924831395846,2.596330029547289e-05,0.00019041052638646416,149.25,0.2477777777777778,1,0,2024-02-01,1261993
1706765400000000,0.0009304615009628526,2.016532697593527,0.2517337232864544,1800,0.5642403846950563,0.46380881343129476,0.0032153971815847004,8.844554780784719e-07,200.50472222222223,0.17,1,0,2024-02-01,1261993
1706767200000000,0.001492615315807335,4.2379120576383835,0.48363528061341865,1800,0.6966103990007226,0.3242839016829958,0.00014371841302496247,0.0004585669698570216,109.36666666666666,0.215,1,0,2024-02-01,1261993
1706769000000000,0.0014366758859381018,5.20139233154249,0.43664355643854846,1800,0.6758016035344091,0.3321781888197789,3.999104461571701e-05,0.00010538217458078147,150.46305555555554,0.16722222222222222,1,0,2024-02-01,1261993
1706770800000000,0.0007386011338296337,2.7549541285842376,0.2943814780283861,1800,0.5672662699186717,0.3242808697412616,6.240339080010315e-05,7.033013615243e-05,235.43277777777777,0.1527777777777778,1,0,2024-02-01,1261993
1706772600000000,0.001042443944907721,2.8732381253088195,0.28752139220026407,1680,0.5064241192795154,0.5233068010878755,9.628477514744826e-05,0.001481774223739185,282.3404761904762,0.16488095238095238,1,0,2024-02-01,1261993
1706774400000000,0.0010108837933508362,4.003456690812232,0.3368942649942738,1680,0.4673000366088932,0.37193067076508346,6.604779567598307e-05,0.003738832770907363,351.7839285714286,0.10595238095238095,2,0,2024-02-01,1261993
1706776200000000,0.0012778275436682136,10.082411773818096,0.5185460574684749,1800,0.5690302646932026,0.3642696384204983,5.0800855744270734e-09,0.0014271489775337098,384.00944444444445,0.12333333333333334,2,0,2024-02-01,1261993
1706778000000000,0.0017834760629738978,12.676126774560801,0.6195347770846342,1800,0.6942411021928341,0.43709699682307446,1.4050325014558496e-07,0.0009536735150260656,264.38666666666666,0.1622222222222222,2,0,2024-02-01,1261993
1706779800000000,0.00041791036866626143,1.0895071735959336,0.10126678607094464,1800,0.3557343803028209,0.5297593025044395,0.009476706528715018,2.669058664206414e-05,175.9911111111111,0.20166666666666666,2,0,2024-02-01,1261993
1706781600000000,0.0007906725138128029,4.651154754701369,0.32806627869264493,1800,0.5043564958977905,0.48571935918347386,0.0009715070863112185,0.0008188421633119614,201.7325,0.18888888888888888,2,0,2024-02-01,1261993
1706783400000000,0.0012971827509580037,3.663628704958012,0.40109401855034976,1800,0.6611395800341207,0.26708079140635066,7.08673179005137e-05,2.163087372619721e-05,141.20666666666668,0.155,2,0,2024-02-01,1261993
1706785200000000,0.0007014047103066108,2.755337459456108,0.2749638108420024,1800,0.635857092461639,0.38557889736816897,0.00025078386408461384,0.0001551992700165039,214.3802777777778,0.13,2,0,2024-02-01,1261993
1706787000000000,0.0013792266717984605,4.599391305151972,0.5635322289132554,1800,0.6967027439834166,0.3965512464476625,0.001263349852030582,0.000765705554065188,271.24805555555554,0.11888888888888889,2,0,2024-02-01,1261993
1706788800000000,0.001684297095359113,13.4478140428735,0.6365054892352894,1800,0.6702055686673879,0.41090202905147855,0.0018583723398649665,0.0013263661509445024,259.71194444444444,0.09777777777777778,3,0,2024-02-01,1261993
1706790600000000,0.002275292784952906,11.499130858925078,0.7194687832130418,1800,0.8148590365839024,0.2655972640520715,0.000510679945268433,2.628401624882315e-05,125.56972222222223,0.1527777777777778,3,0,2024-02-01,1261993
1706792400000000,0.0009452318959592859,2.686395910199713,0.3269572408754554,1800,0.6578160102973927,0.32790462611811655,0.0006590180734420414,0.0022856665394082043,222.635,0.14666666666666667,3,0,2024-02-01,1261993
1706794200000000,0.0014746011681471298,5.053738285597774,0.4946203022336725,1800,0.7321774239062819,0.317669104152001,0.0019797867749435927,7.492179572299307e-07,179.52416666666667,0.11833333333333333,3,0,2024-02-01,1261993
1706796000000000,0.0011084659216888055,4.985474583833542,0.4339650664004838,1800,0.6607535627739953,0.2619495487762964,0.0018008033898126996,0.0022742400649007344,231.01694444444445,0.12,3,0,2024-02-01,1261993
1706797800000000,0.0012348440323016786,1.8178051770400145,0.24747737328912012,1800,0.6365489109286078,0.3502120818412733,0.0013984445885129038,2.811569391414359e-05,136.95583333333335,0.16833333333333333,3,0,2024-02-01,1261993
1706799600000000,0.0018443227325031031,6.482561604022519,0.46941013502944107,1800,0.6032531449977444,0.24821752760685456,0.002362577812394351,0.000963616409562662,172.51416666666665,0.19944444444444445,3,0,2024-02-01,1261993
1706801400000000,0.0022367548532644926,8.149167685006322,0.5670798694922357,1680,0.6957664577987832,0.29853532960834706,0.000750333450121099,4.344282813661948e-05,143.50892857142858,0.15833333333333333,3,0,2024-02-01,1261993
1706803200000000,0.0010805313030877767,3.534557209880596,0.30958628605067495,1680,0.5632663194446415,0.3179570420744987,1.0876717260632773e-05,0.001720979728991212,201.53958333333333,0.1244047619047619,4,0,2024-02-01,1261993
1706805000000000,0.0018438716891309866,8.008228618339956,0.5428198378347844,1800,0.6770556538896831,0.32142151160745325,5.3341609602464146e-05,0.002464635562490658,174.75972222222222,0.13833333333333334,4,0,2024-02-01,1261993
1706806800000000,0.0012758624650786286,1.9904054540583762,0.3325526937882656,1800,0.6671837094164932,0.2406817876238977,1.80480886868839e-05,8.74417204566047e-06,153.55166666666668,0.13333333333333333,4,0,2024-02-01,1261993
1706808600000000,0.0022232813735812967,17.922059552269197,0.65790270477655,1800,0.7035403236695124,0.28903368641632576,9.97330623186965e-06,0.0003274334657882294,151.2447222222222,0.13444444444444445,4,0,2024-02-01,1261993
1706810400000000,0.0011179662534028414,3.5638589446990356,0.38941501196876327,1800,0.6373586827019811,0.3081914762902648,0.0001495703277913929,0.0002115504045371308,173.01527777777778,0.13444444444444445,4,0,2024-02-01,1261993
1706812200000000,0.001059439121197587,3.7321208620948214,0.4173896347604652,1800,0.6294918905346387,0.19230348220694093,5.1685961741543274e-05,5.856884648380856e-07,292.9536111111111,0.11055555555555556,4,0,2024-02-01,1261993
1706814000000000,0.0016590803126452017,7.663234218273462,0.5712757914870668,1800,0.693878767753922,0.2289873920391482,1.1159267870985978e-05,0.00011930605155174856,229.09583333333333,0.10722222222222222,4,0,2024-02-01,1261993
1706815800000000,0.0013451313437088052,2.6894817495250343,0.41265685344865644,1800,0.6645283853791151,0.2880122985010106,0.0003760046804180961,0.0018730742920689547,126.63861111111112,0.1711111111111111,4,0,2024-02-01,1261993
1706817600000000,0.0005742158447751856,1.212278153267146,0.15048377794855372,1800,0.7133395976168058,0.24404702971911496,0.022357141148038995,2.0834418437032376e-05,132.96944444444443,0.1322222222222222,5,0,2024-02-01,1261993
1706819400000000,0.0016753477086442596,3.103633003903825,0.4766910103320412,1800,0.7123405584171414,0.27260659582391056,0.0002783298633499687,0.0014139548986724648,127.30055555555556,0.16055555555555556,5,0,2024-02-01,1261993
1706821200000000,0.0014492149569608757,3.1304881990302817,0.3852373394465731,1800,0.5731553814654606,0.3680871788452328,3.34575230509504e-06,3.2379799566051304e-06,168.63777777777779,0.13555555555555557,5,0,2024-02-01,1261993
1706823000000000,0.0023665729422878558,15.937925303791316,0.6719847456811425,1800,0.6830516268020062,0.4005779456521418,0.0008576021794026722,0.0005597619535524512,166.965,0.12666666666666668,5,0,2024-02-01,1261993
1706824800000000,0.0018436075045954088,11.57312502570679,0.5983428739430293,1800,0.6899800884851166,0.3027502507322972,7.560267420569922e-05,0.001104018929239059,198.91361111111112,0.09555555555555556,5,0,2024-02-01,1261993
1706826600000000,0.0007420017776719885,5.594632042989805,0.476968594117681,1800,0.4773228947907434,0.44164742411947244,0.0012635748936239422,0.0008393348432750303,663.315,0.052222222222222225,5,0,2024-02-01,1261993
1706828400000000,0.0019151258400568574,17.863885988763045,0.6294357409648781,1800,0.6708370956444888,0.3535083280020245,8.561158245989908e-06,4.044607099251696e-05,211.7747222222222,0.04777777777777778,5,0,2024-02-01,1261993
1706830200000000,0.0003668911144001686,1.8217603209733781,0.18366342084294196,1680,0.4979411152546338,0.27278374026558405,0.005672989147391561,0.00031267796365486156,210.53720238095238,0.07083333333333333,5,0,2024-02-01,1261993
1709251200000000,0.007341022821099877,9.232990694468873,0.521547507614504,1680,0.5942553762193804,0.44707698334650614,0.0017114617402584908,9.124714803743217e-07,114.58065476190477,0.3047619047619048,0,0,2024-03-01,6272756
1709253000000000,0.003944691804809555,2.4595022729926694,0.29085614985414165,1800,0.5087238292381653,0.2207489532375102,2.443269830187944e-05,0.0003134487735192426,132.04361111111112,0.2633333333333333,0,0,2024-03-01,6272756
1709254800000000,0.006742575612397463,7.527936628351784,0.4106730239321955,1800,0.5067886717099364,0.2853279147196941,0.00012426423986988677,0.0006617287314277798,120.05527777777777,0.2816666666666667,0,0,2024-03-01,6272756
1709256600000000,0.0066814725718041925,6.9162692292491315,0.43477436077467224,1800,0.5714747943537628,0.4336520683381061,5.3549745046233e-05,0.00034203315779302024,121.85694444444445,0.3894444444444444,0,0,2024-03-01,6272756
1709258400000000,0.004054088770354922,2.375869513164451,0.2867228953004365,1800,0.518927861651019,0.38979288197746953,8.57959620637061e-06,3.7211915548951424e-08,108.46694444444445,0.4116666666666667,0,0,2024-03-01,6272756
1709260200000000,0.010979268575319385,23.00673251546374,0.6572161017528068,1800,0.6699684547007967,0.43522867264426457,0.00038416474248192944,0.0030642466371464394,100.49083333333333,0.3283333333333333,0,0,2024-03-01,6272756
1709262000000000,0.00318371531544286,2.5242323753046656,0.18187350953108838,1800,0.32991718363928146,0.4958765324547796,9.22133996682506e-05,0.001396055108502936,116.04861111111111,0.4011111111111111,0,0,2024-03-01,6272756
1709263800000000,0.0035768272347426054,4.0002602330211845,0.30181135813017934,1800,0.45884979119916935,0.48010564165156555,0.0028733320583077537,0.00014655826839049535,110.86166666666666,0.5477777777777778,0,0,2024-03-01,6272756
1709265600000000,0.003958688835368001,3.4498645708722724,0.3043112579303493,1800,0.42400851654442606,0.3895157740453369,0.004039445355300431,0.0007046525606281273,132.13888888888889,0.5133333333333333,1,0,2024-03-01,6272756
1709267400000000,0.009436435845766457,11.038444269412116,0.3503390013548172,1800,0.4338949622083912,0.5142293094520538,0.002339188238949963,0.00014814087897407902,75.71083333333333,0.5572222222222222,1,0,2024-03-01,6272756
1709269200000000,0.008760342977720423,4.161475252748817,0.4220129196003096,1800,0.5551544413595693,0.3553063397112205,0.0002134570652979617,1.4411185400575732e-07,83.35222222222222,0.43,1,0,2024-03-01,6272756
1709271000000000,0.00745061116817186,4.416713327050648,0.31678716713712884,1800,0.433412083768865,0.32211028445308665,0.00022829999128426426,0.00028285502974256804,85.32333333333334,0.4683333333333333,1,0,2024-03-01,6272756
1709272800000000,0.00835813729576584,8.740244265611082,0.388484310085052,1800,0.46037236662752223,0.37281752935059875,0.0011312640165037635,0.000557041482473486,93.15638888888888,0.45944444444444443,1,0,2024-03-01,6272756
1709274600000000,0.0071115151583126595,10.96532678522861,0.40010665522097233,1800,0.47137787799878295,0.5278084365858494,0.0018401603249252885,0.0005339506138410943,97.61805555555556,0.4572222222222222,1,0,2024-03-01,6272756
1709276400000000,0.006977356194014551,10.200456068139054,0.4109567980431368,1800,0.5041988545841576,0.38979616006673856,0.0015531559450534527,0.00016728885165817609,92.76555555555555,0.42944444444444446,1,0,2024-03-01,6272756
1709278200000000,0.008757479628051575,13.114845493243262,0.4384389928615441,1680,0.49017784321580327,0.374593299565523,0.00015968030189406068,0.0008031766074477753,97.36696428571429,0.42797619047619045,1,0,2024-03-01,6272756
1709280000000000,0.008458557431801668,9.984001379703605,0.3928107303711761,1680,0.48906870691643634,0.44653710672354374,0.0009004201982300009,8.867464754924725e-06,102.03988095238095,0.46726190476190477,2,0,2024-03-01,6272756
1709281800000000,0.013139888490931824,14.522849353233934,0.5422965873706129,1800,0.6142271841020641,0.45258619955636603,0.0006566302832532456,0.00020570645283246591,61.68472222222222,0.41888888888888887,2,0,2024-03-01,6272756
1709283600000000,0.0062748299357029,2.4723147382112463,0.2708038104515468,1800,0.4676443508414231,0.4336586056077043,7.103492233562214e-05,0.004030364148406629,90.5925,0.30666666666666664,2,0,2024-03-01,6272756
1709285400000000,0.008164070523995676,5.950559405129043,0.41702631158906245,1800,0.45306191076896074,0.4411751112300488,0.0017942170249550804,0.00026359112058083056,88.815,0.35333333333333333,2,0,2024-03-01,6272756
1709287200000000,0.008138441609801338,10.979291070258908,0.501756601060326,1800,0.5086755767261666,0.4533214948889387,0.00063583864889738,0.0001349813917161935,101.24694444444444,0.365,2,0,2024-03-01,6272756
1709289000000000,0.007334694821837793,11.673607853788162,0.38346803512152106,1800,0.44916213288488827,0.2072058718036317,0.0006211256205540527,0.0017172872966997321,112.42611111111111,0.37222222222222223,2,0,2024-03-01,6272756
1709290800000000,0.0065370137492293074,7.893908020304885,0.4029028466398614,1800,0.49734650105414624,0.3397742323702039,1.4494894788330548e-05,5.998264220874461e-06,94.83083333333333,0.365,2,0,2024-03-01,6272756
1709292600000000,0.008790727012660232,6.882388639715917,0.442521937155142,1800,0.5441363411228589,0.24738223392233238,0.0019240612050532846,0.0006289550879267081,87.93444444444444,0.31,2,0,2024-03-01,6272756
1709294400000000,0.005457007722789982,7.6967195718397745,0.3429484997474025,1800,0.4594543429954747,0.33540749365625955,0.00030644872197016504,0.0003316110372773018,126.53333333333333,0.35333333333333333,3,0,2024-03-01,6272756
1709296200000000,0.0038014297915338058,8.356011577904255,0.40317008919959274,1800,0.4716121580715188,0.38777703529996266,0.00014048968812852003,0.002163820555426632,263.8122222222222,0.2783333333333333,3,0,2024-03-01,6272756
1709298000000000,0.006345938854328594,12.14563698788558,0.40516170872650004,1800,0.4598966717908676,0.46494323781274216,0.0014695418019957662,2.139243811538627e-06,104.34722222222223,0.4866666666666667,3,0,2024-03-01,6272756
1709299800000000,0.006738807586249321,9.251801838113362,0.38675932082196895,1800,0.5037266109035037,0.39857778812950895,0.0004193453251010171,0.002660157416665143,111.89083333333333,0.5044444444444445,3,0,2024-03-01,6272756
1709301600000000,0.007788200615971354,9.957369239398451,0.3972015884714264,1800,0.521906139953056,0.3371607631280048,0.00012766374849415563,0.00019404238147080477,114.63138888888889,0.47555555555555556,3,0,2024-03-01,6272756
1709303400000000,0.006570570139988603,5.858528608144732,0.3060535393707,1800,0.45375315470226285,0.3894371489052826,0.0016095049415171259,0.003488241224214761,81.73138888888889,0.5672222222222222,3,0,2024-03-01,6272756
1709305200000000,0.009294713201061977,10.177057199135696,0.3829007876601074,1800,0.4571131222850555,0.4374675918983151,0.0010796024749260003,1.4903383328546127e-05,75.56916666666666,0.5788888888888889,3,0,2024-03-01,6272756
1709307000000000,0.006425815899650796,6.522745214018115,0.3518550743133215,1680,0.45480261443591996,0.27638110789609005,0.0001179171358015596,8.111700160307045e-05,86.29851190476191,0.5226190476190476,3,0,2024-03-01,6272756
1709308800000000,0.006978404863655857,6.565524376881694,0.3427235961591907,1680,0.512983565403083,0.364947683015331,9.666395413454598e-05,2.7530576105383453e-05,76.70833333333333,0.5803571428571429,4,0,2024-03-01,6272756
1709310600000000,0.011129484223163755,12.502584290803204,0.4336906116915704,1800,0.514939637975714,0.4289332139348817,1.4828118292231629e-05,2.521375391806302e-07,78.42333333333333,0.5022222222222222,4,0,2024-03-01,6272756
1709312400000000,0.008445094500591131,4.428826269459052,0.38991862172765246,1800,0.5433643374078407,0.37479460307887746,0.0006858793707169575,0.0022811885433563495,74.46527777777777,0.47444444444444445,4,0,2024-03-01,6272756
1709314200000000,0.011666853335930198,8.578939689681713,0.44378491763452366,1800,0.5047021402614947,0.4780647809914442,1.4078638255199394e-10,1.7821198715628483e-05,79.07222222222222,0.4588888888888889,4,0,2024-03-01,6272756
1709316000000000,0.007918258941791509,6.289001209948518,0.32419727945153753,1800,0.48140325535483286,0.36409289455863003,0.0004246183343984411,0.0027497389691111263,95.92694444444444,0.4272222222222222,4,0,2024-03-01,6272756
1709317800000000,0.0082798285756553,8.298277303184525,0.3978238126019683,1800,0.5000726166148768,0.4207874989846062,0.0032481528232461976,0.004013799462576406,76.69277777777778,0.3788888888888889,4,0,2024-03-01,6272756
1709319600000000,0.015930021958306843,7.680099276275407,0.5773660151383845,1800,0.6092445970001574,0.43495713270118885,0.0017206387374539833,0.00020131771238474094,64.66305555555556,0.36,4,0,2024-03-01,6272756
1709321400000000,0.011615460696815367,6.958224574151238,0.5332844609577919,1800,0.6435615487130826,0.43352560931444983,0.00040502433963784945,1.2601367498366045e-06,89.85861111111112,0.3011111111111111,4,0,2024-03-01,6272756
1709323200000000,0.010567268462600001,18.417789783155794,0.5210342827932299,1800,0.5976493914107939,0.33407846902430705,0.0003986821700582288,0.0010109173052461617,93.17138888888888,0.37333333333333335,5,0,2024-03-01,6272756
1709325000000000,0.007896947744244216,6.819789715310424,0.3641541784386668,1800,0.5402950699648164,0.28819865198535144,0.00048443694913502533,0.0005601940375908887,74.14805555555556,0.4272222222222222,5,0,2024-03-01,6272756
1709326800000000,0.005917962683317085,7.095438540097728,0.34813372856349045,1800,0.49779495702111265,0.3925493593710615,0.002612873768031432,1.2257900973144942e-06,112.37666666666667,0.33055555555555555,5,0,2024-03-01,6272756
1709328600000000,0.011668269355026892,15.107212364253138,0.5630602379196158,1800,0.6032026642985664,0.4878534542737022,0.0015974828442359978,0.0012381698168704158,123.97527777777778,0.19055555555555556,5,0,2024-03-01,6272756
1709330400000000,0.00890535592484863,8.306543560249503,0.4263362636008644,1800,0.5347920870770322,0.4085645842173192,0.00033707050069897715,0.00011487445092872584,85.79916666666666,0.31,5,0,2024-03-01,6272756
1709332200000000,0.005118009290203539,6.626256459413843,0.31777554712569245,1800,0.3884508172310165,0.45745824876138286,0.0001404168985801313,0.0027276241345050023,472.5058333333333,0.17888888888888888,5,0,2024-03-01,6272756
1709334000000000,0.00764396501560093,7.279304242913445,0.39656341777157267,1800,0.48390243439328273,0.487190242102577,0.0003253288555340461,8.060810488563774e-05,103.43805555555555,0.32666666666666666,5,0,2024-03-01,6272756
1709335800000000,0.008580430154147214,6.1476167614453585,0.39809214545552307,1680,0.5180194402398965,0.487198618291266,9.059146905021631e-05,0.0005367631356739677,78.94434523809524,0.4392857142857143,5,0,2024-03-01,6272756
1711929600000000,0.0051378596807042185,13.164880507306195,0.49899471161819664,1680,0.5701700549134411,0.3033659332688303,0.00025627013675033616,0.0003891421316047916,166.8657738095238,0.25892857142857145,0,0,2024-04-01,3453940
1711931400000000,0.006375099618355517,19.236009366852414,0.6155820641790051,1800,0.6680354733988108,0.27086598548302454,0.0009714345408246006,0.0017598523699579038,134.53833333333333,0.22666666666666666,0,0,2024-04-01,3453940
1711933200000000,0.0073171593429220425,18.419779182499006,0.5827645994172328,1800,0.6212380446290992,0.1958559997017436,5.458582978434823e-05,2.048387323816403e-05,93.44194444444445,0.2788888888888889,0,0,2024-04-01,3453940
1711935000000000,0.007153777577856052,20.15887813997129,0.5922914963301839,1800,0.6212338365799968,0.28499034643872856,6.948823693153638e-05,2.7994294030997402e-05,104.77916666666667,0.30444444444444446,0,0,2024-04-01,3453940
1711936800000000,0.007689504675982507,30.254008193423566,0.6390787367271815,1800,0.664749162646755,0.23199274763602107,0.0002373957811567795,0.00036306807094887983,102.25305555555556,0.29777777777777775,0,0,2024-04-01,3453940
1711938600000000,0.005867197415436455,18.307433605942542,0.549220338182169,1800,0.5744947499750113,0.1653147443821673,0.0023396225051259822,3.0070104201085357e-06,104.78861111111111,0.24722222222222223,0,0,2024-04-01,3453940
1711940400000000,0.0055002550890816265,20.441898962721098,0.5437627383912325,1800,0.5537745942377535,0.24701467591032888,2.1889175716882647e-05,2.9425477971800618e-05,98.59194444444445,0.2838888888888889,0,0,2024-04-01,3453940
1711942200000000,0.005571168624640266,24.64634904985996,0.5672297667701667,1800,0.5854023128730543,0.16843479299948294,0.00045874465581419166,0.0002384640638880553,121.94305555555556,0.22444444444444445,0,0,2024-04-01,3453940
1711944000000000,0.0034617162130056297,7.614721964153918,0.4136309870687357,1800,0.5338533882324188,0.2510330731560708,0.0017023226324780483,0.010197861156780452,123.46194444444444,0.245,1,0,2024-04-01,3453940
1711945800000000,0.004922387264404393,15.985135128213747,0.533132221427187,1800,0.5492069678820283,0.24839050309701294,0.00012797318724655504,1.4492465454374326e-06,150.4152777777778,0.2111111111111111,1,0,2024-04-01,3453940
1711947600000000,0.005715987594852711,21.753947513427477,0.5675535057740612,1800,0.5914717654055931,0.16297372579128533,7.716810965496812e-05,0.00074356768872752,121.86472222222223,0.26666666666666666,1,0,2024-04-01,3453940
1711949400000000,0.009556393115909015,6.2845120896395565,0.3640145382238278,1800,0.41908846651288767,0.27537582758581414,0.013769645803570318,0.004477778996102133,174.30333333333334,0.605,1,0,2024-04-01,3453940
1711951200000000,0.0061574313112226714,6.262273887395201,0.39378034712253784,1800,0.49513565003956506,0.36078280327295287,0.0015586036768160394,0.003063999998762723,87.32444444444444,0.6122222222222222,1,0,2024-04-01,3453940
1711953000000000,0.004679576600790727,4.407590361533854,0.38918189104469036,1800,0.49384362564561346,0.34991400275776474,0.0006978742922741921,0.0012010472305654663,96.45305555555555,0.4622222222222222,1,0,2024-04-01,3453940
1711954800000000,0.0061665812820280415,9.546993294833463,0.46663294365613694,1800,0.5196441480686602,0.3678282246852427,0.0033712324232100244,0.0003065440083107607,92.79333333333334,0.4061111111111111,1,0,2024-04-01,3453940
1711956600000000,0.005781561441634044,14.396207274608738,0.4091189263370787,1680,0.4302442666073396,0.2525154082112354,0.0008258993526502056,0.0008326160804633664,107.29494047619048,0.3470238095238095,1,0,2024-04-01,3453940
1711958400000000,0.006856996431748219,19.13302848677037,0.4973195166515957,1680,0.5171177754328198,0.28017332825511254,0.00013605797737115122,7.867343533418669e-05,93.25119047619047,0.42738095238095236,2,0,2024-04-01,3453940
1711960200000000,0.00741613678323051,8.558698311289675,0.49049361409073144,1800,0.5626940417941215,0.29928521487341486,0.0006576887829603528,1.4004407671963648e-05,81.09305555555555,0.4483333333333333,2,0,2024-04-01,3453940
1711962000000000,0.007632727912025309,21.01593466799267,0.5546337438436243,1800,0.5771627256232936,0.3960137552112807,0.0004821284173113227,9.980989437563537e-05,102.95972222222223,0.3883333333333333,2,0,2024-04-01,3453940
1711963800000000,0.007420882266635584,22.499725658298853,0.5483210827337228,1800,0.578547826324525,0.24990260059776237,0.0006049758963285745,0.0028358663469918444,70.07,0.35555555555555557,2,0,2024-04-01,3453940
1711965600000000,0.006810205922825604,19.586426241397664,0.5198579736482405,1800,0.5525123532116458,0.27610273092473114,1.5911836653725864e-05,1.9996753634399234e-05,83.3013888888889,0.33666666666666667,2,0,2024-04-01,3453940
1711967400000000,0.004506771989717443,6.0405366859561545,0.38702151514791705,1800,0.5303538967485353,0.1823679304818352,0.00443594887654386,0.0012477882279442465,97.66972222222222,0.2927777777777778,2,0,2024-04-01,3453940
1711969200000000,0.00664200352602084,19.629709677864234,0.5857894954580776,1800,0.6223348889993584,0.31081145968929624,0.001429117773589783,7.457412181666179e-05,83.16333333333333,0.3377777777777778,2,0,2024-04-01,3453940
1711971000000000,0.006726709086301727,10.65458606341939,0.5435511430035053,1800,0.5907920941820585,0.1845253143301694,0.000571057223919369,0.0009381570210098555,79.045,0.295,2,0,2024-04-01,3453940
1711972800000000,0.006027139382598127,9.197006865159738,0.47278812084574084,1800,0.54312425980575,0.26556859274363953,1.4523607293481788e-06,2.265399579526317e-05,79.9725,0.2733333333333333,3,0,2024-04-01,3453940
1711974600000000,0.006428347416460462,17.21401325416331,0.4712243992457549,1800,0.4921059122619449,0.2875802495051749,0.00028648608271852893,0.0005992992354848514,85.13916666666667,0.23944444444444443,3,0,2024-04-01,3453940
1711976400000000,0.006908683481829989,16.825946427017435,0.5086474028057735,1800,0.5327138485733003,0.331656274078438,0.0018213030702483035,0.0013977993711401515,87.50555555555556,0.2911111111111111,3,0,2024-04-01,3453940
1711978200000000,0.005943347630780956,7.313383155202854,0.45683365678226506,1800,0.5476823981884409,0.16791672382920964,5.46793960299885e-05,0.00035446688920692804,88.76611111111112,0.3761111111111111,3,0,2024-04-01,3453940
1711980000000000,0.003918157654160403,4.12159103038968,0.40135440727016947,1800,0.57846510254328,0.2626186038486863,0.00041204420719886947,0.0016465340128259953,107.55361111111111,0.38,3,0,2024-04-01,3453940
1711981800000000,0.0070969349188390735,11.155016360237543,0.47595725037975445,1800,0.5483341785342262,0.23918335389714585,1.7650989225792557e-07,0.0012241347474656328,83.09944444444444,0.5416666666666666,3,0,2024-04-01,3453940
1711983600000000,0.008819828235244005,30.75753278726655,0.5330263472124885,1800,0.5491472994364328,0.24129318762995922,4.710520419248798e-05,3.634562175003353e-05,82.61972222222222,0.6538888888888889,3,0,2024-04-01,3453940
1711985400000000,0.0052375576273742345,7.379707081521823,0.49154471590723325,1680,0.5856389294147271,0.1149772901731474,0.001145853114400186,0.001335883812024652,102.70119047619048,0.4880952380952381,3,0,2024-04-01,3453940
1711987200000000,0.0070239494913352215,28.172404175697324,0.528484081979776,1680,0.5421841943567245,0.1959293369031807,0.0014300712741603938,0.004020859742889127,76.75892857142857,0.46845238095238095,4,0,2024-04-01,3453940
1711989000000000,0.0066413062621948115,11.188330262567497,0.5110394546808832,1800,0.5203585812149074,0.3885722357864486,0.002578711342465456,0.003358031222096436,96.24055555555556,0.4038888888888889,4,0,2024-04-01,3453940
1711990800000000,0.004409082784819744,3.7877667295605995,0.37879866275375396,1800,0.49970920125317975,0.2469279377616065,2.9454906057102548e-05,0.0024009886617327725,88.82638888888889,0.3983333333333333,4,0,2024-04-01,3453940
1711992600000000,0.006514664018275287,18.11223067617303,0.5831269158871588,1800,0.6234491546032723,0.1921441818872619,0.011946212481810381,0.006198156145351907,89.10305555555556,0.3661111111111111,4,0,2024-04-01,3453940
1711994400000000,0.007413452612851723,26.006817248713876,0.5901463470806594,1800,0.6230949134202641,0.18584123170162736,0.00014504586954000587,0.0015917486359585675,81.95722222222223,0.3972222222222222,4,0,2024-04-01,3453940
1711996200000000,0.005083849148375514,6.645470514715061,0.4454124798757474,1800,0.5940745919601913,0.16137653006170682,0.0003960511007424783,4.9923041415156355e-05,86.30944444444444,0.3138888888888889,4,0,2024-04-01,3453940
1711998000000000,0.0043484380054820805,6.2976987972044,0.388482143313159,1800,0.5816114624937774,0.3737644149680177,7.905558592180562e-05,0.00011147511404929755,112.005,0.3372222222222222,4,0,2024-04-01,3453940
1711999800000000,0.005364469680707765,6.3571313291881,0.47390258830259235,1800,0.5178393741309322,0.2626759591729064,3.5723889680872034e-06,0.0007922380062262979,98.16555555555556,0.26722222222222225,4,0,2024-04-01,3453940
1712001600000000,0.005539546228047148,15.590930847933267,0.5329861593100567,1800,0.5489276646594479,0.33145634027760884,4.7578939259773634e-05,0.00011054023916678979,91.84861111111111,0.2538888888888889,5,0,2024-04-01,3453940
1712003400000000,0.005090221322319624,19.66241021365834,0.590949516390328,1800,0.6269558776230324,0.3718564332757427,4.6837564519730535e-05,0.001384670310301761,107.43305555555555,0.14888888888888888,5,0,2024-04-01,3453940
1712005200000000,0.0057539528866893215,23.13432189323542,0.5468304045283834,1800,0.5715150881674891,0.32550479753942685,1.9184481057643588e-05,0.0001661456445052334,99.2611111111111,0.22444444444444445,5,0,2024-04-01,3453940
1712007000000000,0.005625242219768949,12.546963574682612,0.46326596161766753,1800,0.46358694148733204,0.4007684764493632,0.0014468621463019637,0.0012581969415971228,273.6430555555556,0.1622222222222222,5,0,2024-04-01,3453940
1712008800000000,0.004467236633520865,11.080751178987143,0.4438913893260067,1800,0.4611399790959978,0.45395956124519676,0.0012024933116847603,2.842156632820725e-06,99.69027777777778,0.30722222222222223,5,0,2024-04-01,3453940
1712010600000000,0.003145070710245636,7.543159827993832,0.5116836958420914,1800,0.5545803158382185,0.48251011600983085,0.0005863162583662485,0.00017426830305478092,253.97722222222222,0.2872222222222222,5,0,2024-04-01,3453940
1712012400000000,0.005667703454934559,21.844603605893642,0.631919812064901,1800,0.6389956481073462,0.35029192108078167,0.0005380389425692078,0.0002613404300624289,110.57305555555556,0.325,5,0,2024-04-01,3453940
1712014200000000,0.0072245073817707554,19.942769143284725,0.6622129578801368,1680,0.6631084266087106,0.4648626971459324,7.621249372280481e-05,1.2067050932484946e-05,103.34255952380953,0.32202380952380955,5,0,2024-04-01,3453940
1714521600000000,0.006542712460220208,14.152495250093137,0.6063313998927164,1680,0.6714106616297986,0.3381406261169547,0.00013490228868562326,0.00043989687090395524,80.725,0.29523809523809524,0,0,2024-05-01,6285115
1714523400000000,0.0046776958647636036,7.810311671172396,0.5112874087334138,1800,0.6835341815427126,0.24371454179116558,0.000935872118645209,8.573632531549968e-05,92.6913888888889,0.27166666666666667,0,0,2024-05-01,6285115
1714525200000000,0.003133157221185822,2.2329581354692203,0.3120812264383034,1800,0.6109286015755115,0.29393454933238994,3.1508684550374255e-08,0.0006246790093943355,72.59083333333334,0.3233333333333333,0,0,2024-05-01,6285115
1714527000000000,0.003298528743034413,3.7358999877829584,0.4023240497762218,1800,0.5861093257235241,0.2862945219598473,0.0008693178615145625,0.0009399810564050259,75.86777777777777,0.305,0,0,2024-05-01,6285115
1714528800000000,0.0040296254049507745,4.78302800370597,0.4277428994539044,1800,0.662377656773284,0.31543433950889566,8.385158009527327e-05,0.0005525095493952303,77.27166666666666,0.33555555555555555,0,0,2024-05-01,6285115
1714530600000000,0.007141789138579414,23.912167310711002,0.688965531112868,1800,0.7137978624624222,0.27417267630418474,0.001956578884276139,0.0003483961858808948,70.09527777777778,0.31222222222222223,0,0,2024-05-01,6285115
1714532400000000,0.005933533421229925,21.747502052553738,0.5685141733811752,1800,0.6015697542087095,0.4467625955332286,1.6047202702318408e-05,0.001988595755533118,107.48527777777778,0.25722222222222224,0,0,2024-05-01,6285115
1714534200000000,0.004913695721714258,8.599812082847029,0.5435980136863547,1800,0.6381526538536075,0.36467429428643294,4.379522482222953e-06,0.00017937209032836687,84.43444444444444,0.2538888888888889,0,0,2024-05-01,6285115
1714536000000000,0.00455594064370266,10.039538554219469,0.5387145815576208,1800,0.6304052318674671,0.4375390141522204,0.001608251280439954,0.00024172116157172852,109.6288888888889,0.3161111111111111,1,0,2024-05-01,6285115
1714537800000000,0.005938636911783878,11.269321475949557,0.6264921579500465,1800,0.6277546294058699,0.4925141054193757,0.0021893010455042994,0.0009459337670679746,107.26444444444445,0.2966666666666667,1,0,2024-05-01,6285115
1714539600000000,0.0065705129901394545,17.767439069751255,0.6400437835525679,1800,0.6821943396804164,0.34426246805825267,0.0023120915072714077,0.00016326502677532773,73.51444444444445,0.345,1,0,2024-05-01,6285115
1714541400000000,0.0053878456389534445,7.626166725215936,0.5655206366474663,1800,0.6779602067914392,0.3346953698628481,1.1421358903196399e-05,1.2548590325178743e-05,77.09833333333333,0.27055555555555555,1,0,2024-05-01,6285115
1714543200000000,0.0033376663088486003,4.51103953766144,0.41341379022150904,1800,0.5799713227505373,0.3943092383407686,1.682644407807743e-06,0.0006288201305888474,93.65444444444445,0.3088888888888889,1,0,2024-05-01,6285115
1714545000000000,0.0059537383277344,16.448438346735152,0.5845226780138364,1800,0.6738838777384675,0.23787044364021515,0.00010598443426224069,0.00015015675897456227,87.23583333333333,0.33944444444444444,1,0,2024-05-01,6285115
1714546800000000,0.005476445560100013,15.536434315740628,0.4580347314529496,1800,0.5073057578395406,0.3797536660376468,0.0008698846217967127,4.4078513466438984e-05,93.10111111111111,0.545,1,0,2024-05-01,6285115
1714548600000000,0.006502319793596292,9.648183502785097,0.44795528582865873,1680,0.5875698228503698,0.2903840557849996,0.0006466861791123435,2.5609982946428467e-05,53.76904761904762,0.5571428571428572,1,0,2024-05-01,6285115
1714550400000000,0.006546869610545895,11.453947062578916,0.48283331967184684,1680,0.6548179457734626,0.26039419839893674,0.0008623621260348546,5.096108630642249e-07,66.44345238095238,0.5553571428571429,2,0,2024-05-01,6285115
1714552200000000,0.006046757150390812,8.09794800255426,0.48970285452828477,1800,0.6421244471079883,0.23889747484132895,6.240235328469623e-07,0.0013511573326367987,75.08777777777777,0.43166666666666664,2,0,2024-05-01,6285115
1714554000000000,0.00340982775813002,4.694232770261291,0.3522879463879661,1800,0.5304641822181162,0.31458513070439753,1.3759984907157907e-05,2.151463556199218e-06,113.4563888888889,0.36944444444444446,2,0,2024-05-01,6285115
1714555800000000,0.006819486126556889,13.062074000152498,0.5872678431766191,1800,0.7123901988035519,0.3762573805683235,2.645326535599679e-08,3.763326310579629e-07,66.96583333333334,0.34444444444444444,2,0,2024-05-01,6285115
1714557600000000,0.005695406061651148,7.605619285015378,0.5198858369053034,1800,0.6583202478882579,0.30458422369340155,2.3740193584198543e-05,0.0005286112363345197,99.8561111111111,0.35833333333333334,2,0,2024-05-01,6285115
1714559400000000,0.0035954368642931076,3.5453592706790418,0.3683079446645551,1800,0.6755062588013583,0.254478969108894,4.774424311049241e-05,4.761728569002699e-05,67.38861111111112,0.28,2,0,2024-05-01,6285115
1714561200000000,0.005076909782363384,9.04764554167072,0.5663978081395793,1800,0.6817607679430124,0.35547630229240157,6.954247718571338e-06,0.0003878020483115696,95.19027777777778,0.25833333333333336,2,0,2024-05-01,6285115
1714563000000000,0.003540307117957569,4.016240220783474,0.4790772046852877,1800,0.6507308424335453,0.31036221074211734,0.00014736996417263892,0.001525674222625839,103.64083333333333,0.19944444444444445,2,0,2024-05-01,6285115
1714564800000000,0.003219798720800612,3.912446632263934,0.33997976294130294,1800,0.5523321909076657,0.3523158463720363,1.3298562324126628e-05,6.483971596749072e-06,84.87333333333333,0.3411111111111111,3,0,2024-05-01,6285115
1714566600000000,0.003121185320063071,3.644157823713355,0.335342290848333,1800,0.5771894587161797,0.3614682614149096,1.0605821802234239e-05,0.00014231485598636961,92.34527777777778,0.2627777777777778,3,0,2024-05-01,6285115
1714568400000000,0.004764963919664997,8.761536961262415,0.5442911414994562,1800,0.6789334412168402,0.32830018116886384,0.0009081865745056428,0.0010558857193587734,96.23555555555555,0.26666666666666666,3,0,2024-05-01,6285115
1714570200000000,0.003224251637626317,3.9424662188113615,0.3208623490676631,1800,0.5342562649553623,0.22098898014489887,0.00026768048860881244,0.0017906077011612398,80.34222222222222,0.31333333333333335,3,0,2024-05-01,6285115
1714572000000000,0.004953715589656179,8.293145132034635,0.49692118346774417,1800,0.6050131768698709,0.1898022228106565,0.0001723659541619238,1.906656144079477e-08,98.00027777777778,0.26,3,0,2024-05-01,6285115
1714573800000000,0.0048058266005104044,6.768209420986158,0.5412723458392836,1800,0.6660484810736436,0.24482806329560736,1.6392700415313044e-05,3.125017707783506e-05,86.2388888888889,0.2677777777777778,3,0,2024-05-01,6285115
1714575600000000,0.005002945218047467,7.2686829292602235,0.5095746627575082,1800,0.6678686445971251,0.3043352176539017,0.0029153572146833895,7.538121307160139e-07,87.93638888888889,0.31333333333333335,3,0,2024-05-01,6285115
1714577400000000,0.000798875033023664,5.593599566858055,0.245825420567912,1680,0.4265701998295418,0.3670559692735087,5.944155126558215e-06,0.0010908198627402887,136.40654761904761,0.26964285714285713,3,0,2024-05-01,6285115
1714579200000000,0.005492341180119954,13.345756592197308,0.6000090160823575,1680,0.6931909363506639,0.3032975947533938,0.0002842556677347119,1.030156733361487e-06,88.71875,0.275,4,0,2024-05-01,6285115
1714581000000000,0.007310749321222281,30.511678556536605,0.658433302203694,1800,0.6791432332457791,0.38094870649412116,4.6332863898101984e-05,0.00011880763724603227,86.44027777777778,0.2827777777777778,4,0,2024-05-01,6285115
1714582800000000,0.004899833695620905,11.103236433088446,0.5508893177619899,1800,0.6680212525301141,0.300047032051063,0.00018211080257490853,0.00016900693165333713,100.78611111111111,0.25166666666666665,4,0,2024-05-01,6285115
1714584600000000,0.005991202403460501,8.81011159899211,0.5589361435715955,1800,0.6874126420469613,0.33600469573892944,8.498120381039698e-05,0.000552733113233228,75.28305555555555,0.3005555555555556,4,0,2024-05-01,6285115
1714586400000000,0.003726568173093778,4.35093989706337,0.3196281931598861,1800,0.5049152531436804,0.16800202581507495,1.9563797326593857e-06,0.0004375094615415298,111.3561111111111,0.39,4,0,2024-05-01,6285115
1714588200000000,0.0056900828577272486,9.536272125729035,0.45266039647169587,1800,0.5963763253488014,0.204699225228676,0.00030856689142377824,0.0001966501171767332,89.79472222222222,0.43666666666666665,4,0,2024-05-01,6285115
1714590000000000,0.00807598454812649,13.333483160883011,0.6186944683951816,1800,0.6742572911427076,0.32731861608194246,0.001099831880893798,0.0001138138470596628,69.86666666666666,0.37333333333333335,4,0,2024-05-01,6285115
1714591800000000,0.0065251499619433185,8.531006940791821,0.5336449936636001,1800,0.6523681622227553,0.2300947211088581,0.0003584530489060267,0.0002216593552571977,69.73388888888888,0.41388888888888886,4,0,2024-05-01,6285115
1714593600000000,0.006944105084701875,21.783574555669986,0.6681822451089163,1800,0.7091295740162544,0.3273870510865433,0.0031164435876519514,0.0004330121265061493,80.20805555555556,0.2733333333333333,5,0,2024-05-01,6285115
1714595400000000,0.006772535080872593,16.65822435493505,0.6419601931552356,1800,0.6964181069331645,0.37828478998761583,0.0018222265035158225,0.001678920000859896,92.65333333333334,0.19611111111111112,5,0,2024-05-01,6285115
1714597200000000,0.005750008315481833,19.286584348969093,0.5723793345783117,1800,0.6041268640128121,0.38495390523879813,0.0011716489028875676,0.00026284190540737384,98.53472222222223,0.21,5,0,2024-05-01,6285115
1714599000000000,0.0014247036280622036,4.708430316869583,0.288969815797291,1800,0.33661538585829465,0.29716425658045675,0.0007882397503021776,0.0013833597257032482,322.7272222222222,0.10277777777777777,5,0,2024-05-01,6285115
1714600800000000,0.0034410172999604295,3.82993981181183,0.3924522582140565,1800,0.5403779220810085,0.3650901453701991,3.7026150667474056e-05,0.0006519184751940799,101.36472222222223,0.2827777777777778,5,0,2024-05-01,6285115
1714602600000000,0.003968990900441186,7.522566805364132,0.3946376663099267,1800,0.5519996756043398,0.2651729025545664,0.0004055958142665794,7.502841897233381e-05,84.98722222222223,0.33555555555555555,5,0,2024-05-01,6285115
1714604400000000,0.0034283363288802513,9.571314944871299,0.4232192529699792,1800,0.5019782069636161,0.31386488901147913,0.003029074030376555,0.002214390049518289,96.30111111111111,0.315,5,0,2024-05-01,6285115
1714606200000000,0.001257108922333123,2.6945331964896946,0.1742693059726974,1680,0.5153083370783076,0.21083789292274024,7.278578182390305e-07,7.646598646426916e-05,147.55119047619047,0.30357142857142855,5,0,2024-05-01,6285115
1717200000000000,0.0024690334577228607,12.451603507672216,0.5171348163923937,1680,0.5784059644345452,0.21015382782194247,2.440992085683824e-06,0.002504070810136816,241.03541666666666,0.055357142857142855,0,1,2024-06-01,2602607
1717201800000000,0.003062805292555843,16.804328322384407,0.5611092028230938,1800,0.569134660156333,0.4328869979211313,8.587507850976728e-05,0.0033383015225411095,193.85111111111112,0.034444444444444444,0,1,2024-06-01,2602607
1717203600000000,0.0031439307926802136,12.216469768194365,0.5453141121235162,1800,0.5922728433831324,0.45099797514040374,0.001496453081323068,0.000724966084446943,190.44583333333333,0.058333333333333334,0,1,2024-06-01,2602607
1717205400000000,0.003188700746025696,4.709224849830077,0.5345370372242263,1800,0.5738702490270846,0.5763803807351415,3.4844605164896514e-05,9.108157858817023e-06,274.8305555555556,0.08444444444444445,0,1,2024-06-01,2602607
1717207200000000,0.004039744341772455,7.652505357245875,0.5561700418703653,1800,0.6243595525683374,0.46178725611954463,3.4905037807564376e-05,0.002828230918246466,206.16305555555556,0.12,0,1,2024-06-01,2602607
1717209000000000,0.001207089079969494,2.375573931550449,0.22969945253448143,1800,0.4590578707245202,0.2633229983996449,9.36363596404366e-05,1.869476954352578e-06,748.4891666666666,0.15388888888888888,0,1,2024-06-01,2602607
1717210800000000,0.0019140592152355703,7.6967659971754525,0.4317344636131495,1800,0.5377877284708655,0.3510942565902644,0.0002481831677371149,0.0006532692124920914,296.97583333333336,0.14,0,1,2024-06-01,2602607
1717212600000000,0.0016252378926746264,6.16242648270004,0.39180729486071086,1800,0.48954934790553906,0.2973829573337742,0.0013908721342739128,9.13718121442475e-06,266.59222222222223,0.09222222222222222,0,1,2024-06-01,2602607
1717214400000000,0.0026492975165437094,19.51933095025653,0.617934187512678,1800,0.6368857082901247,0.3688896989792534,0.00333902340746417,0.0006000248372172168,207.9175,0.05333333333333334,1,1,2024-06-01,2602607
1717216200000000,0.002536465575190792,10.465304823021308,0.61836944266012,1800,0.6447494513304828,0.5073487828278301,0.0011641193976476005,0.0043027265738176945,403.9238888888889,0.021111111111111112,1,1,2024-06-01,2602607
1717218000000000,0.001310433487978219,8.111403736072102,0.3329690988175822,1800,0.5076637354399745,0.37063662847902934,0.005347404121153865,0.001178471544496018,292.39444444444445,0.04833333333333333,1,1,2024-06-01,2602607
1717219800000000,0.001487143662863968,5.16050203942382,0.36102375017155397,1800,0.524508729651002,0.2460573110558415,0.0014726182272125632,6.0423522518782136e-06,272.8977777777778,0.05,1,1,2024-06-01,2602607
1717221600000000,0.002590044537640739,14.999981794319874,0.597540695128644,1800,0.6316016308350739,0.24402939507342658,0.0029758398812410602,0.00127400670543798,273.50805555555553,0.041666666666666664,1,1,2024-06-01,2602607
1717223400000000,0.002490319603786489,12.70213049369055,0.572399194133838,1800,0.592135061692482,0.4762531339160152,0.00022623940284893784,4.687293453353725e-05,311.87,0.028888888888888888,1,1,2024-06-01,2602607
1717225200000000,0.0021659890184571352,14.91333743410083,0.5769364157383867,1800,0.6103131874819231,0.36221633771074624,0.0012695278048607817,1.117529111027693e-06,269.8052777777778,0.03166666666666667,1,1,2024-06-01,2602607
1717227000000000,0.0023379300580091433,20.84423162802835,0.5553969296820168,1680,0.5585103655303839,0.2569283037626401,0.00015269175680443503,0.0013818261317447567,254.8113095238095,0.04642857142857143,1,1,2024-06-01,2602607
1717228800000000,0.002715669424228055,14.611700026896083,0.5108357146714269,1680,0.5374124294542485,0.25970115714529074,0.001452893985534054,0.00017305607662831957,212.27767857142857,0.05357142857142857,2,1,2024-06-01,2602607
1717230600000000,0.0026093035033592153,13.430248229517417,0.563530876528085,1800,0.607779766021495,0.38078610312048733,5.72273310541771e-05,3.466794840645271e-06,226.42527777777778,0.035,2,1,2024-06-01,2602607
1717232400000000,0.0001394600930269069,1.395232617191526,0.05102016011833088,1800,0.48117782316861313,0.366660713501051,0.002024376575679443,0.0005091682483646665,330.3880555555556,0.042222222222222223,2,1,2024-06-01,2602607
1717234200000000,0.0023326427770535545,12.762192680692905,0.513790570389313,1800,0.5436569215636183,0.27318675051783503,0.002482625472486122,0.0017369496059915779,481.2727777777778,0.011111111111111112,2,1,2024-06-01,2602607
1717236000000000,0.002237706681303677,8.912575252709738,0.47575740098655195,1800,0.4761122507685638,0.4643617070463384,0.00031925652568509655,0.000620882697495162,304.15444444444444,0.08888888888888889,2,1,2024-06-01,2602607
1717237800000000,0.0008494577357259789,3.844889008983481,0.2711978167677803,1800,0.420551267846652,0.24413381472166407,0.002678683680508609,0.00392681774423842,1926.4663888888888,0.08722222222222223,2,1,2024-06-01,2602607
1717239600000000,0.0025672836000637175,17.387533534170704,0.5538885179242763,1800,0.5686691313119479,0.49988267961765975,0.002185531791343731,0.001876136949229057,279.82722222222225,0.05333333333333334,2,1,2024-06-01,2602607
1717241400000000,0.0025072826930659844,21.217556077091245,0.5662311102041818,1800,0.5797801375270525,0.4592356083374547,0.0004437064160731641,0.0002500629488678685,226.93305555555557,0.03388888888888889,2,1,2024-06-01,2602607
1717243200000000,0.0019238340977079163,7.90414046333198,0.4146837343350135,1800,0.479877206468004,0.25895025661145477,0.00030665508373906025,0.0015031845886886996,306.51,0.04388888888888889,3,1,2024-06-01,2602607
1717245000000000,0.0011345553961367519,5.680103920054563,0.3987738665521532,1800,0.4577865263257861,0.23441477588827886,0.001710899896264051,8.850080975508767e-06,485.05083333333334,0.03833333333333333,3,1,2024-06-01,2602607
1717246800000000,0.0017777988363916937,10.967467495922337,0.5008774119116934,1800,0.5552086310639968,0.27714611142959467,0.0027947337548086537,0.0008416168358510445,301.9166666666667,0.03944444444444444,3,1,2024-06-01,2602607
1717248600000000,0.002296599083827129,11.103220515205855,0.5245832060767883,1800,0.5982165815051025,0.29530209859239254,0.001226836838387646,0.00042347784288643275,235.9427777777778,0.03333333333333333,3,1,2024-06-01,2602607
1717250400000000,0.0021031403937740558,13.004934733421795,0.5026425961971668,1800,0.5419587686696676,0.40550867158600723,0.005042201567547533,0.0014314916165246716,259.8313888888889,0.045,3,1,2024-06-01,2602607
1717252200000000,0.0008913303618484851,3.978119695290095,0.3469674874552563,1800,0.473551522829159,0.25863730542757557,0.004170573886854934,0.002847158508872738,640.5416666666666,0.04833333333333333,3,1,2024-06-01,2602607
1717254000000000,0.0014122775053198565,9.99649881150748,0.39752538516785885,1800,0.5125537010230004,0.3705751891908149,1.3960716631289394e-05,1.915064650193088e-07,314.7713888888889,0.056666666666666664,3,1,2024-06-01,2602607
1717255800000000,0.0026635660936323016,10.887482065383807,0.5993500232931647,1680,0.6275546052734821,0.49031612780239264,0.0008837246656137054,0.0014713617105303056,237.83154761904763,0.07916666666666666,3,1,2024-06-01,2602607
1717257600000000,0.002764730995454741,8.382959771255912,0.5437801456169262,1680,0.5986961149317604,0.381679191202705,0.0011403034333056228,0.0007284773059312855,179.32380952380953,0.10535714285714286,4,1,2024-06-01,2602607
1717259400000000,0.0032841300526637264,18.923480460916025,0.6245940335727709,1800,0.6511373711750779,0.3929213025855911,1.724621765852863e-05,9.838379738846825e-05,148.5363888888889,0.07833333333333334,4,1,2024-06-01,2602607
1717261200000000,0.0033562956653736846,27.25850903226872,0.6605609632526034,1800,0.6770571132734771,0.37503647822643715,0.006931140301912997,0.005918956759724869,150.53972222222222,0.07555555555555556,4,1,2024-06-01,2602607
1717263000000000,0.0031160717306435454,18.93747739544966,0.6210011062635608,1800,0.6210586658682393,0.44831257322119333,3.139125719719971e-05,0.0004902683484531156,169.63305555555556,0.04666666666666667,4,1,2024-06-01,2602607
1717264800000000,0.0014645353314183785,4.766789775598463,0.39543807809304266,1800,0.5688757720346163,0.3017389775091316,0.00032438116189770216,4.0943794369474595e-05,303.59527777777777,0.04055555555555555,4,1,2024-06-01,2602607
1717266600000000,0.001666287512051365,6.056301873125121,0.6189152470230128,1800,0.7136641206338298,0.2722867898227024,0.000581476713265916,3.637735029982103e-05,332.0186111111111,0.0077777777777777776,4,1,2024-06-01,2602607
1717268400000000,0.0015449286199220175,10.10702094490316,0.4845132230919861,1800,0.506683906697643,0.27720736174735816,0.00017153158472515972,0.0014165512338604191,425.04333333333335,0.01611111111111111,4,1,2024-06-01,2602607
1717270200000000,0.001640196875549992,16.14766133631565,0.6498152933815629,1800,0.6780741254664329,0.5523003600288439,5.266590513208769e-05,1.0848355280757005e-07,323.03527777777776,0.011666666666666667,4,1,2024-06-01,2602607
1717272000000000,0.002108040363542106,22.43930883092277,0.6842705171644774,1800,0.6920938601236775,0.5335612725147262,0.0009410715248727719,0.0010961715925923432,324.85333333333335,0.01,5,1,2024-06-01,2602607
1717273800000000,0.002077756215259292,15.08503209075628,0.5999489957197074,1800,0.6418423304423788,0.4538231321556069,0.002379134845081232,0.002466144019819372,300.7652777777778,0.017222222222222222,5,1,2024-06-01,2602607
1717275600000000,0.0009384435531949555,2.3839557797570987,0.24869810691253103,1800,0.48328667233224964,0.2927598291057957,0.0004981366849614588,0.0006138062594743809,579.1383333333333,0.03222222222222222,5,1,2024-06-01,2602607
1717277400000000,0.0007668555381563275,4.263325254264144,0.19286607345229312,1800,0.2591537335361277,0.30483897322603726,7.224912689562935e-05,0.0001127650150328785,440.8147222222222,0.08888888888888889,5,1,2024-06-01,2602607
1717279200000000,0.0021137608701259137,12.64768124137678,0.5895992011648168,1800,0.6388414180937181,0.3649454793806268,0.0023290666401866167,0.0016393216431584978,231.43305555555557,0.03,5,1,2024-06-01,2602607
1717281000000000,0.0019142526306606764,8.502349388742978,0.47938490992963845,1800,0.5385684533156128,0.41291565163144384,3.692438896962802e-05,0.00018738623897884832,279.0441666666667,0.02277777777777778,5,1,2024-06-01,2602607
1717282800000000,0.0019986629658252154,11.262197392577864,0.46476711905985657,1800,0.5173500320248241,0.25415784785302864,2.862788094137869e-06,0.0009336895286520264,247.85611111111112,0.028333333333333332,5,1,2024-06-01,2602607
1717284600000000,0.001456804432514493,6.557606458582193,0.43789452226913483,1680,0.5480426416840691,0.24029147025331665,0.0043134559680573226,0.0015220476418523754,386.6738095238095,0.008333333333333333,5,1,2024-06-01,2602607
1719792000000000,0.000820994270216217,19.199451972421453,0.6644743282618184,1680,0.733314031208202,0.4408594040483784,0.00018042174769872243,0.00010919699443212583,450.4735119047619,0.1988095238095238,0,0,2024-07-01,3841968
1719793800000000,0.0003844753015300517,4.4048753011503,0.42987529572528427,1800,0.6890430720329241,0.3291724622665173,1.3223454569111226e-06,6.416873706205362e-05,561.6152777777778,0.11833333333333333,0,0,2024-07-01,3841968
1719795600000000,0.0005800335790864039,3.501681588372464,0.3024507718289494,1800,0.49889373991686026,0.31324339287776204,1.759902383802192e-05,0.002426839633954847,266.1877777777778,0.43,0,0,2024-07-01,3841968
1719797400000000,0.00110040190194964,9.349312135476394,0.5290014614694181,1800,0.6710741692700481,0.4162799269356029,0.00044245723330260667,0.00043193676195718567,235.8425,0.4266666666666667,0,0,2024-07-01,3841968
1719799200000000,0.00032273561402903383,6.3102780815304484,0.26757298307696464,1800,0.5172611311933,0.3208723452144384,0.0016398359924312267,0.005072027329801276,403.55583333333334,0.3516666666666667,0,0,2024-07-01,3841968
1719801000000000,0.0009414285995776917,15.139388550633388,0.6300320933869746,1800,0.7031603677926679,0.3698591246836833,0.0008351156825971984,5.968066641059977e-05,345.0208333333333,0.2972222222222222,0,0,2024-07-01,3841968
1719802800000000,0.0008682677125111842,11.925646627580655,0.6297916749094872,1800,0.6949812456568221,0.4919682038869688,1.2142498971301485e-05,0.0007243908232322793,373.02722222222224,0.25333333333333335,0,0,2024-07-01,3841968
1719804600000000,0.0006123106383110523,4.208136668869285,0.4741698816060642,1800,0.6549198546755354,0.3712932475082612,0.0006340001247455707,0.00011762977841567324,545.9325,0.18611111111111112,0,0,2024-07-01,3841968
1719806400000000,0.0009103364954973829,15.580722130220375,0.6860050350792732,1800,0.7082775467022355,0.4162835223441863,0.0004469704464168389,1.685870676393364e-08,455.3688888888889,0.2111111111111111,1,0,2024-07-01,3841968
1719808200000000,0.00042949507983159116,4.518286374264294,0.2518825931153036,1800,0.3903610185515973,0.4944251256669904,0.001202549293147781,0.005399655138468407,506.01444444444445,0.37333333333333335,1,0,2024-07-01,3841968
1719810000000000,0.0006661631894671823,6.521940382542918,0.4158178495840389,1800,0.5599723056801847,0.5006691534060392,0.00042882166556201806,0.0013216861370461963,375.5202777777778,0.34944444444444445,1,0,2024-07-01,3841968
1719811800000000,0.0008724267407796541,19.94282917220772,0.5626346547390382,1800,0.5965501397540147,0.41433314529539955,0.0002064820258567135,0.0001430506844509738,397.1661111111111,0.4022222222222222,1,0,2024-07-01,3841968
1719813600000000,0.0005179967958168894,9.057017951428913,0.4506105102442127,1800,0.5940508748635887,0.42484603040509294,0.0016348373700271202,0.00045807869317826544,488.23583333333335,0.28555555555555556,1,0,2024-07-01,3841968
1719815400000000,0.000747430131532867,14.995532887328025,0.6104867508431895,1800,0.6812921882162786,0.5017199046739147,4.258645315413645e-05,0.0015937065979655385,443.1613888888889,0.21555555555555556,1,0,2024-07-01,3841968
1719817200000000,0.0007862202498140341,16.1157428935344,0.5919851997832427,1800,0.6347716815310789,0.3813277928844805,1.3359769913678932e-06,0.000384304217520004,408.0466666666667,0.2477777777777778,1,0,2024-07-01,3841968
1719819000000000,0.0008047748909261987,21.923314701521512,0.6479741135512973,1680,0.6788986003313604,0.42410252088717715,4.635663845897753e-06,9.663521899494487e-05,455.84285714285716,0.15773809523809523,1,0,2024-07-01,3841968
1719820800000000,0.00043607867713080743,7.961449523373429,0.371403166494104,1680,0.4746594334254899,0.3924583149191483,0.00010728174992225004,8.949121274193228e-05,538.2866071428572,0.3476190476190476,2,0,2024-07-01,3841968
1719822600000000,0.00042371245549154994,9.569059176938323,0.4034484575333057,1800,0.5008914909629405,0.42373931995493874,0.0011663685051928052,0.0004168603343791544,516.3011111111111,0.41444444444444445,2,0,2024-07-01,3841968
1719824400000000,0.0003260687923299381,3.978811024222671,0.3642101401829113,1800,0.5821885895228649,0.33751034288820814,0.0013009207707108672,0.00015671540849648835,473.7625,0.3038888888888889,2,0,2024-07-01,3841968
1719826200000000,0.00040767349768464236,4.595111445466722,0.4410224826554109,1800,0.612304319378961,0.48431469546373906,2.2462976755899255e-05,0.00043123424494539986,547.0905555555555,0.3233333333333333,2,0,2024-07-01,3841968
1719828000000000,0.00019442366975713123,10.299947575466701,0.3695348569091157,1800,0.6177106075816978,0.46298477793741377,0.008148598066029633,0.00029256355292772707,576.435,0.26722222222222225,2,0,2024-07-01,3841968
1719829800000000,0.0005026330954869353,4.827953833353619,0.5096639347575731,1800,0.620949665566191,0.4560152255032137,0.00021933958107656082,6.0419941819822576e-05,496.145,0.27,2,0,2024-07-01,3841968
1719831600000000,0.0006278974493670709,18.522178020677117,0.6328438401662246,1800,0.659594865533294,0.42120967316877667,4.805569065735593e-05,0.00010536530351057394,479.4147222222222,0.21611111111111111,2,0,2024-07-01,3841968
1719833400000000,0.0006392524038634596,18.999965100935082,0.5288702946956148,1800,0.5790958937801708,0.4120383257533925,0.0002143185072918108,0.001067234747373913,507.3566666666667,0.3022222222222222,2,0,2024-07-01,3841968
1719835200000000,0.0002246174022532506,4.5913558195905715,0.3471218434018055,1800,0.5027913345004394,0.45161296669813067,0.011073539191713389,0.00012981092433306252,582.3322222222222,0.24222222222222223,3,0,2024-07-01,3841968
1719837000000000,0.0004609369468227251,11.819377821474454,0.5193249365756516,1800,0.6217372465203412,0.33839508136230745,4.924754549773258e-05,0.0007130661556639106,548.4177777777778,0.19444444444444445,3,0,2024-07-01,3841968
1719838800000000,0.0005377673353114838,8.025553903930552,0.5368663022121241,1800,0.6513143066958265,0.3360487059298407,0.0011754498988757467,0.00032913374319776256,452.4244444444444,0.2538888888888889,3,0,2024-07-01,3841968
1719840600000000,0.0006193641823886653,5.523220743466947,0.40263681867856127,1800,0.5400014982106017,0.3694409870897931,0.0007127116054136406,0.001526166668358142,423.6375,0.3661111111111111,3,0,2024-07-01,3841968
1719842400000000,0.000576572940072171,5.572677582724237,0.41077449935732546,1800,0.5945927754601658,0.2912992378078264,8.39190466204176e-05,0.0009780766521179096,348.0875,0.3844444444444444,3,0,2024-07-01,3841968
1719844200000000,0.0006409537230016067,5.779914956083589,0.5504750371228386,1800,0.5785937892145752,0.44159342415760894,0.000499834378281605,0.0031760594386899266,396.7813888888889,0.39055555555555554,3,0,2024-07-01,3841968
1719846000000000,0.0005352585071593364,12.981077988910297,0.4463910796654277,1800,0.5419186737861591,0.3862805797435316,0.0005615695245806407,0.0007850521566832303,471.44083333333333,0.4061111111111111,3,0,2024-07-01,3841968
1719847800000000,0.0005874582073107185,7.882476897345729,0.547197956742101,1680,0.65598046483924,0.4342733562668084,0.00044211005129901615,0.002162740195114643,447.40684523809523,0.32916666666666666,3,0,2024-07-01,3841968
1719849600000000,0.0006907822462666139,13.352563391623354,0.575799995778606,1680,0.6558125627036822,0.37252097394963435,0.0001233708066477046,4.340967300064946e-07,406.31339285714284,0.29404761904761906,4,0,2024-07-01,3841968
1719851400000000,0.0006733442409677557,12.298573420882391,0.474862574550144,1800,0.5763348495606821,0.3315333812682336,9.781854538049028e-05,7.810646368011653e-06,441.7441666666667,0.41388888888888886,4,0,2024-07-01,3841968
1719853200000000,0.0006650190648079914,4.303304066550919,0.46538391637046006,1800,0.465806777343572,0.7718918729933235,1.922721217961776e-05,0.0002478057193429084,564.3,0.44,4,0,2024-07-01,3841968
1719855000000000,0.0005136087418221268,9.271292935948908,0.5094741006930794,1800,0.6211117769096857,0.4055632622536143,0.000678007687976101,0.000735155918105912,420.97027777777777,0.2588888888888889,4,0,2024-07-01,3841968
1719856800000000,0.0005169668352993558,7.240662877290314,0.5358707538637275,1800,0.6294067645818032,0.40605860374444025,0.0004266181158096849,0.00040042718485500117,461.2108333333333,0.22666666666666666,4,0,2024-07-01,3841968
1719858600000000,0.0005334002599215209,9.014894570514587,0.5543667686968909,1800,0.6763960854923579,0.3863072175022164,3.4085952265172637e-05,0.0006057829269535686,696.4536111111111,0.12777777777777777,4,0,2024-07-01,3841968
1719860400000000,0.000759929382078763,22.49535685534637,0.6894066379178353,1800,0.7166767822586705,0.43531812460743535,0.0009004092272301145,0.0006328755637692307,549.2191666666666,0.12166666666666667,4,0,2024-07-01,3841968
1719862200000000,0.00042605675459375387,6.9873224348127865,0.4275583402798848,1800,0.5094220849864348,0.5582086893447478,0.0008657775271223578,0.000935468578791232,621.3330555555556,0.175,4,0,2024-07-01,3841968
1719864000000000,0.0005564312826094735,12.66182597585307,0.6425192851915856,1800,0.7081723204462904,0.5273467563222219,0.0002542244938310567,9.066170563509779e-06,721.2761111111112,0.10888888888888888,5,0,2024-07-01,3841968
1719865800000000,0.0006941902167001101,21.36481937169149,0.7358881455799051,1800,0.7550900180338436,0.5869694988017611,2.0383217275488086e-05,0.0001479270751814088,598.7083333333334,0.075,5,0,2024-07-01,3841968
1719867600000000,0.0004972631210610538,10.915345073321777,0.5503067168623073,1800,0.6295867735996844,0.5723903121959463,0.00025916706768314146,0.0003013267203055836,981.1241666666666,0.06444444444444444,5,0,2024-07-01,3841968
1719869400000000,0.0004351210095036364,7.837659830436539,0.5328801224957145,1800,0.6079263792418683,0.5709168764141513,0.00016864376104663847,7.07940465393131e-05,1167.8705555555555,0.06777777777777778,5,0,2024-07-01,3841968
1719871200000000,0.0005535319401467067,14.030386797030662,0.6064949720563457,1800,0.6692289563595276,0.4758811641579802,0.00029741449773013073,2.9805572640095868e-05,703.0222222222222,0.11944444444444445,5,0,2024-07-01,3841968
1719873000000000,0.0004666363183791465,11.794177966398644,0.4694249011645776,1800,0.5782778339734173,0.36156068005900754,7.65766047121641e-05,0.00016520941814768264,571.1116666666667,0.11333333333333333,5,0,2024-07-01,3841968
1719874800000000,0.0005840275239805884,14.458374817056491,0.5511895664380038,1800,0.5870221524367443,0.3833211781363973,0.0012712594544690425,0.0001180382052357043,596.4463888888889,0.11722222222222223,5,0,2024-07-01,3841968
1719876600000000,0.0002381525377455991,3.224712831298338,0.25999079033357964,1680,0.49136190986733297,0.4810194156334796,0.0005863707079053482,0.0003148598601691033,647.527380952381,0.14642857142857144,5,0,2024-07-01,3841968
1722470400000000,0.00046216909078901385,26.08792532765171,0.7341394687558046,1680,0.7524273218872516,0.32548736468160866,0.0001330445685153725,0.001067351482664014,776.5505952380952,0.008928571428571428,0,0,2024-08-01,7326866
1722472200000000,0.00038497892391741297,11.394796232913679,0.6816345769153243,1800,0.7552283081889313,0.17433854608679378,0.0016933867730714036,0.00039044552773748187,867.685,0.008888888888888889,0,0,2024-08-01,7326866
1722474000000000,0.0004321492752880797,35.97998941439814,0.7838684629196083,1800,0.7988279725333827,0.26637124817446745,4.484866082488104e-05,0.0003120788719563894,851.0505555555555,0.006111111111111111,0,0,2024-08-01,7326866
1722475800000000,0.000411959872335497,24.77967769325025,0.7257359103028003,1800,0.7453734107781664,0.25655523431530314,0.00022902471780850142,0.00026205265939593936,906.1313888888889,0.0077777777777777776,0,0,2024-08-01,7326866
1722477600000000,0.00044917729797871574,30.752167207104108,0.7501215639765658,1800,0.7615407778206513,0.34937027619823713,1.5393473085101306e-07,2.098173229614364e-05,747.7488888888889,0.01,0,0,2024-08-01,7326866
1722479400000000,0.0004781031093692794,54.66863083167783,0.8196545120271217,1800,0.8241019095008165,0.20222779177224437,1.977156945121017e-05,2.4995590688359215e-05,727.9325,0.006666666666666667,0,0,2024-08-01,7326866
1722481200000000,0.000472750013153649,34.74800324604614,0.7918876348821658,1800,0.7952733246297211,0.19825164219004765,4.650976792586192e-06,7.866256449018394e-05,742.2652777777778,0.008888888888888889,0,0,2024-08-01,7326866
1722483000000000,0.0004248195112051479,34.9826824239842,0.7515871434767761,1800,0.7603348576662873,0.2275595319785565,0.00013405455262138766,0.000759655110257329,775.4630555555556,0.0016666666666666668,0,0,2024-08-01,7326866
1722484800000000,0.00041310418279291527,20.98909346358457,0.7315711676378421,1800,0.7628448329583015,0.22423423181197333,0.0015095571747330006,0.0013315374396332125,863.3622222222223,0.0077777777777777776,1,0,2024-08-01,7326866
1722486600000000,0.00041239901650490376,19.866218284490984,0.6668326577812342,1800,0.6962199079027155,0.26475250927147076,0.000458838222836655,0.0008409531921300673,1084.4380555555556,0.02722222222222222,1,0,2024-08-01,7326866
1722488400000000,0.000428059597117505,23.809335993357962,0.7013159067011729,1800,0.7314939977091395,0.3006061717471443,0.00011664303162983725,0.0009086396259666563,898.9313888888889,0.02,1,0,2024-08-01,7326866
1722490200000000,0.00039722300831790495,11.014721776680583,0.6487211943882776,1800,0.7045798012806115,0.2988771462138402,1.5683714738035093e-07,0.00029414907536517987,793.6794444444445,0.005,1,0,2024-08-01,7326866
1722492000000000,0.0004212537699377363,40.75279354216138,0.7093498853003041,1800,0.7174665280620005,0.354025958903864,0.0001694191835375225,2.343763371115415e-05,832.7038888888889,0.011111111111111112,1,0,2024-08-01,7326866
1722493800000000,0.00041564402611431823,21.18766446841927,0.7156273558330315,1800,0.7357527853115358,0.37747401639006095,0.001777189912824162,0.0007935526360155487,859.0011111111111,0.0033333333333333335,1,0,2024-08-01,7326866
1722495600000000,0.00038311567072155003,28.766257117143542,0.697915695018906,1800,0.7149263784671724,0.34632506576193134,8.819617032962412e-05,0.0015952307577012936,917.535,0.0038888888888888888,1,0,2024-08-01,7326866
1722497400000000,0.0003710629979788006,12.1773562726619,0.6437081646991492,1680,0.6971278124460809,0.25057954979636654,3.0466985048271944e-05,0.002519013477969012,978.5642857142857,0.0017857142857142857,1,0,2024-08-01,7326866
1722499200000000,0.0004373579551247728,27.6425688479207,0.6734187078060574,1680,0.6782434033443705,0.3984162220593037,0.0002610140302452546,8.686642576360981e-07,821.8556547619048,0.002976190476190476,2,0,2024-08-01,7326866
1722501000000000,0.0003733482153165579,28.971515651123713,0.6965026938019572,1800,0.7062529677533018,0.32423861235845586,0.005126962184018646,0.0044711393888893225,1018.8869444444445,0.002777777777777778,2,0,2024-08-01,7326866
1722502800000000,0.0003978429004800676,29.67411226267204,0.672317105982096,1800,0.673173595236886,0.33893479691239725,4.15953257075774e-05,0.0005719182912985454,994.8744444444444,0.0044444444444444444,2,0,2024-08-01,7326866
1722504600000000,0.0004196997359469371,24.674308279255435,0.7264531297159744,1800,0.7311758050215693,0.4200061632979669,0.00038585123358525486,0.002145518383082301,949.4494444444445,0.002777777777777778,2,0,2024-08-01,7326866
1722506400000000,0.00032685572187411303,10.83035086025916,0.6039046819091913,1800,0.6538100204829688,0.3950218747343279,0.005331271830596562,0.0021487862201269303,1388.7652777777778,0.006111111111111111,2,0,2024-08-01,7326866
1722508200000000,0.0003868558548394616,23.620297201793047,0.7254312823793986,1800,0.7610916060640344,0.3142183585814188,0.0002763837258182855,0.00030908919807737245,918.8097222222223,0.0005555555555555556,2,0,2024-08-01,7326866
1722510000000000,0.00044626747354701483,22.458942558789293,0.6836723022966615,1800,0.7105737226675063,0.29148993488366004,0.007941992479334914,0.00406315593619333,810.7708333333334,0.006666666666666667,2,0,2024-08-01,7326866
1722511800000000,0.0004994596695491082,33.067591594711445,0.7767233966346234,1800,0.7770239027039132,0.3122517500410158,0.00039096661854320924,0.0014163203483895659,673.8016666666666,0.0044444444444444444,2,0,2024-08-01,7326866
1722513600000000,0.0003114853081998849,6.8091183165133815,0.5355476321830065,1800,0.6854091246571237,0.3818948276107217,9.726970912837807e-05,0.00040338120112770603,884.3661111111111,0.010555555555555556,3,0,2024-08-01,7326866
1722515400000000,0.0004823128843137037,23.52255502364092,0.7368790226144999,1800,0.7633482421009903,0.28831723563413136,0.0003358057096153333,0.00033470301764748633,631.3422222222222,0.007222222222222222,3,0,2024-08-01,7326866
1722517200000000,0.0003935614765143421,5.847566214848737,0.570272177457262,1800,0.7320153804772142,0.119561460951906,6.467672845422712e-05,0.0011448791855939167,742.6005555555555,0.0033333333333333335,3,0,2024-08-01,7326866
1722519000000000,0.00024586100169497705,5.738518806082712,0.4334983418920958,1800,0.6169988558421682,0.2986626022860468,5.9820995753412376e-05,0.0010836131772745672,947.3411111111111,0.008333333333333333,3,0,2024-08-01,7326866
1722520800000000,0.00040169591280684984,18.38254169367768,0.5456358376985551,1800,0.5725866797697758,0.30970212655727747,0.0004316938098131162,0.0008479118902577909,780.3555555555556,0.021111111111111112,3,0,2024-08-01,7326866
1722522600000000,0.0004044927863512109,14.857436078069894,0.5831430962016281,1800,0.6236105255129167,0.3336479736239999,0.0017765455127092267,0.0008864944949527054,912.2022222222222,0.034444444444444444,3,0,2024-08-01,7326866
1722524400000000,0.0004901651741472146,35.66429095355375,0.7270280478203146,1800,0.7515289529955012,0.2687001640994249,0.000731089552105324,0.00042333157396523546,784.1302777777778,0.045,3,0,2024-08-01,7326866
1722526200000000,0.00035743841645930336,10.014370942191892,0.6076030174511902,1680,0.758411077721564,0.17818784860837966,0.008982619285515026,0.004813376886190879,782.5988095238096,0.02619047619047619,3,0,2024-08-01,7326866
1722528000000000,0.00048709834297244964,14.289558395609847,0.651582659463718,1680,0.6855841325778712,0.2964898924657233,5.641210538120944e-05,0.0008394571391566741,776.8595238095238,0.055952380952380955,4,0,2024-08-01,7326866
1722529800000000,0.00044920266707625545,28.069005523274758,0.7412630853477562,1800,0.7753679579802587,0.2551872737602897,0.00047900015147372965,4.756374677683528e-05,748.2858333333334,0.03111111111111111,4,0,2024-08-01,7326866
1722531600000000,0.000502306135227137,60.85550700989998,0.8432837719265169,1800,0.850855469057701,0.3112208280402665,0.000248139974993844,0.0004821736026215939,621.6825,0.020555555555555556,4,0,2024-08-01,7326866
1722533400000000,0.0005828225648363988,25.648094472262553,0.7317336024646527,1800,0.7572913393443739,0.30762013586781345,0.0014363337527859565,0.00050997493928151,514.1547222222222,0.030555555555555555,4,0,2024-08-01,7326866
1722535200000000,0.0005517923055346877,19.997463209984726,0.6210326796094097,1800,0.6904239370918194,0.34365020300046945,0.0004478540815625598,0.00016555706822418692,635.4991666666666,0.06555555555555556,4,0,2024-08-01,7326866
1722537000000000,0.0005740286060463912,15.733643985729936,0.7430060468838585,1800,0.8001012751406796,0.29463701098161776,1.3508623572633383e-05,3.1922816465690396e-05,529.1194444444444,0.029444444444444443,4,0,2024-08-01,7326866
1722538800000000,0.000449222032611852,28.77237371217186,0.7514018781397438,1800,0.7838477423031163,0.25819915214772315,0.001721800610168911,0.002158100869498969,692.1477777777778,0.006666666666666667,4,0,2024-08-01,7326866
1722540600000000,0.0004096645304276068,17.076712136087384,0.7629922184618568,1800,0.7954763441540857,0.32137190580896713,0.0012205825127244996,0.0008131274800636801,729.3366666666667,0.008333333333333333,4,0,2024-08-01,7326866
1722542400000000,0.00043032441010448097,21.8214533241953,0.7167452448687648,1800,0.7525306518155636,0.3446142098586623,0.0007188827571282808,0.00013810991712315257,759.0513888888889,0.010555555555555556,5,0,2024-08-01,7326866
1722544200000000,0.00040584681137798717,13.48467663828169,0.6401928785255278,1800,0.7026067923539183,0.36325100011025424,0.0008103053366510515,0.0012778579850821759,846.38,0.021111111111111112,5,0,2024-08-01,7326866
1722546000000000,0.0005039875436531502,30.74858372370915,0.7374700413967052,1800,0.7676413961109932,0.37049770936667925,0.002373504464866949,0.0024548672875192024,735.0233333333333,0.017777777777777778,5,0,2024-08-01,7326866
1722547800000000,0.00048081213768585686,8.780258287052726,0.5447953238592865,1800,0.5449404336693697,0.5251233486606756,0.005613276305044046,0.0010330046007644977,1073.346388888889,0.03166666666666667,5,0,2024-08-01,7326866
1722549600000000,0.0005717794960929435,16.989607584326375,0.6975351584676154,1800,0.7575317772840743,0.29527682547558043,0.0016305226091547498,0.0001287788658910216,559.9205555555556,0.02277777777777778,5,0,2024-08-01,7326866
1722551400000000,0.0005001328292718425,12.714341644158363,0.6601131203641564,1800,0.7633426681072705,0.2933844064386605,0.0027524201011436267,0.0011322757659680827,644.1308333333334,0.016666666666666666,5,0,2024-08-01,7326866
1722553200000000,0.0005484256952440753,29.927984655734008,0.7073565904055614,1800,0.71482064202312,0.31874327309609607,4.654520868618839e-06,8.19849327376998e-05,684.3011111111111,0.010555555555555556,5,0,2024-08-01,7326866
1722555000000000,0.0004852106226955707,9.087949878546846,0.6851042587215637,1680,0.7499863556936115,0.2504073289452362,0.0008098143280188541,0.0013757257240609722,795.7002976190477,0.009523809523809525,5,0,2024-08-01,7326866
1725148800000000,0.0002870223257926139,19.37776035473358,0.6979263758771685,1680,0.7251834532593212,0.30085008440816496,0.0002274319747032072,0.00040407295781796915,1072.7613095238096,0.005952380952380952,0,1,2024-09-01,3920101
1725150600000000,0.0002999637153772258,29.81386146780889,0.766296120063849,1800,0.7663619261321504,0.2812134633383063,0.0011887972661439594,0.0022965035047015636,1113.4152777777779,0.0044444444444444444,0,1,2024-09-01,3920101
1725152400000000,0.0003089043348990017,29.944751416178722,0.7505279046865609,1800,0.7587180565574265,0.2893771599242102,0.004221902080876583,0.0003086346330932743,938.7938888888889,0.013333333333333334,0,1,2024-09-01,3920101
1725154200000000,0.00021711404252094938,7.553168400849301,0.601276936799113,1800,0.6943192789736071,0.20456095940618524,0.0002670296969383701,0.00044721497702016055,1205.9669444444444,0.006666666666666667,0,1,2024-09-01,3920101
1725156000000000,0.00023888483357589,17.331076986449066,0.7043775871491291,1800,0.7360183527853551,0.2608864500173027,1.7486372376751547e-06,6.788980889183005e-05,1324.5419444444444,0.012222222222222223,0,1,2024-09-01,3920101
1725157800000000,0.00026896570556838234,31.37351109080437,0.7453553309050072,1800,0.7460954753615552,0.24279754779211105,0.0021898935514439444,0.0009215826139682415,1238.4605555555556,0.01,0,1,2024-09-01,3920101
1725159600000000,0.00025610149165805705,36.072014119955504,0.7278024378628742,1800,0.727803248398714,0.3302824039301241,3.294018566468715e-06,0.00014766712656910652,1408.966111111111,0.0077777777777777776,0,1,2024-09-01,3920101
1725161400000000,0.0002505770745676993,39.22415488901455,0.7306568745842684,1800,0.7306594350114648,0.2869878681623472,0.0007769212600688968,0.0004018379232463287,1311.7697222222223,0.0011111111111111111,0,1,2024-09-01,3920101
1725163200000000,0.000275999958840281,44.71977209475213,0.7688226655896908,1800,0.769078218484693,0.3477971219761369,0.000618651846560625,0.0006746262786568868,1299.1519444444446,0.0033333333333333335,1,1,2024-09-01,3920101
1725165000000000,0.000282426112790856,23.245892921995335,0.7278686814468396,1800,0.7370911568772338,0.3975481929700485,0.0010362526045285536,0.0012072049418474506,1168.3922222222222,0.01,1,1,2024-09-01,3920101
1725166800000000,0.00031676739398347873,33.151666844218234,0.7663214634919411,1800,0.7666698747662921,0.41932410295951117,1.074122986477466e-05,2.039700282197021e-05,1045.9433333333334,0.02277777777777778,1,1,2024-09-01,3920101
1725168600000000,0.000354161025486738,12.989248748425112,0.6897109560974817,1800,0.6897141097947411,0.40444020353046084,5.693369325432407e-06,0.0005653784377873672,1074.1586111111112,0.028888888888888888,1,1,2024-09-01,3920101
1725170400000000,0.0003111085000165508,37.36165328932008,0.7681721437124325,1800,0.7719182093230246,0.27055493147361054,0.0001530368437994145,0.0020717431693474397,1094.1208333333334,0.007222222222222222,1,1,2024-09-01,3920101
1725172200000000,0.00030138506921541686,21.762360387721607,0.7381097757425925,1800,0.7589081396306538,0.20041478997046724,0.00026435971022220617,0.0004400485561881773,926.7936111111111,0.013333333333333334,1,1,2024-09-01,3920101
1725174000000000,0.00035505966516320963,33.09806404148991,0.7901518136614532,1800,0.8011945873728946,0.3710497714703107,0.0005283747281263906,0.001066900351126776,848.7344444444444,0.0077777777777777776,1,1,2024-09-01,3920101
1725175800000000,0.0003107795414043884,27.24802128761959,0.7783837538050857,1680,0.7825571871368198,0.458647512114003,2.0230999997483678e-07,5.0828533738611625e-05,1023.8982142857143,0.02023809523809524,1,1,2024-09-01,3920101
1725177600000000,0.00028097765452207675,27.89798203625984,0.7478497939751856,1680,0.7742245431585374,0.3473432996469724,0.0020968146758062467,0.0021151092378480785,1099.380357142857,0.017261904761904763,2,1,2024-09-01,3920101
1725179400000000,0.0003180677777621601,30.830521758322167,0.7531240177687987,1800,0.7567036368103897,0.3522684912673022,8.475314041533899e-05,0.000561713807791242,1005.6786111111111,0.014444444444444444,2,1,2024-09-01,3920101
1725181200000000,0.00025362103146388417,18.68808784621941,0.7067722033847047,1800,0.7250811451278714,0.32416460711055417,0.00025613590339612635,0.0008100506314077105,1387.1772222222223,0.012222222222222223,2,1,2024-09-01,3920101
1725183000000000,0.00027037146243000124,18.858238512280476,0.7018915837785232,1800,0.7529833125789738,0.3992194833405116,0.0006488270305189392,0.00014026137652589643,1021.2866666666666,0.028333333333333332,2,1,2024-09-01,3920101
1725184800000000,0.0002809577630761589,31.197059248162947,0.7163669717410267,1800,0.7289288525372202,0.3392533588767329,0.0015896879315986379,0.002614719697140777,1144.171388888889,0.015555555555555555,2,1,2024-09-01,3920101
1725186600000000,0.00027694204336370024,18.24041810920715,0.7211461099803924,1800,0.7254621284071998,0.35322260701857533,0.0006157683256087232,5.179016440925999e-06,1286.5041666666666,0.015,2,1,2024-09-01,3920101
1725188400000000,0.0002659859471117894,35.666683327134166,0.750008893856575,1800,0.7567035536675618,0.30349999435909325,2.796771865432035e-06,0.0002711410672199266,1282.0033333333333,0.008333333333333333,2,1,2024-09-01,3920101
1725190200000000,0.00023441743246992332,11.8801471978516,0.711851127089792,1800,0.7579165418484871,0.4121920948998937,0.0020522735457956243,0.00031282348408601113,1247.651111111111,0.015,2,1,2024-09-01,3920101
1725192000000000,0.0002184953827470925,10.689146667114539,0.7081556612687514,1800,0.8046056464296015,0.34236449760453525,1.5378664028342648e-05,0.00029659535574511064,1132.0252777777778,0.013333333333333334,3,1,2024-09-01,3920101
1725193800000000,0.00024388940665082408,34.46379228993868,0.7468810476912281,1800,0.7570467208418661,0.24955924333054313,0.002611992795971463,0.0009172957018434014,1265.661388888889,0.013333333333333334,3,1,2024-09-01,3920101
1725195600000000,0.00025873556626079456,38.07639785294473,0.7752978016406694,1800,0.7753077737637669,0.31966731385352365,0.00032754638739307396,0.0006199689352965887,1227.4866666666667,0.015555555555555555,3,1,2024-09-01,3920101
1725197400000000,0.0002627133278178451,31.814333661207243,0.7870220017817726,1800,0.7989770730306637,0.23857127532300948,0.0017596813592083427,0.0012180597497687407,1235.3308333333334,0.030555555555555555,3,1,2024-09-01,3920101
1725199200000000,0.00028510210637779863,45.60489722611606,0.793407332247865,1800,0.7943372671936025,0.2407959223681343,0.0002597976034752758,0.0014287840310827082,1261.9819444444445,0.052222222222222225,3,1,2024-09-01,3920101
1725201000000000,0.00023936058113240558,65.58703924998184,0.8163422677321942,1800,0.8168405574349429,0.261551313826876,0.00014780032095351725,0.0008123426095993924,1364.0047222222222,0.02388888888888889,3,1,2024-09-01,3920101
1725202800000000,0.000224648618015128,60.50941859067145,0.8147949145710796,1800,0.8170955302601991,0.3006891612696867,0.004757563421673994,0.005050099428056898,1390.638611111111,0.013888888888888888,3,1,2024-09-01,3920101
1725204600000000,0.0002425473209134881,49.323989030461426,0.8370574078396047,1680,0.8433521414750268,0.25094284417293933,2.3149757576446106e-06,2.2593637338363948e-05,1509.8270833333333,0.03273809523809524,3,1,2024-09-01,3920101
1725206400000000,0.00021971141813430733,65.83850893519777,0.8472583384852028,1680,0.8484936606505603,0.25156320478562577,9.682726505033656e-07,0.0001688783546589523,1601.1949404761904,0.026785714285714284,4,1,2024-09-01,3920101
1725208200000000,0.00019892911282838434,54.48380262286719,0.8017003585585395,1800,0.8020222682694422,0.3198837001788932,0.0012930831908505303,0.004931929454237927,1666.5333333333333,0.017777777777777778,4,1,2024-09-01,3920101
1725210000000000,0.00018346520778787006,51.73250892270481,0.7904324920355039,1800,0.7920446010412,0.2309088400593613,3.101632076618621e-06,0.0001634656509111876,1848.17,0.017222222222222222,4,1,2024-09-01,3920101
1725211800000000,0.00016070974823085014,9.315131111623494,0.7423969241255297,1800,0.8036271896967017,0.16959108488274866,1.249224123844872e-05,6.274590207078212e-06,2002.5508333333332,0.025,4,1,2024-09-01,3920101
1725213600000000,0.00019431421750146872,40.08709072650385,0.7985597450065972,1800,0.7990538674569196,0.3168493055311008,0.0004913252451911321,7.084535868329134e-05,1939.9422222222222,0.028888888888888888,4,1,2024-09-01,3920101
1725215400000000,0.00021222307752225887,31.813576784876414,0.844144425275686,1800,0.8574947893716256,0.2657419195491153,0.003913128263951515,0.002324153669090112,1721.6472222222221,0.030555555555555555,4,1,2024-09-01,3920101
1725217200000000,0.00023356337089852535,55.1554047249983,0.8267448445878883,1800,0.8294305120903566,0.24763944289700401,2.958820048970523e-07,4.088346914121743e-06,1478.2519444444445,0.02722222222222222,4,1,2024-09-01,3920101
1725219000000000,0.00022213799205203746,58.49457060442287,0.8321430822058715,1800,0.832214222295719,0.3391429602782401,0.00015864740212823136,0.000418632005740327,1539.6741666666667,0.025,4,1,2024-09-01,3920101
1725220800000000,0.00016949541213594752,7.216559052488179,0.6899992917767033,1800,0.7926718996136317,0.20079054990987233,4.639987219368091e-05,0.00027083026193119863,2226.4694444444444,0.02,5,1,2024-09-01,3920101
1725222600000000,0.00015430840280187568,26.002327688164602,0.7059669467719188,1800,0.7104918422309254,0.2620612422256805,0.0022106427630214087,0.0005141126112281347,2238.856388888889,0.011666666666666667,5,1,2024-09-01,3920101
1725224400000000,0.00018135173778823812,29.9475279631077,0.7167463823541611,1800,0.722872258044482,0.23838237804117235,1.3812976630722673e-05,0.00012205080401284096,1726.2852777777778,0.005555555555555556,5,1,2024-09-01,3920101
1725226200000000,0.00019260814936450355,11.039649793827351,0.531189958662003,1800,0.5746594710387294,0.24739206042259043,0.010050171046923517,0.012037029819664369,2164.738888888889,0.020555555555555556,5,1,2024-09-01,3920101
1725228000000000,0.0002921606169722336,20.20651899697714,0.7771060834946888,1800,0.8021511804442536,0.2154636578927912,1.693233926902682e-05,3.179436308564654e-05,1132.668888888889,0.025555555555555557,5,1,2024-09-01,3920101
1725229800000000,0.0002877816482646426,18.639846170285253,0.7436110032148472,1800,0.7775479720237403,0.2732818556711041,0.0001950873897298422,1.0612087436911999e-05,1236.6730555555555,0.043333333333333335,5,1,2024-09-01,3920101
1725231600000000,0.00029636084022372536,15.297759127755839,0.7458615524642688,1800,0.7502057888860281,0.3375853470002237,0.00041681086657707755,0.0003288211755179127,1121.1844444444444,0.024444444444444446,5,1,2024-09-01,3920101
1725233400000000,0.00030079985350330615,60.70480141867729,0.8392156404059071,1680,0.8402990131933565,0.3567505916710163,8.32120806915082e-05,5.823666431870045e-06,1125.4651785714286,0.017857142857142856,5,1,2024-09-01,3920101
1727740800000000,0.0005354749186376514,13.920944304866726,0.6204154161592224,1680,0.7250885895352921,0.3663422504022248,8.902428730372947e-05,2.1056297810573277e-05,572.3994047619047,0.23214285714285715,0,0,2024-10-01,4876936
1727742600000000,0.0006211182680533404,19.924718610183316,0.7586220292862597,1800,0.8098619903273733,0.38269327919242735,0.001194240190514173,0.001428009799644081,526.3730555555555,0.145,0,0,2024-10-01,4876936
1727744400000000,0.0005557569720871992,11.760846311542323,0.6831508749632988,1800,0.6840964338441994,0.47187973610013056,0.00039370737053590066,0.0008451928060769776,536.0086111111111,0.1638888888888889,0,0,2024-10-01,4876936
1727746200000000,0.0005860484867221803,22.812125230953473,0.7878231576436966,1800,0.8245673250224481,0.42315179528853597,4.8736306567431775e-05,3.698909865768041e-05,660.4247222222223,0.08444444444444445,0,0,2024-10-01,4876936
1727748000000000,0.0003388041424411275,5.915593424464512,0.48802483454084944,1800,0.72089209938956,0.28622583125967693,8.015917448289667e-05,0.0009371116083957132,659.4741666666666,0.13722222222222222,0,0,2024-10-01,4876936
1727749800000000,0.0005712497065015838,17.85285800482711,0.7271653926142214,1800,0.780727700560433,0.40796402154444544,0.0004967873700374437,4.794015551534692e-06,532.0438888888889,0.1272222222222222,0,0,2024-10-01,4876936
1727751600000000,0.0004626469399670603,18.957861708030986,0.7311236003118975,1800,0.789195651922701,0.38548657807473374,1.4309974982751328e-08,6.714572266974805e-06,718.9638888888888,0.13166666666666665,0,0,2024-10-01,4876936
1727753400000000,0.00037949720570591786,5.817537696404405,0.6004966557947358,1800,0.7135179005991572,0.45298952546734883,0.00041839699679857567,0.0008919422828436163,608.0597222222223,0.10888888888888888,0,0,2024-10-01,4876936
1727755200000000,0.00046237877773714546,8.757712596851846,0.6803660290592695,1800,0.7959590342075789,0.41391918153189533,8.27596588649504e-05,0.00030598869077114177,537.2486111111111,0.1238888888888889,1,0,2024-10-01,4876936
1727757000000000,0.0005800736522644093,13.921411208439523,0.658022303674535,1800,0.6945080278661561,0.4108672565460564,0.002713635166081252,0.0008440038140314909,509.655,0.13444444444444445,1,0,2024-10-01,4876936
1727758800000000,0.00030471024213791494,7.350341018607088,0.549768006362696,1800,0.6713755288806865,0.3760533792686821,0.006244814636054086,0.0012740451116605156,992.3047222222223,0.09222222222222222,1,0,2024-10-01,4876936
1727760600000000,0.00038975069310092443,7.8143513069192005,0.6488979218005448,1800,0.7032550287596651,0.3858992721589576,0.00020484918690677478,3.078898913821959e-06,804.5119444444445,0.06166666666666667,1,0,2024-10-01,4876936
1727762400000000,0.000502595781388436,12.515159209542036,0.6712938538049573,1800,0.7476775801127108,0.4183823300035565,0.00020642618400179558,1.2957747097530614e-09,615.8519444444445,0.095,1,0,2024-10-01,4876936
1727764200000000,0.0006098558411548668,16.56613735640856,0.7013049301250298,1800,0.7488170231348845,0.3303517864697185,2.1461524363997064e-05,9.086091132415319e-05,530.6161111111111,0.14722222222222223,1,0,2024-10-01,4876936
1727766000000000,0.0005277599500756958,13.18455099105721,0.6534006593516906,1800,0.7635130921940836,0.3229153367865967,0.000132304192445587,0.00010351272512465481,509.29833333333335,0.15555555555555556,1,0,2024-10-01,4876936
1727767800000000,0.0005833281558353696,12.972932691219645,0.7315972291626738,1680,0.8073845057937803,0.43676040536215255,0.0004179699464316178,0.0010247351254691894,523.0547619047619,0.16964285714285715,1,0,2024-10-01,4876936
1727769600000000,0.000609921274420289,30.464865772025597,0.7712118555106126,1680,0.7784461091178182,0.22102251411115337,0.0038185941696285974,0.003456625933439761,521.3315476190476,0.1351190476190476,2,0,2024-10-01,4876936
1727771400000000,0.0005187949285595996,11.8463994920386,0.7244735654899402,1800,0.7934832215742096,0.28939408951080736,0.0005436343555296208,3.1162892831337885e-05,585.0416666666666,0.13166666666666665,2,0,2024-10-01,4876936
1727773200000000,0.00018717694554021757,2.332488129968651,0.29098175447208663,1800,0.5541457661013504,0.4060925373105533,0.00045982589118187533,0.0011188036166746018,599.5663888888889,0.12333333333333334,2,0,2024-10-01,4876936
1727775000000000,0.0004570214807831937,8.709244269223591,0.688883765605556,1800,0.7787003205498273,0.3585966784316904,0.00034696361304786816,0.0004538328037358985,579.3011111111111,0.09388888888888888,2,0,2024-10-01,4876936
1727776800000000,0.0005708595353205046,26.50443530458564,0.7812614605819139,1800,0.7934919826710966,0.32277208233134347,0.00027824414856481017,1.305972105458686e-06,545.7972222222222,0.11222222222222222,2,0,2024-10-01,4876936
1727778600000000,0.0005378347555959039,14.630527328098168,0.7779903621897377,1800,0.8423570987560365,0.38727778660809775,0.0010306518999011471,0.00015203011159092839,555.2283333333334,0.06888888888888889,2,0,2024-10-01,4876936
1727780400000000,0.0005941230238253348,24.83989893928688,0.7905688832127638,1800,0.8208202550804449,0.36211232023078366,0.0003540225278017006,0.0005278352615419868,540.5152777777778,0.09277777777777778,2,0,2024-10-01,4876936
1727782200000000,0.00020874214434281622,2.3176161732155323,0.39073150962444436,1800,0.7245431918941917,0.29291788823320175,0.00012920020212414673,0.0010439408028726227,642.2197222222222,0.11444444444444445,2,0,2024-10-01,4876936
1727784000000000,0.0002688274272181251,4.3216959623286115,0.477681193585331,1800,0.7289278417445177,0.2251700636954148,0.0005030373004774047,0.0008490874743001253,673.5330555555555,0.0961111111111111,3,0,2024-10-01,4876936
1727785800000000,0.0001860849368042172,3.359910116203744,0.3851921414786347,1800,0.731340324759858,0.2368507936980847,0.00013735201929077068,0.00019308018766839297,672.5016666666667,0.12666666666666668,3,0,2024-10-01,4876936
1727787600000000,0.0003667474207722346,17.337406577416658,0.6311032189512169,1800,0.6869502539030259,0.2526354534029581,0.0005305571980794843,0.0017414038656001773,734.7808333333334,0.15722222222222224,3,0,2024-10-01,4876936
1727789400000000,0.0003193151722413067,6.256492955600265,0.5150808004573546,1800,0.699630598794474,0.2479401360410457,0.00046006117940156077,0.00040053214476787335,658.4919444444445,0.195,3,0,2024-10-01,4876936
1727791200000000,0.0005348647849237015,25.634602318207452,0.7574143163264877,1800,0.8022014509090525,0.2926872044128169,0.0014270376294355236,0.00028820309170562997,530.8527777777778,0.18833333333333332,3,0,2024-10-01,4876936
1727793000000000,0.00046242037265714435,11.546739390976615,0.6991054799939638,1800,0.7556923721201259,0.25023206101984596,4.182778051364799e-06,8.248861593784795e-09,560.5002777777778,0.24333333333333335,3,0,2024-10-01,4876936
1727794800000000,0.0005312717702367417,13.76933375150529,0.5649187782868248,1800,0.6712629165502475,0.2415215077678926,0.001572235041338077,0.0019286500505769633,675.1730555555556,0.39666666666666667,3,0,2024-10-01,4876936
1727796600000000,0.00045782303914307593,7.392809692145991,0.7003626421217903,1680,0.8169867707717658,0.2760787646396575,0.002310867336963729,0.006157808793175956,640.5068452380953,0.2767857142857143,3,0,2024-10-01,4876936
1727798400000000,0.0004579205184312498,19.014184632575887,0.6929755946057237,1680,0.7754822760687213,0.23820957515198615,3.828187260523919e-05,5.986500110743975e-05,630.3407738095239,0.2386904761904762,4,0,2024-10-01,4876936
1727800200000000,0.0005174272197147525,25.609787249153335,0.7580800268341693,1800,0.7906260441853179,0.21684626609122892,0.00014884799447401065,0.0006585981491031845,655.3619444444445,0.31055555555555553,4,0,2024-10-01,4876936
1727802000000000,0.0004403566779519491,6.044192034986453,0.5722473920175031,1800,0.6783809794114615,0.29275858626875406,0.004069893949610215,0.0036213109580890412,633.7336111111111,0.35388888888888886,4,0,2024-10-01,4876936
1727803800000000,0.00026125176011664616,2.020604600233071,0.37758858370076553,1800,0.7703177646151486,0.33045765334670196,1.9966732637377582e-05,4.272394577975458e-05,672.8208333333333,0.31666666666666665,4,0,2024-10-01,4876936
1727805600000000,0.000353533135466273,14.204972229674935,0.6872395206276616,1800,0.8084037760591569,0.27769240967467657,0.000626539981112173,3.1178786894403565e-05,768.6555555555556,0.24555555555555555,4,0,2024-10-01,4876936
1727807400000000,0.0005128559110204068,33.335630979571434,0.8486637288044901,1800,0.8668007096985741,0.3261448258432944,2.3237081144267258e-05,2.8816010163024153e-05,648.5522222222222,0.22777777777777777,4,0,2024-10-01,4876936
1727809200000000,0.0001674852099363993,1.6770480679934592,0.2960351312606334,1800,0.7881048434859661,0.2608969886499406,1.0053838995216502e-05,0.0003526481919585711,637.4872222222223,0.2288888888888889,4,0,2024-10-01,4876936
1727811000000000,0.0005316101201847894,27.487724470372832,0.8400661123491056,1800,0.8701869740434354,0.24804442682440853,0.00012847102169510904,2.189591306267502e-06,631.6680555555556,0.2683333333333333,4,0,2024-10-01,4876936
1727812800000000,0.00044070295346570755,8.696615432956673,0.7012631425216633,1800,0.7911226966067857,0.3132519572841195,0.0006325805879261459,9.261425158868519e-05,690.0527777777778,0.29055555555555557,5,0,2024-10-01,4876936
1727814600000000,0.0005968671719983314,9.818299294318136,0.7490739474883159,1800,0.8438042116692476,0.28370835655167237,0.0014651152267310952,0.0002857725286399271,508.4086111111111,0.3211111111111111,5,0,2024-10-01,4876936
1727816400000000,0.0001285660254346776,1.6659601056994975,0.2421873838224502,1800,0.7444657257531567,0.3305918132653568,0.00029464094306597133,0.000791495265296982,664.3936111111111,0.23722222222222222,5,0,2024-10-01,4876936
1727818200000000,0.00032720872484988547,10.795805737921718,0.6316344826299951,1800,0.6403561625015616,0.44496833227725086,0.001950808699701101,0.0026237935813769875,1534.9125,0.195,5,0,2024-10-01,4876936
1727820000000000,0.00044775671460641853,18.454954049061804,0.7165850408103291,1800,0.7767357493990084,0.48990753552051636,0.0007756826234510683,0.002423033057098789,581.5305555555556,0.18444444444444444,5,0,2024-10-01,4876936
1727821800000000,0.0005185120915581865,20.067823773217256,0.7688991008846072,1800,0.8221868239441826,0.3696762129234479,0.0007947790668461074,0.0029010440043070185,500.605,0.20555555555555555,5,0,2024-10-01,4876936
1727823600000000,0.000492119864692735,13.115147087891838,0.7404186836860054,1800,0.8317566402883734,0.31415856420001964,1.2644202227463097e-06,0.00020452266341275394,501.9377777777778,0.17666666666666667,5,0,2024-10-01,4876936
1727825400000000,9.045631070322918e-05,1.5148765515153149,0.15559435223603468,1680,0.6839768373978272,0.23995332233893463,3.6738624128451747e-06,0.000415592007941612,500.95178571428573,0.22023809523809523,5,0,2024-10-01,4876936
1730419200000000,0.0003884112496972781,23.83285086570327,0.7858558431422399,1680,0.8061573067139796,0.32975234851697555,4.5433419125773256e-06,6.328005964417738e-05,900.7345238095238,0.009523809523809525,0,0,2024-11-01,4499736
1730421000000000,0.00034976437033007294,27.07623528032716,0.7218523192028978,1800,0.7520803609923958,0.31176339720509727,0.0005921996845397182,4.943293198833576e-05,876.2777777777778,0.005,0,0,2024-11-01,4499736
1730422800000000,0.00035520283253106974,25.654371118500254,0.7426922988899757,1800,0.7763371372643856,0.33403446843908113,0.0002098145599835899,0.0007100672128543817,898.9997222222222,0.0077777777777777776,0,0,2024-11-01,4499736
1730424600000000,0.0004884807081939755,33.640637664605464,0.8036745163879955,1800,0.8061981491072181,0.25357536770844225,1.7149160314033907e-07,0.00017001405772654188,667.4394444444445,0.018333333333333333,0,0,2024-11-01,4499736
1730426400000000,0.00037239093900720733,8.062246189115545,0.6639008958209256,1800,0.7817166654277772,0.21704792084997315,0.0015827579190370589,0.00011215304874656606,664.8247222222222,0.04055555555555555,0,0,2024-11-01,4499736
1730428200000000,0.000396510513359915,32.81816760582528,0.8049222613122549,1800,0.8167809883084853,0.28545652007056643,6.0431310162534224e-05,1.1924636524884846e-05,791.6752777777778,0.017777777777777778,0,0,2024-11-01,4499736
1730430000000000,0.0003136490109121806,13.87864848967599,0.660420802189295,1800,0.742928900334546,0.28780508387159065,3.615185703387258e-05,0.0004467124065756778,1016.4383333333334,0.010555555555555556,0,0,2024-11-01,4499736
1730431800000000,0.00032858876494376723,10.596485188655006,0.6613458079281656,1800,0.7470723191213218,0.38403817759559933,1.7000578702019986e-05,0.00027938616185541054,825.5669444444444,0.006666666666666667,0,0,2024-11-01,4499736
1730433600000000,0.000366467055274864,28.877958400450744,0.8055842690281672,1800,0.8202245238410458,0.3217559574436194,0.0019417314629317506,0.0012233082504560233,877.7022222222222,0.007222222222222222,1,0,2024-11-01,4499736
1730435400000000,0.0003751944807236519,43.186831423780795,0.8098110490816393,1800,0.8101015528732712,0.37194274722895504,0.001568974221488162,0.00016182168727030266,790.2330555555556,0.006111111111111111,1,0,2024-11-01,4499736
1730437200000000,0.00033724342894007057,32.73956773484419,0.8069272775872939,1800,0.8123710688491841,0.4039753031666842,0.00033333734550167193,7.276419087265396e-07,929.2447222222222,0.009444444444444445,1,0,2024-11-01,4499736
1730439000000000,0.0003683086653666133,22.08019347245973,0.7755089367449245,1800,0.7790172625691635,0.3946320599323392,2.167706516953416e-06,7.423041889742521e-05,801.5780555555556,0.0044444444444444444,1,0,2024-11-01,4499736
1730440800000000,0.0003672912427718216,34.06683800329873,0.7752088579952373,1800,0.7865711440842356,0.3256768707074915,0.0007910321423536537,0.0009805072858156683,1022.9638888888888,0.013333333333333334,1,0,2024-11-01,4499736
1730442600000000,0.0003870560804043501,47.10075587354841,0.8050175043631473,1800,0.8052704998142687,0.28813342436529754,0.0001790819106241015,9.95551318863086e-05,814.0016666666667,0.013888888888888888,1,0,2024-11-01,4499736
1730444400000000,0.00031800677735391894,13.722076847113293,0.7711848998776338,1800,0.8141904606535836,0.23175891998260234,0.00011567457536998393,8.469144928868744e-05,925.2663888888889,0.02722222222222222,1,0,2024-11-01,4499736
1730446200000000,0.0002506994268879141,16.126382310820926,0.6937455169882865,1680,0.7798792370166036,0.25795784759625373,2.58147503792161e-05,0.00032667492577398427,1197.709226190476,0.008928571428571428,1,0,2024-11-01,4499736
1730448000000000,0.00010368861961626455,3.1526288331456724,0.34214480689177196,1680,0.6252073427425204,0.11985119399830002,2.7788070690371036e-05,0.00021595200147006555,1466.3145833333333,0.01130952380952381,2,0,2024-11-01,4499736
1730449800000000,0.0003013935574949319,24.00951976891967,0.8041720253197728,1800,0.8217251140185857,0.3028268449890419,0.0024990269910939444,0.0013095990074181163,979.6494444444445,0.011666666666666667,2,0,2024-11-01,4499736
1730451600000000,0.0002842480898809578,8.729761952921285,0.7623674893593305,1800,0.8466768306414665,0.3576712306094574,6.677482575212501e-06,2.1741643670969424e-05,955.7172222222222,0.0077777777777777776,2,0,2024-11-01,4499736
1730453400000000,0.0003420499531147952,41.1744169890448,0.8215407948348921,1800,0.8223240074919996,0.3362255174342449,0.0006712877303416409,0.0016437682569154788,960.2205555555555,0.008888888888888889,2,0,2024-11-01,4499736
1730455200000000,0.00021144015667046251,3.2358098928981462,0.542808547928604,1800,0.7568163649953537,0.3163875886027554,8.115865575175629e-05,1.9060716419661006e-06,955.3822222222223,0.010555555555555556,2,0,2024-11-01,4499736
1730457000000000,9.770334985031613e-05,2.005855879097657,0.337441279871293,1800,0.710619078077372,0.31017507906864195,0.0009344866525058393,0.0012814642397588338,1002.1333333333333,0.01611111111111111,2,0,2024-11-01,4499736
1730458800000000,0.0002912123121554993,7.960916894710914,0.6672795328087777,1800,0.7445936702860656,0.40414661540195385,4.644929831432165e-06,0.0008072568794741386,908.6122222222223,0.028888888888888888,2,0,2024-11-01,4499736
1730460600000000,0.0003522012761813469,22.998021128700337,0.7248423471359672,1800,0.7289698435192262,0.3858207461429284,0.0011451196706430133,8.59389370994057e-05,1042.0961111111112,0.02,2,0,2024-11-01,4499736
1730462400000000,0.00019998445499417062,3.97127543580628,0.47652327297817565,1800,0.707390066193105,0.18797608118107478,8.509685327062755e-06,0.0004797172531282312,1001.3947222222222,0.019444444444444445,3,0,2024-11-01,4499736
1730464200000000,0.00040585338418301035,26.325646752097388,0.8022122474619745,1800,0.8167127259388121,0.24994388866163675,0.0002356931473845858,0.00011980485316609446,836.0219444444444,0.05444444444444444,3,0,2024-11-01,4499736
1730466000000000,0.00022006015948848373,8.6154077439116,0.6274869976268016,1800,0.7814106950467802,0.209309492641385,0.0005578288483238936,8.096052545669696e-05,1071.536388888889,0.016666666666666666,3,0,2024-11-01,4499736
1730467800000000,0.0003954973574445556,38.41604578616029,0.7874801336154313,1800,0.8058227998328285,0.34410176614216803,1.9141017338908384e-06,4.2405539302681206e-05,818.2363888888889,0.058333333333333334,3,0,2024-11-01,4499736
1730469600000000,0.00041219909842901535,14.376090367917628,0.7536734559018549,1800,0.8422672201868938,0.2625004142492935,2.9965457740699364e-06,5.777950759289219e-06,690.0158333333334,0.06944444444444445,3,0,2024-11-01,4499736
1730471400000000,0.00042950805698996564,19.87997201143379,0.7622910176972271,1800,0.7871322507334542,0.3394682433607371,0.0030248325487174377,0.0010380178804019202,742.875,0.058333333333333334,3,0,2024-11-01,4499736
1730473200000000,0.00038420793854887264,16.514025424862986,0.7269802217723124,1800,0.7966328914437552,0.17810096892050997,0.00026414035788080437,9.011292627647549e-07,861.2294444444444,0.03333333333333333,3,0,2024-11-01,4499736
1730475000000000,0.00038300596284647704,10.956308860586862,0.7038782758653932,1680,0.8106608700387812,0.2390578000136384,9.372902369175762e-05,3.450017353801016e-06,784.1092261904762,0.14642857142857144,3,0,2024-11-01,4499736
1730476800000000,0.00039647230794620926,29.836262488025657,0.8211340990612591,1680,0.863708580617271,0.23254423530453094,8.74814722403583e-05,2.7576872692502974e-05,824.7627976190477,0.09761904761904762,4,0,2024-11-01,4499736
1730478600000000,0.00037765589993566057,16.704967042811077,0.8332807270641792,1800,0.8579395684119098,0.19325100736523682,0.00020556434044061156,7.277919341608374e-05,788.9933333333333,0.052222222222222225,4,0,2024-11-01,4499736
1730480400000000,0.00037186316538544595,52.21351263806621,0.8513831272949336,1800,0.8526021358924103,0.3660602028259353,0.00010381601318865119,0.0003725386203194958,801.6766666666666,0.04388888888888889,4,0,2024-11-01,4499736
1730482200000000,0.0003373753806616722,24.849292188565727,0.8019183659278,1800,0.8316682715886848,0.32311083169655297,0.0010363521384747498,0.0017280942385392573,816.0138888888889,0.023333333333333334,4,0,2024-11-01,4499736
1730484000000000,0.0003157515024598855,8.861379779020744,0.5954708854103263,1800,0.6738515143963928,0.2188500655781369,1.3437816976380468e-05,0.00011443305221314759,788.3355555555555,0.04,4,0,2024-11-01,4499736
1730485800000000,0.00030624467349989215,10.69271909078224,0.7412358220263067,1800,0.7445844413042204,0.41643400212698023,0.000445022147446017,0.0012189115508913773,1013.3330555555556,0.02388888888888889,4,0,2024-11-01,4499736
1730487600000000,0.0003649063000623522,9.41481789417946,0.7761274922195619,1800,0.8474714152963344,0.20093206208392178,0.002266564337583099,0.00012221560150649236,741.8241666666667,0.04611111111111111,4,0,2024-11-01,4499736
1730489400000000,0.0004201189774875794,44.23689693120205,0.8388451651550133,1800,0.8416702683060902,0.3453241001396091,0.003454471706064277,0.002105489291883922,692.5847222222222,0.04833333333333333,4,0,2024-11-01,4499736
1730491200000000,0.00037356939396545084,22.585599274423767,0.8155541310882488,1800,0.8292538747276315,0.3607684506599703,0.006018203013980372,0.0026448109992319724,826.6955555555555,0.02277777777777778,5,0,2024-11-01,4499736
1730493000000000,0.00035548643408948833,22.811826072357043,0.7644887980521389,1800,0.7701076925268127,0.32111227781198803,3.660764497537272e-06,0.00010287771381056743,872.025,0.01611111111111111,5,0,2024-11-01,4499736
1730494800000000,0.0003271351884649822,8.399246580920048,0.5478102105545002,1800,0.6639600484688858,0.32521004948536614,0.00022648969587235612,0.00012976390659513726,825.4875,0.05,5,0,2024-11-01,4499736
1730496600000000,0.0001993720874932537,4.123803486068215,0.41860475424096144,1800,0.4919625409758761,0.5452946110773758,0.003577479074605927,0.001425185575492982,1372.9244444444444,0.03833333333333333,5,0,2024-11-01,4499736
1730498400000000,0.0003789801219093223,7.224804227068869,0.6351664614708146,1800,0.7257828814768723,0.3104689953903783,0.00444067149158911,0.0008476522971985201,790.6052777777778,0.035555555555555556,5,0,2024-11-01,4499736
1730500200000000,0.00037814196621751607,19.21098302899043,0.7391042896167859,1800,0.7834083000727108,0.3488370604018187,0.001813904494902041,0.0005928796594956154,811.1044444444444,0.02277777777777778,5,0,2024-11-01,4499736
1730502000000000,0.000346319199364359,10.226417218656692,0.696705577470722,1800,0.7622327016221455,0.373283199342899,6.479599562658755e-05,0.00015159014282317695,1009.5291666666667,0.020555555555555556,5,0,2024-11-01,4499736
1730503800000000,0.000403014710432913,8.096347819802286,0.6675191575738182,1680,0.7539345115470736,0.219740794734254,0.0007593540426732437,0.00023385410935050643,759.9318452380952,0.01369047619047619,5,0,2024-11-01,4499736
1733011200000000,0.0010744919221390714,12.128815023127201,0.5189612621856527,1680,0.6359777115463402,0.3038151744959796,7.971481006729952e-06,0.0012128746406236957,382.64434523809524,0.3464285714285714,0,1,2024-12-01,6808434
1733013000000000,0.000652228630894856,5.463907238494469,0.4179794417806564,1800,0.5518898997991688,0.2788991716360627,0.0006876280450869299,0.00027278597954694117,904.8794444444444,0.2927777777777778,0,1,2024-12-01,6808434
1733014800000000,0.0008109199077725254,6.203913536277812,0.485592968285227,1800,0.6072345182455603,0.34870155724273044,0.0006714807624911279,0.00032767491786245273,556.34,0.21222222222222223,0,1,2024-12-01,6808434
1733016600000000,0.000402854504628333,4.368696777069932,0.39061447102725055,1800,0.5973732198228794,0.37061386528076634,0.0004096559663381294,5.125969253716445e-05,676.4405555555555,0.11666666666666667,0,1,2024-12-01,6808434
1733018400000000,0.001002340710058844,14.273785031214716,0.6324230980147607,1800,0.6974443988363157,0.29256748938446286,2.325668191605068e-05,0.0001346179790432389,588.27,0.19666666666666666,0,1,2024-12-01,6808434
1733020200000000,0.0007434731924264081,11.247695193362492,0.5686723558855471,1800,0.6736924863855311,0.35444193835454085,3.862497090467709e-05,0.0005278599284993524,619.4488888888889,0.17722222222222223,0,1,2024-12-01,6808434
1733022000000000,0.0006515738040214198,12.02928032510021,0.5918734780498446,1800,0.6737683696980494,0.37763887478821245,5.930771081241737e-06,0.0002972503759514078,880.7525,0.07888888888888888,0,1,2024-12-01,6808434
1733023800000000,0.0006924964264656561,30.545516572160924,0.745480407569143,1800,0.7637985972631967,0.30110754083121505,0.0019406779330153334,0.0021286781725433634,895.2691666666667,0.028333333333333332,0,1,2024-12-01,6808434
1733025600000000,0.0006668936635047418,15.813227929844238,0.6520768339200126,1800,0.711797427596264,0.3696076485575712,2.227006103028284e-05,0.0002300028600767945,953.3416666666667,0.07444444444444444,1,1,2024-12-01,6808434
1733027400000000,0.0005534279533081203,7.641663622279694,0.5620770597361633,1800,0.6895870017442476,0.30549987289741687,0.003601222809466287,0.0034187362166627766,829.5294444444445,0.06277777777777778,1,1,2024-12-01,6808434
1733029200000000,0.0008624439938029872,5.6597080941767315,0.3886974984084067,1800,0.4174373340112145,0.6322529504608375,0.0024702651549092236,0.0003851243332214649,711.4394444444445,0.075,1,1,2024-12-01,6808434
1733031000000000,0.0009620920743348219,9.986234240470763,0.5693545924849039,1800,0.6053027615636809,0.5100758272318304,0.00026750970229050264,6.3730597839040115e-06,623.0477777777778,0.06055555555555556,1,1,2024-12-01,6808434
1733032800000000,0.0006467983618005473,8.23036812152344,0.5746890721925786,1800,0.6854974191782266,0.27013423604519426,0.005779379131877205,0.0023258790802790363,645.7486111111111,0.05333333333333334,1,1,2024-12-01,6808434
1733034600000000,0.0007008166772604633,9.070715567560283,0.588444024617164,1800,0.732185305699375,0.2020027525582837,0.0008325035823523175,0.0011899013414511384,573.5386111111111,0.035,1,1,2024-12-01,6808434
1733036400000000,0.0008593265905047039,9.022810905960126,0.6897025960787388,1800,0.7748762947416505,0.29011253635350864,0.0007619802650923324,0.001139990126378776,481.3175,0.03666666666666667,1,1,2024-12-01,6808434
1733038200000000,0.0004200152214819034,4.1044362059767225,0.4071233148972401,1680,0.5852653139129353,0.2557985240175761,0.001258054856641433,0.012851405946245897,730.745238095238,0.03630952380952381,1,1,2024-12-01,6808434
1733040000000000,0.0006306828649310486,10.208326472879135,0.5456868277956572,1680,0.6162840332751985,0.37915967890834223,0.0005903131370141868,4.723098766534761e-07,1300.3434523809524,0.10654761904761904,2,1,2024-12-01,6808434
1733041800000000,0.0007233760177339861,13.306340417575898,0.6103841838166695,1800,0.7367669161759701,0.3073381230469152,5.239927103550812e-05,8.426982978093633e-08,952.9125,0.10888888888888888,2,1,2024-12-01,6808434
1733043600000000,0.0006925986081461885,4.72738065066653,0.49173737767124404,1800,0.6379984809723804,0.3698853527936288,5.198778102566415e-06,0.000638963212291288,550.9619444444445,0.0661111111111111,2,1,2024-12-01,6808434
1733045400000000,0.0007903482261833245,5.9870525127694245,0.5465131973651689,1800,0.5767791632522383,0.5221984640677559,0.00017017951791109542,2.296686379887891e-05,703.6441666666667,0.044444444444444446,2,1,2024-12-01,6808434
1733047200000000,0.0007147448426101143,11.211398215712107,0.6711493532071983,1800,0.7488771878460593,0.15326884093291615,0.00017265233643692923,1.932423246198134e-05,627.0366666666666,0.02722222222222222,2,1,2024-12-01,6808434
1733049000000000,0.0006202345712348448,8.253893494169848,0.5956682005841276,1800,0.7162758142887113,0.2763498750310258,0.00048418856537579824,0.00019980307001865594,725.5111111111111,0.03833333333333333,2,1,2024-12-01,6808434
1733050800000000,0.0007100782101486752,16.523518334097908,0.5477064289281398,1800,0.6245021952572287,0.42982952576767786,0.0017969313418411126,0.0005867375873648273,601.2230555555556,0.051111111111111114,2,1,2024-12-01,6808434
1733052600000000,0.0007024647404915259,7.404983677540862,0.6056393381827265,1800,0.7210465463247046,0.2925827610593349,0.0005134193001596898,0.00021355120935917515,659.2697222222222,0.05333333333333334,2,1,2024-12-01,6808434
1733054400000000,0.0007441940168463002,7.755139889483612,0.646554497103651,1800,0.7477894821183338,0.283501752960427,0.0007187005195762319,0.00048131653294747334,588.2625,0.04666666666666667,3,1,2024-12-01,6808434
1733056200000000,0.000981514412274706,15.793373114879005,0.6557497751717356,1800,0.6812289507336479,0.40216422461515045,0.0028638788980024366,0.004171948944864945,586.0152777777778,0.08333333333333333,3,1,2024-12-01,6808434
1733058000000000,0.0009639892388821846,16.229494687969964,0.6924186420724701,1800,0.7538339276388666,0.3533375076138211,0.0017652613956838925,0.0007693907556086677,500.0780555555556,0.13,3,1,2024-12-01,6808434
1733059800000000,0.0007584051337267989,7.2744274798309485,0.5262188033472028,1800,0.7025499676198981,0.34290038348478924,6.482688948583615e-05,0.0014662148737643044,482.705,0.12944444444444445,3,1,2024-12-01,6808434
1733061600000000,0.0010358216253987553,19.424529559426105,0.6675497863783111,1800,0.7348431265430477,0.30210329237424105,0.00010416077637498411,5.887106234214734e-05,520.945,0.07666666666666666,3,1,2024-12-01,6808434
1733063400000000,0.0009587279123362889,8.215492566168342,0.6206993050289062,1800,0.7471852898374582,0.3788751864492753,7.55956389042467e-07,0.001296276453952916,469.5883333333333,0.06444444444444444,3,1,2024-12-01,6808434
1733065200000000,0.0005028334022433014,7.502037005608787,0.40793430339653913,1800,0.6006209287174354,0.22171881924537684,9.871024184260335e-06,0.00014483521204244898,587.0297222222222,0.06055555555555556,3,1,2024-12-01,6808434
1733067000000000,0.000977493626834919,9.009991567439712,0.5788679985873438,1680,0.7127170151168474,0.2827808029479253,7.898370964043444e-06,0.001963771174724682,395.6645833333333,0.0744047619047619,3,1,2024-12-01,6808434
1733068800000000,0.0006260425154441425,4.802670086815762,0.3930692014395063,1680,0.605920726311256,0.31618749338000074,0.0007555132275802734,0.001605263350209385,483.6955357142857,0.07857142857142857,4,1,2024-12-01,6808434
1733070600000000,0.000887147495622065,6.56261572025672,0.5712925468490804,1800,0.7207082490066977,0.2794266811032541,0.0015259434765817481,0.0003239658217693009,435.8258333333333,0.04722222222222222,4,1,2024-12-01,6808434
1733072400000000,0.0006696925304172935,5.728415240273229,0.4819183646736084,1800,0.6763121029861678,0.18746908475521684,0.00011019722316862879,0.0005105024350435805,508.2427777777778,0.06833333333333333,4,1,2024-12-01,6808434
1733074200000000,0.0008579313582560476,8.198580004146512,0.6418101394855684,1800,0.7596854572308863,0.33825728710479397,1.1321842273703808e-05,4.866570057060482e-05,590.0125,0.051111111111111114,4,1,2024-12-01,6808434
1733076000000000,0.0009842050422191422,16.634817195232667,0.7174830899881659,1800,0.755918000950969,0.3836691982287568,6.758009558394118e-05,0.0006346096139987489,598.7575,0.03833333333333333,4,1,2024-12-01,6808434
1733077800000000,0.0009824685436340204,18.578965931140896,0.7159209997751368,1800,0.7562366844413615,0.3948427690803741,0.00010387391937172197,0.0006734085479991325,568.8008333333333,0.03777777777777778,4,1,2024-12-01,6808434
1733079600000000,0.0008114511944033694,9.0619599747013,0.5589445775984412,1800,0.6705505257051596,0.364926792869511,0.0033112206620785622,0.00118095321552536,569.9008333333334,0.03888888888888889,4,1,2024-12-01,6808434
1733081400000000,0.00046817888080764386,3.6393668832001382,0.42982597088882113,1800,0.7392376345887606,0.22853321227863832,0.0031864385157860386,0.0011591434998320382,480.05694444444447,0.04055555555555555,4,1,2024-12-01,6808434
1733083200000000,0.0007966940447480992,15.599071217615439,0.6740699481847265,1800,0.75981322753337,0.250126759962813,0.002394401591725992,0.00017616486174687473,623.8855555555556,0.07111111111111111,5,1,2024-12-01,6808434
1733085000000000,0.0007644264733121579,10.352949520326838,0.6504487016222475,1800,0.7718181064077021,0.24670688639050942,0.0002522657324092181,0.00010873455270332677,607.4819444444445,0.042222222222222223,5,1,2024-12-01,6808434
1733086800000000,0.0008676866828368528,15.326680078725767,0.7192199556905168,1800,0.7805855959672322,0.31990088430762875,0.0007247203727269724,0.0001404303447121169,592.2941666666667,0.03222222222222222,5,1,2024-12-01,6808434
1733088600000000,0.0007786905570383238,14.568891176364067,0.7113890854826718,1800,0.7783591360422504,0.30731913615605355,1.1508660285541872e-05,0.0014670356479846713,606.6555555555556,0.027777777777777776,5,1,2024-12-01,6808434
1733090400000000,0.00012458848761802283,3.0897711787086277,0.16115928865432538,1800,0.4766181166561625,0.2430317125114535,0.0028406998935404104,0.001348355376962651,1400.9986111111111,0.04111111111111111,5,1,2024-12-01,6808434
1733092200000000,0.000619939724338434,9.759523213452132,0.4369481790326527,1800,0.5268011343114533,0.33599884898514953,1.5289479149527274e-05,0.000752872038176311,1407.2919444444444,0.08388888888888889,5,1,2024-12-01,6808434
1733094000000000,0.0007981239476464826,7.1906892386831665,0.5956084829165698,1800,0.7372918868270628,0.22249037487009904,0.0008146053292389377,0.0008001074769179439,479.0491666666667,0.058888888888888886,5,1,2024-12-01,6808434
1733095800000000,0.0009622041142054136,10.614194920264286,0.6098957961077773,1680,0.6970519848556833,0.23249876206778253,3.8265245699053985e-05,0.00011773559994054938,470.0440476190476,0.07023809523809524,5,1,2024-12-01,6808434
1735689600000000,0.00036396359001605416,16.8892674378628,0.713707379613973,1680,0.7509971918770033,0.24195513962584847,7.801324821665734e-05,0.00019804997390426848,1140.446130952381,0.002380952380952381,0,0,2025-01-01,4002377
1735691400000000,0.0003807592867481717,17.664076032906927,0.7005875492428816,1800,0.7574094614656203,0.30703070724342285,0.0004223973971916317,2.5408520419989422e-05,876.6563888888888,0.005555555555555556,0,0,2025-01-01,4002377
1735693200000000,0.0004317630998671712,12.769950293930766,0.7461574367981579,1800,0.7560540035673775,0.36597134298018497,8.024639163028979e-05,9.211816009235818e-05,791.6961111111111,0.006666666666666667,0,0,2025-01-01,4002377
1735695000000000,0.0003308321422890289,12.003964021115952,0.6890138744182754,1800,0.7707581062747738,0.20142269715991235,0.0002693566238094469,8.199132953157218e-05,1017.5036111111111,0.0005555555555555556,0,0,2025-01-01,4002377
1735696800000000,0.0003868861963539324,13.195979040565147,0.7268559901034937,1800,0.7765992333690461,0.16912677013291366,0.00016779723995330453,0.0003115051302311489,830.7383333333333,0.0044444444444444444,0,0,2025-01-01,4002377
1735698600000000,0.00041148569077118223,35.47177601618446,0.8432494779008777,1800,0.8460512461845684,0.4197818123800313,0.0002543341234019225,0.001210047867549413,818.7788888888889,0.007222222222222222,0,0,2025-01-01,4002377
1735700400000000,0.0003206898514940878,6.325705745896179,0.6713081642969413,1800,0.7998803226713759,0.1446078715329696,0.001964140201565656,0.0006601917201474183,809.8188888888889,0.0022222222222222222,0,0,2025-01-01,4002377
1735702200000000,0.00024858779510929685,9.24759628618937,0.6148062075152702,1800,0.7363879420711605,0.19981594606355169,0.00039990158749236837,5.671973749499237e-05,1060.8358333333333,0.0011111111111111111,0,0,2025-01-01,4002377
1735704000000000,0.00034020869749259536,30.676016404556755,0.7687154715920346,1800,0.7958237320336473,0.26278899750698026,0.004240838879378428,0.00203323402346689,955.81,0.0044444444444444444,1,0,2025-01-01,4002377
1735705800000000,0.0003357108383820739,45.44531031327264,0.785086804414513,1800,0.791395691585404,0.296341256354242,0.0006669565939523281,0.00073692469015052,985.3091666666667,0.002777777777777778,1,0,2025-01-01,4002377
1735707600000000,0.00023107085255055256,7.161259195474263,0.5749470211657943,1800,0.784803769591897,0.17007526120275052,1.6204648589646098e-06,9.553029784248324e-05,1046.0580555555555,0.0022222222222222222,1,0,2025-01-01,4002377
1735709400000000,0.00032537621736785554,17.234308587970297,0.6630316365214595,1800,0.7276612037809607,0.1407533831448411,0.0001944323462037545,0.0039071969998552,809.9197222222223,0.005,1,0,2025-01-01,4002377
1735711200000000,0.0003769262061433462,45.71455929169789,0.7914642836538962,1800,0.7968565006900367,0.292719164038479,0.0005001303909487609,0.0004720337837441635,808.5330555555555,0.0005555555555555556,1,0,2025-01-01,4002377
1735713000000000,0.00034822797622727366,19.833107170058458,0.712992005359957,1800,0.7492551842391063,0.21931720630158968,0.0002203711095565275,0.0010934113334022388,913.8677777777777,0.0011111111111111111,1,0,2025-01-01,4002377
1735714800000000,0.00038510780304036406,33.69805523588347,0.7547185701980557,1800,0.7617941406342164,0.28888623366759925,0.0007785757817305727,0.0008259074305111413,812.7527777777777,0.0,1,0,2025-01-01,4002377
1735716600000000,0.00020292844248511453,8.090732964194615,0.5933583920239252,1680,0.7634620923750748,0.1359671653448855,0.0007001313848850055,4.162734700607906e-06,1241.5440476190477,0.002380952380952381,1,0,2025-01-01,4002377
1735718400000000,0.0003168275810434898,11.129811457817876,0.7351195944827781,1680,0.7940557646000846,0.22297218262674923,0.00044179182533055084,4.9785863393103647e-05,1090.7288690476191,0.007738095238095238,2,0,2025-01-01,4002377
1735720200000000,0.00033998649390806795,11.501670488379908,0.7478450350052441,1800,0.8098534768661533,0.286431564614285,0.00234344398808084,0.0008335585548315816,932.04,0.008888888888888889,2,0,2025-01-01,4002377
1735722000000000,0.00037475905520495883,34.03278453744955,0.7730042019926123,1800,0.7943793956529712,0.23793935623605778,0.0001847704745073786,0.00039243967466273677,1017.1605555555556,0.009444444444444445,2,0,2025-01-01,4002377
1735723800000000,0.00017807809930607408,5.539180992391587,0.5277210192750941,1800,0.7420080010558319,0.13380564475809054,2.1243180356123048e-05,0.0004310830597752391,1905.9452777777778,0.007222222222222222,2,0,2025-01-01,4002377
1735725600000000,0.0002816409508660118,13.968390603866363,0.6962901013938708,1800,0.7620089452700347,0.1833448702758741,0.00040814903307240247,0.001660670170150036,1293.2936111111112,0.0077777777777777776,2,0,2025-01-01,4002377
1735727400000000,0.00030584891223713235,11.29009267914208,0.7241201795981561,1800,0.7914485614379687,0.16917840666202877,0.002139331670209299,0.0021978010994576636,1320.713888888889,0.0044444444444444444,2,0,2025-01-01,4002377
1735729200000000,0.0003204961396123232,17.329664725636093,0.7400348749454199,1800,0.8197188790923281,0.2147441505948091,0.00044525169651887797,0.0008731601621901897,951.185,0.005555555555555556,2,0,2025-01-01,4002377
1735731000000000,0.0002607288776449928,9.274713740285248,0.5958524887399903,1800,0.7141453635304416,0.2665269718259108,0.00017811962623959232,2.7465738624554703e-06,1241.3083333333334,0.007222222222222222,2,0,2025-01-01,4002377
1735732800000000,0.00013818895306383407,2.355801386492654,0.41851023269644383,1800,0.7488283601945467,0.13092688908940453,0.00020660716437714832,3.406537181449565e-06,1126.3336111111112,0.005555555555555556,3,0,2025-01-01,4002377
1735734600000000,0.00034452589227456314,32.21517469082638,0.7579461819588302,1800,0.7762425455711573,0.12681413927034624,0.0006407048856136299,4.8969728783210265e-05,1121.8822222222223,0.005555555555555556,3,0,2025-01-01,4002377
1735736400000000,0.00026634406112599767,5.632821254592952,0.611503625094823,1800,0.7758362178235321,0.1583728855457538,0.0002627031570783256,4.995690463160951e-05,1138.8916666666667,0.005555555555555556,3,0,2025-01-01,4002377
1735738200000000,0.00029899941325802864,12.249138549516033,0.7119051924266326,1800,0.7951439241940511,0.1871222088188842,0.0010902266576345854,0.0003704388221714705,1115.9944444444445,0.0038888888888888888,3,0,2025-01-01,4002377
1735740000000000,0.0003567086694400393,45.830116347545804,0.826782074528443,1800,0.8357917704834308,0.17072434407860304,0.000515213124309466,0.00023752266694487822,1082.3972222222221,0.008333333333333333,3,0,2025-01-01,4002377
1735741800000000,0.0003395744177270098,41.60797445116557,0.7932827988334707,1800,0.809263265794001,0.156865221367111,3.2555146001200796e-07,4.1223588131966693e-07,1070.7969444444445,0.013888888888888888,3,0,2025-01-01,4002377
1735743600000000,0.00036922532249148186,51.559314566152686,0.7990897175111935,1800,0.806641272127124,0.14894134208110477,8.094360105859177e-05,2.6237556804975526e-07,923.1252777777778,0.0044444444444444444,3,0,2025-01-01,4002377
1735745400000000,0.0003869073174182678,57.06668104530771,0.8427190758177379,1680,0.8458382242405614,0.22806535894890267,1.3940870380313442e-07,1.1680714925521585e-05,910.1455357142858,0.009523809523809525,3,0,2025-01-01,4002377
1735747200000000,0.000364720716054148,47.506921527938616,0.8349256450820765,1680,0.8421669442939226,0.28815956426949296,0.0003275001779968756,0.00012562723550235688,945.8571428571429,0.01369047619047619,4,0,2025-01-01,4002377
1735749000000000,0.0003847845637423917,49.85260145821537,0.8394071669144963,1800,0.8403340316071102,0.19374118991969902,0.0003193469014667327,0.00030325703917777336,917.5047222222222,0.006666666666666667,4,0,2025-01-01,4002377
1735750800000000,0.00038488414726159,57.28211337598261,0.8405118018637858,1800,0.8450650760957773,0.2254801592483774,8.843811140080149e-06,7.01915646547091e-05,813.2402777777778,0.0044444444444444444,4,0,2025-01-01,4002377
1735752600000000,0.0003480786043900069,20.16571388927739,0.7771056825056732,1800,0.8120635961431943,0.2224705722842446,0.00012845196740862708,0.00014942412817786632,890.9444444444445,0.0033333333333333335,4,0,2025-01-01,4002377
1735754400000000,0.0004062582991973134,22.99992631965277,0.7836102833000863,1800,0.8193190814329127,0.16076754716525066,0.0005333116705592555,0.0002221710865593085,846.4622222222222,0.002777777777777778,4,0,2025-01-01,4002377
1735756200000000,0.0002165981795647958,4.296846018297309,0.4605549693743225,1800,0.7807758149767847,0.13021262413961754,9.671916142606207e-05,0.0007880167240706948,765.2930555555556,0.009444444444444445,4,0,2025-01-01,4002377
1735758000000000,0.0005333766419769263,53.50682549000449,0.8262814251952002,1800,0.8347389041760551,0.21455575129884463,0.002441380611572286,0.002765068547295857,617.9119444444444,0.006666666666666667,4,0,2025-01-01,4002377
1735759800000000,0.00046388579312482356,15.254375931520407,0.7606234073934718,1800,0.8263189811497357,0.14661979137609327,0.00010770110448310444,0.00022606429539806516,707.8947222222222,0.019444444444444445,4,0,2025-01-01,4002377
1735761600000000,0.0005337085281805624,52.66555732785928,0.8116942619193646,1800,0.8182776434257659,0.2307399938587945,0.0004869686870941914,0.0015307173741169189,649.3569444444445,0.005555555555555556,5,0,2025-01-01,4002377
1735763400000000,0.0005144819364796313,46.32626702548618,0.7964631849483221,1800,0.8025520418807804,0.22348171872363454,0.002536597644525851,0.0012571051673471167,675.9516666666667,0.005,5,0,2025-01-01,4002377
1735765200000000,0.00044517364391747066,14.452195999406195,0.7209399848169982,1800,0.7850927559121691,0.22795416717888517,5.7039837269345917e-05,2.8314284681529855e-05,933.3575,0.006666666666666667,5,0,2025-01-01,4002377
1735767000000000,0.00043359869799401864,9.215059203663689,0.6856831876665566,1800,0.7645819992248817,0.2420672632488854,0.0011969402757654457,0.0020387625572799717,697.8441666666666,0.0033333333333333335,5,0,2025-01-01,4002377
1735768800000000,0.0005414402599756284,16.022475695435187,0.7113985844594454,1800,0.7531223364823411,0.3115070614423605,6.00924941381864e-05,0.000443199547218609,817.7441666666666,0.005,5,0,2025-01-01,4002377
1735770600000000,0.00017778074464903793,1.580744803840962,0.08103189779323927,1800,0.18873098184206027,0.8589655258157192,7.630701136074336e-06,0.0001281938299555474,1551.1652777777779,0.010555555555555556,5,0,2025-01-01,4002377
1735772400000000,0.00023778648674196455,14.171434864021133,0.6726768592270354,1800,0.7335063791688927,0.1373371897781147,0.0005341045695795854,0.0007862345436870921,2365.156388888889,0.002777777777777778,5,0,2025-01-01,4002377
1735774200000000,0.0003295925258741216,32.35083345298526,0.7747352953184625,1680,0.7861727230619902,0.3075289193679681,0.00034361727507525863,0.0004224391837754915,1337.5541666666666,0.0011904761904761906,5,0,2025-01-01,4002377
1738368000000000,0.00031031616292429427,4.086412896062357,0.48057630094818293,1680,0.7378039550694289,0.20135868846296234,0.0002674103053016408,0.0009191091939719787,647.2345238095238,0.007738095238095238,0,1,2025-02-01,3678390
1738369800000000,0.00042026025543820877,10.537837410826887,0.6476778705007737,1800,0.7682953046570227,0.21205229846790807,0.0001762365507940178,0.0002571798378938617,828.0338888888889,0.006111111111111111,0,1,2025-02-01,3678390
1738371600000000,0.0004040412443218033,13.53657614478421,0.6860293858905127,1800,0.777852862398815,0.2877133456781924,0.0003285248083996217,0.00017907951963325175,867.1208333333333,0.006666666666666667,0,1,2025-02-01,3678390
1738373400000000,0.0005064740564630564,22.26134836844956,0.6990385183020227,1800,0.7254125996588424,0.13843656972913,0.0003765925092029665,2.2384281489706837e-05,763.1722222222222,0.008888888888888889,0,1,2025-02-01,3678390
1738375200000000,0.0005584456022811855,25.555395353451296,0.7774693495057101,1800,0.8026336435925663,0.20516215952218664,0.0028483240406828036,0.0017950874414743856,710.5261111111112,0.006111111111111111,0,1,2025-02-01,3678390
1738377000000000,0.0005545833590068721,20.686167729165795,0.7554848930191356,1800,0.8100646918501697,0.2926510238890806,5.929097863432986e-05,0.00028055457175357734,620.2397222222222,0.0044444444444444444,0,1,2025-02-01,3678390
1738378800000000,0.000482970724457118,15.191458026050498,0.7250923347796407,1800,0.8190531112086263,0.24316602482303995,5.345862587824435e-05,0.00014068047502091563,674.8702777777778,0.0044444444444444444,0,1,2025-02-01,3678390
1738380600000000,0.0002299351521451368,4.660554757285269,0.3282122325800392,1800,0.45093513792370765,0.3952079215702833,4.727309254526357e-05,0.00010820524259758102,907.9319444444444,0.0033333333333333335,0,1,2025-02-01,3678390
1738382400000000,0.00048662382925848143,14.471551474474172,0.6905780844194545,1800,0.7652852168468429,0.25626113536155015,3.000356092131007e-05,0.00018260428214322832,690.5180555555555,0.01,1,1,2025-02-01,3678390
1738384200000000,8.271107109662509e-05,4.417147115488934,0.23343854517609064,1800,0.6298492828033416,0.2946185205935412,7.669938673071641e-08,3.7939983460910653e-05,704.5094444444444,0.0022222222222222222,1,1,2025-02-01,3678390
1738386000000000,0.0005479373540730442,22.91560818702097,0.7351611499214841,1800,0.7762629052869991,0.24760941675714565,0.0019428211528065287,0.0011968410265724705,597.1758333333333,0.0038888888888888888,1,1,2025-02-01,3678390
1738387800000000,0.0005613336568630023,15.259727651190804,0.7544589254545332,1800,0.8043968523546247,0.29936587588304664,0.0008786261376817484,0.0007981892034987226,597.2244444444444,0.0022222222222222222,1,1,2025-02-01,3678390
1738389600000000,0.0004528393833511223,17.16505844427525,0.7031711150952877,1800,0.7534865907270295,0.14244317946137752,1.5188590330450502e-05,7.120601386079173e-06,819.5180555555555,0.0016666666666666668,1,1,2025-02-01,3678390
1738391400000000,0.0003532864580598044,9.46871319201618,0.6259803693042827,1800,0.735168920529911,0.20789134122494024,0.00025797816543493557,0.0002655846990082811,749.9272222222222,0.005555555555555556,1,1,2025-02-01,3678390
1738393200000000,0.0003103265452114077,6.83870346666925,0.5775878756934174,1800,0.7471577156400343,0.22843640293308254,9.183573364990316e-06,0.00015939852522472986,701.6561111111112,0.002777777777777778,1,1,2025-02-01,3678390
1738395000000000,0.0003369031560428652,8.918224557946557,0.661359600936044,1680,0.746512075627269,0.3192863247671236,0.00033476216939376524,0.00017072736911105668,813.23125,0.002976190476190476,1,1,2025-02-01,3678390
1738396800000000,0.00021017510339660812,4.405050517227263,0.48358016326175246,1680,0.6367941787892589,0.22338208942793458,8.730204642781736e-05,0.0004934736400484807,1213.7041666666667,0.016666666666666666,2,1,2025-02-01,3678390
1738398600000000,0.0002665718427618048,8.858201161304724,0.5611360015444755,1800,0.7062018786261516,0.13671923397127872,0.0006389800535946399,0.00020943001414552853,1147.1741666666667,0.017222222222222222,2,1,2025-02-01,3678390
1738400400000000,0.00021421303426134532,5.812711613841499,0.49286022204138813,1800,0.7293487302491913,0.15195218049844217,3.3673938082401378e-09,0.0008410283071768054,1102.9925,0.010555555555555556,2,1,2025-02-01,3678390
1738402200000000,0.00029548469870331145,9.9145664719268,0.5721967687063876,1800,0.6917062876563271,0.1922664562739942,0.0009361450460492193,0.0002236346106967435,989.4394444444445,0.025,2,1,2025-02-01,3678390
1738404000000000,0.0003060869617644462,12.242185617979453,0.6226984790067163,1800,0.6947945739588361,0.3839272857511158,0.0003755943937386874,0.0003187652508447325,1211.3783333333333,0.011111111111111112,2,1,2025-02-01,3678390
1738405800000000,0.00029935039746818135,34.978794864880186,0.7284756598637083,1800,0.7396665561801634,0.2949432000854352,0.0003574228748117747,1.093775875871117e-06,1398.8702777777778,0.012222222222222223,2,1,2025-02-01,3678390
1738407600000000,0.00030445175323221517,18.943102785517752,0.7343580611071081,1800,0.7791235766152791,0.23829589294297537,0.00012776291820504326,9.009257831982254e-07,1053.0244444444445,0.0077777777777777776,2,1,2025-02-01,3678390
1738409400000000,0.00033232778755064757,19.089680967602156,0.715000008402976,1800,0.7535902533508655,0.30159431173467044,1.8783791726373344e-05,3.483748173671586e-05,1057.3238888888889,0.010555555555555556,2,1,2025-02-01,3678390
1738411200000000,0.00035834451667017254,30.741452976495708,0.7893385687112698,1800,0.8052875858836052,0.28374795703940126,0.0032942288634361105,0.0026260655047979364,930.3183333333334,0.0077777777777777776,3,1,2025-02-01,3678390
1738413000000000,0.00037531874392037737,19.621679244274638,0.7698713458627722,1800,0.7752920170553299,0.3289631560639682,0.0008166601651188321,0.0010139282452257259,937.5847222222222,0.006111111111111111,3,1,2025-02-01,3678390
1738414800000000,0.0003111958046188193,33.074549219379364,0.7947412591105494,1800,0.7973831879616414,0.3494466538484211,0.0004903544732292042,0.0003161584482546109,1117.4033333333334,0.005,3,1,2025-02-01,3678390
1738416600000000,0.0002534324241023366,19.039163835415465,0.500542415785118,1800,0.5117735307932925,0.27514382791939795,6.830047699601938e-05,9.062594336728402e-05,1188.555,0.007222222222222222,3,1,2025-02-01,3678390
1738418400000000,0.0002754684080051246,14.89020922944673,0.7019755859986414,1800,0.7795373060228437,0.277281390618776,0.0007495353405383431,4.2615128093004273e-07,1074.3058333333333,0.008333333333333333,3,1,2025-02-01,3678390
1738420200000000,0.0002834573168498395,4.849516552327518,0.5606566327977369,1800,0.6193267146051,0.36210124073341565,0.0007450604810497197,0.00033161212232868387,1009.6902777777777,0.015,3,1,2025-02-01,3678390
1738422000000000,0.00024916642092216577,16.373289561988937,0.6341746875741814,1800,0.6517086741279021,0.3638178177710094,0.000300682397059826,0.0002960442079037451,1340.5475,0.02,3,1,2025-02-01,3678390
1738423800000000,0.00026954206162774333,29.071848246195927,0.7597594588059475,1680,0.7817178649299135,0.2811230346576875,0.0002178733118741727,0.00017910365914464155,1040.3791666666666,0.007738095238095238,3,1,2025-02-01,3678390
1738425600000000,0.000281233866662579,22.487759572898344,0.7552042309937104,1680,0.8015700440505465,0.2086477030988405,0.002703238013748499,6.281793687112902e-05,1061.5675595238095,0.01011904761904762,4,1,2025-02-01,3678390
1738427400000000,0.00030413410134667174,51.44383114541915,0.8016557574846789,1800,0.8111601077242399,0.2268022026833656,0.003445327357486372,0.0025777912013353887,930.7894444444445,0.005,4,1,2025-02-01,3678390
1738429200000000,0.00027215832557761054,19.501106978684255,0.7523412990088332,1800,0.7925501111711988,0.21056834802109436,2.927200312652367e-05,1.4010087076021804e-06,1073.1583333333333,0.01,4,1,2025-02-01,3678390
1738431000000000,0.0002945760964221139,56.25605064317055,0.8186882647469479,1800,0.8206251439837591,0.30089383483702226,0.0026929203035395144,0.002401999912748476,1077.8002777777779,0.0044444444444444444,4,1,2025-02-01,3678390
1738432800000000,0.00027536761930830586,44.096298293032376,0.8096285350455453,1800,0.8105794571823408,0.3246279312982011,0.0003633641652878161,0.00015534023898344795,1182.5897222222222,0.0077777777777777776,4,1,2025-02-01,3678390
1738434600000000,0.00024275031232062842,34.4721628017502,0.7295651111349933,1800,0.7460869842739305,0.1599102913944016,0.0002500093980620788,8.094552353699047e-05,1236.3544444444444,0.017222222222222222,4,1,2025-02-01,3678390
1738436400000000,0.00025025239327104286,30.019064498982317,0.761153747210266,1800,0.7856389906745231,0.20918088692174408,0.0006543959659972565,4.245994959217736e-05,1156.456111111111,0.01888888888888889,4,1,2025-02-01,3678390
1738438200000000,0.0002656136236624658,34.85540287319874,0.7731886511681687,1800,0.782737627054767,0.18380373420756235,0.0019253402310164258,0.0015495462495515033,1207.4452777777778,0.025555555555555557,4,1,2025-02-01,3678390
1738440000000000,0.00023424510443226395,26.848837827147527,0.7563879272262791,1800,0.7885329351105524,0.1760762659726407,5.0727554996576885e-06,9.991561112920877e-07,1337.756111111111,0.026111111111111113,5,1,2025-02-01,3678390
1738441800000000,0.000271007314595779,37.2061706331239,0.7519880984594047,1800,0.7616638171846382,0.2194605107789852,0.0006598664861282577,0.00018451023695542634,1166.6808333333333,0.019444444444444445,5,1,2025-02-01,3678390
1738443600000000,0.0002384504754830506,31.376880114215258,0.6698843987491746,1800,0.6842583904496984,0.2086264837125661,0.00011490305882033702,0.00018689106486768914,1328.5880555555555,0.013888888888888888,5,1,2025-02-01,3678390
1738445400000000,0.000259824087865041,18.35636113847477,0.6922328314990411,1800,0.7297241409237983,0.27766511122119697,1.091355958648954e-05,0.00018179735619128223,1085.7966666666666,0.015555555555555555,5,1,2025-02-01,3678390
1738447200000000,0.00024381467116978015,14.87709543430442,0.6941052153283861,1800,0.7496978318847015,0.16939000900583245,0.00028046784554303095,0.0014563046983299133,1315.0794444444443,0.02666666666666667,5,1,2025-02-01,3678390
1738449000000000,0.0003317716736970862,11.761575253914932,0.5541029709686331,1800,0.5681371941344798,0.439898710261059,0.0046450901213250795,0.007626679507580225,1016.4108333333334,0.03277777777777778,5,1,2025-02-01,3678390
1738450800000000,0.00018890075402473508,4.686140671511394,0.3341772030675917,1800,0.5820436997130585,0.12942194343673985,0.000973492492567174,0.0007944150277241491,910.1480555555555,0.03722222222222222,5,1,2025-02-01,3678390
1738452600000000,0.00043308505305599253,8.787269127405656,0.5738453491254144,1680,0.6957338457697666,0.23504999426051953,6.328823116374949e-05,0.0004864717662828033,662.3166666666667,0.01904761904761905,5,1,2025-02-01,3678390
1740787200000000,0.0001361310300116899,33.8999769492602,0.821756155117606,1680,0.8313423314001197,0.32809694936005673,0.0011660559553257066,0.0005179169650487703,2362.878869047619,0.0017857142857142857,0,1,2025-03-01,3914782
1740789000000000,0.000112660278570937,22.943235137001405,0.6636970972748655,1800,0.6741359734614042,0.22439283772679586,4.999127850979779e-05,6.653154312119547e-05,2673.3694444444445,0.0005555555555555556,0,1,2025-03-01,3914782
1740790800000000,0.00013634532600904955,21.78528987070672,0.7802548364102353,1800,0.8121905063244261,0.305714579687663,5.107497091927371e-09,0.00010081630670577546,2190.1705555555554,0.0011111111111111111,0,1,2025-03-01,3914782
1740792600000000,0.00012314829543044842,8.554252433285848,0.674195204309997,1800,0.7954214076651325,0.28659957754767174,0.0011878667120938102,0.001517800912748446,2129.6433333333334,0.0011111111111111111,0,1,2025-03-01,3914782
1740794400000000,0.0001300158277411293,23.02080439904868,0.7649028453594298,1800,0.7834534685809554,0.20929936094298884,0.0008433831464002006,0.0008100768525222124,2479.9630555555555,0.002777777777777778,0,1,2025-03-01,3914782
1740796200000000,0.00014252865915468543,20.02927114619145,0.7841787927899333,1800,0.8074024051074896,0.2783973260517735,0.0009962886596674991,0.000544333087588944,2460.9369444444446,0.006666666666666667,0,1,2025-03-01,3914782
1740798000000000,0.00014444749097844626,24.220894666224698,0.7705106494910289,1800,0.7797301999864971,0.28735286303739105,0.00022811821691637313,0.0001579923503890468,2262.7169444444444,0.0011111111111111111,0,1,2025-03-01,3914782
1740799800000000,0.00013779847342044029,22.8866696211726,0.8024001422747916,1800,0.8030089075862585,0.33896160619657034,7.551201518574135e-05,8.701337015359911e-07,2612.7808333333332,0.0016666666666666668,0,1,2025-03-01,3914782
1740801600000000,0.00013818729957505542,46.91351216920071,0.8379834092215053,1800,0.83832050236201,0.3660665484177763,0.0006516096299851171,0.0001775528559131434,2599.1141666666667,0.0011111111111111111,1,1,2025-03-01,3914782
1740803400000000,0.00012485344408170418,21.55710687759103,0.6959471967636846,1800,0.711108843551805,0.37965365363954495,0.000802658632749087,3.1439771958075013e-06,2989.03,0.0022222222222222222,1,1,2025-03-01,3914782
1740805200000000,0.00013017124911208765,11.51863990381037,0.7252503329916185,1800,0.7837343306317214,0.21968030153565576,0.0006653522313054827,6.75516254996511e-05,2356.0183333333334,0.0011111111111111111,1,1,2025-03-01,3914782
1740807000000000,0.0001436973595933333,18.325936053026027,0.7789162087041391,1800,0.7983502988798339,0.29672828860207423,0.00024944982148655814,0.00033077338207931906,2225.6655555555553,0.0,1,1,2025-03-01,3914782
1740808800000000,0.00010523954056902601,17.836415270846587,0.7191175165695548,1800,0.752619908069296,0.2544218331315856,0.0005882568484024686,0.0007828517460144457,3075.6408333333334,0.0016666666666666668,1,1,2025-03-01,3914782
1740810600000000,0.00012465262912883984,27.304021721577733,0.7916729910031447,1800,0.7960795251999868,0.2654976861153121,0.000441289603626438,3.526639209971982e-05,2814.092222222222,0.002777777777777778,1,1,2025-03-01,3914782
1740812400000000,0.00010107732299506609,44.21979818431665,0.7900477323847868,1800,0.7942394687836296,0.3720525671710144,0.00016258136573965576,1.098830174828258e-05,4030.0183333333334,0.0016666666666666668,1,1,2025-03-01,3914782
1740814200000000,7.29256467050911e-05,15.65065140263146,0.5146156431722941,1680,0.5459102412560735,0.4207868082581073,0.00041597768226642184,0.008045099965537594,3801.3127976190476,0.004166666666666667,1,1,2025-03-01,3914782
1740816000000000,0.0001083053991559516,20.745815177135,0.6973334252547986,1680,0.7367629960865891,0.34638094867110114,9.101404381073319e-05,1.277243144948148e-05,3074.2321428571427,0.0011904761904761906,2,1,2025-03-01,3914782
1740817800000000,0.0001611524847190135,31.88973072132227,0.7910324399304185,1800,0.7911572554223213,0.4119084421486864,0.0007071165240424282,0.0006049511931101037,2311.0847222222224,0.0,2,1,2025-03-01,3914782
1740819600000000,0.00016176442662179324,35.42297762109588,0.768475159638178,1800,0.7691270329674115,0.3847149552782564,0.00014787616326461528,1.065798082111602e-05,2124.3980555555554,0.0011111111111111111,2,1,2025-03-01,3914782
1740821400000000,0.00016317070824491044,17.80446866813562,0.7895958248794432,1800,0.7928074996109544,0.33873600745392174,0.0001563491939042816,6.0168453638875796e-05,2166.0194444444446,0.0005555555555555556,2,1,2025-03-01,3914782
1740823200000000,0.00016841838481951375,16.01827136986161,0.7173078104512055,1800,0.7288940813343355,0.4423232379437717,2.1057801160351275e-05,1.889733106563707e-05,2040.76,0.0044444444444444444,2,1,2025-03-01,3914782
1740825000000000,0.00017826308154673796,16.33223246947057,0.7577656124733247,1800,0.7813782071095243,0.4764316435045871,0.0009189874658310782,0.00012255580444231473,1953.0952777777777,0.002777777777777778,2,1,2025-03-01,3914782
1740826800000000,0.00013848294439247003,11.139604578917023,0.6549775957769615,1800,0.7448796672981859,0.21184617022358476,0.0019588395997182095,0.0018780374115840992,1878.0666666666666,0.005,2,1,2025-03-01,3914782
1740828600000000,0.00018764707934817393,21.04016672129466,0.7835094437513621,1800,0.8040910009283562,0.2742261321798497,0.0003597036105991158,0.00020021497885169826,1745.8030555555556,0.0022222222222222222,2,1,2025-03-01,3914782
1740830400000000,0.00017238444190616483,27.5076219005756,0.762551137475918,1800,0.7854216403389906,0.30347186446083696,0.004007964862864255,0.00013282793380264835,1835.1244444444444,0.0016666666666666668,3,1,2025-03-01,3914782
1740832200000000,0.00012579435998879074,6.054610196527859,0.6725543341241822,1800,0.7917190056942147,0.29652774076274924,0.0004423243434449331,1.326601350715162e-05,2141.0375,0.0011111111111111111,3,1,2025-03-01,3914782
1740834000000000,0.00017035230693622928,10.187094012076674,0.767249282725979,1800,0.8018706626849462,0.44104602714637153,5.3991834970679164e-05,2.6332358290970248e-05,1879.5405555555556,0.007222222222222222,3,1,2025-03-01,3914782
1740835800000000,0.00019595296058127397,43.45720374433777,0.8200841469713812,1800,0.8252752332667127,0.19657272075595245,0.000725744500654768,0.0004235987384949569,1654.8236111111112,0.0011111111111111111,3,1,2025-03-01,3914782
1740837600000000,0.00017281126893278878,10.934868202208925,0.7558299359408671,1800,0.8460885624481476,0.20587502040440409,0.0005895540316164238,0.0011685325578471017,1598.0772222222222,0.0016666666666666668,3,1,2025-03-01,3914782
1740839400000000,0.00018022333707776883,24.585760257161528,0.8234976172272046,1800,0.8507739603912916,0.26486755237528326,9.595557322705783e-05,9.655015314247173e-06,1778.3230555555556,0.0022222222222222222,3,1,2025-03-01,3914782
1740841200000000,0.00018278851616542157,31.522973958790907,0.8280522825865604,1800,0.833694308609176,0.3618869003817602,0.0014964787237801147,0.00126323262096939,1817.8238888888889,0.0022222222222222222,3,1,2025-03-01,3914782
1740843000000000,0.00019596435627924463,29.07494260489929,0.7943985429936324,1680,0.7961813673532077,0.29780112395146985,0.0008421162367073798,0.00014935556598649757,1735.963392857143,0.0,3,1,2025-03-01,3914782
1740844800000000,0.0001627219913828172,15.685875763800926,0.7444930246363681,1680,0.8012451830555056,0.2617372774000306,0.002219940953037125,0.0007912065907818011,1887.9238095238095,0.0017857142857142857,4,1,2025-03-01,3914782
1740846600000000,0.00016787344597651814,18.699891520205227,0.79596966720475,1800,0.8436963630144094,0.29063532932485536,0.0003097680405750314,0.00011020514807291715,1792.1697222222222,0.0033333333333333335,4,1,2025-03-01,3914782
1740848400000000,0.00015654747335882294,12.02143870234015,0.7534695019650807,1800,0.8221343213654347,0.22991533496469707,0.0029600588654850046,0.0014725944906923694,2293.2544444444443,0.0022222222222222222,4,1,2025-03-01,3914782
1740850200000000,0.00016870453547205267,48.47023573674115,0.8215315606926505,1800,0.8220949535913618,0.21927001782447975,0.0003954138585959832,6.55175706876232e-05,1940.4763888888888,0.0022222222222222222,4,1,2025-03-01,3914782
1740852000000000,0.0001757782057434197,41.70448520467006,0.8341379205913925,1800,0.8410124602305074,0.2504865734394387,0.0020426203070262883,0.00022950511311736754,1738.556388888889,0.0016666666666666668,4,1,2025-03-01,3914782
1740853800000000,0.0001763160540920817,38.74662000656173,0.8264398074130908,1800,0.8340214362848822,0.29338428576320574,0.0002496463013520467,9.704013097189268e-05,1782.0955555555556,0.0,4,1,2025-03-01,3914782
1740855600000000,0.00017526231409598973,50.89388367406562,0.8291421735524219,1800,0.8304385384221231,0.26470004664591373,0.0003488161112805699,0.00012518636857161702,1766.3347222222221,0.0011111111111111111,4,1,2025-03-01,3914782
1740857400000000,0.00016699238028398787,33.41521169607505,0.8193716673601209,1800,0.822163030285342,0.2637580957321797,0.0011967565686022974,0.0002964552809640031,1888.7758333333334,0.0016666666666666668,4,1,2025-03-01,3914782
1740859200000000,0.0001534973681898506,41.26690124529341,0.7993957057555033,1800,0.8017336287473714,0.278174981000601,0.0022090451594447558,0.006186990896891231,2059.735,0.0011111111111111111,5,1,2025-03-01,3914782
1740861000000000,0.00015132376765195305,58.95081089814414,0.8032564761233839,1800,0.803990453320985,0.16330273526800798,0.0005214425424892033,0.000591331501004766,2066.277222222222,0.0011111111111111111,5,1,2025-03-01,3914782
1740862800000000,0.00014494183700475586,46.2099459957774,0.8205006351139861,1800,0.8229290143477579,0.16773236048649232,7.721371430013946e-07,0.00012558124704709073,2165.5641666666666,0.0005555555555555556,5,1,2025-03-01,3914782
1740864600000000,0.00014014915048814934,37.65437442451677,0.7533237999234554,1800,0.7537306321860094,0.3192041661155762,0.00030123812451632315,0.00011590958252027939,2447.077222222222,0.005,5,1,2025-03-01,3914782
1740866400000000,0.00012863071450007154,45.619204369197334,0.7815301410106217,1800,0.7816335945261422,0.27279581038431944,8.824656728911862e-06,0.0003055194740455569,2721.995,0.0033333333333333335,5,1,2025-03-01,3914782
1740868200000000,0.00015984090252914516,19.827382708842276,0.6109122298706434,1800,0.6488480718483359,0.31701529796002104,0.004209258002487171,0.0017486570109211952,1971.8247222222221,0.0033333333333333335,5,1,2025-03-01,3914782
1740870000000000,0.00020991661203512276,47.9674316801445,0.7958174078320441,1800,0.7987240859570545,0.22050755294586744,0.0001972444453622879,0.00024286698872710843,1500.733888888889,0.0011111111111111111,5,1,2025-03-01,3914782
1740871800000000,0.00019932053797348342,30.753445601599225,0.7834985522267375,1680,0.7902919869950107,0.21853817836435518,0.00040147094552467344,0.0018753465128863445,1543.3363095238096,0.0011904761904761906,5,1,2025-03-01,3914782
1743465600000000,6.963164302114157e-05,38.22030763987036,0.8097645961693812,1680,0.8124456368345884,0.30559497168502203,0.001420853135465694,0.00011251190879069117,3464.1705357142855,0.0005952380952380953,0,0,2025-04-01,3571495
1743467400000000,9.440866142739958e-05,31.118569051060053,0.8166228683812647,1800,0.8172796767254401,0.219983479422718,1.8829740209280743e-06,0.00031077415057589874,3031.0633333333335,0.0033333333333333335,0,0,2025-04-01,3571495
1743469200000000,8.902359702372664e-05,64.15604634723,0.8549243864886927,1800,0.8558246146346111,0.18803243158214245,7.202228511893338e-05,0.00019181495163833606,2744.3786111111112,0.0005555555555555556,0,0,2025-04-01,3571495
1743471000000000,8.197153489201625e-05,45.99607422492377,0.820538678564773,1800,0.8205540257016619,0.1921469038509971,0.0002807847337660263,5.4304758671519515e-05,2733.608333333333,0.0016666666666666668,0,0,2025-04-01,3571495
1743472800000000,6.599983852162344e-05,49.474092020155226,0.8106458262043658,1800,0.8119321620237441,0.20247133457833877,0.00019085697603005158,0.0011516105644894248,3520.3675,0.0022222222222222222,0,0,2025-04-01,3571495
1743474600000000,5.741906951781305e-05,33.59607659825202,0.8015216907617035,1800,0.80282206236867,0.33756174392532856,0.0004907921299215356,2.39694193329143e-05,4290.173055555556,0.0011111111111111111,0,0,2025-04-01,3571495
1743476400000000,5.8675501599642996e-05,12.000014326873321,0.7142281629136285,1800,0.7548264330814314,0.2595874143296141,0.000405042427816138,0.00296801218476217,3767.333888888889,0.0,0,0,2025-04-01,3571495
1743478200000000,5.3076648993500235e-05,31.12459987127093,0.7592858814141255,1800,0.7628436187987796,0.26600235921006965,0.0006151914109623347,0.00041184675962457895,3936.8702777777776,0.0005555555555555556,0,0,2025-04-01,3571495
1743480000000000,5.6018004001865325e-05,40.971313361979604,0.7997328058945308,1800,0.799754959077676,0.25858410969899015,0.00015165034785469267,3.158559920124482e-05,4094.597777777778,0.0,1,0,2025-04-01,3571495
1743481800000000,5.504078219268417e-05,41.975743090235596,0.8060763466190713,1800,0.8074541030314436,0.30275379508243316,0.00030414349522167594,0.00019636264922162638,4191.578888888889,0.0,1,0,2025-04-01,3571495
1743483600000000,5.268754301303989e-05,30.0215517906944,0.7425260499403314,1800,0.7454847941624521,0.30470008496602297,0.0011118857099148283,0.0010109978933401376,4396.206666666667,0.0011111111111111111,1,0,2025-04-01,3571495
1743485400000000,5.677628652988264e-05,38.531987550364484,0.7758167107188398,1800,0.7758402535660595,0.29620407209514654,0.00020563144193874727,1.2321181987684504e-05,4086.639722222222,0.0005555555555555556,1,0,2025-04-01,3571495
1743487200000000,4.9161016613439295e-05,22.429869071366625,0.7757318400730162,1800,0.7845782601659549,0.21301458890477865,8.024145115026471e-08,0.00011420072729062536,4718.056388888889,0.0016666666666666668,1,0,2025-04-01,3571495
1743489000000000,5.391898483750932e-05,28.89132486849785,0.7526540765427889,1800,0.7592047379869131,0.2722871070525005,0.0008068889096343179,9.107085650827962e-06,4799.162222222222,0.0022222222222222222,1,0,2025-04-01,3571495
1743490800000000,5.9244935692065866e-05,18.85173532780826,0.7935474436883883,1800,0.7990204961727051,0.2622198285880274,0.00266335388701322,0.0008704874658590489,4259.256388888889,0.0011111111111111111,1,0,2025-04-01,3571495
1743492600000000,6.376224131827383e-05,22.94249849914957,0.8114837808413198,1680,0.8188727120459552,0.4595069218142961,0.0011319696167637616,7.27120568122519e-06,3976.2785714285715,0.0005952380952380953,1,0,2025-04-01,3571495
1743494400000000,6.391598263514907e-05,27.663250046858202,0.7839271109319432,1680,0.7841336802019657,0.22185187966787356,0.0005111534328378076,0.0009777251948540622,4484.249702380952,0.008928571428571428,2,0,2025-04-01,3571495
1743496200000000,6.958414552964204e-05,48.038759608398806,0.7897603259552617,1800,0.7904191485336332,0.3224434051312641,2.538283667707919e-05,8.323523668107846e-05,4068.8977777777777,0.005555555555555556,2,0,2025-04-01,3571495
1743498000000000,6.967730997622541e-05,50.276305929365456,0.8243364103594033,1800,0.8252582949228148,0.22227982543181757,0.0003515350956497798,0.0005263210878322377,3962.882222222222,0.002777777777777778,2,0,2025-04-01,3571495
1743499800000000,6.523191116187106e-05,36.3413704345309,0.7950869559921767,1800,0.7956316689506141,0.16413727816364965,0.0006116625773696649,1.1909834940482256e-05,4057.2508333333335,0.0011111111111111111,2,0,2025-04-01,3571495
1743501600000000,5.8977200493412076e-05,20.358261845881987,0.761459310535028,1800,0.7708671964435181,0.0006928178626386394,8.702772864743746e-05,7.35768890982591e-05,4312.321111111111,0.002777777777777778,2,0,2025-04-01,3571495
1743503400000000,5.5569913379275353e-05,50.439044999597876,0.822630293392728,1800,0.8235644662370633,0.20239758530584862,0.00012338674845735476,3.599796561815083e-05,5256.7025,0.005,2,0,2025-04-01,3571495
1743505200000000,5.200944910281667e-05,19.70430252264134,0.7920920849925188,1800,0.8258079054400849,0.15996473926776456,0.0002497379755821427,0.00013176332608888508,4828.75,0.0011111111111111111,2,0,2025-04-01,3571495
1743507000000000,5.38793865615118e-05,41.60738236080962,0.7957644604733605,1800,0.7981930958777179,0.16862160667778514,0.0007012072348028253,0.002130772787534818,4675.995833333333,0.0011111111111111111,2,0,2025-04-01,3571495
1743508800000000,5.414447155159387e-05,56.02736403655348,0.8042216745816992,1800,0.8064475810372417,0.2033421098600514,0.0005963222335051421,0.0005361639770347093,4991.054722222222,0.0022222222222222222,3,0,2025-04-01,3571495
1743510600000000,4.962579813790592e-05,48.46411528203223,0.7855982585299114,1800,0.7865331924187067,0.1522448773591193,0.00033256301914863506,9.665782984114024e-06,5209.398055555555,0.0016666666666666668,3,0,2025-04-01,3571495
1743512400000000,5.0587484389382624e-05,36.76669774163628,0.797651801544681,1800,0.7979079435116273,0.214595866738434,0.0009867385744632973,0.0006766328866867344,5093.4430555555555,0.0005555555555555556,3,0,2025-04-01,3571495
1743514200000000,5.755272080534743e-05,43.33268685236407,0.8210301959840205,1800,0.8211899034536133,0.24686268753898366,8.745245717023398e-05,0.0002678756250925618,5201.043055555556,0.006666666666666667,3,0,2025-04-01,3571495
1743516000000000,6.843106182380081e-05,66.06210668492264,0.8303764110417388,1800,0.8304851567993542,0.2160685875258589,0.0008978437113452697,0.0020746628894241503,4233.405555555555,0.009444444444444445,3,0,2025-04-01,3571495
1743517800000000,7.180694542500277e-05,40.69595886625013,0.8097925108039785,1800,0.810026760794146,0.32479884476082554,1.7386515656969692e-05,9.05690025143624e-06,4121.715,0.008333333333333333,3,0,2025-04-01,3571495
1743519600000000,7.68249745676634e-05,49.13055843383759,0.7992250528047233,1800,0.8016515597570419,0.31723934714260915,0.000791597291343149,0.0010723552281702853,4017.9269444444444,0.01611111111111111,3,0,2025-04-01,3571495
1743521400000000,7.821662645607257e-05,41.932190832998444,0.8199010571147171,1680,0.819980470356406,0.24292287907131682,0.0006092093253078357,8.024531618189279e-05,3834.4613095238096,0.007738095238095238,3,0,2025-04-01,3571495
1743523200000000,5.985513604918131e-05,9.883263913462624,0.7015677091763151,1680,0.7947769458716123,0.16394243090460348,0.00038787056706401923,0.00031259935054650523,4231.464285714285,0.004166666666666667,4,0,2025-04-01,3571495
1743525000000000,7.34028995018103e-05,16.21320330113829,0.7839502870337633,1800,0.8096580814058685,0.12904062316403409,0.0001822364232828555,0.0034344622580561035,3609.632777777778,0.0033333333333333335,4,0,2025-04-01,3571495
1743526800000000,7.387701293418149e-05,57.67843520413755,0.8195012898414091,1800,0.8195014252654506,0.28254441590544466,7.969810172969716e-05,3.563625169122897e-05,3732.5741666666668,0.002777777777777778,4,0,2025-04-01,3571495
1743528600000000,7.625354928918143e-05,46.66997059931944,0.7794417468133779,1800,0.77957803438606,0.26418637852353666,0.0010806077745484366,0.0005463968313144107,3395.398888888889,0.0005555555555555556,4,0,2025-04-01,3571495
1743530400000000,6.238400866084968e-05,10.830209027447268,0.7041039995139354,1800,0.772106332044241,0.15199362432896535,0.00010646959504823084,0.00015885573756790894,3948.4088888888887,0.0,4,0,2025-04-01,3571495
1743532200000000,6.670467993935745e-05,45.77169173551803,0.7852501241836105,1800,0.7860445269644519,0.27407264348770954,0.0025474943014597295,0.0006775311201802081,4249.535833333333,0.0005555555555555556,4,0,2025-04-01,3571495
1743534000000000,6.29519885517786e-05,41.39701693664804,0.7791353081203403,1800,0.7794813566773494,0.21938584926795457,0.0006596310777468029,0.0006714740419279108,4364.582777777778,0.0016666666666666668,4,0,2025-04-01,3571495
1743535800000000,5.7509724516618915e-05,19.904278946820813,0.7451774975370867,1800,0.7519889627159648,0.19220842699468588,6.73010721132794e-05,0.0016111061601784549,4255.9575,0.0,4,0,2025-04-01,3571495
1743537600000000,6.090020902158264e-05,34.394421835543376,0.787518394386145,1800,0.7880751844293317,0.31253460810940514,0.0010202420024019165,1.0048179630905985e-05,4515.742222222222,0.0016666666666666668,5,0,2025-04-01,3571495
1743539400000000,6.104956064457192e-05,48.511466783876116,0.815762450314887,1800,0.8187371897936846,0.2919763520567108,2.8571697432977494e-05,0.0008457076266982222,4665.919166666667,0.0022222222222222222,5,0,2025-04-01,3571495
1743541200000000,6.113894795261018e-05,51.41169912890646,0.8045472008632375,1800,0.804931846567545,0.39967623527703666,0.00010320474257985435,4.681945804041465e-05,5073.887222222223,0.0,5,0,2025-04-01,3571495
1743543000000000,8.739400111491893e-05,19.16990677758367,0.6427705255617814,1800,0.6554546520432134,0.4062666460965241,0.0009533399972488921,9.806529854528012e-05,2845.0486111111113,0.0005555555555555556,5,0,2025-04-01,3571495
1743544800000000,9.056729733856271e-05,23.017714388259616,0.6834162927698424,1800,0.6899708312824968,0.18257389232015264,9.75715660277432e-05,0.0004734279484491788,2839.4772222222223,0.0005555555555555556,5,0,2025-04-01,3571495
1743546600000000,7.912031715955886e-05,14.100853110919187,0.7554169477401137,1800,0.7828999298793098,0.19115215456475976,0.0005067604749636745,4.3937298902285704e-05,3009.7319444444443,0.0005555555555555556,5,0,2025-04-01,3571495
1743548400000000,7.70401812947851e-05,29.61464306247541,0.7495817464818757,1800,0.7496513980631918,0.27571305099297094,0.00046384612237571066,0.0009576646740279138,3757.7341666666666,0.0005555555555555556,5,0,2025-04-01,3571495
1743550200000000,8.436488623341434e-05,35.473115592788126,0.809609545430497,1680,0.8097734218349633,0.3915424739653416,0.0006957117305329552,0.0003407694329808919,3386.993154761905,0.0005952380952380953,5,0,2025-04-01,3571495
1746057600000000,0.0003340382651533485,3.2631046310730056,0.44337979107460934,1680,0.6617817651660499,0.3999407591680796,0.00023041780344690288,0.0014955632172305444,520.5666666666667,0.016666666666666666,0,0,2025-05-01,5207259
1746059400000000,0.00046738698642382525,7.142975007863907,0.5542162444382903,1800,0.6402985817040239,0.35018315319513615,0.0006673922759690143,0.0017196537433764592,549.0377777777778,0.02666666666666667,0,0,2025-05-01,5207259
1746061200000000,0.00028805660651564085,4.463800787972611,0.30434331098282974,1800,0.4197505961130106,0.2726011086874489,2.0681054633597817e-05,4.757089515594615e-05,503.3258333333333,0.06388888888888888,0,0,2025-05-01,5207259
1746063000000000,0.00023303157406254354,7.848603623068378,0.371485321412922,1800,0.5249122119135559,0.3246879994085826,0.002440111133535705,0.0019098435333388952,601.9644444444444,0.042777777777777776,0,0,2025-05-01,5207259
1746064800000000,0.000243336630435434,4.597236060945041,0.21716420862415753,1800,0.2576351529911629,0.5708385026589553,0.0022157654374697078,0.0004836217544842425,763.3608333333333,0.1511111111111111,0,0,2025-05-01,5207259
1746066600000000,0.00019476679443527126,5.0744568273098904,0.18021653315740227,1800,0.2906475322708555,0.4723392265180456,0.001990318112366163,0.00025046100525039083,731.1413888888889,0.07833333333333334,0,0,2025-05-01,5207259
1746068400000000,0.00026999986987460056,3.8088175220915113,0.36201977688296894,1800,0.5562029960528507,0.3011087279006205,9.79873615991611e-06,1.6706945367261916e-05,604.0216666666666,0.03166666666666667,0,0,2025-05-01,5207259
1746070200000000,0.00020424275754788742,5.634723786031015,0.2998071602253106,1800,0.4873402232322115,0.30681635706488397,0.00015330738593344329,6.694503902338056e-06,616.9505555555555,0.08166666666666667,0,0,2025-05-01,5207259
1746072000000000,0.00022558988822189257,4.296933375798289,0.340555287744703,1800,0.48008857482126455,0.2978004985042144,0.00046209735419777687,7.914682526499739e-05,577.9541666666667,0.05555555555555555,1,0,2025-05-01,5207259
1746073800000000,8.697377677205108e-05,5.354905892766264,0.32641124237531416,1800,0.4611307075266512,0.3146933438358216,0.0005259164000390726,0.0002372109661089583,913.5325,0.023333333333333334,1,0,2025-05-01,5207259
1746075600000000,0.0002430629400611408,3.9165467287379747,0.4024020694413578,1800,0.5495958549623702,0.24592689864298556,0.0004837522232210567,2.833198518015223e-07,610.12,0.02,1,0,2025-05-01,5207259
1746077400000000,0.00026025604055350174,5.930767334428179,0.4242290061322691,1800,0.5527800868859596,0.38569314779255504,0.0001544704659964813,0.0002200205454244708,566.2747222222222,0.012222222222222223,1,0,2025-05-01,5207259
1746079200000000,0.00038609262797029815,8.22263471524183,0.621475981945321,1800,0.6319123949092738,0.4791636559978273,0.0009964784489853162,0.0007976489980795476,551.6563888888888,0.006111111111111111,1,0,2025-05-01,5207259
1746081000000000,0.00046135789810653355,7.743114859485164,0.7184432954855122,1800,0.7471449877797576,0.6486142130501449,0.0005972612224763862,0.0007309031220399387,618.8108333333333,0.02722222222222222,1,0,2025-05-01,5207259
1746082800000000,0.000253438777453466,7.2347524035957615,0.41262406745996594,1800,0.6112613325184164,0.2811706066435571,9.987075630502051e-05,1.2391001336098384e-08,709.7408333333333,0.017777777777777778,1,0,2025-05-01,5207259
1746084600000000,0.00016673536291233768,4.838129725158548,0.39421764385304203,1680,0.6065529689263723,0.3457380043191589,0.0009708150596832166,0.0038319375975466308,963.1017857142857,0.006547619047619048,1,0,2025-05-01,5207259
1746086400000000,0.00034022057947451586,12.538507041126694,0.6382462971161311,1680,0.7096153340238661,0.32519344827666885,6.557580004373786e-05,6.013722005970834e-05,737.4193452380953,0.007142857142857143,2,0,2025-05-01,5207259
1746088200000000,0.00020539283518794367,4.998326870502086,0.4524484932469668,1800,0.6648264369284441,0.3011042966380738,0.00034913017178206385,1.796800351838712e-07,1000.4652777777778,0.011111111111111112,2,0,2025-05-01,5207259
1746090000000000,0.00017903090517999508,3.5495857376290805,0.3926445644792216,1800,0.6340287417863675,0.2236660404274231,5.317971969864832e-05,6.506656881510864e-06,970.7797222222222,0.013333333333333334,2,0,2025-05-01,5207259
1746091800000000,0.00034245647264445286,7.420777438928182,0.5503030071518065,1800,0.648963641127365,0.3512805527417333,3.1027374416403575e-06,0.00023400114087057666,674.3252777777777,0.021111111111111112,2,0,2025-05-01,5207259
1746093600000000,0.0002078675817659802,5.6525787653459,0.3640543980452756,1800,0.5501840068983985,0.22993974305438547,0.0005138389677431521,0.00036117862122331257,785.7075,0.044444444444444446,2,0,2025-05-01,5207259
1746095400000000,0.00013517572103718235,4.425186556106303,0.30260526218549344,1800,0.49178393437321744,0.3069469710531497,2.5004048185395256e-05,0.00018647296502760646,763.7855555555556,0.029444444444444443,2,0,2025-05-01,5207259
1746097200000000,0.0003052219970138461,7.5736376589225936,0.5032304485035398,1800,0.6775551137657017,0.2720057896342618,0.00014372279769114815,9.410322388991865e-05,601.7569444444445,0.025555555555555557,2,0,2025-05-01,5207259
1746099000000000,0.0002607823958464117,3.908701097031206,0.40488658463456073,1800,0.6927633370260647,0.27074256614486436,0.0007701340315197092,9.898896806692647e-07,609.8,0.007222222222222222,2,0,2025-05-01,5207259
1746100800000000,0.0004232905693467585,13.229692670816553,0.5953855610506134,1800,0.6512467084572495,0.3198897931980349,5.076170642970279e-05,0.0015570100157586975,514.7302777777778,0.017777777777777778,3,0,2025-05-01,5207259
1746102600000000,0.00021903270465534473,3.1984268508762677,0.42096173492977473,1800,0.6274968028917987,0.37843444002470017,1.7657259543391035e-08,0.0002085868909990074,495.2286111111111,0.012222222222222223,3,0,2025-05-01,5207259
1746104400000000,0.00043122151509874287,10.865670061770183,0.6001717320654005,1800,0.6777298609586531,0.33550533604216803,0.0018979553020768147,0.0007385679672891055,568.6936111111111,0.01,3,0,2025-05-01,5207259
1746106200000000,0.00018602262413597054,2.779367621291039,0.22521131420201557,1800,0.39062831020325817,0.3168704213804884,0.00021870701069981457,5.153744831898344e-06,608.7391666666666,0.057777777777777775,3,0,2025-05-01,5207259
1746108000000000,0.00021129605002302224,4.595978757330325,0.4095734466660207,1800,0.5425444522762849,0.31144818593492496,2.2791439123537316e-05,0.0041158990926611905,606.6283333333333,0.05722222222222222,3,0,2025-05-01,5207259
1746109800000000,4.626072726772925e-05,4.0368450512375205,0.1417155455057072,1800,0.3542507858930318,0.10992017578211033,0.00021999750438117527,0.00010268340495667161,727.4583333333334,0.034444444444444444,3,0,2025-05-01,5207259
1746111600000000,0.00031104153171158304,9.472416706528113,0.5017309050949261,1800,0.6502393723673154,0.07157823226860038,0.002037999165626192,0.0014003177830064217,581.3511111111111,0.07888888888888888,3,0,2025-05-01,5207259
1746113400000000,0.00016733528681700158,3.2614324610723364,0.29806937013021195,1680,0.4565099431435461,0.2743141191280798,0.00020104154926192663,4.85161265357803e-05,414.9875,0.03273809523809524,3,0,2025-05-01,5207259
1746115200000000,0.0004742717520966539,25.204471879502112,0.6767690249944733,1680,0.7166839905987884,0.29407686737785466,0.0027049853668755786,0.0012937844265745735,498.3592261904762,0.01488095238095238,4,0,2025-05-01,5207259
1746117000000000,0.0003595928052305742,11.981799713885799,0.5125625380796381,1800,0.6055463474197262,0.2767581916159193,3.1655896390536675e-05,0.0007636801193353637,541.9458333333333,0.01611111111111111,4,0,2025-05-01,5207259
1746118800000000,0.00017989176592969822,4.758048597053505,0.5702590003443746,1800,0.6330517655004074,0.5228023028183706,1.748670657031326e-05,8.489481547302447e-06,513.465,0.03833333333333333,4,0,2025-05-01,5207259
1746120600000000,0.0003861267799033465,14.437834222981081,0.5794519027664424,1800,0.6452885164831331,0.1913842697625725,0.000493261727580685,2.2210652198095815e-05,529.4319444444444,0.019444444444444445,4,0,2025-05-01,5207259
1746122400000000,0.00010046292201417545,6.338463569318563,0.44324603876858526,1800,0.5013168442894702,0.28091614604294257,0.00038085821230016137,0.001505834883753776,761.215,0.0077777777777777776,4,0,2025-05-01,5207259
1746124200000000,0.0003500752684023368,12.969909666301344,0.6293440572044321,1800,0.6967154075751534,0.33386022349331734,0.0004705591535482112,1.819686871740167e-06,584.0872222222222,0.013888888888888888,4,0,2025-05-01,5207259
1746126000000000,0.0002184477563165489,6.134492563794808,0.49323696148208307,1800,0.6110806430254667,0.27370394151377886,0.000139905674875207,3.8338146082561586e-05,1082.8572222222222,0.005,4,0,2025-05-01,5207259
1746127800000000,0.00025410534269290337,10.673288747331181,0.5783767257409391,1800,0.6548498102422966,0.34940796721575695,0.0023744902835974857,4.657441030619935e-06,957.3,0.0033333333333333335,4,0,2025-05-01,5207259
1746129600000000,0.000230630821599742,6.828346602326489,0.4805437593239237,1800,0.6586400069621885,0.2557745588827457,0.0001710912328110048,3.121984012421919e-07,928.28,0.006666666666666667,5,0,2025-05-01,5207259
1746131400000000,7.30155677805668e-05,3.0097623178714477,0.3623354268667681,1800,0.5378242223147252,0.33116611828149456,7.088043533021171e-05,0.00015998762911717535,1441.2047222222222,0.008333333333333333,5,0,2025-05-01,5207259
1746133200000000,0.00029568181189620966,6.41026710671758,0.5518159643979499,1800,0.6287091274956411,0.470001775824051,4.983213897968852e-06,0.0005731456639138655,934.1177777777777,0.0033333333333333335,5,0,2025-05-01,5207259
1746135000000000,0.00034961530038015836,17.549828398964426,0.616671302381719,1800,0.6203146119486401,0.5613888033255914,0.001968913716056231,0.002606585040882181,832.2680555555555,0.011666666666666667,5,0,2025-05-01,5207259
1746136800000000,0.00018223824773539577,9.071914852149735,0.4911115691118133,1800,0.6320621134583844,0.3045774048008043,1.17768273385499e-05,2.1344608758466777e-05,946.3144444444445,0.007222222222222222,5,0,2025-05-01,5207259
1746138600000000,0.00020558492755911413,6.908872486375364,0.5374136742372739,1800,0.5862892558179345,0.5305371265318399,0.00048791252569668764,6.798607690405856e-05,1105.1130555555555,0.002777777777777778,5,0,2025-05-01,5207259
1746140400000000,0.00020534025330252052,15.778096778905267,0.42904210102201856,1800,0.4346088821417061,0.5275793716285859,1.3802531435458398e-05,0.0009251170440044421,1360.148888888889,0.0022222222222222222,5,0,2025-05-01,5207259
1746142200000000,0.0001975874021470725,13.07387544491637,0.563236955319937,1680,0.5884056162515481,0.34061237137246125,0.000723197981404522,0.00029420139506330933,1214.16875,0.01488095238095238,5,0,2025-05-01,5207259
1748736000000000,0.0001242068927365293,27.619624475753273,0.7373754698843482,1680,0.7401793199424875,0.35482673818105914,0.0022526825447124477,0.0007998540012770228,2284.5511904761906,0.0035714285714285713,0,1,2025-06-01,4349614
1748737800000000,0.00011038790187901903,37.28372541701686,0.7099629992214564,1800,0.7145214711568455,0.21519217986107064,0.0005700254762229795,0.0025320418513432585,2397.6583333333333,0.0033333333333333335,0,1,2025-06-01,4349614
1748739600000000,0.00010903477752009911,48.05019915062719,0.7654148176072484,1800,0.7654837942225201,0.300476250629221,0.001112038769292889,0.0007917234155808694,2291.1944444444443,0.0005555555555555556,0,1,2025-06-01,4349614
1748741400000000,0.0001070599497348614,33.91763762263985,0.7150731438675811,1800,0.7179025926807574,0.20903029652745564,8.145788539914989e-06,0.0010499100571653708,2314.426388888889,0.008333333333333333,0,1,2025-06-01,4349614
1748743200000000,0.00010543123111753925,36.70304598610517,0.7498762699441748,1800,0.755038262262484,0.13656018726286212,0.0008384084999438768,3.0495173603983794e-05,2213.163611111111,0.0077777777777777776,0,1,2025-06-01,4349614
1748745000000000,0.00011377352213704662,31.003948626540332,0.7308382248645837,1800,0.7378679070709883,0.20502919774068895,3.849570144398573e-05,3.979015385868756e-05,2110.880277777778,0.0022222222222222222,0,1,2025-06-01,4349614
1748746800000000,9.794366277370528e-05,37.830309700476334,0.773242721075621,1800,0.7774379646671876,0.1412140545482885,8.803073370255987e-08,2.8679641214779394e-05,2417.818888888889,0.0022222222222222222,0,1,2025-06-01,4349614
1748748600000000,0.0001029485992938452,30.09486040426197,0.7173591661195682,1800,0.7230887131585103,0.25514291027638925,0.0022195549040733287,0.0022817896994868914,2199.108888888889,0.0022222222222222222,0,1,2025-06-01,4349614
1748750400000000,0.0001020513557915973,24.742341814189786,0.723494465413326,1800,0.7306109985549372,0.2947478624014427,0.0013098510958614584,0.0006567548705009862,2370.153333333333,0.0016666666666666668,1,1,2025-06-01,4349614
1748752200000000,0.00011647125443729139,27.623351736246562,0.7302988914845456,1800,0.7348696218559255,0.35925246773584174,0.00010013731852964725,1.3942194134863861e-05,2511.6316666666667,0.0011111111111111111,1,1,2025-06-01,4349614
1748754000000000,0.00010298944838745584,35.39841718641464,0.7425322609798957,1800,0.742628265929492,0.3048211026382832,0.00041478802076633237,0.00041863389592144973,2456.962777777778,0.002777777777777778,1,1,2025-06-01,4349614
1748755800000000,0.00010050834019790093,25.791220884175424,0.7290364721914385,1800,0.7294865738248925,0.2697703397908623,4.672601058774983e-05,1.725375728489631e-05,2498.9819444444443,0.0016666666666666668,1,1,2025-06-01,4349614
1748757600000000,8.837217331948241e-05,28.69745910279655,0.7308847711970338,1800,0.7311933699305533,0.27603522587294715,5.8570284371617376e-05,0.0019336514014303141,2700.9375,0.0016666666666666668,1,1,2025-06-01,4349614
1748759400000000,9.738968775659057e-05,27.367532376260538,0.6973726629812487,1800,0.6992521744582869,0.14428966779157282,0.0005920974673127022,0.0006235730610514301,2472.8475,0.0005555555555555556,1,1,2025-06-01,4349614
1748761200000000,9.32808282950724e-05,34.80406143742682,0.732752867910861,1800,0.7336755288423844,0.20767124673195403,0.00019738123666668272,0.0008775843826190899,2642.26,0.0011111111111111111,1,1,2025-06-01,4349614
1748763000000000,5.951250760555538e-05,18.681696594760385,0.6020151665499991,1680,0.6062356033608217,0.257055205285062,0.0008370463949427531,0.001804475456427812,3000.580654761905,0.002976190476190476,1,1,2025-06-01,4349614
1748764800000000,9.037510955936282e-05,14.620768492777106,0.7021400422614867,1680,0.7356188620160254,0.2426514203719452,0.0005761167037980908,0.00021631783512743308,2732.8196428571428,0.002380952380952381,2,1,2025-06-01,4349614
1748766600000000,0.00010081583351878813,41.91637365864535,0.7136890380974588,1800,0.7137153105720195,0.23417412367631052,1.5105531633530234e-05,6.537221414193439e-07,2476.6644444444446,0.0038888888888888888,2,1,2025-06-01,4349614
1748768400000000,0.00010811066118869821,47.31316424490913,0.7272534568663566,1800,0.7272648881190168,0.20055938350689828,0.0002026465243342157,0.00021908049436181187,2265.0911111111113,0.008333333333333333,2,1,2025-06-01,4349614
1748770200000000,0.0001004182449599853,38.17438777776435,0.727306853335311,1800,0.7333958788095507,0.18447681827471052,0.00016378955412577056,0.00013049648144658477,2502.3794444444443,0.012222222222222223,2,1,2025-06-01,4349614
1748772000000000,0.00010025225901151355,63.597042079710306,0.7850167094856076,1800,0.7851143026248947,0.16255353551500984,0.00016687897345479819,0.0002853377209488528,2592.523611111111,0.005555555555555556,2,1,2025-06-01,4349614
1748773800000000,8.374650044272488e-05,24.140292514268396,0.6862286934051602,1800,0.7032390251806054,0.15249538337112178,0.0004017859538284485,0.00027942160654770287,2961.3883333333333,0.0044444444444444444,2,1,2025-06-01,4349614
1748775600000000,8.157925562575316e-05,37.37570073819781,0.7431743938372599,1800,0.7446950788943848,0.32578559742426416,0.00027065368592837924,0.0002113202345048748,2865.081111111111,0.0022222222222222222,2,1,2025-06-01,4349614
1748777400000000,9.10529886651803e-05,18.84967564934462,0.7047254219371765,1800,0.7197405881369534,0.22214994951246392,7.345950181936178e-05,6.965071032860592e-05,2746.536111111111,0.0,2,1,2025-06-01,4349614
1748779200000000,9.20866981699276e-05,44.46545840806537,0.7534403850112467,1800,0.7551102646314334,0.22167413205000686,1.1407647098060636e-06,0.0008378074742104724,2769.885,0.0016666666666666668,3,1,2025-06-01,4349614
1748781000000000,0.00012192437608024382,39.02726667270143,0.7202497416937592,1800,0.7202626097405732,0.19363781408034075,0.0008139169215678477,0.00024735323714064616,2121.2477777777776,0.006666666666666667,3,1,2025-06-01,4349614
1748782800000000,0.0001250155724869062,48.61473219397629,0.7885453934593122,1800,0.7887993625646216,0.14853307128026583,0.0007465719196132481,1.0118188309427012e-07,2216.6380555555556,0.0016666666666666668,3,1,2025-06-01,4349614
1748784600000000,0.00010334141546043286,10.08612662463126,0.695356547860582,1800,0.7544202695791874,0.10214624054819299,0.0002728488719858646,0.0015362076384652923,2293.369722222222,0.006666666666666667,3,1,2025-06-01,4349614
1748786400000000,0.0001267457514234935,38.49954853101724,0.776456647240371,1800,0.7840074436444495,0.2135681402495334,0.00017937922856869903,1.2738961330249765e-06,2306.0022222222224,0.010555555555555556,3,1,2025-06-01,4349614
1748788200000000,0.00011947631277083718,14.927098631261908,0.7473490849255287,1800,0.7782246674956097,0.14273964049647225,1.4794821020513993e-06,1.5130141943098252e-05,2211.41,0.005555555555555556,3,1,2025-06-01,4349614
1748790000000000,0.00012103360668426265,38.14605638125587,0.7603251413425337,1800,0.761118330782022,0.09637258065489962,0.00016841749966733932,4.74501701682728e-05,2300.04,0.005555555555555556,3,1,2025-06-01,4349614
1748791800000000,6.3354448044203e-05,4.6145709350945046,0.4208991208447972,1680,0.6893908425929411,0.018367837600840597,3.880063066175055e-06,0.005347160533821449,2339.622023809524,0.002976190476190476,3,1,2025-06-01,4349614
1748793600000000,0.00013304298792741679,41.266767815348544,0.7988940685144509,1680,0.8036304708580917,0.2168300476657039,0.0010269017133902603,0.001350332021606504,2317.5955357142857,0.01369047619047619,4,1,2025-06-01,4349614
1748795400000000,0.00012967364246145336,40.2340690799494,0.7976783037598222,1800,0.7979542816467367,0.222196460468987,0.000745917227100823,1.3725900416261538e-09,2428.2008333333333,0.009444444444444445,4,1,2025-06-01,4349614
1748797200000000,0.0001195891904069409,48.164350323894446,0.7793755678773641,1800,0.7796174775459671,0.24475570975788286,0.00040934476884102455,0.00019200999267054986,2421.0641666666666,0.002777777777777778,4,1,2025-06-01,4349614
1748799000000000,0.00012219974773901965,47.74163854927877,0.79157958042191,1800,0.7915861868174516,0.15537911684278005,0.000331967976146208,0.0019622036801139053,2235.406111111111,0.0033333333333333335,4,1,2025-06-01,4349614
1748800800000000,0.00011544563641646764,35.0412769882229,0.7605153597592654,1800,0.7641734554337694,0.15778408851588022,1.3196482626320893e-05,0.0003784581461084846,2431.9005555555555,0.002777777777777778,4,1,2025-06-01,4349614
1748802600000000,0.00011812031200396051,31.39618970811902,0.7396253581355089,1800,0.7433792702034482,0.1976534530835926,0.0007976297669540777,4.1527963517418165e-05,2487.7794444444444,0.011111111111111112,4,1,2025-06-01,4349614
1748804400000000,0.00012116191724749005,47.84120249751927,0.7860803433164529,1800,0.7861237328726658,0.19740916452612034,0.00024998011174648394,0.00021710918022033177,2197.6530555555555,0.005,4,1,2025-06-01,4349614
1748806200000000,0.00011926850832903415,41.54411299895629,0.7840748204834416,1800,0.7848453104312243,0.23659052671531589,0.0018436110747978018,0.0005142883880532301,2287.1911111111112,0.0022222222222222222,4,1,2025-06-01,4349614
1748808000000000,0.00011130610565038515,27.643818984021266,0.7689165690615148,1800,0.7736290212628069,0.2731929208492466,0.0006426109089955334,0.0008033051312581474,2371.398888888889,0.0022222222222222222,5,1,2025-06-01,4349614
1748809800000000,0.00011232669741490412,20.71851572157548,0.7211681727143799,1800,0.7489403525122361,0.251045860378734,0.0012525099247231442,7.26743241588057e-05,2290.4366666666665,0.0022222222222222222,5,1,2025-06-01,4349614
1748811600000000,0.00011729125156943946,31.731438205172793,0.7782637284158361,1800,0.7811392502467176,0.21561909668023116,2.6314092530066446e-05,0.0025686803697053673,2063.7580555555555,0.0011111111111111111,5,1,2025-06-01,4349614
1748813400000000,0.00015005580890170304,6.994147182755627,0.3988085176812739,1800,0.4511984815103085,0.38668598199031146,0.0003343936037103479,0.0005122184488488557,1308.8391666666666,0.01611111111111111,5,1,2025-06-01,4349614
1748815200000000,0.00014647782964223496,32.20064786761078,0.7204364609729994,1800,0.7204426383090388,0.2335692352026345,7.734516951229953e-05,0.0009422634151194931,1733.326388888889,0.0016666666666666668,5,1,2025-06-01,4349614
1748817000000000,0.0001067028945573398,33.2275998103234,0.7176841076657,1800,0.719663641698964,0.24545628228766903,0.00019897832484949696,0.00013742718607101523,2556.8772222222224,0.0011111111111111111,5,1,2025-06-01,4349614
1748818800000000,0.00011457566502456814,30.81607314621123,0.7160322342498221,1800,0.7161579720070632,0.3160827076794488,5.8624751158031785e-06,1.737196293383203e-05,2423.0363888888887,0.0005555555555555556,5,1,2025-06-01,4349614
1748820600000000,0.00010913269964806863,34.1828643325742,0.6657524903516383,1680,0.6659314359689518,0.26698017678234753,5.183585449763939e-09,3.05990738295181e-05,2423.5666666666666,0.0011904761904761906,5,1,2025-06-01,4349614
1751328000000000,4.307860219232322e-05,34.801046209232034,0.7894755803197692,1680,0.7929850169940114,0.24657598381593326,0.00021946899067548653,0.0017918669217917849,6564.656547619048,0.0017857142857142857,0,0,2025-07-01,2679603
1751329800000000,4.140649913544653e-05,40.95447594000943,0.7894490294799759,1800,0.7896456745818796,0.3519358642570748,5.478863699559522e-05,0.001364219846023973,6839.051388888889,0.0005555555555555556,0,0,2025-07-01,2679603
1751331600000000,3.764253583131863e-05,53.79746479566076,0.8014590128886135,1800,0.8021203598278187,0.22533461221825768,8.74585672239192e-06,5.864415945522339e-06,7054.369722222223,0.0011111111111111111,0,0,2025-07-01,2679603
1751333400000000,3.763010812535416e-05,59.4152299928539,0.8342736473358687,1800,0.8348310024100707,0.1956471171691354,0.003443113027549294,0.002276078797076364,7094.999722222222,0.0,0,0,2025-07-01,2679603
1751335200000000,3.760356520763392e-05,59.43028761649216,0.81391793148579,1800,0.8142669337700624,0.2773220160458246,2.207211449134494e-05,0.000136357407395149,7092.948611111111,0.0011111111111111111,0,0,2025-07-01,2679603
1751337000000000,4.272853975669205e-05,56.62828323635491,0.8140187021453463,1800,0.8140450912810817,0.2184737524783975,0.0011218915431570053,0.0005623415464525161,6044.995833333333,0.0005555555555555556,0,0,2025-07-01,2679603
1751338800000000,3.765812747550371e-05,14.949830678723838,0.7845763026741912,1800,0.8196059922192362,0.1518060328596712,1.5628885969842798e-06,3.358915228179882e-07,6411.319166666667,0.0,0,0,2025-07-01,2679603
1751340600000000,4.5347287244761415e-05,39.03851498455148,0.7706914315565395,1800,0.7746466994882292,0.2397267645910114,9.892122124433023e-06,0.00020763776184162808,5638.670555555555,0.0005555555555555556,0,0,2025-07-01,2679603
1751342400000000,4.847712633754781e-05,7.883159616347265,0.6228795540934705,1800,0.6893661928001229,0.4846361258668668,1.145292184256963e-05,0.0010304956769862095,6055.869166666666,0.0005555555555555556,1,0,2025-07-01,2679603
1751344200000000,3.810712364469055e-05,16.426868781938936,0.6255711612451305,1800,0.6579386479869151,0.23581165597550457,0.00031106272001935054,0.0008652659320530498,6824.803888888889,0.0011111111111111111,1,0,2025-07-01,2679603
1751346000000000,4.2154327343448846e-05,26.362737291117405,0.7707546488298691,1800,0.7771568644833717,0.22995434619585686,5.320653750418014e-05,2.66650778081301e-05,6160.2283333333335,0.0016666666666666668,1,0,2025-07-01,2679603
1751347800000000,4.2346368770497826e-05,54.29104337902926,0.7984199908017542,1800,0.7984833862504883,0.18652226957757745,0.0005726445903128097,0.000122783838896523,6299.1483333333335,0.0,1,0,2025-07-01,2679603
1751349600000000,4.828756843641848e-05,15.55851854578695,0.7730594215920863,1800,0.7928288897678705,0.4433217676243426,0.001221427250924334,0.0010627216860616961,6410.4,0.0005555555555555556,1,0,2025-07-01,2679603
1751351400000000,3.966383127095836e-05,21.342280878663665,0.722087932473702,1800,0.7230039589150428,0.14508542479057585,0.0017043473267961406,0.0011972743173527256,6591.5425,0.0005555555555555556,1,0,2025-07-01,2679603
1751353200000000,3.6739836430425256e-05,25.903359449388063,0.7886116053676855,1800,0.7894277320527318,0.24572425706720158,6.916773459542114e-07,0.001141141354452202,7523.733611111111,0.002777777777777778,1,0,2025-07-01,2679603
1751355000000000,3.952238474581395e-05,36.47727324195378,0.8037971892852389,1680,0.804680471012309,0.2406605975506979,0.0001170118155883193,1.53056631302384e-05,7064.562202380952,0.0,1,0,2025-07-01,2679603
1751356800000000,3.5753175685779545e-05,39.80015851729956,0.7857913483903759,1680,0.7881182022993217,0.3145184841833555,0.004077980567418593,7.556057135360561e-05,7534.933035714285,0.0005952380952380953,2,0,2025-07-01,2679603
1751358600000000,3.5129671734878125e-05,52.67919975870984,0.8002926725073817,1800,0.8005126188287081,0.3235541619012787,0.0006208077605557305,0.00013626795411658676,7489.2108333333335,0.0011111111111111111,2,0,2025-07-01,2679603
1751360400000000,3.349324635781858e-05,48.397486768768566,0.7991396518245191,1800,0.7992723418322027,0.23066197123706267,0.0008339096972953541,0.0005987855936346875,8213.634722222223,0.0005555555555555556,2,0,2025-07-01,2679603
1751362200000000,3.18869979084662e-05,43.04182537088266,0.7366774917220651,1800,0.7371167318161236,0.2508579959728001,0.0016764436272226346,0.0002614808875643915,8771.364722222223,0.0005555555555555556,2,0,2025-07-01,2679603
1751364000000000,3.0991688380846366e-05,58.609106621259286,0.8343734693995821,1800,0.8344031994260881,0.23993165075931355,0.0008924349758595573,0.000118088909280889,8771.751666666667,0.0,2,0,2025-07-01,2679603
1751365800000000,3.380334081820392e-05,28.54284634777128,0.7310205450526412,1800,0.739387671094873,0.3256396478631881,0.00153177765268675,0.00025975413575896056,7601.207777777778,0.0016666666666666668,2,0,2025-07-01,2679603
1751367600000000,3.2892210371435634e-05,38.89842313178494,0.7059935444714419,1800,0.7060123976312892,0.1287643906249436,0.00012850005282272203,0.0017205271429198143,8011.986944444445,0.0,2,0,2025-07-01,2679603
1751369400000000,3.2764115229592225e-05,35.91022532605302,0.7772238577176651,1800,0.7772480784069556,0.23775401310395528,0.00027876623841160963,0.0003591966222765697,8051.7572222222225,0.0005555555555555556,2,0,2025-07-01,2679603
1751371200000000,3.158009698745957e-05,44.85850416256642,0.8094801255156339,1800,0.811534241903684,0.1853827588478666,1.9870275904776413e-05,0.00235615779533338,8573.38,0.0016666666666666668,3,0,2025-07-01,2679603
1751373000000000,2.526768716739032e-05,36.56840973868232,0.773659884512895,1800,0.7738345193891694,0.2297131727399362,7.351964497215313e-05,0.0007911047315274367,10275.716666666667,0.0005555555555555556,3,0,2025-07-01,2679603
1751374800000000,2.644565660630546e-05,34.13994700897311,0.8048342316459592,1800,0.8070005148918129,0.11230686992505601,0.00011193628256389587,1.5944755156649393e-05,10224.790555555555,0.0011111111111111111,3,0,2025-07-01,2679603
1751376600000000,3.1034180405078986e-05,45.85592437258981,0.7978628592770737,1800,0.7984934082241716,0.11819301239498348,0.0013631688839427225,0.002131093022818553,9838.791666666666,0.002777777777777778,3,0,2025-07-01,2679603
1751378400000000,3.624572819374493e-05,68.93790200162756,0.8343776413696319,1800,0.8345436881191565,0.2042579601149479,0.0011147070044333907,0.0005104836728141438,8263.594444444445,0.0033333333333333335,3,0,2025-07-01,2679603
1751380200000000,3.379714213712513e-05,69.57227698210171,0.8210776078684525,1800,0.8214827322993619,0.1447068976088538,3.502971541813338e-05,0.0007081141499332144,8639.894722222221,0.0038888888888888888,3,0,2025-07-01,2679603
1751382000000000,3.1457123607501866e-05,71.6678340473923,0.8353961027428292,1800,0.8354082068726854,0.21235509381380946,0.0004399281757829776,0.0031544313186642192,8929.175555555556,0.0016666666666666668,3,0,2025-07-01,2679603
1751383800000000,3.4258249662642397e-05,43.6560727944213,0.7894288807617051,1680,0.7897873480185904,0.24012344611051595,0.0003022842862655528,0.0006374532794348742,8121.76875,0.0,3,0,2025-07-01,2679603
1751385600000000,3.5974889332834316e-05,50.15250903302549,0.8056338859856662,1680,0.8065747002526065,0.1569372537558723,2.1078474926827795e-05,0.00012148977868287059,7701.976488095238,0.0011904761904761906,4,0,2025-07-01,2679603
1751387400000000,3.460542535630045e-05,39.791853750963355,0.7499729206140189,1800,0.7534891446222869,0.16321541322837396,7.956967718381058e-05,6.657028144485544e-05,7653.073055555556,0.0005555555555555556,4,0,2025-07-01,2679603
1751389200000000,3.548204815264688e-05,54.15484365525013,0.7785089867151916,1800,0.778546752199048,0.1060389264848538,6.465852280290729e-05,3.326726509333966e-05,7575.4766666666665,0.0011111111111111111,4,0,2025-07-01,2679603
1751391000000000,3.131506270145718e-05,13.493833219736967,0.7162189587032373,1800,0.7584182457485109,0.06766600569180148,0.0018393970262226,5.810671291972547e-05,7436.456944444444,0.0005555555555555556,4,0,2025-07-01,2679603
1751392800000000,3.3311231719181806e-05,21.476793806934904,0.7585038364096012,1800,0.7712101853139173,0.10723873605766832,0.002511520247003185,0.002825788830879139,7293.791388888889,0.0016666666666666668,4,0,2025-07-01,2679603
1751394600000000,3.5309903957297264e-05,19.589391550340927,0.8108366151401741,1800,0.8197891686661349,0.13653397835395653,2.167300154398699e-05,0.00010095944671695278,7115.446111111111,0.0016666666666666668,4,0,2025-07-01,2679603
1751396400000000,4.0225411179102846e-05,27.123323283793905,0.7243437763274663,1800,0.7247108973517347,0.2559700486840706,0.0017152142415667315,0.0012410531460438357,6960.487222222222,0.0022222222222222222,4,0,2025-07-01,2679603
1751398200000000,3.456542615802998e-05,44.09697265898148,0.774362981091282,1800,0.7757663994236202,0.211771923266436,0.0008748293850527888,0.0012979912476421829,7541.096388888889,0.0,4,0,2025-07-01,2679603
1751400000000000,3.0658603100292976e-05,38.86524397890065,0.8059379458586853,1800,0.8066663456888086,0.16456365611071,0.0005173150746100585,1.1091699780862996e-06,9081.897777777778,0.0033333333333333335,5,0,2025-07-01,2679603
1751401800000000,2.486271539600162e-05,15.630417620347211,0.6736060133333653,1800,0.6784871777046317,0.37025412203975505,5.413496915296356e-06,0.00022439433599097391,11362.901666666667,0.0022222222222222222,5,0,2025-07-01,2679603
1751403600000000,3.1353847890278824e-05,30.406792020625367,0.7584412498554768,1800,0.7586308920840498,0.2894665327274739,0.003837066978496506,0.003659959933225543,8781.292222222222,0.0011111111111111111,5,0,2025-07-01,2679603
1751405400000000,5.63827362073195e-05,21.912385482739268,0.6945388703281905,1800,0.7036617875548663,0.2156255508805236,0.0027361949319933965,0.00015253383735858161,4665.8613888888885,0.0,5,0,2025-07-01,2679603
1751407200000000,4.639231096110115e-05,39.41967400407562,0.7636836998473149,1800,0.7667402811949342,0.2591303161639674,5.099022837073974e-05,0.0003157706620433576,6355.290555555555,0.0005555555555555556,5,0,2025-07-01,2679603
1751409000000000,4.1805353135271225e-05,38.851101695172794,0.7583686103539324,1800,0.7681300833027673,0.3944224607113437,5.01246842776748e-06,9.116941417053326e-05,7003.573888888889,0.0016666666666666668,5,0,2025-07-01,2679603
1751410800000000,4.190656250368002e-05,32.09205813980815,0.741464473824491,1800,0.748002773516631,0.3321101333455032,0.0009831887963418495,0.0008291291902886577,6837.608611111111,0.0022222222222222222,5,0,2025-07-01,2679603
1751412600000000,3.606058314939975e-05,29.866530988457342,0.7070233557807548,1680,0.7073717585973706,0.46026082028625315,0.00035876512995403065,0.00043386990872629205,7527.323214285714,0.0,5,0,2025-07-01,2679603
1754006400000000,9.198435910177389e-05,20.30993775787097,0.7684867300859743,1680,0.7718728715406413,0.21415499045863606,0.0004878946768269721,0.0005548599796113551,3439.111011904762,0.029166666666666667,0,0,2025-08-01,4993286
1754008200000000,0.00011391615155041055,44.93126679130691,0.8106509950492962,1800,0.8120034736840842,0.22266931242222232,0.004097665204939704,0.0035571597896503215,3026.3244444444445,0.050555555555555555,0,0,2025-08-01,4993286
1754010000000000,0.00012037728399187937,70.17371641255457,0.8280242207009767,1800,0.8290706974046491,0.12633427296252975,0.00026875799098857733,0.0003770829285837385,2718.597222222222,0.03,0,0,2025-08-01,4993286
1754011800000000,0.00010507030190417788,47.97482805763892,0.7968129085744216,1800,0.8018830867760316,0.1346058694724661,0.00039809084513908743,1.5447420139369505e-05,2952.341388888889,0.013333333333333334,0,0,2025-08-01,4993286
1754013600000000,9.774796564000993e-05,34.66868629709894,0.7645897993595785,1800,0.7650691927725607,0.2020701850374821,0.000620903842583842,0.00017395024468880305,3553.175,0.005555555555555556,0,0,2025-08-01,4993286
1754015400000000,9.36900826209328e-05,31.13477923667079,0.7189942172471315,1800,0.7196632969133419,0.11076452279614102,0.00024177477702136407,8.494276623416397e-06,3150.8577777777778,0.002777777777777778,0,0,2025-08-01,4993286
1754017200000000,8.751956856345395e-05,9.169561298047835,0.7200264758167503,1800,0.7202020701310115,0.2949169613013861,0.0003034379905640927,0.0024006919216663647,3529.241666666667,0.0022222222222222222,0,0,2025-08-01,4993286
1754019000000000,9.267673447024964e-05,44.53406765080179,0.7269764987551244,1800,0.7269782194031333,0.18934669467429,0.000227138808396532,8.809302154832999e-05,2936.768888888889,0.0005555555555555556,0,0,2025-08-01,4993286
1754020800000000,9.12762625988045e-05,30.033778134896366,0.7213941141549856,1800,0.7240169066999411,0.21303865601665983,0.001695925786421415,0.000235214373366599,3138.216388888889,0.005555555555555556,1,0,2025-08-01,4993286
1754022600000000,8.871295405556116e-05,37.57874528139381,0.7436216759780654,1800,0.7493573587609919,0.23555103360764706,0.00044022673569366066,0.00023397207163367018,3368.9422222222224,0.0016666666666666668,1,0,2025-08-01,4993286
1754024400000000,8.485193771014549e-05,39.223960005925264,0.7446680458621828,1800,0.7450585007979325,0.11673951909284308,0.0009726779641825445,0.0011553743803109917,3391.8572222222224,0.0022222222222222222,1,0,2025-08-01,4993286
1754026200000000,9.515434364062601e-05,44.79758071988715,0.7593565985669601,1800,0.7597670419863456,0.20766645572203624,0.004716099560248432,0.005768006700980544,3103.1869444444446,0.0044444444444444444,1,0,2025-08-01,4993286
1754028000000000,9.667841959871044e-05,58.90673434724165,0.805869303476807,1800,0.8063975377332722,0.23624046293998513,6.106440042230599e-05,2.865934844997753e-08,2984.5447222222224,0.006666666666666667,1,0,2025-08-01,4993286
1754029800000000,9.788472346344956e-05,44.50335228650017,0.8061132930899295,1800,0.8067350981296829,0.20878583875917767,0.00011508018257588848,0.00010942916423739568,3057.9436111111113,0.006666666666666667,1,0,2025-08-01,4993286
1754031600000000,0.00010279034524692969,58.719524823061946,0.8356188953893018,1800,0.8364982895888163,0.24681755943182226,0.000599911806776543,0.0029498680438247993,2987.5427777777777,0.006111111111111111,1,0,2025-08-01,4993286
1754033400000000,9.483750976664875e-05,54.59624498851915,0.8201241877616282,1680,0.8201843711898594,0.18449305910663671,0.0008738022223393482,0.0006139546269884333,3202.5261904761905,0.002380952380952381,1,0,2025-08-01,4993286
1754035200000000,0.00010065313641376001,40.58481053135761,0.8105903584691092,1680,0.8161845981055922,0.2045556675192326,2.5262087388622234e-07,0.00048154639400499466,3371.7059523809526,0.026785714285714284,2,0,2025-08-01,4993286
1754037000000000,0.00010169429361949293,47.39447622497544,0.8067076782331954,1800,0.8069832450473802,0.2349444462499779,0.0017714299143728462,0.0005711572080728811,3318.4266666666667,0.012777777777777779,2,0,2025-08-01,4993286
1754038800000000,7.847487408347237e-05,26.353946881363616,0.6671439593557184,1800,0.6828424102524079,0.21681111987886614,0.0008038412436783826,2.9284806640772487e-06,3907.7691666666665,0.011111111111111112,2,0,2025-08-01,4993286
1754040600000000,4.975096123520415e-05,2.635814300727523,0.4215532812039684,1800,0.7243988842481104,0.01779732051522842,0.0008009530248831442,0.00029961059373317944,3191.311111111111,0.002777777777777778,2,0,2025-08-01,4993286
1754042400000000,0.000100491189210947,49.83521613658282,0.7846131996296215,1800,0.7847655422463883,0.2424657072769345,0.0019098054095284533,0.0008550794642888659,2626.231388888889,0.0011111111111111111,2,0,2025-08-01,4993286
1754044200000000,0.00011173271836247121,44.10237866226595,0.7728989414868485,1800,0.7750543627259271,0.21115475520964566,0.0008515172206465804,0.0010634356338843354,2477.851111111111,0.0033333333333333335,2,0,2025-08-01,4993286
1754046000000000,0.00010132276114439308,25.709661648438303,0.7593648379045937,1800,0.7595343781392664,0.2533377402339728,9.473272216120598e-05,7.322237760520878e-05,2687.5602777777776,0.0033333333333333335,2,0,2025-08-01,4993286
1754047800000000,9.822365944616096e-05,39.551640040195295,0.7775791994347667,1800,0.7777932148904932,0.3373248991795825,0.004033588955893008,0.0033803733458031004,3073.594722222222,0.0022222222222222222,2,0,2025-08-01,4993286
1754049600000000,8.427446287382874e-05,44.91754287526243,0.7538330993190565,1800,0.7548767462271901,0.18633011691518697,3.732743611095657e-06,7.09190960435091e-05,3446.6027777777776,0.002777777777777778,3,0,2025-08-01,4993286
1754051400000000,0.0001146335897381348,13.826063841908656,0.735393561807105,1800,0.7782232315930133,0.17762356373596777,0.00045035446797458967,0.0010815378653280527,2789.123611111111,0.023333333333333334,3,0,2025-08-01,4993286
1754053200000000,8.914881939030777e-05,58.249540994159304,0.7971305487815565,1800,0.797238499136628,0.21932592018019004,0.000598882417996327,0.0010333093154406559,3318.1086111111113,0.006666666666666667,3,0,2025-08-01,4993286
1754055000000000,0.00010789014912254141,58.064049758992844,0.8334239522296887,1800,0.8341939975309577,0.19500814367862962,0.0006772369905688747,0.00015819013612561328,2971.085,0.04,3,0,2025-08-01,4993286
1754056800000000,9.836546467628879e-05,39.35569380099282,0.7640280846903531,1800,0.7670861145368086,0.20856050127915482,0.0001509418255929429,0.0002427052635273208,3348.1105555555555,0.034444444444444444,3,0,2025-08-01,4993286
1754058600000000,7.978798088980203e-05,47.66549653267389,0.7804447754397796,1800,0.78044686015546,0.19478398953272058,0.0003398983508332565,9.992067193098642e-06,3927.6955555555555,0.018333333333333333,3,0,2025-08-01,4993286
1754060400000000,8.013409111257376e-05,64.94578698039388,0.8016790161431326,1800,0.8023945517515167,0.1303844205382495,2.0526733016223986e-05,0.00010132593845302296,3860.541111111111,0.017777777777777778,3,0,2025-08-01,4993286
1754062200000000,7.62647950735363e-05,36.44261484431951,0.7797672796288017,1680,0.7837667995124086,0.220262099429546,0.0008301747622260214,1.9719180543997794e-07,4039.0110119047617,0.01011904761904762,3,0,2025-08-01,4993286
1754064000000000,8.040622230097941e-05,62.643648635799146,0.7903656944522378,1680,0.7911498905476019,0.18086145326355585,0.0052273002798285395,0.002165901756463362,3814.730357142857,0.007738095238095238,4,0,2025-08-01,4993286
1754065800000000,7.7272202917263e-05,42.52253942123363,0.7769047090784968,1800,0.7790785713332214,0.12804418093662107,1.831751846093077e-06,5.882629046827237e-05,3953.6141666666667,0.015,4,0,2025-08-01,4993286
1754067600000000,7.854314762389836e-05,59.62231636731201,0.8015784085876266,1800,0.8036658290240516,0.19151383748568407,0.0001461003996139354,0.00017636272503840367,3873.837777777778,0.013888888888888888,4,0,2025-08-01,4993286
1754069400000000,7.594098373971032e-05,51.06269972976348,0.7708348144343358,1800,0.770958954693393,0.22908380118775185,0.0028703835482959406,0.000715793229098205,4100.9525,0.011666666666666667,4,0,2025-08-01,4993286
1754071200000000,8.049078445742558e-05,55.963203357312935,0.8062224717572226,1800,0.8072052771417237,0.20286852028133262,5.241612857331823e-05,8.307979424082568e-05,3779.7144444444443,0.021666666666666667,4,0,2025-08-01,4993286
1754073000000000,7.318283166074576e-05,10.574121367388413,0.7326830368222477,1800,0.8100301681003517,0.18683053957878049,0.00011538476315386959,0.0008713748889366268,3705.9236111111113,0.013888888888888888,4,0,2025-08-01,4993286
1754074800000000,8.730006422902513e-05,27.93879857241339,0.8196874404744352,1800,0.8325066315960574,0.13803688891321808,0.00037328234646694103,0.0003269060501199794,3299.402777777778,0.015555555555555555,4,0,2025-08-01,4993286
1754076600000000,8.545036475318052e-05,66.48610626873858,0.8161500271897761,1800,0.8191760541901923,0.29834600757412855,0.00017499488899552773,0.0005463492893063027,3603.833611111111,0.011111111111111112,4,0,2025-08-01,4993286
1754078400000000,8.17934646943259e-05,43.2684863632146,0.8084389643961051,1800,0.8096851281573161,0.23345808626426712,0.0004901088509143836,0.00031242563203948137,4020.3055555555557,0.016666666666666666,5,0,2025-08-01,4993286
1754080200000000,7.58269636541965e-05,75.42171989713432,0.8425650781796017,1800,0.844219407317893,0.28262191620524035,0.0009001863451975067,0.00011780624795931782,4207.001111111111,0.0077777777777777776,5,0,2025-08-01,4993286
1754082000000000,8.017445578408823e-05,42.93413133411364,0.8111932707827865,1800,0.8112026478271048,0.25446294801989633,0.00036309017266800137,5.798007319812726e-07,4238.3475,0.012222222222222223,5,0,2025-08-01,4993286
1754083800000000,6.90256590813514e-05,6.034168131474949,0.5778425167794811,1800,0.7559141523077704,0.18220033334227825,0.0008482063143896434,9.114709506596874e-06,2903.7966666666666,0.0022222222222222222,5,0,2025-08-01,4993286
1754085600000000,0.00014839210585691062,48.40234479837227,0.815787300628783,1800,0.8185940412364288,0.18337668129860552,0.0008314351494135286,0.0017541770384063016,2036.6775,0.02388888888888889,5,0,2025-08-01,4993286
1754087400000000,0.00017097550009694914,59.33263897259587,0.8375398986263363,1800,0.8392453166689973,0.18008662335820758,0.00031425889415925834,4.040504145441659e-05,1767.5802777777778,0.05611111111111111,5,0,2025-08-01,4993286
1754089200000000,0.00011883467068685182,24.465627803202167,0.7406999364789915,1800,0.7633638536210887,0.16588560097207117,7.93904957036018e-05,0.0010119948034774673,2604.3372222222224,0.007222222222222222,5,0,2025-08-01,4993286
1754091000000000,0.00010412543984685816,46.57713480735096,0.7784075834338933,1680,0.7784226003025293,0.2163461039311897,0.0009682602579641486,0.0008026798819376069,2951.347619047619,0.0011904761904761906,5,0,2025-08-01,4993286
1756684800000000,4.2251120937528844e-05,61.008982173579135,0.8512924676829478,1680,0.8516221796469154,0.1961463538313235,0.00011708432539092595,0.00040732343832916573,7178.492559523809,0.002380952380952381,0,0,2025-09-01,3448983
1756686600000000,3.501039257621331e-05,33.63186880510097,0.7811457009551905,1800,0.8042450749564924,0.17491755147811816,0.00022244598792187098,0.0014871580593192046,7945.656111111111,0.0011111111111111111,0,0,2025-09-01,3448983
1756688400000000,5.579836282815272e-05,55.55866290298376,0.8251267783253933,1800,0.827484049661652,0.1679453481112959,0.003207271394150668,0.0006189445137370075,5190.3116666666665,0.002777777777777778,0,0,2025-09-01,3448983
1756690200000000,4.9947970699828184e-05,60.74992771335122,0.8304432357454765,1800,0.8305415710172307,0.21295855623174798,0.0008183202352903818,9.960866043434713e-05,5947.280833333333,0.0016666666666666668,0,0,2025-09-01,3448983
1756692000000000,4.60926999443256e-05,54.23114966947964,0.8281706126554718,1800,0.8292699679292977,0.0887812958351274,0.00018486596395461685,4.274233631906821e-05,6097.3575,0.0005555555555555556,0,0,2025-09-01,3448983
1756693800000000,3.22457205146547e-05,49.55432477008888,0.8143700558532642,1800,0.8146170358592374,0.20780861780306337,0.0006829930860581257,0.0002435180658277858,9665.1525,0.0011111111111111111,0,0,2025-09-01,3448983
1756695600000000,3.0493298984339474e-05,49.86001647780049,0.7943183079958408,1800,0.796505646698217,0.12223585153056626,4.377694315782499e-05,5.991543373040642e-05,10084.450277777778,0.0016666666666666668,0,0,2025-09-01,3448983
1756697400000000,3.039075957160797e-05,43.62856057912676,0.7505678488759374,1800,0.7506886741847439,0.2057732856298432,1.0306341215460257e-05,0.0007567223059066208,9870.347777777777,0.0011111111111111111,0,0,2025-09-01,3448983
1756699200000000,2.478080204847406e-05,58.60310399051251,0.7866548618143212,1800,0.7868208320967164,0.1589794022270299,2.523398188736259e-06,0.00020726341527710357,12114.497222222222,0.0016666666666666668,1,0,2025-09-01,3448983
1756701000000000,2.6968857764794072e-05,35.54029926678346,0.7859651049258939,1800,0.790059613551033,0.09909104474491148,0.0007812914058681342,0.00041693886534421853,11389.227222222222,0.0016666666666666668,1,0,2025-09-01,3448983
1756702800000000,2.694934317730699e-05,57.14073626845607,0.800569805358736,1800,0.8005841414833449,0.12555672289653497,0.0004834125324395533,0.0008006397275608368,11210.552777777777,0.0,1,0,2025-09-01,3448983
1756704600000000,3.518700961767199e-05,44.097553822580814,0.7968512382783971,1800,0.7981278924500701,0.18382914655845928,0.0013515499533793829,0.0011409408409165378,7829.951666666667,0.0,1,0,2025-09-01,3448983
1756706400000000,3.8497542531436796e-05,50.674307216408835,0.7853997308963941,1800,0.7855063385078919,0.22711658686382108,0.0007961655367449971,0.0004278204906938976,6824.7283333333335,0.0011111111111111111,1,0,2025-09-01,3448983
1756708200000000,3.8141432286554256e-05,48.17073938801295,0.8020960368790603,1800,0.802461200786702,0.22147888540900273,0.001991114385113457,0.0012126938962609968,7574.931111111111,0.0,1,0,2025-09-01,3448983
1756710000000000,3.6213587425555485e-05,59.317863254559676,0.8453290931448609,1800,0.8459685687250845,0.19265654008445898,8.243598840285138e-05,0.00017080262965463167,8295.403055555556,0.002777777777777778,1,0,2025-09-01,3448983
1756711800000000,4.987299422459101e-05,57.414015923803674,0.8274889427989289,1680,0.8311141865396601,0.20836559889800121,0.000637264764865586,2.529504468784527e-05,6254.382142857143,0.006547619047619048,1,0,2025-09-01,3448983
1756713600000000,3.138407753627096e-05,5.265732561146158,0.5846469171734663,1680,0.7043017108092595,0.2553722777582983,0.00010483926370985497,0.0030940701418724625,9817.164285714285,0.008928571428571428,2,0,2025-09-01,3448983
1756715400000000,4.570169199709502e-05,65.66051619737445,0.8541352914436331,1800,0.8541845321527937,0.27687960243995835,0.0015278200278929788,9.911666586259749e-06,6476.170277777778,0.002777777777777778,2,0,2025-09-01,3448983
1756717200000000,4.157337201113244e-05,59.46774356024246,0.8482482235763957,1800,0.8485921097535063,0.20936496944212268,0.0011760984652395834,0.001288800504574139,7104.998333333333,0.0022222222222222222,2,0,2025-09-01,3448983
1756719000000000,3.846166542452421e-05,51.1222041515778,0.8064125968264019,1800,0.8067769516697763,0.23322934306247778,0.0012403228218040852,0.0011832635636020994,7743.879166666667,0.0005555555555555556,2,0,2025-09-01,3448983
1756720800000000,3.566793632488528e-05,26.10255289948776,0.7875860420441911,1800,0.7904849933388091,0.16510127362816995,7.402298146996777e-05,8.402362150694564e-05,8461.81138888889,0.0,2,0,2025-09-01,3448983
1756722600000000,3.0413706666259704e-05,59.65163080460045,0.8161948250405047,1800,0.8164388717854423,0.17209177160635514,0.0011191571897228858,0.00017197806937863103,10358.748055555556,0.0016666666666666668,2,0,2025-09-01,3448983
1756724400000000,3.309803096274811e-05,49.247216263585486,0.7916124435745321,1800,0.7919374907529133,0.2400679868007517,0.0003905559624722832,0.0010210155084601213,9158.305277777778,0.0011111111111111111,2,0,2025-09-01,3448983
1756726200000000,3.181072525334327e-05,54.321510556155665,0.8090454452493524,1800,0.8090643769247048,0.16143612998521895,0.0003513621753580276,0.0003303068543600851,8971.845555555556,0.0005555555555555556,2,0,2025-09-01,3448983
1756728000000000,3.07692525697627e-05,62.10790299124828,0.8161205063483307,1800,0.8163941956740015,0.2217043792397827,0.0002400873690027172,0.0001736965077252517,9775.674444444445,0.0005555555555555556,3,0,2025-09-01,3448983
1756729800000000,2.253625854219774e-05,6.332179271349594,0.6617078362588595,1800,0.8009263933318405,0.05224985496220824,0.000164470087612556,0.00023546560997156352,10084.630555555555,0.0005555555555555556,3,0,2025-09-01,3448983
1756731600000000,3.220906277832508e-05,65.50991950123321,0.8479224311400877,1800,0.8479261814385003,0.16095281061490885,0.00011941623760147735,0.000565928049291009,9566.611944444445,0.0,3,0,2025-09-01,3448983
1756733400000000,3.3254083412972585e-05,59.68612805760861,0.8376516002230739,1800,0.8388862035375808,0.24875466886112096,0.0009739459377159365,0.002172558779865885,8538.651666666667,0.0005555555555555556,3,0,2025-09-01,3448983
1756735200000000,4.241798250622647e-05,48.63647252762188,0.8233249792662907,1800,0.827036554439021,0.25788151285084693,0.0003107834946279864,0.00044199497262253917,7177.930833333333,0.0005555555555555556,3,0,2025-09-01,3448983
1756737000000000,3.685983615648062e-05,32.82439903531585,0.818747089342118,1800,0.8200320262171774,0.14767215070403616,0.0005544651574339587,0.0006838948097255271,8332.343611111111,0.0005555555555555556,3,0,2025-09-01,3448983
1756738800000000,3.7950280467045226e-05,54.680004081596906,0.8144510049254416,1800,0.8148014752989462,0.19802909101002475,0.00027970297349522166,7.327232649756432e-05,7550.639722222222,0.0016666666666666668,3,0,2025-09-01,3448983
1756740600000000,4.088722196223919e-05,44.072832485220296,0.8005833908728117,1680,0.8005899693275297,0.12017074318574927,0.00013060600336356476,4.448122145828126e-05,6893.270238095238,0.004166666666666667,3,0,2025-09-01,3448983
1756742400000000,3.312908089699344e-05,50.88475611463243,0.8195456338622029,1680,0.8219964513066287,0.19011445390734327,0.002880895295393038,0.002553792250197473,8804.449702380953,0.002976190476190476,4,0,2025-09-01,3448983
1756744200000000,3.356919783143717e-05,46.21482547023634,0.8204867407338934,1800,0.8206431977298627,0.2544885233605114,1.2550905012287394e-05,0.00045022188397669805,8850.693055555555,0.0011111111111111111,4,0,2025-09-01,3448983
1756746000000000,3.3096506157083473e-05,39.56401493845817,0.8095466926380229,1800,0.8128464737668165,0.18364992300650984,0.0014071039521834638,0.00012583577674374347,9486.6775,0.0016666666666666668,4,0,2025-09-01,3448983
1756747800000000,3.161129313840468e-05,43.89969830388196,0.7922947352095658,1800,0.8004768703451453,0.2522219620302275,0.0034028863160397993,0.0001958568189740495,9649.475833333334,0.0033333333333333335,4,0,2025-09-01,3448983
1756749600000000,3.458971979559678e-05,36.47151693630412,0.7473753411689041,1800,0.755057652618619,0.18858214862415468,0.001600347671247948,5.901084349113628e-05,8959.91888888889,0.0005555555555555556,4,0,2025-09-01,3448983
1756751400000000,3.13340277939075e-05,35.931977670515636,0.7296186391888972,1800,0.7312739249817986,0.2036541424885413,9.252174759932785e-05,6.775728325703056e-05,8895.381388888889,0.0011111111111111111,4,0,2025-09-01,3448983
1756753200000000,3.021373247179549e-05,46.43195066893083,0.7882366316458382,1800,0.7882492237570109,0.13928207359105504,2.3349128241978434e-07,0.0021247922013784004,9005.218888888889,0.0005555555555555556,4,0,2025-09-01,3448983
1756755000000000,3.3588177649207354e-05,37.71412378144861,0.7890041741838811,1800,0.7894814576088977,0.20387657176303453,0.00028529393104359535,1.6387804274820006e-05,7889.683888888889,0.0,4,0,2025-09-01,3448983
1756756800000000,3.397089153989108e-05,36.36355451985153,0.7771612394543631,1800,0.7781211047205175,0.20158025722262718,0.0028612197509294557,0.0018679357891150383,8128.138888888889,0.0,5,0,2025-09-01,3448983
1756758600000000,4.543403253085327e-05,23.997865610908804,0.7703856255752608,1800,0.7745655346789205,0.36951513157995486,0.003579182768509992,0.005168047478619098,7834.196111111111,0.03611111111111111,5,0,2025-09-01,3448983
1756760400000000,3.6127703856043255e-05,25.9343859289068,0.7596902311771079,1800,0.7684409984263857,0.20077814251604909,0.00019047384937975753,0.0008456295924315071,8887.845555555556,0.006666666666666667,5,0,2025-09-01,3448983
1756762200000000,5.746049782355795e-05,18.100355709013204,0.6704046099808225,1800,0.6859452904201448,0.26030628258218647,1.1060803483897708e-05,1.9615319235555262e-07,5561.380277777777,0.02277777777777778,5,0,2025-09-01,3448983
1756764000000000,5.537606710763472e-05,16.65259025203098,0.7385633786718209,1800,0.7889363852973821,0.15033349522948147,0.000790588514484436,0.0004576200630336258,5127.785,0.002777777777777778,5,0,2025-09-01,3448983
1756765800000000,5.7031737670574455e-05,38.21868985476735,0.7728045567673302,1800,0.7773080331818053,0.14189058715289504,0.00011595217084092724,0.0007646393162438203,5164.3,0.0011111111111111111,5,0,2025-09-01,3448983
1756767600000000,5.1564037596164195e-05,40.717873034440586,0.7768766478519215,1800,0.7793846652498239,0.14971513057403485,0.001629484501362688,5.684579660303335e-05,5370.254722222222,0.0011111111111111111,5,0,2025-09-01,3448983
1756769400000000,4.858852809539245e-05,29.751019498375847,0.7601358168320971,1680,0.7699045722680474,0.21466577200658277,2.3971601002981124e-05,6.745071428082561e-05,5525.038392857143,0.002380952380952381,5,0,2025-09-01,3448983
1759276800000000,8.58337906133544e-05,21.99192646772533,0.7270410004449988,1680,0.7437962763325183,0.3311112574433993,0.0006007267788785686,0.0006939240571417482,3267.8020833333335,0.0017857142857142857,0,0,2025-10-01,3016988
1759278600000000,9.050507380629646e-05,34.857125235107965,0.825208294384666,1800,0.8308653167003939,0.3887475239442698,0.002628268767584707,0.0020952660753534857,3112.6877777777777,0.0011111111111111111,0,0,2025-10-01,3016988
1759280400000000,9.374682825015866e-05,16.63900686132418,0.6876949605402203,1800,0.7046112194821975,0.2595418585799061,6.52166984160818e-06,0.00021250208932255266,2984.7069444444446,0.0022222222222222222,0,0,2025-10-01,3016988
1759282200000000,0.00011589768359677706,36.875867766646536,0.7582639818878609,1800,0.7588942281161783,0.2759019902188822,0.0003943007130723375,0.000467310165242929,2661.7094444444447,0.0,0,0,2025-10-01,3016988
1759284000000000,9.782484374124257e-05,15.143928362780287,0.7160466608796321,1800,0.7589028087839697,0.28226946836676214,2.8358583723742115e-05,2.5041923183977133e-05,2502.668888888889,0.0022222222222222222,0,0,2025-10-01,3016988
1759285800000000,9.777186185636238e-05,12.03670590389092,0.79017386503219,1800,0.8005623969784446,0.44772435415171163,0.0008543526899100762,0.00020950552457377203,2856.988611111111,0.0011111111111111111,0,0,2025-10-01,3016988
1759287600000000,0.00010475296569927615,22.42883729769092,0.7650943419383923,1800,0.7652012050383535,0.3586565857917027,0.00022216258725438198,0.00012060722467144291,2576.7986111111113,0.0033333333333333335,0,0,2025-10-01,3016988
1759289400000000,0.00010449296912882557,20.480466121427884,0.7701266014964916,1800,0.7850717509889893,0.29178714828794583,0.000444814501799784,0.0007645823699110599,2391.528888888889,0.0,0,0,2025-10-01,3016988
1759291200000000,9.95880702174203e-05,13.781024536640087,0.7436364305242111,1800,0.7910510093682103,0.17756831541869778,0.0029943200063642372,0.001966215900998658,2550.632222222222,0.0038888888888888888,1,0,2025-10-01,3016988
1759293000000000,8.850156056038133e-05,9.920759008300944,0.6639924340906903,1800,0.7616462602073212,0.222295287051389,1.7629499283744465e-06,0.0005693254263227088,2358.9875,0.0011111111111111111,1,0,2025-10-01,3016988
1759294800000000,7.685362577031938e-05,5.513278416242742,0.5628916928365606,1800,0.7584556514500143,0.27915935475572173,2.2800016027391123e-06,5.311031284216394e-05,2127.516111111111,0.0022222222222222222,1,0,2025-10-01,3016988
1759296600000000,8.625472496979008e-05,3.834916322485431,0.5206493993732711,1800,0.7335170934864589,0.12828390895488395,0.00012265523677812418,0.0001193713622837933,1767.1619444444445,0.0011111111111111111,1,0,2025-10-01,3016988
1759298400000000,0.00010899125000479815,4.400479272277248,0.6509494979471648,1800,0.7941066408029998,0.2547632875129422,0.00040295317255278906,0.0007391187801063515,1837.5511111111111,0.0022222222222222222,1,0,2025-10-01,3016988
1759300200000000,6.190050954258721e-05,5.333340167278162,0.5070289470323477,1800,0.7104615011526363,0.21411302112193265,0.00028471130135332423,0.002308210574943792,1798.1761111111111,0.0016666666666666668,1,0,2025-10-01,3016988
1759302000000000,8.67979091103569e-05,4.473568742442556,0.5876686843895377,1800,0.7504685612290812,0.2736640969778207,0.001882483172080729,0.0007354717305667613,1855.1952777777778,0.006111111111111111,1,0,2025-10-01,3016988
1759303800000000,8.940293203832745e-05,5.147249877968149,0.6340321170784743,1680,0.746400111333092,0.30612107350448525,0.00014867531310813753,0.0011375311128164478,2215.342261904762,0.0011904761904761906,1,0,2025-10-01,3016988
1759305600000000,0.0001075231327926976,4.905281720345935,0.5612847533677332,1680,0.7293996664789091,0.25966029199652574,7.153740084175908e-05,1.5580172041396168e-07,1597.1291666666666,0.007738095238095238,2,0,2025-10-01,3016988
1759307400000000,0.00015836027954892903,16.23174233306703,0.7080931669197383,1800,0.7482315978258667,0.3440286957779557,0.0005802273264160496,0.0003981283056545548,1734.3369444444445,0.06777777777777778,2,0,2025-10-01,3016988
1759309200000000,6.164312199361481e-05,5.0867385642074225,0.2930012715606467,1800,0.38986395246746597,0.5057941449618015,9.312312934095512e-05,0.00035021176371408114,3252.3980555555554,0.02666666666666667,2,0,2025-10-01,3016988
1759311000000000,0.00010121547319691302,4.837010394378955,0.5259630387890006,1800,0.7461613398553746,0.3807983016562262,1.6367164088482156e-06,0.0007735041246124119,1991.1183333333333,0.0038888888888888888,2,0,2025-10-01,3016988
1759312800000000,8.932468589343832e-05,7.180791671803814,0.6264610733098723,1800,0.6855573818370231,0.3520298846936566,0.01768362033181159,0.010851175509878574,2269.4441666666667,0.0033333333333333335,2,0,2025-10-01,3016988
1759314600000000,9.708785983659027e-05,6.637537615819913,0.5732035086407861,1800,0.7054858265188223,0.2661045533311788,1.1707112053116475e-06,0.00027747739356198675,2007.0183333333334,0.0011111111111111111,2,0,2025-10-01,3016988
1759316400000000,9.194045567851611e-05,5.509811424357057,0.5165474805119576,1800,0.6608632895860723,0.3263373647044697,0.00018258014287342306,0.0005890368682963665,2030.253611111111,0.0033333333333333335,2,0,2025-10-01,3016988
1759318200000000,0.00013786036895093752,8.619666237500095,0.6243684528233193,1800,0.7427923953970227,0.17183484903876256,0.0012405010734541921,0.00018374756619099486,2077.465277777778,0.0011111111111111111,2,0,2025-10-01,3016988
1759320000000000,9.941557457615634e-05,4.442308896833168,0.5617781178080596,1800,0.7896481483889378,0.36228677781550855,0.0011394801420627765,8.031516558659746e-05,1759.081111111111,0.0022222222222222222,3,0,2025-10-01,3016988
1759321800000000,8.299797838053903e-05,4.708080837810812,0.5180667107784875,1800,0.7150426350453303,0.23957630710009503,0.0010307012852512898,2.0498249064804241e-07,1734.4066666666668,0.0022222222222222222,3,0,2025-10-01,3016988
1759323600000000,8.795058889350351e-05,4.571370109015313,0.5227958423793055,1800,0.7450955498925846,0.24707143678733723,0.001158107713665757,9.795036191373452e-05,2081.961111111111,0.0005555555555555556,3,0,2025-10-01,3016988
1759325400000000,0.00016535961818905923,23.02346266872419,0.7624924730109149,1800,0.7964102573754078,0.09283888194988388,0.0003626719486505836,0.001782489235281015,1620.3016666666667,0.005555555555555556,3,0,2025-10-01,3016988
1759327200000000,0.00017896295526568655,29.497357597994785,0.777644242120302,1800,0.7835154720234744,0.2644415773780733,7.102147580262397e-06,4.007482439372101e-05,1727.0791666666667,0.008333333333333333,3,0,2025-10-01,3016988
1759329000000000,0.00016684382857501883,45.09488440701445,0.7851933351118805,1800,0.7865496337005513,0.16901469258051716,0.0006473572105734071,0.00010304092191348868,1751.8444444444444,0.006111111111111111,3,0,2025-10-01,3016988
1759330800000000,0.000154157448429974,31.31677797885078,0.7717737640158143,1800,0.7808951356375473,0.1771868249608135,0.00011635843932145118,0.0001091215918597177,1821.006388888889,0.0005555555555555556,3,0,2025-10-01,3016988
1759332600000000,0.00014981951771873917,30.431264990191877,0.71064956708586,1680,0.7170284938071221,0.2648159732442611,0.00045742691832451055,0.00016818666016915618,2032.082738095238,0.002976190476190476,3,0,2025-10-01,3016988
1759334400000000,0.00013856178105368916,15.257778535858254,0.7050916797514859,1680,0.7490278109787599,0.24820176120209336,0.0009261766423600548,0.002929554779636412,2008.2895833333334,0.002380952380952381,4,0,2025-10-01,3016988
1759336200000000,0.00012654798432876077,20.402887181606594,0.7044860506329336,1800,0.7114372944625272,0.27699997587112957,5.572972664014131e-06,8.655226024800733e-05,2319.761388888889,0.002777777777777778,4,0,2025-10-01,3016988
1759338000000000,0.00010673881488077075,5.983711714320613,0.6873007904302647,1800,0.8087313774234401,0.3206669246792051,0.0024489886123755245,0.0029236382206242473,2282.563888888889,0.0016666666666666668,4,0,2025-10-01,3016988
1759339800000000,0.00013756678411768118,10.664157776981932,0.6818486845289963,1800,0.7834562009677946,0.19557494155860178,0.000626112849791971,0.0009301868464196561,2054.2966666666666,0.002777777777777778,4,0,2025-10-01,3016988
1759341600000000,0.00014460565045293068,10.587641449516092,0.7268789592532211,1800,0.7346148679355919,0.22760142119992544,8.449848198921472e-08,0.00019043130700624467,2166.2183333333332,0.0011111111111111111,4,0,2025-10-01,3016988
1759343400000000,9.149514953725013e-05,14.92832135882182,0.700778329202551,1800,0.7140035023519535,0.3821540574983707,0.0011082430258400056,0.0002204305342888846,2609.273611111111,0.0016666666666666668,4,0,2025-10-01,3016988
1759345200000000,0.0001159771354440758,20.231120116251624,0.7477407968994058,1800,0.765437407551557,0.2348628934392567,0.0003086560261006399,1.566438175837348e-07,2353.0294444444444,0.0005555555555555556,4,0,2025-10-01,3016988
1759347000000000,0.00011391931077085879,10.525815552680829,0.7809545110856824,1800,0.80251789403636,0.4960073281777284,0.00013371801533024197,0.00012193502658663924,2487.6111111111113,0.0033333333333333335,4,0,2025-10-01,3016988
1759348800000000,0.00012377785000490028,21.139518552240485,0.7674008722540899,1800,0.7682913362990754,0.4266925747093837,0.00014062389270730336,0.0002955525622244659,2800.456388888889,0.0044444444444444444,5,0,2025-10-01,3016988
1759350600000000,0.00010996298711595511,38.14506237088406,0.7763254090083781,1800,0.7768394970594914,0.24840797238509982,0.0006392636364661586,0.00021410292622781046,2836.8525,0.0,5,0,2025-10-01,3016988
1759352400000000,9.339285054005443e-05,26.158290554606968,0.7429805836042491,1800,0.7479968533834449,0.19395239052588686,0.00019876764783233192,7.340584375414849e-05,3415.9397222222224,0.0016666666666666668,5,0,2025-10-01,3016988
1759354200000000,8.97540684988425e-05,12.38880308276018,0.6285770136097302,1800,0.6478246936497556,0.3684025777421911,0.0019620437135160484,0.0022770833659604417,3559.4058333333332,0.011666666666666667,5,0,2025-10-01,3016988
1759356000000000,9.790672832925027e-05,18.267922338934618,0.7539244299056624,1800,0.7862026961058723,0.3781717500456536,0.0021694234334567186,0.0037702348412865794,2792.025277777778,0.0011111111111111111,5,0,2025-10-01,3016988
1759357800000000,8.378556834384327e-05,14.992608002352112,0.7180935470735298,1800,0.7422500301314265,0.3545002847370109,0.0027565780477519786,0.0010307917930686417,3330.2691666666665,0.0011111111111111111,5,0,2025-10-01,3016988
1759359600000000,0.00010846161241930055,23.813024047145504,0.7373741792121599,1800,0.7546177734007968,0.3367483686598133,0.00020432727394592565,0.000506363759387729,2737.552777777778,0.0022222222222222222,5,0,2025-10-01,3016988
1759361400000000,0.00011727243582463446,17.49450216065092,0.7120972047019193,1680,0.7156342607500763,0.3894915462688481,0.00023593894257945003,0.0004919358092979609,3120.851488095238,0.0005952380952380953,5,0,2025-10-01,3016988
1761955200000000,6.376939566159239e-05,6.2357565880321815,0.6060306985277453,1680,0.7163363906069269,0.18024126464739287,0.00399832589923077,0.0003812849568859411,4002.116369047619,0.0,0,1,2025-11-01,2900011
1761957000000000,7.390616162997722e-05,28.31398663945687,0.7735536343236213,1800,0.773635175534261,0.30745310851787133,7.578500370708507e-05,0.0004708936310131584,4098.949444444444,0.0,0,1,2025-11-01,2900011
1761958800000000,2.8912149943157713e-05,2.39046266531624,0.3236017118476535,1800,0.7468722604491745,0.2449814786415737,0.0001744279216525646,0.00022190013700651434,3481.240277777778,0.0011111111111111111,0,1,2025-11-01,2900011
1761960600000000,2.1626301025907207e-05,6.4094851650205085,0.36886694513314555,1800,0.6711956994686679,0.11598778838874724,0.00047319977529924895,0.0006361822236476966,7275.1575,0.0005555555555555556,0,1,2025-11-01,2900011
1761962400000000,6.247041281505317e-05,24.23004861694516,0.7037455617235833,1800,0.7046016506849828,0.14726191732720262,0.0011496157347495872,0.0002797748166166736,4092.418888888889,0.0005555555555555556,0,1,2025-11-01,2900011
1761964200000000,5.1756705049989444e-05,5.32461002493659,0.5757783718342291,1800,0.6705450584644055,0.3801367964472353,5.173449868500768e-07,0.0007406522467482413,5657.2891666666665,0.0005555555555555556,0,1,2025-11-01,2900011
1761966000000000,8.303070273358821e-05,9.18894914555831,0.6966231249295758,1800,0.7708316231010925,0.6198350615774213,0.0003862498399749281,0.0006953947767947,4226.203333333333,0.0022222222222222222,0,1,2025-11-01,2900011
1761967800000000,6.412387053334288e-05,19.31658565886241,0.7330848047939145,1800,0.735676209227178,0.28047560241720215,1.5808269681172327e-05,0.0005798239146959094,4945.280833333333,0.0016666666666666668,0,1,2025-11-01,2900011
1761969600000000,5.4407022583643454e-05,5.6896875536810425,0.6995756690519481,1800,0.7851042336492879,0.3382194807668166,0.00042403887616393465,9.14511477954072e-05,4095.2305555555554,0.0,1,1,2025-11-01,2900011
1761971400000000,7.307409053163914e-05,6.130284730977983,0.713576144468925,1800,0.7988537048053894,0.34190820267262034,0.0009896598626680797,0.00015368589459896498,3306.1652777777776,0.0005555555555555556,1,1,2025-11-01,2900011
1761973200000000,8.917872386456911e-05,11.548675160241443,0.6803701039637898,1800,0.7278081838493804,0.23516835725095586,0.0010709305920834078,0.000773626218108836,2848.6525,0.0005555555555555556,1,1,2025-11-01,2900011
1761975000000000,9.111831278181125e-05,32.962322940004974,0.7782604186303379,1800,0.7783396281199296,0.38304284576805814,0.0008597299729646846,0.00032115995357506755,3172.6080555555554,0.0016666666666666668,1,1,2025-11-01,2900011
1761976800000000,3.111450220808612e-05,6.686637124926706,0.43452553330173194,1800,0.5576693885371775,0.1628754174078454,0.0019992741443027873,0.0011142344596343223,5709.640833333333,0.0011111111111111111,1,1,2025-11-01,2900011
1761978600000000,5.6543348884320994e-05,10.966248674477178,0.712811606189502,1800,0.7390691341839883,0.2524765491949663,0.0010872464337937648,0.0006864068965998227,4474.2461111111115,0.0,1,1,2025-11-01,2900011
1761980400000000,4.892132142483308e-05,9.058520813545451,0.5909720326952117,1800,0.6389097251682473,0.39360868005905525,0.00021006932978628878,0.0019829947857470387,4553.616666666667,0.0,1,1,2025-11-01,2900011
1761982200000000,7.484365777939577e-05,8.286080227323072,0.5439837128878526,1680,0.7104073600789524,0.37198022792087615,0.002072478275396805,2.1257968686461126e-05,3420.4901785714287,0.0011904761904761906,1,1,2025-11-01,2900011
1761984000000000,0.00012569821846823102,13.760979117426837,0.629570156835809,1680,0.7304515735419167,0.3907619394863453,0.00014796506569614287,0.0003541150775856483,2492.352976190476,0.005357142857142857,2,1,2025-11-01,2900011
1761985800000000,0.0001553685577224825,19.87736502519059,0.7192103536434873,1800,0.7243741601184934,0.49339857938623777,9.038678338813e-05,0.0006242976227333052,2197.866666666667,0.0038888888888888888,2,1,2025-11-01,2900011
1761987600000000,8.022047484051557e-05,6.78793738682805,0.562124634327615,1800,0.6779592419714486,0.2261138574935121,0.0006022498706792501,0.00032504066678840093,2799.054722222222,0.0011111111111111111,2,1,2025-11-01,2900011
1761989400000000,0.00013765694211960151,22.55660878070223,0.7914635893353114,1800,0.7917772370889985,0.4037026888789289,0.002878698376152955,0.0022451106946910215,2292.873611111111,0.0005555555555555556,2,1,2025-11-01,2900011
1761991200000000,7.478253312718036e-05,5.896654835002452,0.517538629269066,1800,0.693568362624225,0.26401852150139826,7.87998509399479e-06,0.000763803420168796,2544.198611111111,0.0011111111111111111,2,1,2025-11-01,2900011
1761993000000000,0.00010289848184690892,4.7202651342100035,0.6475982112246472,1800,0.7746704396898527,0.3235216655651405,0.0001199041779963439,0.0022429096918384905,2350.25,0.0022222222222222222,2,1,2025-11-01,2900011
1761994800000000,0.00015405306865821445,12.04082543329295,0.7104733275413624,1800,0.759338009111413,0.2727029146450296,0.0016907107232065899,0.0008885337797429615,1873.4719444444445,0.0005555555555555556,2,1,2025-11-01,2900011
1761996600000000,0.0001722924898640521,11.146570488265953,0.8084756148120054,1800,0.8400162566000262,0.3394625529462534,0.0016836533164287237,0.0007120682024317482,2186.5694444444443,0.0022222222222222222,2,1,2025-11-01,2900011
1761998400000000,0.00014506430438738127,15.94161670043268,0.7031815305341502,1800,0.7274203718857433,0.22419120158638506,0.0013529700573481351,0.0019219618939108063,2059.55,0.0005555555555555556,3,1,2025-11-01,2900011
1762000200000000,7.940298952240733e-05,6.993512563937119,0.41175290914248475,1800,0.6557012556779322,0.3821827866046543,0.00011990276797857469,5.640826512331998e-06,2742.498888888889,0.002777777777777778,3,1,2025-11-01,2900011
1762002000000000,7.910962834442944e-05,3.658120396904977,0.3951046842731659,1800,0.6498202939565381,0.2720730446628792,0.0008598659682671483,6.379917395393786e-05,1853.5530555555556,0.0,3,1,2025-11-01,2900011
1762003800000000,0.00013653230757155175,10.039996737512956,0.6426619912247908,1800,0.747377177585856,0.21851125187674791,0.00030727706918742825,3.757822227590246e-05,1720.5344444444445,0.0033333333333333335,3,1,2025-11-01,2900011
1762005600000000,7.518037909701708e-05,5.108671108640697,0.49212897895464214,1800,0.7041825807472957,0.2723411516793859,0.0005041448037497176,0.002391600137033656,2088.5019444444442,0.0022222222222222222,3,1,2025-11-01,2900011
1762007400000000,9.186906441749014e-05,5.435317567279353,0.5860248408107058,1800,0.6166998662251546,0.30551074115189925,0.00048539848863637935,0.0003385294266173844,2227.1144444444444,0.0005555555555555556,3,1,2025-11-01,2900011
1762009200000000,0.0001490174950029509,22.150680333410047,0.7720087261635943,1800,0.8026135773442726,0.21020567102572563,0.0014786113366122011,1.9315284539134225e-05,1741.1958333333334,0.0033333333333333335,3,1,2025-11-01,2900011
1762011000000000,0.00011130690621915834,11.626098211287772,0.789647787103267,1680,0.8113556050338384,0.4999791302078639,0.00021485390731290632,0.0002589768030553108,2225.4375,0.0017857142857142857,3,1,2025-11-01,2900011
1762012800000000,7.142179101265381e-05,2.2128897166269192,0.4424957532744904,1680,0.8226136178322255,0.12072652293847796,0.00017598534111562536,0.00012091313354889444,2099.6520833333334,0.0011904761904761906,4,1,2025-11-01,2900011
1762014600000000,0.00016115970030026146,22.880040454998312,0.8272967644237788,1800,0.8295711175333838,0.3281385611827231,0.0013993538331825706,0.0021876160109146614,1999.4116666666666,0.0016666666666666668,4,1,2025-11-01,2900011
1762016400000000,6.277803639128803e-05,2.2422632376609593,0.3997712675326719,1800,0.7489549811854563,0.0696620532696689,0.000772919686898188,2.3323538468900118e-05,2505.2336111111113,0.002777777777777778,4,1,2025-11-01,2900011
1762018200000000,4.5324447669559004e-05,3.5418423390018567,0.3967088970606779,1800,0.5824634143169027,0.3962642806119453,6.216496994049248e-05,3.580148297821495e-07,2835.9352777777776,0.0044444444444444444,4,1,2025-11-01,2900011
1762020000000000,8.032261719500511e-05,5.492131217835752,0.4879371708352084,1800,0.6787647549695934,0.2768315316753437,0.0010899341245758087,0.0011358926846181117,2247.876388888889,0.0005555555555555556,4,1,2025-11-01,2900011
1762021800000000,5.626446605383255e-05,8.343408443178088,0.4978586801193442,1800,0.5902208481078615,0.4530150334755524,9.157602842702062e-08,0.00019912383506281994,3924.6475,0.0005555555555555556,4,1,2025-11-01,2900011
1762023600000000,8.111988708349614e-05,11.129657251851684,0.6689298937740924,1800,0.7362564315939341,0.18846895703023614,0.0017686388746409598,3.8215702169108745e-05,3803.2266666666665,0.0005555555555555556,4,1,2025-11-01,2900011
1762025400000000,0.0001245037789598204,23.89193481679657,0.8288681878466075,1800,0.834719922044081,0.3378329393596662,1.970181831234541e-05,0.0009876983888832402,2343.911666666667,0.0,4,1,2025-11-01,2900011
1762027200000000,0.00013046912109318935,15.640139219595596,0.7422921209248178,1800,0.7563016850807877,0.2778479975189937,0.0007767441738726344,0.0013647291823017937,2270.568333333333,0.0,5,1,2025-11-01,2900011
1762029000000000,7.920693795053854e-05,8.328994628438208,0.5895313670205318,1800,0.7110384264818453,0.2419057576048672,0.0007699323142805747,0.0006090276454653321,2785.619166666667,0.0011111111111111111,5,1,2025-11-01,2900011
1762030800000000,6.513762240450467e-05,5.144508807061138,0.463246417697486,1800,0.6943793505223648,0.34372631607053117,2.063751353575949e-05,0.0007138607207778369,3126.635277777778,0.002777777777777778,5,1,2025-11-01,2900011
1762032600000000,3.1323943597605804e-05,6.736421929465086,0.2657333191382044,1800,0.43650075837473756,0.33661032136750835,0.0002454509623036616,3.729050310297133e-05,3478.639166666667,0.0016666666666666668,5,1,2025-11-01,2900011
1762034400000000,5.055941838922541e-05,6.772327515742203,0.5363936651779004,1800,0.7104750049244168,0.2674050140693087,0.0012987763314062928,8.940402892199106e-05,4030.847777777778,0.0,5,1,2025-11-01,2900011
1762036200000000,6.038157807343855e-05,11.344826435467118,0.6825025165094172,1800,0.6997340784659278,0.34518980981677316,0.0013234386555645017,9.72220562103221e-05,4787.639444444444,0.0011111111111111111,5,1,2025-11-01,2900011
1762038000000000,7.881373429253328e-05,15.174397229487376,0.4844911078004276,1800,0.4878544648115156,0.399599465456993,0.0015342187077495018,7.652901500321274e-05,3754.063888888889,0.0005555555555555556,5,1,2025-11-01,2900011
1762039800000000,7.471411578624493e-05,18.391323088010648,0.7440834320365702,1680,0.7499096223222672,0.3427497136875939,1.3964415279676956e-07,9.741572894816919e-05,4332.305654761904,0.0,5,1,2025-11-01,2900011
1764547200000000,8.558335017803862e-05,32.08820750485602,0.8030243825843912,1680,0.8312923138787014,0.19598305542968164,2.175659128422769e-05,0.0003954150897743647,3067.1589285714285,0.1,0,0,2025-12-01,2580201
1764549000000000,6.360728240342332e-05,5.681795225146921,0.6770260859416342,1800,0.820508530039676,0.09234726500150159,0.0015805841601485016,0.00029751149344769967,3120.0816666666665,0.07055555555555555,0,0,2025-12-01,2580201
1764550800000000,6.825433582792123e-05,28.52003471028162,0.818987303677546,1800,0.8461531230764461,0.18066843459273518,0.0008928237271226269,0.00034398351615527734,3685.1605555555557,0.04722222222222222,0,0,2025-12-01,2580201
1764552600000000,5.678600788026841e-05,22.207607969457843,0.7494776555536755,1800,0.7802962983485257,0.1816618510537551,0.00013177805880171256,0.00014911187667809855,4255.310277777778,0.015555555555555555,0,0,2025-12-01,2580201
1764554400000000,5.2748848681242874e-05,29.36941290568033,0.8151530007206944,1800,0.8253626753875473,0.29590304043265014,0.0002008174847555333,0.0005899426037236921,4140.659722222223,0.005555555555555556,0,0,2025-12-01,2580201
1764556200000000,3.991713100346654e-05,10.015178329465854,0.7089864282969025,1800,0.7886295636081546,0.16296112060814183,0.001290043551388842,0.000763346389896391,4833.3163888888885,0.008888888888888889,0,0,2025-12-01,2580201
1764558000000000,4.352179285129149e-05,28.686527401029327,0.7378865248797575,1800,0.7549320605404093,0.15485255979950074,0.0007534296578929345,0.00031744847308556867,5005.811944444445,0.022222222222222223,0,0,2025-12-01,2580201
1764559800000000,3.878751652787436e-05,24.22087439859568,0.7668513495453075,1800,0.7879915336128626,0.1468801437597934,0.000274836103709708,0.0003992342185830111,4872.866111111111,0.01,0,0,2025-12-01,2580201
1764561600000000,4.1677492263122274e-05,37.961815420527735,0.8030381117829486,1800,0.8046741832119373,0.20801453768221967,5.319755141952598e-07,0.00036327116999135267,5212.661666666667,0.013333333333333334,1,0,2025-12-01,2580201
1764563400000000,3.875366372762666e-05,39.775190853784274,0.8022584722231435,1800,0.8083793379817689,0.22197633934215988,0.00010180215668287307,0.0004030461536139729,5257.12,0.0044444444444444444,1,0,2025-12-01,2580201
1764565200000000,3.35772535600559e-05,32.71169995526993,0.5941250862375993,1800,0.5953787577330365,0.40294205021009577,9.330259295170507e-07,8.582080937868941e-05,7026.293055555556,0.005,1,0,2025-12-01,2580201
1764567000000000,3.149899290951359e-05,9.996826512066168,0.7324257691980933,1800,0.7849420457974249,0.10160054956227538,0.001550182347072493,0.0015701212539120935,7104.3875,0.0038888888888888888,1,0,2025-12-01,2580201
1764568800000000,3.551675950155873e-05,24.265267297245984,0.7723088637598406,1800,0.7801772166910109,0.30719363897019913,0.002956477712356742,0.0015500176494297468,6243.240833333333,0.0044444444444444444,1,0,2025-12-01,2580201
1764570600000000,4.519661730376351e-05,9.260371453378095,0.7093584844275884,1800,0.7967935226980778,0.4811329118837592,0.0005658949792783918,9.39326415874131e-05,6434.804166666667,0.010555555555555556,1,0,2025-12-01,2580201
1764572400000000,3.9458216138781413e-05,30.439993640121315,0.7790623218132224,1800,0.7798911329982241,0.27507418823227103,0.00024233728968348078,0.00011231455641957933,5529.752222222222,0.006111111111111111,1,0,2025-12-01,2580201
1764574200000000,4.231927763372818e-05,24.6111255445681,0.7544292870245375,1680,0.7607560755358895,0.39765983757549306,1.4333952109701897e-06,0.0002444250530421188,5173.538392857143,0.008928571428571428,1,0,2025-12-01,2580201
1764576000000000,3.188682953494078e-05,13.99720655029864,0.7591986400469447,1680,0.7848104247461849,0.276286190662447,0.00010625665947405771,0.00011597826076970019,7475.546428571429,0.004761904761904762,2,0,2025-12-01,2580201
1764577800000000,3.7110744092407436e-05,37.18915340358709,0.796717561433147,1800,0.7967997616958307,0.34846336939062983,6.27135734488915e-05,1.4383076846646858e-05,5924.4319444444445,0.0033333333333333335,2,0,2025-12-01,2580201
1764579600000000,3.572850403574562e-05,31.17168900150271,0.7881309286094345,1800,0.7922107733179566,0.3647270322475754,0.00031894422926403987,5.629585016042604e-06,6027.071944444445,0.0033333333333333335,2,0,2025-12-01,2580201
1764581400000000,3.191789367874773e-05,22.17313047059894,0.7530451866363246,1800,0.7673572353195066,0.3231897775616741,4.5485961797098184e-07,3.9780612543394156e-05,6882.311944444445,0.0044444444444444444,2,0,2025-12-01,2580201
1764583200000000,3.0485453797877097e-05,14.361167298741488,0.7310936993745868,1800,0.7618531310494622,0.22345415191818907,7.020408844604642e-05,0.00018314244216577347,6253.952222222222,0.0011111111111111111,2,0,2025-12-01,2580201
1764585000000000,2.4587912218029393e-05,14.448554618174308,0.7000285916857422,1800,0.7129886795735045,0.3996769560824869,0.0008518030798418952,0.0001882708624784124,9588.396388888888,0.002777777777777778,2,0,2025-12-01,2580201
1764586800000000,2.8702050812636136e-05,15.616474169563828,0.694561821333963,1800,0.7166140220433749,0.2432708910377468,0.0006192064985756085,4.56402565673919e-05,7758.192777777777,0.002777777777777778,2,0,2025-12-01,2580201
1764588600000000,3.636062194239952e-05,15.923373604007743,0.7416042653295245,1800,0.7515909791991235,0.27250441888401467,0.000378388844272215,0.0008248543396961461,6116.7988888888885,0.0022222222222222222,2,0,2025-12-01,2580201
1764590400000000,3.736474060178936e-05,14.59472165343892,0.7568798809486503,1800,0.7570552088518583,0.25078558406311235,0.00015377974518027138,0.0006208821166692191,6596.6658333333335,0.0022222222222222222,3,0,2025-12-01,2580201
1764592200000000,3.8847151016533374e-05,25.855280987563365,0.7841102463163525,1800,0.7942616674867673,0.19398247459016316,0.0008394491902321555,0.003221807562937329,6384.2219444444445,0.016666666666666666,3,0,2025-12-01,2580201
1764594000000000,4.3536109406691515e-05,38.29700354744153,0.8171522223518531,1800,0.8182118266956052,0.23716068161620596,0.0004903933997398857,0.0010956065084815059,5327.94,0.017222222222222222,3,0,2025-12-01,2580201
1764595800000000,3.212121094703815e-05,25.722779087308705,0.7136838606675248,1800,0.722395230380247,0.1450594371048406,0.00045229224245013633,1.943387101910332e-06,6362.563888888889,0.009444444444444445,3,0,2025-12-01,2580201
1764597600000000,3.4886716487589586e-05,46.832089923160424,0.7766663892604166,1800,0.7766885841909524,0.2077291911741589,0.0012932990801352018,0.00013575972852097884,6281.911944444444,0.0038888888888888888,3,0,2025-12-01,2580201
1764599400000000,2.7550296750423078e-05,3.193575452817443,0.5609233023117872,1800,0.8134968358212535,0.07832738811250228,1.827378000918145e-06,0.0029964836642246695,5379.912777777778,0.035555555555555556,3,0,2025-12-01,2580201
1764601200000000,2.8424541369078253e-05,11.115302736142246,0.6527118328961954,1800,0.7522043817318558,0.15917581648627144,0.00010277326756014116,4.071661097171386e-07,6770.113888888889,0.03277777777777778,3,0,2025-12-01,2580201
1764603000000000,4.553009303067221e-05,68.46057469246847,0.8510027524628958,1680,0.8522159861468516,0.17090804901986478,0.00040517574387533006,0.0003803054443786147,5935.240178571428,0.03988095238095238,3,0,2025-12-01,2580201
1764604800000000,5.114515562194562e-06,6.723411234539198,0.3396049853990789,1680,0.49811462952666963,0.06146469754800876,0.0009170027863877328,1.6507946657529082e-05,6610.53125,0.025595238095238095,4,0,2025-12-01,2580201
1764606600000000,3.76029582675663e-05,44.14411489879367,0.8161648943340907,1800,0.8203469247288392,0.2359462067068564,0.0004964694026715621,0.00024645159181879706,6176.451944444444,0.021666666666666667,4,0,2025-12-01,2580201
1764608400000000,3.709951686256555e-05,38.30620763900115,0.7878654107134107,1800,0.7951716080157041,0.28670286429988134,0.0011194566998565803,6.0194744478381246e-05,5987.9702777777775,0.014444444444444444,4,0,2025-12-01,2580201
1764610200000000,2.9071267886441996e-05,6.469455382081891,0.6832474261145742,1800,0.7858562283578888,0.08111423418868202,0.0004641356987157286,7.730334241284886e-06,6273.698055555556,0.008333333333333333,4,0,2025-12-01,2580201
1764612000000000,2.46609061643429e-05,3.53633217313718,0.609862506539683,1800,0.8216880179323346,0.1285613267465423,0.0005165538539099179,0.00014163690814172902,6060.735833333333,0.014444444444444444,4,0,2025-12-01,2580201
1764613800000000,4.0387645023420104e-05,45.03449997534955,0.7938019052292979,1800,0.7938290630924603,0.3092139778201196,0.0012382440651363957,0.0009324903403935547,5621.8741666666665,0.021111111111111112,4,0,2025-12-01,2580201
1764615600000000,3.319744803062839e-05,8.540128261746185,0.6809347165725701,1800,0.7505346349584021,0.0723130757781264,0.0014995578399495946,0.0003174659638018884,6267.88,0.0077777777777777776,4,0,2025-12-01,2580201
1764617400000000,2.3447618522297014e-05,5.798535714476196,0.5617659695137212,1800,0.7579826314448402,0.0710848228503499,5.0244211345029655e-05,1.1246028797873286e-05,6287.002222222222,0.0038888888888888888,4,0,2025-12-01,2580201
1764619200000000,3.7430522698516786e-05,34.889211322152654,0.8210002698362207,1800,0.8268199446956223,0.3431624044886583,0.00017524109783373376,0.000852157781199292,5982.347777777778,0.011666666666666667,5,0,2025-12-01,2580201
1764621000000000,3.8416801512139604e-05,43.42103758335544,0.801694295966721,1800,0.8018083563597714,0.34292800691491676,0.00038610557413454316,0.00016803452616787062,6057.5952777777775,0.017777777777777778,5,0,2025-12-01,2580201
1764622800000000,4.044053613624963e-05,41.98958581463742,0.8129272206485386,1800,0.8134936314873253,0.27944288558135166,0.00011339768291152019,7.920186129162232e-07,5889.586666666667,0.012222222222222223,5,0,2025-12-01,2580201
1764624600000000,3.4846023804777924e-05,35.58843237757786,0.7875095596158668,1800,0.789693979213315,0.3369865469618928,8.293440774465033e-06,0.00013450905256939816,6709.600277777778,0.007222222222222222,5,0,2025-12-01,2580201
1764626400000000,3.888898337912499e-05,29.808886796644767,0.7554023342074558,1800,0.7554043758836627,0.30822961049619535,0.0021087106579502635,0.00011863015976187885,7240.295833333334,0.009444444444444445,5,0,2025-12-01,2580201
1764628200000000,5.093219953512593e-05,17.1428741540354,0.668589385701326,1800,0.6872813214812541,0.32970287149035915,0.0016777025208807306,0.00040089877644433614,4510.042222222222,0.002777777777777778,5,0,2025-12-01,2580201
1764630000000000,5.731547123973318e-05,18.696515942953415,0.7626205015657276,1800,0.7769545792670098,0.2810307182360031,0.0002886260660523998,0.0011422597635684095,3497.946388888889,0.0,5,0,2025-12-01,2580201
1764631800000000,5.11599912137479e-05,22.860175866966937,0.7561973129914579,1680,0.7634146209569947,0.32413552071749807,0.00026198105369967806,0.00023112715120110483,4874.9127976190475,0.0,5,0,2025-12-01,2580201
1767225600000000,1.7013783815785092e-05,8.727182912201176,0.6752445887414713,1680,0.7290035006428524,0.18235637159136153,0.00010624500926448288,0.0009821697407752517,13305.19761904762,0.002976190476190476,0,0,2026-01-01,1446018
1767227400000000,1.8931233059105007e-05,16.482102396435558,0.7350192314035647,1800,0.7441996439027193,0.12249213758337718,0.0027236705121431726,5.546926469457425e-05,13701.779444444444,0.0,0,0,2026-01-01,1446018
1767229200000000,2.1266774341891517e-05,34.53714677580877,0.7573542624846097,1800,0.757449975388107,0.2744358972549088,0.002008270294279413,5.0139637053581154e-05,13966.46,0.0005555555555555556,0,0,2026-01-01,1446018
1767231000000000,1.799189756601434e-05,27.694598470984868,0.7258584799459661,1800,0.7258620319840086,0.15353753792352487,0.00042702162454033576,0.00023532472662957105,13127.956944444444,0.0005555555555555556,0,0,2026-01-01,1446018
1767232800000000,1.9117327608469e-05,19.052116386556584,0.7218134972338786,1800,0.7250840324099201,0.25518310951541623,0.00031985825339042595,9.757451148795226e-05,12523.679166666667,0.0,0,0,2026-01-01,1446018
1767234600000000,2.056827108123696e-05,21.25428669080822,0.7375766753594206,1800,0.7378847670996403,0.3661024367904214,4.686957871147257e-05,0.00022813102317786882,11529.124166666666,0.0005555555555555556,0,0,2026-01-01,1446018
1767236400000000,1.6572911614698466e-05,19.216341213626258,0.6360959108120505,1800,0.6362170134109537,0.1425188908679036,9.665258751012651e-05,0.0008510854195037387,13667.08861111111,0.0011111111111111111,0,0,2026-01-01,1446018
1767238200000000,1.4346359403321922e-05,15.595591056137323,0.6065623159684406,1800,0.636270603280702,0.25096922191218163,0.0007837558596193173,0.0017270190620763959,14869.949722222222,0.0005555555555555556,0,0,2026-01-01,1446018
1767240000000000,1.6839387692958116e-05,21.284526774858104,0.6642725662894917,1800,0.6648798601381107,0.18784685483458619,4.9026316116140833e-05,0.0005610009932532911,12001.809722222222,0.0,1,0,2026-01-01,1446018
1767241800000000,2.0894802816677533e-05,19.954709139134724,0.7425781685459658,1800,0.7452571052543103,0.31480876557892656,0.00045049166732680224,3.825247291566747e-05,12442.444166666666,0.0011111111111111111,1,0,2026-01-01,1446018
1767243600000000,2.2290019721483054e-05,25.237549178408674,0.7564750614352802,1800,0.7574295855886387,0.2476556434244248,0.0005282265052369839,0.0002606930624123871,10915.020277777778,0.0,1,0,2026-01-01,1446018
1767245400000000,1.9422295657603565e-05,26.622579816620508,0.7347823832258783,1800,0.735102201509658,0.33102067407691915,0.00153490548772528,9.93738041632497e-07,12481.077222222222,0.0,1,0,2026-01-01,1446018
1767247200000000,1.5853451294806472e-05,4.920815363209425,0.5392913791589844,1800,0.6209893968347406,0.4523716312185392,0.0003953244355345831,5.287811057064218e-05,12983.3975,0.0011111111111111111,1,0,2026-01-01,1446018
1767249000000000,2.0139544920165954e-05,18.499113859020007,0.7262654696249653,1800,0.7429112371455057,0.3367668824503689,0.0001851104242532875,0.00013158647306321658,12916.615,0.0,1,0,2026-01-01,1446018
1767250800000000,1.9437817462389657e-05,26.002036406096973,0.7181891465373996,1800,0.718266516885423,0.2634707554578194,0.0015356242676229925,0.0007729089839622061,13015.199166666667,0.0,1,0,2026-01-01,1446018
1767252600000000,1.747688493896835e-05,22.903249098689606,0.6988401699749249,1680,0.7069592871030665,0.27398472541708463,0.000840843155812343,0.00015550944432074498,13169.37380952381,0.0005952380952380953,1,0,2026-01-01,1446018
1767254400000000,1.7241746140185664e-05,15.099797080900167,0.7084392409013431,1680,0.7110874504347038,0.334498306955333,0.000332613389198988,8.477069528112224e-06,14860.280654761904,0.0,2,0,2026-01-01,1446018
1767256200000000,1.65423712498912e-05,13.699924782989761,0.7566596475349362,1800,0.7568622484362837,0.3813591856830765,9.41299983120425e-05,0.00010265186849955921,14471.096944444444,0.0005555555555555556,2,0,2026-01-01,1446018
1767258000000000,1.980583248175591e-05,27.12377046070424,0.7411939391584382,1800,0.7427154200711958,0.3139938848215511,7.139515837528698e-06,0.001835706192401032,14247.506388888889,0.0005555555555555556,2,0,2026-01-01,1446018
1767259800000000,1.77468054953624e-05,21.210457282738982,0.7023357437103195,1800,0.7091305804125796,0.3239179131753901,0.0003434259579842003,0.00035958016029480344,13614.524722222222,0.0,2,0,2026-01-01,1446018
1767261600000000,1.7241374435546523e-05,9.993712940675145,0.7220116470451865,1800,0.7391425259526982,0.2070479775795765,7.835772374287231e-07,0.0016102197080026803,15349.826666666666,0.0,2,0,2026-01-01,1446018
1767263400000000,1.9808581956856322e-05,18.48258778334136,0.6974246789004013,1800,0.6988346779275882,0.2964713444336069,0.00031632212046950325,0.0002449710571575947,13030.309722222222,0.0,2,0,2026-01-01,1446018
1767265200000000,1.7489630726958165e-05,8.826098518828362,0.6227285708361536,1800,0.6276693825298998,0.46881044687674145,0.0008324197179182535,9.354998362087752e-05,19902.68138888889,0.0,2,0,2026-01-01,1446018
1767267000000000,1.5188485768483358e-05,18.56379752354448,0.7564000806404096,1800,0.7740503275259211,0.13217236528475462,0.0004824385526799313,1.4104192995523235e-05,19212.655277777776,0.0,2,0,2026-01-01,1446018
1767268800000000,1.4429359428132653e-05,26.606768075150644,0.7207711007486894,1800,0.7242545287273392,0.20228473527732882,8.125267989722573e-05,0.005023438316198114,18611.89638888889,0.0005555555555555556,3,0,2026-01-01,1446018
1767270600000000,1.480415203594704e-05,23.969385714583858,0.7617822787797873,1800,0.7715118440891486,0.3311600636513151,0.0001276548929982635,0.00032828004917773157,17779.403333333332,0.0,3,0,2026-01-01,1446018
1767272400000000,1.3236104456720597e-05,13.422335881965903,0.6917104776176103,1800,0.7032739820171754,0.258749619589275,0.0011645307654548631,0.0020496149466692204,19796.09388888889,0.0005555555555555556,3,0,2026-01-01,1446018
1767274200000000,1.656286511686192e-05,35.58817782112085,0.7216557992763387,1800,0.7220830764705032,0.2643737082396621,0.00026840865965238603,0.0013684240789604285,15150.995555555555,0.0,3,0,2026-01-01,1446018
1767276000000000,1.8284863339843717e-05,25.573732541119682,0.755377730483657,1800,0.7612610758377749,0.2290019585237374,2.3457931362935724e-06,9.496297021072131e-06,13869.971944444444,0.0011111111111111111,3,0,2026-01-01,1446018
1767277800000000,1.87269057566913e-05,23.496200166133512,0.7664504761631719,1800,0.7751717971845902,0.2760424461596177,8.128996609135797e-05,0.0009611088863343831,17656.35388888889,0.0016666666666666668,3,0,2026-01-01,1446018
1767279600000000,1.8677718934348083e-05,42.471129672741945,0.8062704053011696,1800,0.8072340374151858,0.2692569815183691,0.0005528649444888067,0.0001653703114125049,14504.068333333333,0.0033333333333333335,3,0,2026-01-01,1446018
1767281400000000,2.2999299991602327e-05,39.871192686279706,0.8397654680355126,1680,0.8398229450754184,0.19384178024894605,7.476067822131949e-05,1.0867331176722672e-05,12067.205952380953,0.005952380952380952,3,0,2026-01-01,1446018
1767283200000000,2.159464463040637e-05,37.48661281921742,0.7549095953351845,1680,0.7549892282727314,0.19368190807940233,0.0005956904364535776,0.0002452360601095105,12584.50119047619,0.0017857142857142857,4,0,2026-01-01,1446018
1767285000000000,1.9962676791905643e-05,46.39574158447122,0.8142945813101788,1800,0.8145958849809469,0.31391584212533286,0.0010043022786158096,6.921475594079407e-05,13129.761944444444,0.0,4,0,2026-01-01,1446018
1767286800000000,2.143949946574968e-05,25.145421024607003,0.8095613860341233,1800,0.8132911105335955,0.2973712968361808,0.003206116374934731,0.0008739500952767987,12540.770555555555,0.007222222222222222,4,0,2026-01-01,1446018
1767288600000000,1.9910603222645934e-05,28.314860915224667,0.7572369670119072,1800,0.7572462823003645,0.17459503756645767,0.00025150398768925,0.0010617353208632885,13799.29361111111,0.0016666666666666668,4,0,2026-01-01,1446018
1767290400000000,1.9256411620109515e-05,38.056296368573086,0.764341079607985,1800,0.7648416404288141,0.21848609170905364,0.0007223083517815532,0.002844464916706313,13607.65111111111,0.0038888888888888888,4,0,2026-01-01,1446018
1767292200000000,9.989203202042903e-06,4.131022342170483,0.5377087008135109,1800,0.7622121347523394,0.09292387737937058,0.0001761391483170449,0.0005481571991116096,14821.719444444445,0.0,4,0,2026-01-01,1446018
1767294000000000,1.5551523167440915e-05,21.104304071490944,0.7495643063604382,1800,0.7507843150471103,0.2812514057638582,0.002223824589521306,0.011218989653593248,15735.238333333333,0.0005555555555555556,4,0,2026-01-01,1446018
1767295800000000,2.0403057704538973e-05,19.278996652987676,0.7358894312969899,1800,0.7402054544681698,0.26996618380810933,0.001341194824843961,0.0008917131531404054,12740.10861111111,0.0022222222222222222,4,0,2026-01-01,1446018
1767297600000000,2.508070028609075e-05,11.200841191393536,0.7463446355831551,1800,0.7913161443954333,0.5244978928111101,0.0021435240108395037,0.0025477407383767137,13596.353055555555,0.0044444444444444444,5,0,2026-01-01,1446018
1767299400000000,2.125715864230583e-05,35.21906396268709,0.794840836586598,1800,0.7978070115159838,0.2588424658034578,0.00016875512860303754,1.3961128999206984e-05,12658.121666666666,0.0011111111111111111,5,0,2026-01-01,1446018
1767301200000000,1.936728824022176e-05,25.028422225055056,0.7595073904082881,1800,0.7659330022822595,0.2555264839482032,0.003418532185685663,0.0010974266324099702,14781.58,0.0,5,0,2026-01-01,1446018
1767303000000000,1.8996653415878858e-05,25.298429354856978,0.7198702014849634,1800,0.7204772694855281,0.25821579178398757,0.0004156328811169008,0.00045192692503315257,13426.2225,0.0,5,0,2026-01-01,1446018
1767304800000000,2.184806292695412e-05,35.89173663012831,0.738735822312907,1800,0.7387857666702943,0.21262014286452657,0.0004566866839018635,7.362737176719314e-05,12957.305833333334,0.005555555555555556,5,0,2026-01-01,1446018
1767306600000000,2.726204926536367e-05,21.39865662632592,0.6035392812230757,1800,0.6103255027278014,0.19788831417285946,0.0009187623640672937,0.00019973140998286176,9614.090555555556,0.008888888888888889,5,0,2026-01-01,1446018
1767308400000000,2.9342729913007058e-05,34.158891633411855,0.7371276884179911,1800,0.7375062374648471,0.17249154048142445,1.3794824568202912e-06,0.00018196017011473664,9791.988333333333,0.0038888888888888888,5,0,2026-01-01,1446018
1767310200000000,2.683567412557156e-05,34.945447269006344,0.788445981052589,1680,0.7886248201171514,0.36781523875553235,0.000414270558958707,7.836582061049313e-08,11560.63392857143,0.002380952380952381,5,0,2026-01-01,1446018
1769904000000000,3.922338802476229e-05,32.022683806745945,0.8079298837389088,1680,0.8149400646352234,0.38604282688321656,1.1391076375155684e-05,6.439439789540646e-05,7169.5220238095235,0.0005952380952380953,0,1,2026-02-01,2280649
1769905800000000,3.923459364492572e-05,29.89169159740773,0.7781184557268037,1800,0.781338593662232,0.3515841611215066,7.054424493446732e-07,0.0003973586080876501,7441.877222222222,0.0005555555555555556,0,1,2026-02-01,2280649
1769907600000000,1.5324475300646193e-05,17.559604712461443,0.5778441420398188,1800,0.6313140990718025,0.365064498557539,0.0030612585483913435,0.00039032755398016317,18349.339444444446,0.0011111111111111111,0,1,2026-02-01,2280649
1769909400000000,3.162809426611748e-05,4.384605549685326,0.6531271126911233,1800,0.8013854892624253,0.3903277981547114,0.00013291477386234707,0.00023997273343812076,6146.7219444444445,0.0,0,1,2026-02-01,2280649
1769911200000000,5.1577067266520815e-05,35.439504207203335,0.8150331383951697,1800,0.8211731353060119,0.31670539658028496,3.484863820946149e-05,2.775569442459158e-05,4544.676666666666,0.0022222222222222222,0,1,2026-02-01,2280649
1769913000000000,3.489301268373446e-05,9.27902627184641,0.6996456751370643,1800,0.7758783017509732,0.2890797490540735,0.0012444415133233688,0.001204120088789562,5672.845555555556,0.0005555555555555556,0,1,2026-02-01,2280649
1769914800000000,3.6743575896116755e-05,26.417475540438254,0.7838964311745051,1800,0.7916372367340594,0.2548825072164542,0.0009260907680713748,0.0010713426554926908,6611.312777777778,0.0005555555555555556,0,1,2026-02-01,2280649
1769916600000000,3.7532693681082017e-05,33.677119504417526,0.7805293213882738,1800,0.7814453689109054,0.31392034467070495,0.0004492765797902143,0.00011651450054139811,6244.477222222222,0.0005555555555555556,0,1,2026-02-01,2280649
1769918400000000,4.0027837517402504e-05,18.56194911351651,0.7748430867774918,1800,0.7753339281037485,0.29236038160160327,0.00018334805225628248,0.0037072983339258014,6560.706944444444,0.0011111111111111111,1,1,2026-02-01,2280649
1769920200000000,2.9063868883345928e-05,16.07368252557005,0.6899015800060053,1800,0.7065531557595965,0.2826049568291543,0.000126770807651444,4.603777849854218e-05,6637.6113888888885,0.0011111111111111111,1,1,2026-02-01,2280649
1769922000000000,3.0472013891322438e-05,15.863203726165178,0.71626724569994,1800,0.7352588490439125,0.4022860236142147,5.664441813935106e-06,0.0006067064552017776,6945.008333333333,0.0005555555555555556,1,1,2026-02-01,2280649
1769923800000000,2.4111736622587387e-05,15.041181757742793,0.6468060927859896,1800,0.6604865684544752,0.1958936903334566,0.0010685084459997052,0.0016456198442792447,8439.292222222222,0.0,1,1,2026-02-01,2280649
1769925600000000,2.4974087964461726e-05,21.127555423650804,0.7421921178078855,1800,0.7423652251521793,0.40989087054778817,0.0002517795051120153,0.0002684879808353413,9737.981944444444,0.0,1,1,2026-02-01,2280649
1769927400000000,2.9656661406619196e-05,20.83068572851298,0.6409760166601182,1800,0.6416973414886532,0.3203036814602481,0.0005373050444221761,0.004889821176542464,8296.490555555556,0.0011111111111111111,1,1,2026-02-01,2280649
1769929200000000,2.6917534972800624e-05,15.661092569352023,0.6603096457752875,1800,0.6918507019942932,0.2978556553762636,2.3701529965225454e-05,0.0017434995091180072,8253.595833333333,0.0005555555555555556,1,1,2026-02-01,2280649
1769931000000000,3.193440633207728e-05,28.779878151747543,0.8016658246878399,1680,0.8066446462828134,0.4112396284375497,0.0005335131911402557,0.0013481668213382036,7187.8375,0.0017857142857142857,1,1,2026-02-01,2280649
1769932800000000,2.9898762859566025e-05,24.571608187729666,0.6981751797924327,1680,0.7009727160102859,0.3018701370749315,0.0009490943589233192,6.2606033626178e-06,8393.076785714286,0.0011904761904761906,2,1,2026-02-01,2280649
1769934600000000,2.2338905283347226e-05,26.45227328169144,0.73194899475588,1800,0.7319624722676337,0.2624275396404422,0.0007939646320561655,0.0007013506632237432,9250.365,0.0038888888888888888,2,1,2026-02-01,2280649
1769936400000000,2.1416145311093476e-05,13.185520761401897,0.5577661743283655,1800,0.5591474954271782,0.4589402935626482,0.0028121775553265893,0.0010790317153265283,11237.688333333334,0.0011111111111111111,2,1,2026-02-01,2280649
1769938200000000,2.3400411159315134e-05,35.075091580707024,0.7522164922882113,1800,0.7530597480319132,0.23974014224943851,8.305744492786982e-05,3.017758676837623e-06,9546.986111111111,0.0038888888888888888,2,1,2026-02-01,2280649
1769940000000000,2.1956622358914835e-05,15.731223200603905,0.6249959587625575,1800,0.6300931663687643,0.23327789280209177,0.000469017576555264,0.00046360296345593355,10201.014444444445,0.0011111111111111111,2,1,2026-02-01,2280649
1769941800000000,3.06323907003135e-05,35.17550521945642,0.7527551157788158,1800,0.7529068756791952,0.28507700737969643,0.00010967953544371856,0.0010792961979091409,8021.419166666667,0.0033333333333333335,2,1,2026-02-01,2280649
1769943600000000,2.9101216413978197e-05,28.491472491937202,0.7120952783277776,1800,0.7179057985933567,0.2884259554703933,0.00048124504187241346,0.0003154607393137665,7961.409166666666,0.0,2,1,2026-02-01,2280649
1769945400000000,2.178014288088854e-05,6.416134161359748,0.6253764932733725,1800,0.7326994612160299,0.26294560768844644,0.00034217383891232966,0.0006528776412073611,10662.114444444445,0.002777777777777778,2,1,2026-02-01,2280649
1769947200000000,2.4497588570150804e-05,21.17373062234391,0.7129554695465634,1800,0.7154614552382599,0.28219324217955577,0.0010157031236007752,0.0020940914654732357,9760.578055555556,0.002777777777777778,3,1,2026-02-01,2280649
1769949000000000,2.7501606781077105e-05,43.12862426741294,0.8053387920830317,1800,0.8064850996231288,0.44553260245488124,0.00048675496991212874,0.0001433684739164942,8410.68611111111,0.0022222222222222222,3,1,2026-02-01,2280649
1769950800000000,2.3425442494815878e-05,25.585210860331294,0.7339324210822009,1800,0.7372389734722324,0.3113010304359898,0.0004584832124681082,0.0001083535490060683,9498.558611111112,0.0005555555555555556,3,1,2026-02-01,2280649
1769952600000000,2.923362396043914e-05,21.533173182789263,0.7085540983055143,1800,0.7112126781678973,0.23506873060375943,0.0014733861895425138,0.00041839994682713044,8106.364722222223,0.0005555555555555556,3,1,2026-02-01,2280649
1769954400000000,2.644331506187853e-05,31.822056042071218,0.7157001570420768,1800,0.7175198161470508,0.16228928627061046,2.3911811867338706e-05,8.202555127123645e-05,8512.412777777778,0.0011111111111111111,3,1,2026-02-01,2280649
1769956200000000,3.0383652356047644e-05,38.17388316850691,0.8052635436792585,1800,0.8184209054536882,0.26979148751214144,0.0007761989517607315,0.0002568825155599974,7262.299722222222,0.005555555555555556,3,1,2026-02-01,2280649
1769958000000000,3.0194109266731957e-05,41.5163630460231,0.7761251090593099,1800,0.776397005396583,0.15512245499803712,0.001025564841531268,3.843508288814412e-05,8279.110277777778,0.005555555555555556,3,1,2026-02-01,2280649
1769959800000000,3.507656291356099e-05,52.211104924644395,0.8390562902581662,1680,0.839278696842601,0.24740971823836666,0.0006961784638764845,0.0010450304959478407,7028.311904761905,0.010714285714285714,3,1,2026-02-01,2280649
1769961600000000,3.393945339958809e-05,37.6818428733512,0.8372263339105072,1680,0.8462799063330453,0.25103702488745894,0.001520690359168686,0.0005272191302375662,6614.3059523809525,0.004761904761904762,4,1,2026-02-01,2280649
1769963400000000,3.7389101365399815e-05,40.733297803937184,0.8103798753431875,1800,0.8139049833648183,0.26520065115921154,1.0839728448175379e-08,1.427513793839097e-07,6045.705555555555,0.0011111111111111111,4,1,2026-02-01,2280649
1769965200000000,3.547274474908856e-05,46.107123694101524,0.7938420644924327,1800,0.7941104449290739,0.19833210248344846,1.5534007361539537e-06,5.4784117825112943e-05,6643.0922222222225,0.0005555555555555556,4,1,2026-02-01,2280649
1769967000000000,3.1800639646782664e-05,47.00797733321798,0.8254136556076459,1800,0.8267890341401511,0.3648275793209046,5.940554513084173e-06,7.454932837713812e-08,7009.240555555555,0.0005555555555555556,4,1,2026-02-01,2280649
1769968800000000,3.1049529857906845e-05,17.901354048208585,0.7185423320872504,1800,0.740660737163652,0.16029147506410235,8.492497665135712e-05,0.0018525908459033902,7277.674722222222,0.005555555555555556,4,1,2026-02-01,2280649
1769970600000000,2.6245293870980126e-05,20.266518783152478,0.7035496049212895,1800,0.7183830740195452,0.17005523193556338,0.0015799467378773135,0.0005239193698756139,7912.478888888889,0.0005555555555555556,4,1,2026-02-01,2280649
1769972400000000,2.5658521743011334e-05,49.30425849932203,0.7584263411920754,1800,0.7584622101186883,0.37139776085150533,0.0006969361128197349,0.0005382541992207113,8516.248333333333,0.0005555555555555556,4,1,2026-02-01,2280649
1769974200000000,2.1146276490076806e-05,6.527018579935516,0.6395633856497279,1800,0.7474143130142432,0.23416847655737139,0.000545923212055599,1.39742944689214e-05,8329.676111111112,0.0033333333333333335,4,1,2026-02-01,2280649
1769976000000000,2.2647089432354475e-05,8.446496726016468,0.634988066997946,1800,0.7167788718254018,0.21953788703305122,0.00023783272591504367,0.0001832520087766687,8123.319444444444,0.0044444444444444444,5,1,2026-02-01,2280649
1769977800000000,3.177095563657341e-05,34.69607526830301,0.7798381806979542,1800,0.7810403567761824,0.2089137303511701,0.0010482277883453461,0.0010938968067543131,6844.433055555555,0.0022222222222222222,5,1,2026-02-01,2280649
1769979600000000,2.7894224775962685e-05,13.584414821372194,0.7315727623481609,1800,0.7810614852623194,0.21809439059969327,0.0012319784124171784,0.000630900973105919,6741.978055555555,0.0016666666666666668,5,1,2026-02-01,2280649
1769981400000000,3.334951994647397e-05,46.58694839416198,0.8020748468009493,1800,0.8038621527214531,0.1289722748426061,0.0011643467835370513,0.00016504942497064246,6791.315555555556,0.0016666666666666668,5,1,2026-02-01,2280649
1769983200000000,2.9956742887762353e-05,13.07067971003358,0.6910087546835861,1800,0.7424148629131231,0.20698536820895475,0.0003070097469676236,0.0001068694628221234,6447.932777777778,0.026111111111111113,5,1,2026-02-01,2280649
1769985000000000,5.1825560780732796e-05,25.099587414551834,0.770212680236243,1800,0.7723912643843429,0.3972037047650898,3.902781080467044e-05,0.0002332701410229232,5171.056388888889,0.009444444444444445,5,1,2026-02-01,2280649
1769986800000000,4.93776072599353e-05,35.12236230109467,0.7971926057579775,1800,0.8155530681718328,0.2640624532269802,9.470086682394907e-06,0.0006638774493681332,4247.435833333333,0.013888888888888888,5,1,2026-02-01,2280649
1769988600000000,4.053180140646359e-05,6.145988237110312,0.694433403952897,1680,0.8112806933886889,0.22897820448260087,0.0008894113376114454,8.460380066199757e-05,4082.686011904762,0.004166666666666667,5,1,2026-02-01,2280649
1772323200000000,1.9716505550232515e-05,4.3697150347140035,0.5663415679790915,1680,0.7224643618827109,0.2130746301326516,0.00042188330697112697,0.0003584940836215411,8629.300297619047,0.0011904761904761906,0,1,2026-03-01,1479847
1772325000000000,1.095497446700479e-05,7.049674383341048,0.6637242650903552,1800,0.7708913998060678,0.6231947455876812,8.232526097973203e-05,5.585875428759657e-06,10407.814444444444,0.0044444444444444444,0,1,2026-03-01,1479847
1772326800000000,1.2206735133544905e-05,8.508439704358485,0.6722363182422084,1800,0.6796632889420136,0.2382177202394562,0.003467507961776195,0.000140034536852629,26621.88388888889,0.0044444444444444444,0,1,2026-03-01,1479847
1772328600000000,2.645801890855223e-05,27.59270903461535,0.701125731955074,1800,0.7012150895350575,0.2813254686527388,0.0018145099216897442,0.0014466790477547509,8827.48138888889,0.016666666666666666,0,1,2026-03-01,1479847
1772330400000000,4.450169403591961e-05,42.62153059002083,0.8245206681123793,1800,0.8264522668592739,0.25307005902177304,0.0006074186979140306,0.0014128655561886916,5411.178055555555,0.01888888888888889,0,1,2026-03-01,1479847
1772332200000000,4.085594343669368e-05,29.148000030378448,0.7382945213756921,1800,0.7403228598797386,0.16692948137756014,0.00048343307307952,0.0010321317262192986,5574.945833333333,0.0044444444444444444,0,1,2026-03-01,1479847
1772334000000000,3.367166062129177e-05,19.833904627689314,0.6661580661397927,1800,0.6862968055481969,0.23914721919592696,0.0007681439320349481,0.0009552045045946311,6099.516111111111,0.002777777777777778,0,1,2026-03-01,1479847
1772335800000000,3.225605035071698e-05,22.35204427215172,0.6909107752719348,1800,0.7021725024515331,0.27689417809331174,0.0005261749517384562,0.0008200663243231876,7466.558055555555,0.0016666666666666668,0,1,2026-03-01,1479847
1772337600000000,1.5628533858815828e-05,7.6949318278351315,0.4587630096399178,1800,0.6012664513045045,0.24460662509372522,2.964023350093825e-07,0.00016069927183892663,10125.831666666667,0.0038888888888888888,1,1,2026-03-01,1479847
1772339400000000,2.573994516440857e-05,31.556872659227995,0.642651230686464,1800,0.6440891694102808,0.25876875512456354,2.3292199583524464e-06,0.0006647322050935545,7735.333333333333,0.0022222222222222222,1,1,2026-03-01,1479847
1772341200000000,2.745111461928843e-05,26.619354997869173,0.6803181728163628,1800,0.6821219315460132,0.2743085674504788,0.00812006793679143,0.0010083663861298886,7159.854166666667,0.0011111111111111111,1,1,2026-03-01,1479847
1772343000000000,2.7773295099583722e-05,14.389379104970201,0.6653465978087505,1800,0.6820800866182222,0.18237228722172627,0.0002666207732935355,9.526757540734287e-05,7889.774166666667,0.0033333333333333335,1,1,2026-03-01,1479847
1772344800000000,2.6723294133546903e-05,21.70829348321234,0.6838594663263093,1800,0.68546939847601,0.3152629223873392,0.000800101916156204,0.002449658638283947,10171.636388888888,0.005,1,1,2026-03-01,1479847
1772346600000000,2.969114612835073e-05,7.674240993745288,0.7307144930065812,1800,0.8057469875459514,0.5659552221968094,0.019365568175013226,0.015195873574491814,10046.735277777778,0.0038888888888888888,1,1,2026-03-01,1479847
1772348400000000,2.050566502941702e-05,8.784687403340822,0.6052235913933052,1800,0.6473649522206082,0.23409499996683059,0.00011491698410914797,2.568574094796716e-05,10106.335555555555,0.0022222222222222222,1,1,2026-03-01,1479847
1772350200000000,2.3076254073058498e-05,29.813629195753823,0.6677187993998205,1680,0.6710672031735996,0.2621331618451318,0.00012198320644585259,0.0007038736110284161,9821.258035714285,0.0035714285714285713,1,1,2026-03-01,1479847
1772352000000000,2.4407450673115883e-05,31.839022529784128,0.7236081816366521,1680,0.731797829600545,0.28646603798237724,0.0017306167993020871,6.856736360372206e-05,10854.514583333334,0.0017857142857142857,2,1,2026-03-01,1479847
1772353800000000,2.3033633103613244e-05,28.906279937441713,0.6775886726616813,1800,0.6781344378741495,0.2796572512547153,0.0010393885533994673,0.002341260253647004,11562.527222222223,0.0077777777777777776,2,1,2026-03-01,1479847
1772355600000000,2.2928742788825474e-05,37.04961053872004,0.7482560017009408,1800,0.7489441793953079,0.21523636589270423,0.005256898988724834,0.006170035680434949,9675.386666666667,0.0077777777777777776,2,1,2026-03-01,1479847
1772357400000000,2.586897586384439e-05,19.326478349325225,0.7139773573132968,1800,0.7280910114914887,0.1777293182925137,0.00010939121649788941,0.00017112085008452738,8504.510555555555,0.005,2,1,2026-03-01,1479847
1772359200000000,2.5175019465439598e-05,24.676568511800607,0.743317714416761,1800,0.7437181666633037,0.24978235631518741,0.0001790553220663016,0.0015243058588683134,8668.095277777778,0.006666666666666667,2,1,2026-03-01,1479847
1772361000000000,2.4084142015860523e-05,30.471036082224757,0.7193713882631785,1800,0.7195409153248882,0.15192518300376845,9.092939627197705e-05,0.0018603364400042732,9816.198611111111,0.0011111111111111111,2,1,2026-03-01,1479847
1772362800000000,2.3041815311757914e-05,27.489480011692915,0.6924679204034611,1800,0.6927366611031578,0.18159906515895752,0.0029320993936537976,0.0014498703884159303,9587.145277777778,0.0011111111111111111,2,1,2026-03-01,1479847
1772364600000000,2.4632872353690407e-05,26.64100537813157,0.6631929013358231,1800,0.6676238901992975,0.35587031011792125,2.85985590958715e-05,0.0008574473839030317,9263.825277777778,0.008888888888888889,2,1,2026-03-01,1479847
1772366400000000,1.913357644103099e-05,5.6878373497597305,0.6066935902107073,1800,0.69786462295754,0.08590306248504631,0.00023029917559236335,0.0007822575095514095,10250.968888888889,0.0077777777777777776,3,1,2026-03-01,1479847
1772368200000000,2.5027681103061266e-05,39.31291880173573,0.727106241411031,1800,0.7273584401868499,0.1906048972657428,0.0002368740934061142,0.0033218255630702576,9669.059444444445,0.005555555555555556,3,1,2026-03-01,1479847
1772370000000000,2.4181285900469658e-05,39.07154026539585,0.7793119180544742,1800,0.7819018558922477,0.16525081534881902,0.00012211499003034199,0.00047985960874408207,10752.047222222222,0.0077777777777777776,3,1,2026-03-01,1479847
1772371800000000,2.7840430442269204e-05,28.38753276412454,0.8152546204244047,1800,0.8153877292963521,0.20178664824038406,0.004666229081361939,0.0017472967272117446,9965.531388888889,0.013333333333333334,3,1,2026-03-01,1479847
1772373600000000,3.0381147938895617e-05,54.987479106195735,0.7953652652947089,1800,0.7957632534205364,0.21331301178258244,0.0005405577081996071,0.0011015704014850636,8146.206111111111,0.018333333333333333,3,1,2026-03-01,1479847
1772375400000000,2.7150455276908613e-05,37.87952600189901,0.7503283137352821,1800,0.7506976309024402,0.18943556621878077,0.00037013217608405924,0.003212282884357598,8403.469722222222,0.006111111111111111,3,1,2026-03-01,1479847
1772377200000000,2.3250022816507828e-05,27.802499638007923,0.7229473045768674,1800,0.728599531296008,0.20355508995470628,5.5390254130260885e-05,0.0009447263772693892,9547.466944444444,0.005555555555555556,3,1,2026-03-01,1479847
1772379000000000,2.409610243213216e-05,30.929407884820204,0.7153448626923349,1680,0.715851685872748,0.14961599016693794,1.9878427150676892e-05,0.00033020332392408314,9553.392559523809,0.007738095238095238,3,1,2026-03-01,1479847
1772380800000000,2.5107647131067038e-05,47.660536495887115,0.7753716564135489,1680,0.7758644884538621,0.27741734689964315,6.898082151196583e-05,0.0016749508476074926,9575.053869047619,0.007142857142857143,4,1,2026-03-01,1479847
1772382600000000,2.7131920400363206e-05,50.151845203015185,0.7966316286169437,1800,0.7982868614032976,0.13968841695498957,7.875186614714202e-05,0.0005096604616808831,9423.009722222223,0.02,4,1,2026-03-01,1479847
1772384400000000,2.674083499627808e-05,23.074155562577666,0.7699395294291389,1800,0.77698221094036,0.2044587465803298,0.009716007891201084,0.004136579093401038,9368.425833333333,0.02,4,1,2026-03-01,1479847
1772386200000000,2.364048262342736e-05,30.740526143232174,0.7495853411867452,1800,0.7572898970889118,0.2922816358929706,0.00012235942655214327,0.0004900107516502272,9732.214722222223,0.01,4,1,2026-03-01,1479847
1772388000000000,2.7591039207234963e-05,41.51187935727713,0.7641357909702888,1800,0.7641436403278182,0.2835178409084297,0.007023196338177273,0.007410190102850156,8441.965555555556,0.019444444444444445,4,1,2026-03-01,1479847
1772389800000000,2.5455010505558615e-05,22.044795652715933,0.6738120380878262,1800,0.6778729754383271,0.4587376127504892,0.002364175132663293,0.0010168713449555389,9356.019722222221,0.0038888888888888888,4,1,2026-03-01,1479847
1772391600000000,2.5974328415639995e-05,30.5334843639266,0.7045671762926262,1800,0.7046047250277487,0.19166194444009943,8.327085000425782e-06,0.001119395412325419,10214.1075,0.005,4,1,2026-03-01,1479847
1772393400000000,2.4346455989362138e-05,20.107652316437672,0.7423826484609382,1800,0.744270416480991,0.48368839285128107,7.786689754774034e-05,0.0006890963164416508,10834.823055555555,0.007222222222222222,4,1,2026-03-01,1479847
1772395200000000,2.352919947853171e-05,25.34256782571687,0.7203118461654092,1800,0.7265144169409978,0.149364129797796,3.9900853915364465e-05,0.0010101811275273764,10300.146944444445,0.012777777777777779,5,1,2026-03-01,1479847
1772397000000000,2.5802266267048247e-05,31.383767770673987,0.7641883539898809,1800,0.7676262539907118,0.2840864659921948,5.9431949136046214e-05,3.0681195200776834e-05,9514.319722222222,0.009444444444444445,5,1,2026-03-01,1479847
1772398800000000,2.394501546590427e-05,33.594603215120564,0.7288377105474209,1800,0.7289860079266295,0.15829422902058277,0.0003354000489544928,0.00012535549125203271,10503.146111111111,0.005,5,1,2026-03-01,1479847
1772400600000000,2.1647146384203056e-05,32.00234221461086,0.6947635690069351,1800,0.6954842115334501,0.365510495221682,0.0013266948762027386,0.005674001126197981,11159.959444444445,0.005555555555555556,5,1,2026-03-01,1479847
1772402400000000,3.2907635762483276e-05,14.27265298305587,0.7469525815101683,1800,0.757241049421771,0.31659076645250306,0.001445876127623924,0.012959733027732456,11159.3425,0.027777777777777776,5,1,2026-03-01,1479847
1772404200000000,3.1818664384697505e-05,23.52243466270608,0.7748664220211611,1800,0.7753485165310399,0.30877861364098,0.011026304909616536,0.00703930307143108,7167.447222222222,0.010555555555555556,5,1,2026-03-01,1479847
1772406000000000,3.549905453376704e-05,40.23027714899901,0.7743112244668995,1800,0.77582343874044,0.17808220414255993,0.00033199690509910784,8.830887869282211e-05,6192.540277777778,0.006111111111111111,5,1,2026-03-01,1479847
1772407800000000,3.080332840127233e-05,13.05565578667582,0.7097401043843956,1680,0.7466129233406547,0.33153059386914807,0.00039387818140224073,0.0002727202331870293,6606.383928571428,0.0017857142857142857,5,1,2026-03-01,1479847
