window,beta,t_nw,r2_ofi,n,r2_quad,r2_ti,r2_plc_p5,r2_plc_m5,depth_mean,frac_spread_gt1,block,weekend,day,events
1693526400000000,0.022590432066095706,10.642736173017411,0.5997393051041817,168,0.6057559199643352,0.47405863064046994,0.00033422632584934053,0.010695657305730855,75.04157738095239,0.0,0,0,2023-09-01,6700418
1693528200000000,0.01830293727095346,9.054651238027105,0.5578714222742447,180,0.5690343415227909,0.37657730318925764,0.0004904766023351437,0.00026425004861607704,67.06386944444444,0.0,0,0,2023-09-01,6700418
1693530000000000,0.0213380075584347,10.415493173695971,0.6201919877270841,180,0.630866351129384,0.3959560055806728,0.003289173258679501,9.315014164290591e-05,89.15489166666666,0.0,0,0,2023-09-01,6700418
1693531800000000,0.01826832839210451,12.949834300039173,0.7583424810165935,180,0.7761543697650708,0.40075368863574923,0.00041532560903811966,0.005105079019449343,97.14875,0.0,0,0,2023-09-01,6700418
1693533600000000,0.018492731618771865,12.280845314338931,0.662032720910338,180,0.6701025259872001,0.665208357895839,0.0006017870085068822,0.0009692069914820634,96.54195,0.0,0,0,2023-09-01,6700418
1693535400000000,0.02092658517835809,13.73433609836346,0.6753390620904414,180,0.6992150206676256,0.6505130828381598,0.00044840101455212444,8.476339041574299e-05,77.96933888888888,0.0,0,0,2023-09-01,6700418
1693537200000000,0.015701590741950773,6.720514510399393,0.4400363936416344,180,0.44801534559349876,0.5157231023097013,0.0021479916799115317,0.014430294170405089,97.03794166666667,0.0,0,0,2023-09-01,6700418
1693539000000000,0.02414318752836571,8.20924350119994,0.48212821956838403,180,0.4940360735235757,0.640088315855333,0.0007698169426817447,0.001459160749800903,73.49714444444444,0.0,0,0,2023-09-01,6700418
1693540800000000,0.01686602437767644,10.69241629211328,0.6267379959758606,180,0.6516235897202911,0.38796807796326593,0.03068726062444338,0.031233417897450044,67.32381388888889,0.0,1,0,2023-09-01,6700418
1693542600000000,0.018013000950490812,14.062733738243866,0.6440537397186763,180,0.6457660312332052,0.4561742273929066,0.017088913008428186,0.021556367292350997,80.31956944444444,0.0,1,0,2023-09-01,6700418
1693544400000000,0.01373371497752432,6.705017642313565,0.6661982011196343,180,0.7628175134140354,0.3972072778393101,0.0023786549213744568,0.00010870794727302346,81.43594999999999,0.0,1,0,2023-09-01,6700418
1693546200000000,0.019797490369342204,8.887518066929344,0.5210577487514416,180,0.5531511865309877,0.6888487650008082,0.0001244490119305386,0.004281761421926267,94.62504999999999,0.0,1,0,2023-09-01,6700418
1693548000000000,0.019482468346773568,7.369253355505586,0.6223946683346185,180,0.6683299135258858,0.5697664343048128,0.06099627439417621,0.0002294451062361258,78.42437222222223,0.0,1,0,2023-09-01,6700418
1693549800000000,0.02124436230774631,15.934067438210857,0.6880271409708276,180,0.6917569153301384,0.19946085936144342,0.002520158785209614,0.00017086374826436046,81.55948055555555,0.0,1,0,2023-09-01,6700418
1693551600000000,0.017574058798854018,13.015451053935998,0.4199204704631183,180,0.4528571712009931,0.5338718845215344,0.007824270408021139,0.004001563537454289,96.43456111111112,0.0,1,0,2023-09-01,6700418
1693553400000000,0.022868132486777507,12.620562582943997,0.7454412896089178,168,0.7476607614828388,0.5871838333463245,0.006161110589648078,0.02291764378718686,84.65477380952382,0.0,1,0,2023-09-01,6700418
1693555200000000,0.01481096430220582,8.187049287311405,0.553065385663397,168,0.5764110043536184,0.41847301545222193,0.003940108969382461,0.01872315721387119,164.99910714285713,0.0,2,0,2023-09-01,6700418
1693557000000000,0.018847584838554175,15.01363659480347,0.7924047246608454,180,0.7970217642369868,0.46555751447977467,3.395965388353073e-05,0.004391637855429953,96.45350277777777,0.0,2,0,2023-09-01,6700418
1693558800000000,0.020765667081848842,14.06780243464378,0.6009047165329422,180,0.6068943978706156,0.4301969657355733,0.011524182909748326,0.0035578448649353778,92.45388055555554,0.0,2,0,2023-09-01,6700418
1693560600000000,0.018512884099523143,10.668202671475708,0.7305704640843343,180,0.7318529735231403,0.5654977246626327,1.5202380076684285e-05,2.6129697120458317e-06,109.492425,0.005555555555555556,2,0,2023-09-01,6700418
1693562400000000,0.016470079036545397,6.901120929048605,0.5683479884672951,180,0.5952414733838997,0.5938936886918529,1.1953838155998042e-06,0.010641284799363326,127.43022777777777,0.0,2,0,2023-09-01,6700418
1693564200000000,0.019486470934486237,10.561034443841777,0.6200762539767852,180,0.6418721860150052,0.5904117363302954,0.01082104556528507,0.0042394264597679365,97.43097222222222,0.0,2,0,2023-09-01,6700418
1693566000000000,0.0196839027138159,16.652916918059095,0.7435859983199458,180,0.7436311267754421,0.44969743104772686,0.005389405766385358,0.001405038625643562,93.05517777777779,0.0,2,0,2023-09-01,6700418
1693567800000000,0.023303018979016578,9.249386647684647,0.5971915902919741,180,0.6057782403948104,0.38005426746776105,0.006811384324508896,1.0226965762694107e-05,77.11581388888888,0.0,2,0,2023-09-01,6700418
1693569600000000,0.024314960088882093,4.423872839752183,0.39869244806333404,180,0.40818784765821814,0.6132280393272983,0.002260831647804773,0.008887117871076655,65.647775,0.0,3,0,2023-09-01,6700418
1693571400000000,0.022084288357853674,13.912882023894024,0.5919618815594384,180,0.5990132808692767,0.35144461054343124,3.406086270918429e-06,0.003256598935294286,59.041475,0.0,3,0,2023-09-01,6700418
1693573200000000,0.014557988891927009,17.384263116504588,0.769314078574683,180,0.7776977786605361,0.3920262374306016,0.00525831374471053,0.004678086244443214,97.26579722222222,0.0,3,0,2023-09-01,6700418
1693575000000000,0.0256784441460249,11.427825650570204,0.5815110273697244,180,0.5963853712613707,0.21984141350947684,0.0017250006675532115,0.00662463243587974,64.96768333333334,0.0,3,0,2023-09-01,6700418
1693576800000000,0.020561119230154714,14.61687731115948,0.6044886978486401,180,0.6093334315457737,0.2839386375379136,0.0016419904231661508,0.01818116291721228,54.985086111111116,0.011111111111111112,3,0,2023-09-01,6700418
1693578600000000,0.029668037292577366,10.52198806319467,0.468527460710524,180,0.4707525733491109,0.364086000728867,0.005032780322896446,0.006338161557479349,45.948977777777785,0.027777777777777776,3,0,2023-09-01,6700418
1693580400000000,0.024749132037883963,16.675314177054666,0.6167504137697932,180,0.6248303980332179,0.26161881190375325,5.4995199023633035e-06,0.0014267055563230713,60.37371666666667,0.005555555555555556,3,0,2023-09-01,6700418
1693582200000000,0.019104175850141743,15.088192364064904,0.6478926410453174,168,0.6663648635388744,0.28141302717595607,0.0005420874665598152,3.1105014526300323e-06,67.09517857142858,0.005952380952380952,3,0,2023-09-01,6700418
1693584000000000,0.023987939737449622,12.66884603190992,0.6208726309429757,168,0.6235130768939994,0.3647502421410538,0.0006004123597311839,0.002475225005890258,55.79435714285714,0.005952380952380952,4,0,2023-09-01,6700418
1693585800000000,0.02557468979501419,17.735372607211495,0.6599654503930774,180,0.6732087176251101,0.5304463136410227,0.020644300722314934,0.020385537243567065,54.5364,0.0,4,0,2023-09-01,6700418
1693587600000000,0.04945725764284936,8.149134829433313,0.49122612943420496,180,0.5007631508865513,0.4508628127034635,3.0732450040260595e-05,3.936197550868936e-05,35.54833888888889,0.03888888888888889,4,0,2023-09-01,6700418
1693589400000000,0.03346743041652268,20.450420691518836,0.6751067270035384,180,0.6896689008434799,0.3535365377548263,0.0001358367584933795,0.0037541208427580575,43.51356111111111,0.005555555555555556,4,0,2023-09-01,6700418
1693591200000000,0.027030491265961347,17.21967469198442,0.7435803115132513,180,0.7536863669708656,0.5719292543601004,0.0023949630920587772,0.0006140843346608138,61.46608611111112,0.0,4,0,2023-09-01,6700418
1693593000000000,0.027492663510557486,7.985487696240962,0.3389479026778224,180,0.36389813563913664,0.5763679584316711,0.026228643861217038,0.0004026187815179272,55.975922222222216,0.005555555555555556,4,0,2023-09-01,6700418
1693594800000000,0.022933192654916466,17.42185840729769,0.6675660226998541,180,0.66933386207779,0.40463137856366393,0.0029613029959328907,0.002367510472856882,62.509569444444445,0.0,4,0,2023-09-01,6700418
1693596600000000,0.020112533867598373,13.782832912011822,0.6642138385293532,180,0.6709782586980622,0.44426764881317604,0.0013442446071945113,5.483785130433461e-07,73.40814166666667,0.0,4,0,2023-09-01,6700418
1693598400000000,0.023631642172221298,14.852607877966037,0.6395793458629841,180,0.6487079233274946,0.43516887399631765,0.0040029511859600575,0.0037646405709473862,74.78667222222222,0.0,5,0,2023-09-01,6700418
1693600200000000,0.030058907360712823,9.985101904340215,0.38533056314339564,180,0.39178292810861237,0.5461727640707674,0.02801386687067453,0.0010282533380641112,51.18721666666667,0.005555555555555556,5,0,2023-09-01,6700418
1693602000000000,0.022057810533206025,13.383174851730038,0.5586842772558943,180,0.5702707040346533,0.45771646977269165,3.1553222514135726e-05,0.00042985368115955325,71.13028888888888,0.0,5,0,2023-09-01,6700418
1693603800000000,0.023827128117768666,8.692432427962311,0.6032792444606776,180,0.6126673152653628,0.6179025060141987,0.0033362453989506102,0.0003521523728287068,86.2138638888889,0.0,5,0,2023-09-01,6700418
1693605600000000,0.015114156991265497,11.685242390428966,0.6615428910783817,180,0.7053127788964937,0.3953839224009471,0.01033134054739615,0.004214136277877922,93.85868888888888,0.0,5,0,2023-09-01,6700418
1693607400000000,0.012800887366648557,8.088746756131306,0.6967133330106106,180,0.754938012663793,0.4371779054350834,1.919828250518396e-05,0.0006351760444319732,97.0175861111111,0.0,5,0,2023-09-01,6700418
1693609200000000,0.013031508067307285,6.73123896840928,0.6888548940518584,180,0.7544974925873751,0.48942923980527064,0.004650724793861527,0.006659590761996292,129.8941027777778,0.0,5,0,2023-09-01,6700418
1693611000000000,0.015172770773169421,9.557366703875225,0.5921261364990448,168,0.6394235345368313,0.5857610507273786,0.008064063267955501,1.7508582528247274e-05,94.50774107142857,0.0,5,0,2023-09-01,6700418
1696118400000000,0.016807594225926037,14.999726961874428,0.7241027634436416,168,0.7241032710782332,0.44325254573320416,0.0014449061716385048,0.002370424254824144,83.09739880952381,0.0,0,1,2023-10-01,5825031
1696120200000000,0.013804087030028998,13.33179018522004,0.7699105843166507,180,0.7879588517876361,0.4999082547423592,0.0004765050484742961,7.751051566551315e-05,83.01289722222222,0.0,0,1,2023-10-01,5825031
1696122000000000,0.009863413689589734,2.7078825192336624,0.11620350661143952,180,0.15027407849616514,0.8114122089206386,8.734888857031553e-05,0.0051318784891333236,78.64900277777778,0.0,0,1,2023-10-01,5825031
1696123800000000,0.01773951710799312,14.399248410523779,0.8173633834833296,180,0.8369840890505666,0.4266110735686026,0.0023739978818111407,0.003433774967557368,100.79273611111111,0.0,0,1,2023-10-01,5825031
1696125600000000,0.013073430485166565,14.787264919966216,0.7977476821335417,180,0.8042013540178536,0.48083454134620407,0.0010825786633166246,0.0024437975609467033,93.39533333333333,0.0,0,1,2023-10-01,5825031
1696127400000000,0.014452764280280101,9.571563754601723,0.5858260687334407,180,0.6365018394256072,0.39474682807893835,0.0008173805189676253,0.0013642479025471888,84.73589722222222,0.0,0,1,2023-10-01,5825031
1696129200000000,0.015053182749793611,8.821296748175213,0.5289082083182645,180,0.547089369234734,0.48448021470466707,0.0026190586904758506,4.927427667889006e-06,71.48416388888889,0.0,0,1,2023-10-01,5825031
1696131000000000,0.01831850919719523,9.800817853211033,0.7544303652598552,180,0.7746635416953409,0.5796091673039823,0.0023508839464387865,0.001707659016730645,70.03723333333333,0.0,0,1,2023-10-01,5825031
1696132800000000,0.01388792009038996,14.616916369664832,0.8006610650413704,180,0.8153607171662371,0.39129174428775715,0.04347891580811769,0.04464870037517399,100.42120555555555,0.0,1,1,2023-10-01,5825031
1696134600000000,0.015740678800753555,16.55552588960163,0.6454133187854494,180,0.6573973524871783,0.38368991970055677,0.0034105718146936193,0.0011845472344707009,71.58046666666667,0.0,1,1,2023-10-01,5825031
1696136400000000,0.016833103059106163,8.723560160242517,0.604179422280769,180,0.604246628114339,0.3202914422446901,0.0036864846117344863,0.000808570189496649,94.59766944444445,0.0,1,1,2023-10-01,5825031
1696138200000000,0.015894229163637454,18.438903395925955,0.7324057794292855,180,0.7331538488744099,0.37388070026319686,8.177366673567388e-05,0.00014280358724327868,76.99010277777778,0.0,1,1,2023-10-01,5825031
1696140000000000,0.011968617191950987,7.7379813133449895,0.5413973517137038,180,0.6080052395135916,0.5289576751838568,0.00945897510662419,0.004680961914658943,72.147575,0.0,1,1,2023-10-01,5825031
1696141800000000,0.012272485271555226,10.54545175868811,0.5017899308437879,180,0.5168647745478436,0.4674136627360763,0.0015407835814922333,1.4498509257609982e-05,81.60514166666667,0.0,1,1,2023-10-01,5825031
1696143600000000,0.01240953738476458,11.192523190098159,0.5678447470881821,180,0.5772308652699234,0.6068218829313439,0.003182476412352142,0.014350140438877168,93.83671944444444,0.0,1,1,2023-10-01,5825031
1696145400000000,0.012844335710668923,12.247617676612679,0.75219444660764,168,0.7628080589125927,0.39916938881596753,1.9452084677018533e-05,0.0016940851180820005,81.79138095238095,0.0,1,1,2023-10-01,5825031
1696147200000000,0.012509013714463607,9.234469088417573,0.5736668136642984,168,0.6425635796716197,0.5434804062085632,0.00034243038660408676,0.009838507603299407,104.81516964285713,0.0,2,1,2023-10-01,5825031
1696149000000000,0.014541064078532548,7.949091316049457,0.4179163235992155,180,0.4215680177621205,0.5201841599540167,0.0017568016307322187,0.006349306617418171,63.03593611111111,0.0,2,1,2023-10-01,5825031
1696150800000000,0.016919785749717912,12.585637126310198,0.7037851500203046,180,0.7069461836607744,0.41140933137033653,0.0032576032683775402,0.00694550930599358,75.609425,0.0,2,1,2023-10-01,5825031
1696152600000000,0.016389268662066213,12.971710923003215,0.5482836234499358,180,0.5488600064582818,0.3268279410484507,0.008442860234991412,0.0027344780062888985,55.514586111111115,0.0,2,1,2023-10-01,5825031
1696154400000000,0.015237440202017505,10.461927193179822,0.34046944181162175,180,0.3650562900115506,0.35785132041487944,0.0009583314378881491,0.0005734070018097448,74.1100388888889,0.005555555555555556,2,1,2023-10-01,5825031
1696156200000000,0.012844892057978376,13.944758501565003,0.6094233160565762,180,0.6306583461180277,0.441383292433015,0.011295443315280207,0.0034720292229205585,81.58533333333334,0.0,2,1,2023-10-01,5825031
1696158000000000,0.013235584030268501,11.400371450401794,0.7122139053345425,180,0.7122166177233766,0.3853123263031155,0.0031519177870321657,0.00023488694323947623,87.23803611111111,0.0,2,1,2023-10-01,5825031
1696159800000000,0.013777281809475996,16.85428690839876,0.5447928876281181,180,0.5450791104392618,0.5012158672588326,0.011982468500030818,0.0043136262066584274,75.53361111111111,0.0,2,1,2023-10-01,5825031
1696161600000000,0.01332677078417187,12.495642864339041,0.6237581498299378,180,0.6281124203347053,0.5049999355158061,0.005777716708468605,0.005694773970916334,81.53615277777777,0.0,3,1,2023-10-01,5825031
1696163400000000,0.010941544032401523,20.441261393643394,0.7686980166167028,180,0.7795339742336607,0.4270869144021826,0.006773392407005918,0.002410144908994938,93.48465555555556,0.0,3,1,2023-10-01,5825031
1696165200000000,0.014224466068257745,11.719899549037882,0.692701010541845,180,0.6930117775893517,0.40097320848209306,3.582636887156099e-08,0.002755738677196695,72.24563888888889,0.0,3,1,2023-10-01,5825031
1696167000000000,0.011963280107405286,14.543880910963287,0.7957967353762846,180,0.826574665733561,0.35594977826393603,0.003911425889930986,0.00047796367603458734,90.27806666666666,0.0,3,1,2023-10-01,5825031
1696168800000000,0.011617367837779554,14.140118485091056,0.6430053925715409,180,0.6913003097133039,0.29554300376783604,2.9315681027153317e-06,0.0004269364810453036,65.91318888888888,0.0,3,1,2023-10-01,5825031
1696170600000000,0.018265745820992663,9.687013272525018,0.4971045759147842,180,0.5075554918447892,0.30274756253741175,0.0017464018124284664,1.779755929520732e-05,58.89866111111111,0.005555555555555556,3,1,2023-10-01,5825031
1696172400000000,0.01298063281908414,17.829053578425558,0.6693632931130991,180,0.6841558083468171,0.4945603232401068,0.0006175167542045168,0.017503663077922726,69.91401388888889,0.0,3,1,2023-10-01,5825031
1696174200000000,0.011818610484052666,20.469673826612116,0.8052822273059951,168,0.8074782800872132,0.43523060805481584,0.0011088273829149564,0.00459175984910809,100.40485416666668,0.0,3,1,2023-10-01,5825031
1696176000000000,0.012768917616142073,13.584348982340403,0.7373867768917652,168,0.7377393181495044,0.4271547676170201,0.002114965553812964,0.011664390273832259,128.10393452380953,0.0,4,1,2023-10-01,5825031
1696177800000000,0.013545979921827829,6.96686478401337,0.6220541950347314,180,0.637180672641001,0.2325702391143244,0.01124219453641151,0.03589694223524875,186.51546666666667,0.0,4,1,2023-10-01,5825031
1696179600000000,0.01571684289066768,10.083681805644492,0.6316640790613255,180,0.6514117305866554,0.5622957222102318,0.01623276377287275,0.020246312630487706,81.90893333333334,0.005555555555555556,4,1,2023-10-01,5825031
1696181400000000,0.014040193041906894,14.362591534880776,0.6401881050835729,180,0.6521467941074381,0.188377745618742,0.00022744489053039274,0.005715923553834101,75.39480833333333,0.005555555555555556,4,1,2023-10-01,5825031
1696183200000000,0.014033526804061617,14.757030928690384,0.7351399893568517,180,0.7567055168198157,0.40564152683116184,0.004591379893767233,0.002214118870414117,75.28091388888889,0.0,4,1,2023-10-01,5825031
1696185000000000,0.014367818967191859,12.1796368221461,0.72237443514374,180,0.7424241753547044,0.4218000427335319,0.0011484861598785034,0.00047552278866747066,88.5866861111111,0.0,4,1,2023-10-01,5825031
1696186800000000,0.012135138565116457,15.248471169795916,0.6786875277697375,180,0.6928591634580525,0.4412760492278037,0.00113026332708277,0.004749708107228079,69.608,0.0,4,1,2023-10-01,5825031
1696188600000000,0.014668810433097278,12.64849982279786,0.7860854757617699,180,0.7861519152331697,0.7430299925570725,0.0034288993086749597,0.0020776305083155533,92.01011666666666,0.0,4,1,2023-10-01,5825031
1696190400000000,0.013598112266461652,7.617191449983613,0.32162456376398485,180,0.3216965304966054,0.5187297075161272,0.0013661003566949326,0.00010627766174187148,68.16045,0.0,5,1,2023-10-01,5825031
1696192200000000,0.015926537231010153,13.085431002417717,0.5658059779018314,180,0.5664773915109635,0.48827167867613086,0.0054776848289875835,0.017709850523074278,63.76477222222222,0.0,5,1,2023-10-01,5825031
1696194000000000,0.013759531224474864,22.619956170307884,0.7359985295393746,180,0.738312906701583,0.4025477399344458,0.0031370090517190974,0.003162306973520934,66.70575,0.0,5,1,2023-10-01,5825031
1696195800000000,0.0140246744539606,5.187008195618724,0.5231850273639835,180,0.6070033663070766,0.6646934275064296,0.009292577763266086,0.038656411036325555,70.74874166666666,0.0,5,1,2023-10-01,5825031
1696197600000000,0.11960428399490816,1.8940618157592075,0.15705929185724177,180,0.162691334670227,0.4271356727818889,0.003166206294146545,0.0019441280659311388,41.7816,0.15,5,1,2023-10-01,5825031
1696199400000000,0.046821709348138604,9.720078415487666,0.40776682266332664,180,0.4383108655329364,0.4735155254234552,0.000592240376425246,0.0007366630265975838,27.10112777777778,0.005555555555555556,5,1,2023-10-01,5825031
1696201200000000,0.037510673353072954,13.483598109246687,0.5504382446897198,180,0.5507797323329853,0.3794617564269891,0.00017113512890110094,0.0038114673102739305,37.17498055555556,0.0,5,1,2023-10-01,5825031
1696203000000000,0.03412286168838399,17.46773225045745,0.6180920889380447,168,0.6285707128722293,0.4494589253592982,0.0009122121123755766,0.003262884792617826,39.24518154761905,0.005952380952380952,5,1,2023-10-01,5825031
1698796800000000,0.030029544527256744,5.2729140662719844,0.5440709351289975,168,0.6205161041348306,0.4618429462744822,0.011493210891901584,7.132510200458242e-06,44.925113095238096,0.0,0,0,2023-11-01,9517076
1698798600000000,0.0415221379359126,17.11231646338806,0.6869135561456117,180,0.687254531864932,0.3612753655466564,2.3864969967535288e-05,0.014653708512201269,45.300647222222224,0.005555555555555556,0,0,2023-11-01,9517076
1698800400000000,0.02934627101723492,12.894634401724037,0.598227826905485,180,0.6111817677990241,0.47341408228733706,0.010276267267444128,0.0010235693687117298,55.07644722222222,0.0,0,0,2023-11-01,9517076
1698802200000000,0.024695684527904087,8.134105189290961,0.5693031554458597,180,0.6018420466545441,0.38530707777954853,3.929330280816323e-06,0.0001489149430741188,60.090783333333334,0.0,0,0,2023-11-01,9517076
1698804000000000,0.02681648189104853,16.72050646521191,0.6130994259795002,180,0.6159372581185554,0.4109070742815044,0.001962414954691516,0.030979351707560276,60.286775000000006,0.005555555555555556,0,0,2023-11-01,9517076
1698805800000000,0.021007300725812715,14.476623147970932,0.7177022620181164,180,0.734994631587325,0.38251210257129353,0.004558140657979659,0.0005637906032344153,66.3585,0.0,0,0,2023-11-01,9517076
1698807600000000,0.02744644965342155,7.968286667404232,0.5984141258390689,180,0.6559908878626654,0.19003649849807647,3.1779776809792715e-05,0.01921848957447947,65.740225,0.0,0,0,2023-11-01,9517076
1698809400000000,0.027463185974478502,15.57562647502774,0.7829811644716675,180,0.7983031773007101,0.38113052284672444,0.010500422244964835,2.7342403858710007e-05,49.06016111111111,0.0,0,0,2023-11-01,9517076
1698811200000000,0.02579525901764674,18.68548740813737,0.7525637322103712,180,0.7665922817511098,0.36769050311219065,0.007157264743362868,0.011988908382047136,59.8557,0.0,1,0,2023-11-01,9517076
1698813000000000,0.02767820015351717,16.33462015500794,0.7942240607637989,180,0.7948559877940091,0.4109467162315943,0.0011916773070387299,0.0030814034964560255,53.65494444444444,0.0,1,0,2023-11-01,9517076
1698814800000000,0.030248002137525355,13.256707545206398,0.6893956605992198,180,0.6901521352327836,0.4191588071151279,0.00935635098638432,3.1180382279227814e-05,49.803738888888894,0.005555555555555556,1,0,2023-11-01,9517076
1698816600000000,0.024425236067768225,10.674800358357988,0.5276870101130364,180,0.5443345773681963,0.3453500441917772,7.618069934689498e-05,0.002180363854665135,54.44368055555555,0.0,1,0,2023-11-01,9517076
1698818400000000,0.02427470125446224,17.005931012182977,0.6521944612785132,180,0.6537142158885283,0.28222362251425914,0.0029200112265705958,0.00013830339136344794,60.33183333333333,0.005555555555555556,1,0,2023-11-01,9517076
1698820200000000,0.020032173926489615,17.345770206487227,0.7325004201392835,180,0.738420168140249,0.3213888457990446,0.0022969354928243924,9.600057871650414e-05,76.18621944444445,0.0,1,0,2023-11-01,9517076
1698822000000000,0.021750499035442124,9.436702286313645,0.5731892050846017,180,0.604261156759477,0.5671216874274134,0.00043138049480617724,0.00636741765993698,76.26245555555556,0.0,1,0,2023-11-01,9517076
1698823800000000,0.026135878943671184,18.63781512678344,0.6873667578695046,168,0.6895287671064667,0.5323313059200323,0.015655010169739136,0.000232599965545921,67.27120535714286,0.0,1,0,2023-11-01,9517076
1698825600000000,0.02733482098249431,20.11949505001563,0.7305081786555645,168,0.7461418944990501,0.4394039535801306,0.0006826733939759855,0.03368377108006826,61.309895833333336,0.0,2,0,2023-11-01,9517076
1698827400000000,0.023934059760690365,22.730680987608373,0.8090837813477638,180,0.8091030991945805,0.4393684531816081,0.00034261384576717013,0.0033484274447954654,61.50123888888889,0.005555555555555556,2,0,2023-11-01,9517076
1698829200000000,0.02650584520814362,14.165457179580994,0.744153521942128,180,0.7498372739866986,0.4430284885035417,0.002750659540692202,1.3403194982108957e-05,58.02513611111111,0.0,2,0,2023-11-01,9517076
1698831000000000,0.01965929736254175,9.46654662387273,0.49787732403645235,180,0.5226812690476474,0.49683718261777,0.00011745673785679145,0.021363455853139146,80.72046388888889,0.0,2,0,2023-11-01,9517076
1698832800000000,0.02136171075191412,13.755443973624066,0.7206923729499796,180,0.7317376393941546,0.4504404803507833,0.0011743385970477416,0.00395472242667283,74.95442777777778,0.0,2,0,2023-11-01,9517076
1698834600000000,0.023415922880476482,9.210355060314685,0.5129391470150952,180,0.5631126016518944,0.4935001751402739,2.095906412868942e-07,0.0008620350961231482,50.698375000000006,0.0,2,0,2023-11-01,9517076
1698836400000000,0.02507408438889264,13.284885029310512,0.6489222484604545,180,0.6529846450931023,0.3993795973382426,0.015869529938661975,0.0017300439768720421,53.33566111111111,0.0,2,0,2023-11-01,9517076
1698838200000000,0.018027833833085406,10.277821059256375,0.43394990655972476,180,0.4590264246092327,0.38356159289186387,0.0019146577748618832,0.028343991206636,60.32643611111111,0.0,2,0,2023-11-01,9517076
1698840000000000,0.02000243622644677,9.63837182809474,0.47087284702076004,180,0.4709627283671597,0.25221690092356175,8.763301277747715e-06,0.030557416965687367,55.05860277777778,0.0,3,0,2023-11-01,9517076
1698841800000000,0.031129757559155688,9.536948867418602,0.45490916879882193,180,0.45814027873974994,0.21140898714160816,0.009899317678087383,0.023000044516205742,53.72714166666667,0.0,3,0,2023-11-01,9517076
1698843600000000,0.03206112673286037,3.843360080102522,0.39228770682900327,180,0.5139320508831111,0.4044266473161048,0.00653451069473221,0.007997847711600059,43.523447222222224,0.016666666666666666,3,0,2023-11-01,9517076
1698845400000000,0.04148611014153179,11.55219749423397,0.3383643227054626,180,0.3386807693595838,0.3891060782518371,0.037890047701021445,0.0014166338475275486,34.74795277777778,0.05555555555555555,3,0,2023-11-01,9517076
1698847200000000,0.02831871783691667,15.432608767928427,0.5358763965667838,180,0.5431460744905965,0.31420007738685396,0.003057822227559681,0.00017576528049423334,47.009366666666665,0.005555555555555556,3,0,2023-11-01,9517076
1698849000000000,0.040315044285956836,6.655318540234771,0.29424446080580235,180,0.3076442896132321,0.4365730735960971,0.004986662090626814,0.004125766410837839,40.53126944444444,0.011111111111111112,3,0,2023-11-01,9517076
1698850800000000,0.026630451467801672,13.411786308523451,0.5293492222955233,180,0.5546116273522448,0.25531560064359515,0.008154305031854547,0.0028491962153915917,44.75714722222222,0.011111111111111112,3,0,2023-11-01,9517076
1698852600000000,0.024226213277201876,20.006822370593234,0.672679586690285,168,0.7062630865515634,0.3485968452936873,0.005529189551212954,0.0010831759316717315,57.01702678571429,0.0,3,0,2023-11-01,9517076
1698854400000000,0.01849903142368802,11.193133374221103,0.5106259397637227,168,0.5263062160786434,0.1344711800348649,0.009787860023703576,0.0005591817358243656,72.6381607142857,0.0,4,0,2023-11-01,9517076
1698856200000000,0.02293440863185291,11.18043491214757,0.513093926522548,180,0.5190859648354704,0.3585865767319104,0.00843636729835684,0.007276405625213145,54.97217222222222,0.005555555555555556,4,0,2023-11-01,9517076
1698858000000000,0.02139987310265275,14.477732291545133,0.689129239989251,180,0.6942887803880503,0.454341975270364,0.0015780255192804349,0.016249740783464084,63.06286111111111,0.0,4,0,2023-11-01,9517076
1698859800000000,0.030650144820901167,11.569320005064593,0.47463428383667694,180,0.499634164547366,0.4039857674861813,0.0023877386611598217,0.006917593865406579,50.14658888888889,0.011111111111111112,4,0,2023-11-01,9517076
1698861600000000,0.040889102441226795,8.576677326222624,0.5533200518041104,180,0.5856210025861723,0.4202617859061246,0.004899490976051912,0.021599039319692648,49.35771388888888,0.005555555555555556,4,0,2023-11-01,9517076
1698863400000000,0.05301056887958218,9.664325388852914,0.41155227183970344,180,0.412743671547379,0.3465245047713421,0.000797874677498922,0.007651532279651763,35.31943888888889,0.016666666666666666,4,0,2023-11-01,9517076
1698865200000000,0.04803727804713889,9.419675110687598,0.38356452897694704,180,0.38807263948171455,0.5023975115157507,0.00013927572144523115,0.008729106974799894,40.28382222222222,0.005555555555555556,4,0,2023-11-01,9517076
1698867000000000,0.06632991887634432,10.450537842668611,0.4672128912945015,180,0.47486662954527803,0.5194173201511243,0.0001328766415151783,0.00011141577051709817,32.408791666666666,0.022222222222222223,4,0,2023-11-01,9517076
1698868800000000,0.04514911966468842,13.005473337300808,0.4824214925356435,180,0.4891961978727192,0.3205063624899024,0.00033923850595241056,0.005911663230066866,36.409413888888885,0.005555555555555556,5,0,2023-11-01,9517076
1698870600000000,0.044993518530917764,9.442004838668577,0.5029829282840483,180,0.5117017542061058,0.210128201274133,0.00043703717810328335,3.5726776428379736e-05,37.84748888888889,0.03333333333333333,5,0,2023-11-01,9517076
1698872400000000,0.0657192920851369,13.390848803972666,0.548399703795351,180,0.5591889552868677,0.4159434790775519,0.005056830427371706,0.0014654369240751919,28.104872222222223,0.03333333333333333,5,0,2023-11-01,9517076
1698874200000000,0.045363460579104384,12.506221031069535,0.5169164835065698,180,0.5173516907009204,0.4005339763619027,1.6459237026644757e-06,0.00021053891277844627,55.18022222222223,0.0,5,0,2023-11-01,9517076
1698876000000000,0.04540224765355447,17.212556500907535,0.6661352417642461,180,0.6777469190708081,0.37372152444417084,9.068794549760284e-07,0.00035063704149662644,41.31593611111111,0.011111111111111112,5,0,2023-11-01,9517076
1698877800000000,0.036722664213864525,14.813475130177569,0.6267131155562267,180,0.6352273282687291,0.30614642595341546,0.000604773569126249,0.014149385738021159,48.357797222222224,0.005555555555555556,5,0,2023-11-01,9517076
1698879600000000,0.03777545262619331,20.314492713603684,0.7758311637461337,180,0.7847910201926754,0.4792439615889724,0.00018112881437548634,1.8965873988086024e-05,46.014988888888894,0.011111111111111112,5,0,2023-11-01,9517076
1698881400000000,0.03283591199269144,19.798244944768772,0.7541775743245838,168,0.7579986969034322,0.4094395402802887,9.741131134022307e-05,8.923605823163427e-07,45.48830654761905,0.0,5,0,2023-11-01,9517076
1701388800000000,0.029873963582671414,10.873244969956797,0.6096506804176001,168,0.6130191133557743,0.4820519594254783,0.0009361496749852316,6.154166171878916e-05,48.492449404761906,0.0,0,0,2023-12-01,12010090
1701390600000000,0.031422569204292386,16.094128455922686,0.7430796690813843,180,0.743797756785948,0.4707947131477591,0.0012373182291607332,0.0009825338372169146,50.60494166666666,0.0,0,0,2023-12-01,12010090
1701392400000000,0.03555685311381454,10.643821670663085,0.43165277653153755,180,0.43534777548749337,0.5434954363572211,0.0037845156649447542,0.01896382422569487,45.12920277777778,0.0,0,0,2023-12-01,12010090
1701394200000000,0.05579928514211008,9.944564122380887,0.6213379134127694,180,0.6222473194804747,0.47628011193530895,0.008497147552366746,0.023305639190613125,40.59105,0.0,0,0,2023-12-01,12010090
1701396000000000,0.03831460760214916,14.129491704729098,0.6033937101203509,180,0.625523695776766,0.5498315577655908,7.44945417876508e-05,0.0001908404275243747,46.26025555555555,0.0,0,0,2023-12-01,12010090
1701397800000000,0.0321488813288432,15.346654962129852,0.6787877078574387,180,0.6906296718061352,0.38662656674013085,2.5197261064202614e-05,0.003090732309618871,51.43432777777778,0.0,0,0,2023-12-01,12010090
1701399600000000,0.032348093291804,12.081739334724448,0.6329319789385901,180,0.6871988360385193,0.5098445862016279,0.0009723384846012095,0.04298165736433612,43.10129444444445,0.0,0,0,2023-12-01,12010090
1701401400000000,0.03259216107193139,18.447156015189773,0.6879237701819171,180,0.7075499069842041,0.5584898225498514,0.0020995912897295854,0.006230996572997527,55.45386944444444,0.0,0,0,2023-12-01,12010090
1701403200000000,0.03623576413857218,11.835212752340823,0.5393096594201019,180,0.5417813632498449,0.26780740471087316,0.004404402588629064,0.006804595942680236,46.341905555555556,0.0,1,0,2023-12-01,12010090
1701405000000000,0.03847606143411132,12.299330974923658,0.7449593343685152,180,0.7487058711489014,0.3407093344775972,0.01865332447002277,0.0060140620941135925,44.86317777777778,0.0,1,0,2023-12-01,12010090
1701406800000000,0.03463716100541979,15.633198926359832,0.7900542011561813,180,0.8063480183097637,0.4771856716304047,0.020090122811892153,0.005464252413194037,51.79046388888889,0.005555555555555556,1,0,2023-12-01,12010090
1701408600000000,0.03355475068324325,18.441253850691353,0.703446224095853,180,0.7112696515957515,0.440629291214211,0.016446544637615967,0.003951222195165749,52.10837222222222,0.005555555555555556,1,0,2023-12-01,12010090
1701410400000000,0.03165668549958957,12.860463082164111,0.7199738342543033,180,0.7205288181685869,0.5495071456755504,8.8661697599135e-05,0.00567146428926979,57.35147222222222,0.0,1,0,2023-12-01,12010090
1701412200000000,0.02947712064221822,17.010347278898507,0.7070019045222855,180,0.7072254698766773,0.4040300537039938,0.0034329018014728208,0.00960883622693276,50.83823888888889,0.0,1,0,2023-12-01,12010090
1701414000000000,0.03503531439236139,11.583503079371832,0.3484919044491427,180,0.3531865652009283,0.4512699815202228,0.0011195600192900335,0.004317625317524665,62.89388333333333,0.0,1,0,2023-12-01,12010090
1701415800000000,0.030963678649002742,11.405161149552104,0.522545163069482,168,0.5639605022781206,0.3044973297301109,0.0006122981628644553,0.0031012815569564367,56.549056547619045,0.0,1,0,2023-12-01,12010090
1701417600000000,0.04123024909763076,16.826398634661608,0.673887380215296,168,0.6741487969627625,0.4596705507573019,0.0026646646211194724,0.003972643391412012,50.67116964285714,0.0,2,0,2023-12-01,12010090
1701419400000000,0.03183122766349462,12.02135274298864,0.6705860270083739,180,0.6788512796358994,0.5486549784939404,0.0007784920247631,1.94932217499888e-05,59.55026388888889,0.0,2,0,2023-12-01,12010090
1701421200000000,0.051146993969608597,11.13826212999248,0.5377621849572733,180,0.5381463109736644,0.5146756365407563,0.004278051812310113,0.06004903867340727,44.37461388888889,0.011111111111111112,2,0,2023-12-01,12010090
1701423000000000,0.039206458586734036,19.951266098166734,0.6509822618578613,180,0.6533442465481574,0.4967847821396483,0.0017008211881206492,0.006418890995819271,44.121636111111115,0.0,2,0,2023-12-01,12010090
1701424800000000,0.0360021690580936,16.672642545481224,0.6800672567402778,180,0.6806149736749346,0.21744604870407247,0.0030466059747562557,0.0021997144682166514,45.13594444444445,0.0,2,0,2023-12-01,12010090
1701426600000000,0.025467103959340688,9.422529769365216,0.5909471217040667,180,0.6613076408846696,0.3957155771571723,0.0025112871963421934,0.0005093141748218066,59.202613888888884,0.0,2,0,2023-12-01,12010090
1701428400000000,0.033607947582095815,11.70614692818625,0.7512372818669742,180,0.756404624469837,0.5096328485522764,0.0008683203196973022,0.00013181719829069571,55.00056111111111,0.0,2,0,2023-12-01,12010090
1701430200000000,0.027076050490198164,19.045356887780365,0.7479109469292526,180,0.7652978114570695,0.43076298408036773,0.0004038451650043573,0.014323472657118086,58.26546111111111,0.0,2,0,2023-12-01,12010090
1701432000000000,0.026628709708900994,9.786267779424659,0.5942304867479851,180,0.6048702527909985,0.5138102319733322,0.026563761807350428,0.007161912839169449,65.28788055555555,0.0,3,0,2023-12-01,12010090
1701433800000000,0.03403065849756328,22.406209013545254,0.7856930175204784,180,0.78671094762716,0.38687806700290317,0.004106332925605249,0.0024785678115366583,53.874094444444445,0.0,3,0,2023-12-01,12010090
1701435600000000,0.029578804444929156,23.421102666419365,0.8144760430845878,180,0.8179020477955525,0.4504074293489898,0.006305580346731787,0.006900885840973925,54.413288888888886,0.0,3,0,2023-12-01,12010090
1701437400000000,0.024789830587779744,5.583833119127439,0.4057611100401004,180,0.483064766850685,0.2685146349228237,0.0002863941247621682,0.01583276825482416,73.60393888888889,0.0,3,0,2023-12-01,12010090
1701439200000000,0.029583071801830993,12.737688279367593,0.6611251537590416,180,0.6740925959126134,0.4665693176359651,0.0013500070830150257,0.00019080378673874687,46.33401666666666,0.0,3,0,2023-12-01,12010090
1701441000000000,0.039187492344466,14.147496074248815,0.660354984517642,180,0.6674576887610896,0.4212409043790931,0.0017220373972175462,1.161234815749701e-06,45.37144166666666,0.005555555555555556,3,0,2023-12-01,12010090
1701442800000000,0.03475276002871171,17.12735120569599,0.6802756050365719,180,0.6848111887028927,0.4212670304499875,0.001255934031007544,0.0011255168616657318,45.87661111111112,0.0,3,0,2023-12-01,12010090
1701444600000000,0.03258868450978699,15.441107890946364,0.6843770763233606,168,0.6857603447977688,0.4615707245924666,0.0005684375599787073,0.00953585022914083,44.5231875,0.0,3,0,2023-12-01,12010090
1701446400000000,0.0370789990173988,13.508048857809511,0.5472115548535237,168,0.5673328032480023,0.38265913786560635,0.01339718970017545,0.025355549172723757,45.10483630952381,0.0,4,0,2023-12-01,12010090
1701448200000000,0.04741958035040131,10.460216271038378,0.4870395941238246,180,0.48945478984945057,0.4072777569069058,0.0008446104334169924,0.0002382733309734819,58.20011388888889,0.0,4,0,2023-12-01,12010090
1701450000000000,0.045157392859859743,18.489177672182095,0.6782724919779315,180,0.6844315685394724,0.4237471858949866,6.151412859178862e-05,0.0037270653615470994,42.652725,0.005555555555555556,4,0,2023-12-01,12010090
1701451800000000,0.0309294890130433,18.831621867201537,0.6188622918105346,180,0.6235608674355686,0.3351370161936369,0.023687768974323675,0.00914430696955748,45.820483333333335,0.0,4,0,2023-12-01,12010090
1701453600000000,0.036489260251589106,16.15771891794705,0.7376238365806953,180,0.743095739643593,0.5470182943065629,8.350642399679309e-06,0.008776319205934802,50.46381944444444,0.0,4,0,2023-12-01,12010090
1701455400000000,0.03648942407324097,14.989159637482595,0.7259082315006353,180,0.7369454752744802,0.514892762793917,0.0036093903297628183,0.009583281678959832,48.06726111111111,0.0,4,0,2023-12-01,12010090
1701457200000000,0.02975560605186302,6.587863722598095,0.5399787551528004,180,0.5704291655411535,0.5062824183937082,0.004125723085484423,0.005076523975051983,56.3362,0.0,4,0,2023-12-01,12010090
1701459000000000,0.0322759247622401,17.39879159987706,0.7515370726475168,180,0.7516884148190068,0.40592500701940404,0.006454701127563189,0.0010329464978177105,63.342438888888886,0.0,4,0,2023-12-01,12010090
1701460800000000,0.031607427980064204,13.433929895721446,0.8028510752354514,180,0.8096361568280769,0.6263668297915113,0.0152568871708878,0.01083448884200644,58.130272222222224,0.005555555555555556,5,0,2023-12-01,12010090
1701462600000000,0.02589782842633289,19.071034806803684,0.6856683107647352,180,0.6959528147765187,0.4811681117303144,0.00010061545475337219,0.0034012784011993036,61.37869166666667,0.0,5,0,2023-12-01,12010090
1701464400000000,0.027731052277754603,18.72027689461816,0.8041027022508991,180,0.808287973029729,0.49800149946629246,0.004500014775817407,0.012489224451846526,55.09027222222222,0.0,5,0,2023-12-01,12010090
1701466200000000,0.025426777227399618,14.155657280571155,0.6653709922161574,180,0.680364416962049,0.41404295156378923,2.2486729964188434e-05,0.0008218873559268092,60.88397777777778,0.0,5,0,2023-12-01,12010090
1701468000000000,0.026042212330817167,15.84199838130273,0.7435104443749314,180,0.7566089847465276,0.5750844333207255,0.0038835584235495935,0.002581290373245504,63.06545555555555,0.0,5,0,2023-12-01,12010090
1701469800000000,0.02098841901455245,6.6342826607229455,0.5415928075035357,180,0.5805204608367213,0.6976081661036531,0.0042140795049626645,0.01032552162658662,118.86725555555556,0.0,5,0,2023-12-01,12010090
1701471600000000,0.023959696840193202,17.685265437005157,0.7216000007256906,180,0.7282819475185717,0.547858166831773,0.00052268471997996,0.0024126702377543774,69.01943055555556,0.0,5,0,2023-12-01,12010090
1701473400000000,0.023058120567275613,6.945339369675181,0.6532363708520056,168,0.6541622350687348,0.6739732475022926,2.2995900547106984e-06,8.457821009288935e-05,66.48892261904761,0.0,5,0,2023-12-01,12010090
1704067200000000,0.049708252286748945,18.444576826912122,0.7063319427955564,168,0.7066431317891168,0.43675065157677595,0.0003419277360771078,0.004709931939607892,38.62025297619048,0.0,0,0,2024-01-01,7376016
1704069000000000,0.049992515011380176,12.330918771196885,0.6226932818338169,180,0.6241871581476555,0.31687192068244285,0.0017629654792026273,0.000148652848873998,48.656847222222225,0.0,0,0,2024-01-01,7376016
1704070800000000,0.042698298768440925,13.48563312084403,0.7476168555725407,180,0.759803572221829,0.44927939789984284,0.0006539245478383027,1.4909992292255758e-05,59.721275,0.0,0,0,2024-01-01,7376016
1704072600000000,0.051872896813592556,13.491059230311794,0.6237661785687858,180,0.6513570234566085,0.5589499683381918,0.01661705803481317,0.015040496033563944,37.84901111111111,0.0,0,0,2024-01-01,7376016
1704074400000000,0.03899859366196444,11.955345259922055,0.5884206753568839,180,0.5930149438112171,0.530036827858231,0.011316147663235743,0.008165944984838913,45.397669444444446,0.0,0,0,2024-01-01,7376016
1704076200000000,0.041251583740952204,9.40286963024629,0.6164298705158047,180,0.660107830787514,0.6374871420881953,0.001672260216429744,0.0018139000705031938,42.276922222222225,0.0,0,0,2024-01-01,7376016
1704078000000000,0.045118528129404305,14.941468000498784,0.6514426299939209,180,0.6787104625092651,0.4102671475412548,0.00022924912774924255,0.000811873948274866,39.579325000000004,0.0,0,0,2024-01-01,7376016
1704079800000000,0.05327106192016615,21.757536807830128,0.772761037713214,180,0.7788232370888474,0.3583825062528059,0.002509127232870778,0.000942722130335305,43.31395277777778,0.0,0,0,2024-01-01,7376016
1704081600000000,0.051406286879442896,17.171029721627228,0.7296726054331364,180,0.7376274979337232,0.3288821829842703,0.009812086765960126,0.008386314806564377,50.93285277777778,0.0,1,0,2024-01-01,7376016
1704083400000000,0.04868815151268943,18.19502912844413,0.7443836937063101,180,0.7599903287536774,0.19778501511865088,0.019315666718329405,0.01000729999455996,45.14267222222222,0.0,1,0,2024-01-01,7376016
1704085200000000,0.04697859350476838,11.986376381442266,0.5140801888528113,180,0.5236550977704227,0.4984180858457068,0.0004161154091990582,0.04434107310416169,44.479372222222224,0.0,1,0,2024-01-01,7376016
1704087000000000,0.043769324922619104,16.78134265569531,0.7549289641980768,180,0.7690415825357544,0.3999314571816417,0.00013842086014470567,0.001412259362603474,41.87513611111111,0.0,1,0,2024-01-01,7376016
1704088800000000,0.04972737742767,15.311326490650522,0.6434363119151185,180,0.6479247497880738,0.5739882834302952,0.002821859535854343,0.011300859736495195,39.19541111111111,0.0,1,0,2024-01-01,7376016
1704090600000000,0.03959469913638462,13.77588460847478,0.6532463253085636,180,0.681975682015476,0.2189303131113468,0.0029553476982844273,8.907039579220122e-05,42.22031666666667,0.0,1,0,2024-01-01,7376016
1704092400000000,0.03944162530227491,14.14450264050677,0.631658687966639,180,0.6360529567549292,0.5506870891702094,0.00024297500507175496,0.00986516273883864,39.68840277777778,0.0,1,0,2024-01-01,7376016
1704094200000000,0.039106136273169445,15.707527587475582,0.638882496149008,168,0.6402489135299233,0.4483954082239382,0.005946396058831627,0.0034320756030806754,52.714794642857136,0.0,1,0,2024-01-01,7376016
1704096000000000,0.046196392319846874,10.548864073539717,0.6505897933202789,168,0.6605945356330813,0.6110866721239945,0.022313851553046438,0.003393014524849969,42.36611607142857,0.0,2,0,2024-01-01,7376016
1704097800000000,0.03567218880269465,10.820297521125754,0.6174716790474795,180,0.6492766364567182,0.490906258835453,0.030585227656131586,0.0013022464197266492,42.29340555555556,0.0,2,0,2024-01-01,7376016
1704099600000000,0.045584943239973794,15.434245278831337,0.5742968812391305,180,0.5790791649804239,0.4472725817834958,0.006201727584020267,0.0023845322504191246,36.879466666666666,0.0,2,0,2024-01-01,7376016
1704101400000000,0.04167285182373345,12.854550959546696,0.5392807487846015,180,0.5398780678207207,0.4247195069135885,2.3336160992482036e-07,0.008928690657190486,42.482075,0.0,2,0,2024-01-01,7376016
1704103200000000,0.05070574828732413,17.81905152792193,0.7538108998008312,180,0.762720715370356,0.5004752681831632,0.002331204237682738,0.0018633394328915198,39.518625,0.0,2,0,2024-01-01,7376016
1704105000000000,0.03847795484371541,14.233123410030823,0.6960837363230507,180,0.7315489426557944,0.44378777996152474,0.004583691449048688,0.007797401467236953,45.317547222222224,0.0,2,0,2024-01-01,7376016
1704106800000000,0.03474748876768978,7.897361530854509,0.6559775934956851,180,0.704155452419098,0.29914976808556903,0.00904854416751899,0.0018884571434684139,43.991194444444446,0.0,2,0,2024-01-01,7376016
1704108600000000,0.04024403483089772,12.553310024163943,0.7139495774289624,180,0.7348952584314954,0.6028424682739115,0.020926041983464483,0.00578315338689761,51.67175555555555,0.0,2,0,2024-01-01,7376016
1704110400000000,0.045789875598662697,20.81928349076541,0.726169855290338,180,0.731198540845444,0.39634612334162234,0.0054332471088326395,1.1065546340560672e-05,44.65282222222222,0.0,3,0,2024-01-01,7376016
1704112200000000,0.04231814234854679,20.02624471691015,0.7313710013976877,180,0.7316238166716744,0.44635105084048554,0.003286018354803466,0.003513640347991176,43.18971666666667,0.0,3,0,2024-01-01,7376016
1704114000000000,0.04039195438833723,17.0732594796556,0.741020811697553,180,0.7509799288638408,0.4399199757125072,0.001677103397276336,0.0036937821283492545,50.97115555555556,0.0,3,0,2024-01-01,7376016
1704115800000000,0.04510534471857622,21.070358029991198,0.7785187337524725,180,0.7893518068558184,0.41512828608421004,0.008036042254134346,0.00016082725018984334,45.36573611111111,0.0,3,0,2024-01-01,7376016
1704117600000000,0.044459416709038906,8.982771140263484,0.589912880534188,180,0.6018938164766768,0.4884988022272623,0.0037903971533480574,0.052369870777381866,39.42401111111111,0.0,3,0,2024-01-01,7376016
1704119400000000,0.044667980656660375,16.79192147079918,0.7074228750286975,180,0.7241864541098926,0.2760931920887264,0.009945580794487374,0.0013365277047956425,40.36347777777778,0.0,3,0,2024-01-01,7376016
1704121200000000,0.03903880912593056,14.20717098046928,0.707492504469992,180,0.7103947788840175,0.35590463621817736,2.0868051331390802e-06,0.005815028253097432,41.28299444444445,0.0,3,0,2024-01-01,7376016
1704123000000000,0.05592794012616416,17.894369906629297,0.643767543097534,168,0.6504894422709604,0.4615764275525386,0.0008246367726055803,0.00333911171825374,36.302633928571424,0.0,3,0,2024-01-01,7376016
1704124800000000,0.046371125213724954,14.923940131221672,0.6850481515762943,168,0.7197951591378593,0.2982203996464554,0.00902245333084084,0.004579753088229888,37.15620833333334,0.0,4,0,2024-01-01,7376016
1704126600000000,0.012414310371842634,2.0932000327694142,0.20378817834830043,180,0.7038823006477917,0.3023605219904565,0.01668019032928425,0.014193145493206605,44.06521111111111,0.0,4,0,2024-01-01,7376016
1704128400000000,0.01622100967254946,2.134195117921317,0.22719581375197107,180,0.7082292129689347,0.2617419276971048,0.0019443658840321287,0.007267314691677962,40.40996388888889,0.0,4,0,2024-01-01,7376016
1704130200000000,0.046582224961548006,11.523173488651327,0.6485195438516975,180,0.6654758682445054,0.40308676442947333,0.0023928159551730444,5.12379956492115e-05,43.07605833333333,0.0,4,0,2024-01-01,7376016
1704132000000000,0.048314343808434704,5.914874526017586,0.5779550444509738,180,0.6633657806170103,0.373487180243146,0.00060536126617039,0.00011294058318322975,33.52919722222222,0.0,4,0,2024-01-01,7376016
1704133800000000,0.034811607595668384,4.601538633816592,0.5962171057127401,180,0.7867161820266642,0.5095885184015942,0.004500588030379893,0.015333024175934407,42.87482777777778,0.0,4,0,2024-01-01,7376016
1704135600000000,0.042443797213532225,18.120644225791803,0.7093390331125086,180,0.7211440663210705,0.41475240049400164,0.00016990333339339525,0.0009536718454032922,45.381325,0.0,4,0,2024-01-01,7376016
1704137400000000,0.043798109456518464,19.278538536629952,0.6369470508833195,180,0.6410727480193275,0.357638676324058,0.0017448759479669063,3.2657755588694215e-07,46.639624999999995,0.0,4,0,2024-01-01,7376016
1704139200000000,0.059153364650982906,18.515840333770072,0.6416049248830835,180,0.64537232532726,0.4423675471853057,0.00618860866191373,0.00013432969075544143,33.77395277777778,0.0,5,0,2024-01-01,7376016
1704141000000000,0.04890176435072326,15.891222075694927,0.7228798004084196,180,0.7416222355995405,0.45393509598262016,0.0073236152419621225,0.008176070842979333,40.29805555555556,0.005555555555555556,5,0,2024-01-01,7376016
1704142800000000,0.042690762911617317,11.180301098989917,0.5934850885139492,180,0.6167149849182025,0.49394631356191643,0.0058103878756680105,0.004886523194222336,43.308955555555556,0.0,5,0,2024-01-01,7376016
1704144600000000,0.04254007342226647,15.884389011449572,0.6060454645163942,180,0.6473703860993578,0.476208136835656,2.5701757046192597e-05,0.0033401172914685473,43.53169166666667,0.0,5,0,2024-01-01,7376016
1704146400000000,0.051640744365662024,9.273532993142812,0.6167935929350539,180,0.6197966613450426,0.5072660292212856,0.00042478965629655363,0.010527219140499255,46.90530277777778,0.0,5,0,2024-01-01,7376016
1704148200000000,0.04013845022635319,14.013909530170714,0.5707960531405616,180,0.5809668810494943,0.6315798132991306,0.002327186370328027,0.004897588632490901,40.57833888888889,0.0,5,0,2024-01-01,7376016
1704150000000000,0.04067872696010014,15.508379703406437,0.5501999360149907,180,0.5586157418464184,0.30657898451230947,0.0010343666994290235,0.00878331277325961,46.55130833333334,0.0,5,0,2024-01-01,7376016
1704151800000000,0.03857723598630086,10.06714019583006,0.6237191193977722,168,0.674794411333758,0.40794782394676143,0.0024149702112995497,0.00045425851813096774,42.13171130952381,0.0,5,0,2024-01-01,7376016
1706745600000000,0.04075187976310164,16.433961254411567,0.67854913664729,168,0.680324458528439,0.3976382202860371,1.4890894441621505e-05,0.005836710864873695,61.43413392857143,0.005952380952380952,0,0,2024-02-01,24694551
1706747400000000,0.03727365953623149,18.809476359362726,0.7192351156320534,180,0.7358988436548061,0.3060387082294507,0.008577112771537498,0.00012982703182573552,60.151427777777776,0.0,0,0,2024-02-01,24694551
1706749200000000,0.05565517533212362,5.376513809092664,0.3995506212456721,180,0.4172545650742281,0.517843381225227,0.0002954084306198146,0.01693255309181385,45.88360277777778,0.011111111111111112,0,0,2024-02-01,24694551
1706751000000000,0.051465806296542266,17.29497253796302,0.6722926517351687,180,0.6818864556642156,0.27217472721867464,0.00015494680886685153,0.004073967897357145,36.42149166666666,0.005555555555555556,0,0,2024-02-01,24694551
1706752800000000,0.04028479689273751,12.016833416617738,0.6463002649424403,180,0.6769285337081562,0.3676281380480867,0.007032889786332319,0.00012886111019860813,48.21287222222222,0.0,0,0,2024-02-01,24694551
1706754600000000,0.040565435534529494,16.019334627081697,0.6783959962025896,180,0.6837112353575266,0.34076648758418315,0.021441816099529998,2.604152589713582e-05,48.20078055555555,0.0,0,0,2024-02-01,24694551
1706756400000000,0.02881119035826127,13.05757291082302,0.6052350923354392,180,0.6585420423081761,0.1851800244477404,0.03004993259970845,0.0018125781977396116,53.45354166666667,0.0,0,0,2024-02-01,24694551
1706758200000000,0.03458270430789912,14.572963430395554,0.7796702987255294,180,0.793289001440237,0.3993296299063802,0.0006297172974764065,0.0006071715644775377,48.304208333333335,0.0,0,0,2024-02-01,24694551
1706760000000000,0.03391473114555202,15.793053463462037,0.7822335466728605,180,0.798552012757934,0.1796729606269205,0.003073565057504002,0.0027879224742042297,55.92224722222222,0.0,1,0,2024-02-01,24694551
1706761800000000,0.056586935442226156,4.183336904054826,0.5360466048637513,180,0.5643850406689035,0.5789246289412915,0.0009900572361288829,0.019472835143279466,49.99536388888888,0.0,1,0,2024-02-01,24694551
1706763600000000,0.03821011125680897,9.630664405921713,0.631630693605675,180,0.6361853417007324,0.2817364677301698,6.579765199610232e-05,0.0016593764041836767,45.37415,0.0,1,0,2024-02-01,24694551
1706765400000000,0.03175738933593986,13.890526621288595,0.7720246759164735,180,0.7866748863021322,0.20456689753446944,0.0016086528177602366,0.0029940257383016533,42.320194444444446,0.0,1,0,2024-02-01,24694551
1706767200000000,0.03469024454777498,10.931802606591022,0.6040669448539164,180,0.6426896919847747,0.5277846406362318,0.004652302679960418,0.009302358582747083,61.301494444444444,0.0,1,0,2024-02-01,24694551
1706769000000000,0.03386790732511888,16.014086258299788,0.7581219433399412,180,0.7911668692784901,0.23801647788238733,0.008090305530434105,0.016232846230827214,43.13536388888889,0.005555555555555556,1,0,2024-02-01,24694551
1706770800000000,0.03563109974970399,16.719991300651923,0.7065524866080286,180,0.7095071777806454,0.33486272161327824,0.012615318147474075,0.006330024523276689,44.26493333333333,0.0,1,0,2024-02-01,24694551
1706772600000000,0.030193812230049535,16.146720649037018,0.6465423605941782,168,0.6489761542762892,0.3936810099714544,0.005594565657356498,0.0036451255203779898,57.267065476190474,0.0,1,0,2024-02-01,24694551
1706774400000000,0.034354490242015125,14.4696707623679,0.747703490193449,168,0.7636325462645897,0.46909314623955267,0.0011944681369413512,0.0087155043875774,69.60692261904762,0.0,2,0,2024-02-01,24694551
1706776200000000,0.021842844814209023,6.894634286676476,0.7148263168494879,180,0.7949588596652655,0.1511716342963958,0.0003336625865266729,0.000692922558902076,168.0059361111111,0.0,2,0,2024-02-01,24694551
1706778000000000,0.02817066064640084,15.545115131917015,0.7343252688566531,180,0.7473146434850146,0.13279839840324215,0.0005328240580151355,0.0007459611253494147,57.52446944444445,0.0,2,0,2024-02-01,24694551
1706779800000000,0.035781714003837374,17.62960641771589,0.7364599107181106,180,0.7368666827163668,0.3371629351541696,0.00043038121866822987,0.002208710728948571,55.82077222222222,0.0,2,0,2024-02-01,24694551
1706781600000000,0.03581000668112374,14.959095583384057,0.6530455777991973,180,0.6559033001019736,0.4079230825872069,0.017390657523047137,0.006307714842688439,53.21768055555556,0.0,2,0,2024-02-01,24694551
1706783400000000,0.03861822797452437,11.202524839678084,0.6763056858398495,180,0.6872428497139045,0.516001564494071,0.0037497296107821265,0.010399674523483116,52.82678333333333,0.0,2,0,2024-02-01,24694551
1706785200000000,0.03193843151422919,16.7969702430693,0.7902124725594626,180,0.79163232770263,0.20556424093853576,0.005735927943752106,0.0053804401376208455,52.406972222222215,0.0,2,0,2024-02-01,24694551
1706787000000000,0.0329878267664777,15.481759749200418,0.6735669001498816,180,0.6903507291932636,0.2621213760473792,0.00019240741043169418,0.002654689557147094,46.473349999999996,0.0,2,0,2024-02-01,24694551
1706788800000000,0.03904474007502268,12.01815023690314,0.6103011733678665,180,0.6226761806677616,0.33421817707538815,0.008882371699723723,0.01695005017777551,46.474938888888886,0.011111111111111112,3,0,2024-02-01,24694551
1706790600000000,0.03502841505580447,15.255634110612165,0.6925190265755804,180,0.705821032968075,0.24241470929869458,0.0038685144518196823,0.004018234801750675,46.28203055555555,0.0,3,0,2024-02-01,24694551
1706792400000000,0.035836277169426355,9.211049554467962,0.5922369855518209,180,0.5926777105883894,0.43462858075760924,8.386305230756452e-05,0.005862019263563112,41.70943333333334,0.0,3,0,2024-02-01,24694551
1706794200000000,0.03653827230593819,8.263485359518366,0.6403094920868582,180,0.6615540204650933,0.4412534712868995,0.0006917390666013601,0.0038318863621396027,45.73462777777778,0.0,3,0,2024-02-01,24694551
1706796000000000,0.03295869615190668,12.893590885243254,0.47915811943886866,180,0.48858644579930877,0.40689870424877495,0.018124843595280327,0.05169898239869164,52.15574722222222,0.005555555555555556,3,0,2024-02-01,24694551
1706797800000000,0.04689897020533461,7.433685272755866,0.22871001718003714,180,0.22889927201440952,0.6320268703870808,0.0067198869966700325,0.026835374820128988,43.55189722222222,0.011111111111111112,3,0,2024-02-01,24694551
1706799600000000,0.055368255765685395,12.262727306480237,0.6452608877187043,180,0.6677767170384065,0.41637471923788794,0.0018584949174458298,0.0027518263038872615,34.621658333333336,0.005555555555555556,3,0,2024-02-01,24694551
1706801400000000,0.04307496453090973,14.839729118901237,0.7026947396916918,168,0.7046632305360526,0.15682426281904482,0.0338265701853695,0.022915011502853688,40.86682142857143,0.0,3,0,2024-02-01,24694551
1706803200000000,0.042096973151427124,12.80165656373622,0.6753955921205791,168,0.6883181947026489,0.23916158368396634,0.008578634447475975,0.00438687222219869,38.75797023809524,0.005952380952380952,4,0,2024-02-01,24694551
1706805000000000,0.041883503093269936,10.200390138683456,0.39549535257594315,180,0.3958200915713762,0.44011734033015537,0.010215740457548694,0.0009089211138264552,58.58575,0.005555555555555556,4,0,2024-02-01,24694551
1706806800000000,0.041306592223657485,16.468438947757953,0.7135227894937729,180,0.7298896915979971,0.25328764269153625,0.00024265664696998535,0.003543390149763348,46.90700277777778,0.0,4,0,2024-02-01,24694551
1706808600000000,0.037099405909304176,6.3524490696331055,0.6361588780249264,180,0.7201547486404448,0.36031521941636335,0.013532723474760311,0.004051486329821885,38.119125000000004,0.0,4,0,2024-02-01,24694551
1706810400000000,0.04694011512077482,16.880199328355058,0.7170991846376503,180,0.7178541697055143,0.32916533433751105,4.340435028160616e-05,0.00010569672592697366,47.63724166666667,0.0,4,0,2024-02-01,24694551
1706812200000000,0.03908464862279509,20.262771285125712,0.7466870590644854,180,0.7488392445307773,0.23588091353514562,0.0044124198979851315,0.003020764843219559,45.486755555555554,0.005555555555555556,4,0,2024-02-01,24694551
1706814000000000,0.034967197761882,20.65248229127132,0.7755601650523984,180,0.7974648602085769,0.15090685713010366,0.0025307294171870165,0.007582467697743844,48.01383055555555,0.0,4,0,2024-02-01,24694551
1706815800000000,0.04717513072336538,17.63209512666044,0.8206118278113076,180,0.8207299969866552,0.2527692539801917,0.0017719663541170272,0.0048434841378989235,39.796258333333334,0.005555555555555556,4,0,2024-02-01,24694551
1706817600000000,0.04268721555579463,22.75166125252853,0.802621478201951,180,0.8113485755529796,0.25965797269163005,0.0051856928182461015,0.01963286531369135,43.174102777777776,0.005555555555555556,5,0,2024-02-01,24694551
1706819400000000,0.04043820340591612,14.289327642452497,0.7083622249476214,180,0.7133560430644594,0.14467251216317234,5.9393116870420926e-05,0.0010808874450436434,41.48877777777778,0.011111111111111112,5,0,2024-02-01,24694551
1706821200000000,0.03788065563096238,18.845316915471624,0.751107260827247,180,0.7655919932543671,0.20986706663279298,0.005680765262554011,0.00017903428409671296,49.16761944444445,0.0,5,0,2024-02-01,24694551
1706823000000000,0.04749580074559916,16.894900805185394,0.8046674218860618,180,0.8231979454152761,0.23555779936858168,0.00319079524879895,0.004033658541214291,37.13560555555556,0.0,5,0,2024-02-01,24694551
1706824800000000,0.035124305248407955,7.763128973730901,0.6803045165054697,180,0.7420423883556133,0.14583988629750821,0.005532504665344828,0.0026743098684489652,45.854,0.0,5,0,2024-02-01,24694551
1706826600000000,0.03928508731333573,13.644755489310027,0.4671284156553558,180,0.4751676342775474,0.5306807780962756,0.07390606845135306,0.0017084763861361374,61.76504166666667,0.0,5,0,2024-02-01,24694551
1706828400000000,0.038741408472127675,19.426745347736922,0.7905665807408125,180,0.7976649917211995,0.18080079116542702,0.0014001075350706937,2.2432854632770116e-06,50.55034722222222,0.0,5,0,2024-02-01,24694551
1706830200000000,0.03642847705137778,18.688248348553795,0.697957716782285,168,0.6980050065083447,0.309409820017142,0.006236790898951572,0.0027220464882441453,57.20910416666667,0.0,5,0,2024-02-01,24694551
1709251200000000,0.07354836319736852,11.231527685078973,0.27410406209332927,168,0.2805823314202549,0.5422789639893717,0.002088242311913846,0.02516668679418077,35.304029761904765,0.0,0,0,2024-03-01,38096171
1709253000000000,0.06668760351485126,10.513243613777282,0.5766836202082366,180,0.5794976946688907,0.48891357551477654,0.028764680861140812,0.000632128357519357,53.88473611111112,0.0,0,0,2024-03-01,38096171
1709254800000000,0.08759978379228422,20.64184273753184,0.746242187390199,180,0.7509888407061275,0.47557798631952164,0.0006037485959273781,0.00538693184897332,30.34750833333333,0.0,0,0,2024-03-01,38096171
1709256600000000,0.08748304540565076,13.404826856763561,0.7392723530421649,180,0.7398156196206336,0.5193489804646926,0.0028135452714662668,8.656154779274061e-05,30.6649,0.0,0,0,2024-03-01,38096171
1709258400000000,0.07769830989074232,12.59474590742683,0.681749491953946,180,0.6911491753634242,0.35119640821381526,0.0064428248555655765,0.011042243165952259,35.129416666666664,0.0,0,0,2024-03-01,38096171
1709260200000000,0.07984659226349386,17.599443391083497,0.7783911729644555,180,0.7945305984022761,0.2860093270333387,0.009947565768649858,0.00027505238140912436,27.323055555555552,0.005555555555555556,0,0,2024-03-01,38096171
1709262000000000,0.08546624250784943,26.31827219510152,0.764300414890234,180,0.7679422097860635,0.399763333691322,0.00039418524581913417,0.0010243163985169668,27.425744444444444,0.005555555555555556,0,0,2024-03-01,38096171
1709263800000000,0.08521706383678511,17.011132027474137,0.7369108512614018,180,0.7393517582827503,0.3930003797504965,0.010822323394052646,0.0021882633716062694,34.424752777777776,0.0,0,0,2024-03-01,38096171
1709265600000000,0.06529924148076259,13.916787993810036,0.5875145179244821,180,0.6074884333182765,0.2682518404502945,0.008453476073451371,0.013991215050969674,28.674075,0.0,1,0,2024-03-01,38096171
1709267400000000,0.08044571249227439,18.762836616076722,0.7476590929102889,180,0.7478859118232405,0.36588841473318867,0.011479434765324315,0.0018092631787440805,29.789480555555556,0.0,1,0,2024-03-01,38096171
1709269200000000,0.08681546512211802,11.947508501540925,0.7426693713228308,180,0.7458692142570036,0.4957217776290047,0.005153461877244636,0.00025853082141991113,31.622094444444443,0.0,1,0,2024-03-01,38096171
1709271000000000,0.07233481127483185,21.91346054308321,0.7630778046749264,180,0.7750676008119953,0.21913880737500335,0.019986698563088656,0.03979972226219719,32.681044444444446,0.0,1,0,2024-03-01,38096171
1709272800000000,0.08945399017628144,20.157565591416247,0.6853247280037038,180,0.6856465973337675,0.5258653633343564,0.004145972300303558,0.015121644902646003,35.65719722222222,0.0,1,0,2024-03-01,38096171
1709274600000000,0.07938954010327587,13.054605079673056,0.7073193845662025,180,0.7118946476877068,0.28588611585429813,0.0003182207965872763,0.001459797937900742,39.166016666666664,0.0,1,0,2024-03-01,38096171
1709276400000000,0.0842125980260729,18.20551221846343,0.706561959343412,180,0.7164777904892459,0.3303203224819462,0.0021695107924376567,0.0021613190715042974,32.79512777777778,0.0,1,0,2024-03-01,38096171
1709278200000000,0.08952001694715696,10.063869461308588,0.6522401215247005,168,0.6781769228877541,0.3488436474233261,0.005584093040004956,8.70071285152818e-05,28.827366071428575,0.0,1,0,2024-03-01,38096171
1709280000000000,0.08512220797686551,7.272382824636227,0.445902924208914,168,0.47065968612504927,0.4478539221217801,0.0014125169804902749,0.02315910433628332,31.154011904761905,0.011904761904761904,2,0,2024-03-01,38096171
1709281800000000,0.12146390727230467,10.074287031743115,0.4125959080736161,180,0.4184042918607017,0.5589776499299244,0.004023264675100946,0.000516031539795514,26.007372222222223,0.011111111111111112,2,0,2024-03-01,38096171
1709283600000000,0.08713595566190621,12.565752365200504,0.6359729889687153,180,0.6557749100024532,0.4411761743207955,0.00837573479499687,0.008501546517909908,31.091541666666668,0.011111111111111112,2,0,2024-03-01,38096171
1709285400000000,0.09510715746203033,15.0173835560742,0.7193569385230514,180,0.723006115370554,0.43009039501647994,2.524958259753074e-05,0.005672526993705018,29.567524999999996,0.0,2,0,2024-03-01,38096171
1709287200000000,0.06790005605291231,12.154867286674843,0.6892520014526764,180,0.7588534853151336,0.1450494276986335,0.0035777764774690413,0.00046994790362597794,45.51176944444445,0.0,2,0,2024-03-01,38096171
1709289000000000,0.08749098996881395,12.798681779055245,0.6199055080941365,180,0.6473673185359607,0.2947842823033038,0.009678699043706218,0.0033331583369127227,27.729813888888888,0.0,2,0,2024-03-01,38096171
1709290800000000,0.09128146504680928,20.569985445661015,0.7893241647530101,180,0.7951346261081416,0.40055818142510147,0.00011896872941763448,0.0072706962256594565,29.44780833333333,0.005555555555555556,2,0,2024-03-01,38096171
1709292600000000,0.09433217042514054,6.446168957300829,0.6098353815704175,180,0.6841443942052499,0.38456130467234195,0.0001220473266577704,0.010780819641293071,25.969497222222223,0.0,2,0,2024-03-01,38096171
1709294400000000,0.08303810012951302,14.793306507294055,0.7035894941185116,180,0.7362153912565954,0.3492512869012643,0.012787982540097165,0.011405919221209593,30.159088888888892,0.0,3,0,2024-03-01,38096171
1709296200000000,0.10032490709497797,15.584191359255753,0.6749902577807325,180,0.6827873737045578,0.24956743448459184,0.00013968019317378566,0.0020404397079097913,31.501055555555553,0.0,3,0,2024-03-01,38096171
1709298000000000,0.10800468183034034,11.451365836970359,0.686396023090641,180,0.6896891953551509,0.4282912966207535,2.1351446811590513e-05,0.0011106968083525182,29.32497222222222,0.005555555555555556,3,0,2024-03-01,38096171
1709299800000000,0.08628444182033256,13.217903371655972,0.652773208053927,180,0.6986892074809219,0.2749065094116242,0.00019891043943032205,0.004073170702524553,26.41381111111111,0.011111111111111112,3,0,2024-03-01,38096171
1709301600000000,0.08478021483797021,11.540214023400914,0.6177689359650855,180,0.6450523156297447,0.49966559237858,0.018163644332686246,0.010682033651789435,40.13194444444444,0.0,3,0,2024-03-01,38096171
1709303400000000,0.23352950680205717,8.107194964616731,0.6952681945922521,180,0.6962781493328059,0.5815806193396724,0.0003535557321979743,0.0006870346312323194,18.72181666666667,0.027777777777777776,3,0,2024-03-01,38096171
1709305200000000,0.1568313348745875,17.140864662336686,0.689504192252364,180,0.6984249795073638,0.33877010623633863,0.00012054061687405415,0.004469671577427392,22.318280555555557,0.0,3,0,2024-03-01,38096171
1709307000000000,0.1303903540915566,13.42853321049916,0.6386518698783885,168,0.6436713061045001,0.23963313863529434,0.004406942961936111,0.0069136882066507255,23.93488392857143,0.0,3,0,2024-03-01,38096171
1709308800000000,0.12096455343904086,15.492565773678018,0.6583878300867956,168,0.6704196390833305,0.5299388342539642,0.0021127344858526964,0.002198331926064334,24.400886904761904,0.005952380952380952,4,0,2024-03-01,38096171
1709310600000000,0.08577207699158196,7.517680100961065,0.672271475818331,180,0.7659611999838614,0.1457606096784313,0.008083471904539508,0.0021300016486756057,41.12629166666667,0.0,4,0,2024-03-01,38096171
1709312400000000,0.09246785775300426,7.132066380474499,0.4556150489104983,180,0.48455341663925866,0.5564512567230164,0.008302088862811918,0.005656402229270663,48.635675,0.0,4,0,2024-03-01,38096171
1709314200000000,0.0888754193544973,14.271597843553472,0.6397534616580356,180,0.6423511302702036,0.4676234496422228,0.00047786724875942266,0.002984131908737475,32.08200555555556,0.005555555555555556,4,0,2024-03-01,38096171
1709316000000000,0.08086358156120924,16.593140913832112,0.7142217957282423,180,0.733959121320684,0.27752425273091486,0.014798643132214906,0.003307033125019898,30.700075000000002,0.0,4,0,2024-03-01,38096171
1709317800000000,0.09524821990001547,19.52700439224586,0.708707280132121,180,0.7235358481750165,0.25999352283312493,0.002949134111410734,0.011908984495666575,31.782969444444447,0.0,4,0,2024-03-01,38096171
1709319600000000,0.08421490707517854,15.45401002542898,0.6426497663396827,180,0.6476620634251635,0.3449959036518143,0.0037716405274498266,0.003289643956331356,34.20228888888889,0.0,4,0,2024-03-01,38096171
1709321400000000,0.07734496791752975,14.828475001101918,0.7745466002787988,180,0.8002834481155151,0.380420828280035,0.0010095987678195861,0.005965697576795215,33.25916388888889,0.0,4,0,2024-03-01,38096171
1709323200000000,0.0815821476731968,14.558145908843542,0.7488676645220911,180,0.7636622214927453,0.31992699614542797,0.01987606715076118,0.016401314706334214,35.698861111111114,0.005555555555555556,5,0,2024-03-01,38096171
1709325000000000,0.08596365947019305,10.024119834075034,0.6246234581744452,180,0.6487130105426437,0.4016765795911186,0.013593374265598923,0.0016862427407399183,35.570661111111114,0.005555555555555556,5,0,2024-03-01,38096171
1709326800000000,0.094110658007797,14.453501042626172,0.6242050153743959,180,0.6463702334381157,0.4046329291548728,0.009656163699139686,0.00876326653049786,39.723675,0.005555555555555556,5,0,2024-03-01,38096171
1709328600000000,0.08414914106991156,15.748764338200045,0.7093356116846949,180,0.7366508286780606,0.35609904273354964,0.001797724656499744,0.00041726400230979177,26.678972222222225,0.0,5,0,2024-03-01,38096171
1709330400000000,0.10212521913353512,10.551439543655047,0.6340701440707825,180,0.6683450433161577,0.5462661747458395,0.00029263344115271206,0.0012915029194311423,25.931061111111113,0.0,5,0,2024-03-01,38096171
1709332200000000,0.09474203109892398,9.741094404210394,0.729756964892871,180,0.730449203838708,0.5483535102800363,0.0029768400297295328,0.04688447241579463,28.18193333333333,0.0,5,0,2024-03-01,38096171
1709334000000000,0.11020217802355448,15.29241849888484,0.718697155296721,180,0.7339749155236006,0.4966659403449408,9.118490140758162e-05,0.0007596624373676919,28.074730555555558,0.0,5,0,2024-03-01,38096171
1709335800000000,0.11125451207840328,21.838224466982144,0.7570188953556514,168,0.7631396085497767,0.3001414888141102,0.00017329610377103677,0.0008939951760705833,24.90083630952381,0.0,5,0,2024-03-01,38096171
1711929600000000,0.07147267023578535,23.225038217981094,0.8166354397255158,168,0.8174023212928142,0.17147921368971564,0.019521162134291337,0.0024059726607799092,41.76650297619047,0.0,0,0,2024-04-01,9411794
1711931400000000,0.05668764497489544,15.770162970551128,0.7480198427848097,180,0.750105305649836,0.3227508842326351,0.013978535485223875,0.002430144646415111,58.09753888888889,0.0,0,0,2024-04-01,9411794
1711933200000000,0.05944129632040391,17.99690705604841,0.6886976798384112,180,0.7122579173438632,0.33395442769931305,0.03127954397370003,0.015160636687721274,45.27691111111111,0.0,0,0,2024-04-01,9411794
1711935000000000,0.06096987684593823,24.485112887225306,0.7931842457663191,180,0.8098893028775711,0.47281383865856097,0.010556450561988284,0.0018582132093998283,50.04422777777778,0.005555555555555556,0,0,2024-04-01,9411794
1711936800000000,0.056758990881926014,19.778400001045814,0.8319419777314581,180,0.8433470706502357,0.31690615676084555,0.006081215613540136,0.02456472694713474,45.67541944444445,0.0,0,0,2024-04-01,9411794
1711938600000000,0.05665572685209309,14.972539088282069,0.5958087604848943,180,0.6055585480599134,0.30741729024525555,0.006297231367242695,0.0022295895637945984,46.25877777777778,0.0,0,0,2024-04-01,9411794
1711940400000000,0.048914127954919506,13.540461271429624,0.6423093218045661,180,0.6637948205460651,0.29268383856354485,0.0013207572479846386,0.0010425397576109274,57.390594444444446,0.0,0,0,2024-04-01,9411794
1711942200000000,0.059927164071109026,19.666494296260257,0.798927025923851,180,0.8048544319986224,0.5337775442870225,0.00043854278576749284,0.0017848232539738884,59.345875,0.0,0,0,2024-04-01,9411794
1711944000000000,0.05204185562197072,14.999070004098165,0.7040666444370618,180,0.7239898786745584,0.3509496160689701,0.00075559596519581,0.0006039883399319157,49.34809444444444,0.005555555555555556,1,0,2024-04-01,9411794
1711945800000000,0.04936538903478743,23.24018412280699,0.8165452498135768,180,0.8165498614706461,0.2828067578255614,0.00247594985041244,0.002559364794905261,52.53149166666667,0.005555555555555556,1,0,2024-04-01,9411794
1711947600000000,0.07543123411432784,8.601323084768863,0.5812678709305281,180,0.5854242636799513,0.1468048767970167,0.0016484484162779811,0.001060744872805497,43.00293611111111,0.011111111111111112,1,0,2024-04-01,9411794
1711949400000000,0.12005818686422133,7.50943156219734,0.2777310463490893,180,0.332538574925885,0.452248787242415,0.00198155218936813,0.0039975271809952195,34.71613333333334,0.12777777777777777,1,0,2024-04-01,9411794
1711951200000000,0.1055278731853902,11.97517811279016,0.46420692698614485,180,0.48093927379276746,0.4272052611932349,3.7651414314110454e-06,8.788552833105534e-05,27.54750277777778,0.011111111111111112,1,0,2024-04-01,9411794
1711953000000000,0.07685143186467128,8.712378116419437,0.640846755059779,180,0.6779212797660058,0.3639783598836106,0.0013174091356421558,0.0002952396852311523,86.85351666666666,0.0,1,0,2024-04-01,9411794
1711954800000000,0.06396123751261014,15.64471900703402,0.7554535168711959,180,0.7587481212415479,0.2511872709827869,0.0055303872891466765,0.00603513509435516,43.059416666666664,0.005555555555555556,1,0,2024-04-01,9411794
1711956600000000,0.08039370619781708,12.718994458801047,0.703797256460905,168,0.7058736834243977,0.38525449652632615,0.004673629321139239,0.0070732595068701,40.85068154761905,0.005952380952380952,1,0,2024-04-01,9411794
1711958400000000,0.07052609116781185,5.5264460607499455,0.4374650561092669,168,0.44233165685200415,0.35960058051743216,0.004361219121395643,0.025907052493760352,42.62637202380952,0.011904761904761904,2,0,2024-04-01,9411794
1711960200000000,0.09754172467319724,9.492088116907755,0.7052938454693798,180,0.7165925123154924,0.43553299236668364,0.0001289983271874906,0.0006479341350497103,38.08943888888889,0.005555555555555556,2,0,2024-04-01,9411794
1711962000000000,0.07854009849362048,16.024638400237375,0.794018564250677,180,0.8033095998861837,0.3680254939046813,4.288689344766894e-07,0.0014825711331114544,38.20841111111111,0.005555555555555556,2,0,2024-04-01,9411794
1711963800000000,0.0719251661072286,19.440616064529756,0.820264570411573,180,0.826512623593958,0.39791463380622816,0.0050987313267799594,0.004319926064934809,42.489799999999995,0.0,2,0,2024-04-01,9411794
1711965600000000,0.06735165218523909,19.5840469444207,0.7555672460596174,180,0.7562220432408203,0.4428552932405909,9.558700989431568e-05,0.0009129413110200435,45.565044444444446,0.0,2,0,2024-04-01,9411794
1711967400000000,0.06566163506321941,18.183251319424276,0.8048841310702577,180,0.8050447508954529,0.3230206065610953,0.004195431469456556,0.0014691082560321922,46.24974722222222,0.0,2,0,2024-04-01,9411794
1711969200000000,0.06482996078146813,19.080313284033714,0.7584202980795666,180,0.76739175492416,0.4480087167461103,0.013254074263156612,0.0035808715327111384,44.82239166666667,0.011111111111111112,2,0,2024-04-01,9411794
1711971000000000,0.06414506828437273,19.009406890221086,0.8008010041790876,180,0.8066944314696192,0.38500426970797197,0.0001692105060887572,4.8565304359926564e-05,49.09186111111111,0.005555555555555556,2,0,2024-04-01,9411794
1711972800000000,0.07023247529418468,13.81147526921817,0.6256526524605877,180,0.6339109261820433,0.32617525391939484,0.004195582732744674,0.0008725688488603334,46.76171666666667,0.0,3,0,2024-04-01,9411794
1711974600000000,0.07225874731005297,19.658648461736597,0.7522176698446127,180,0.7834652825618367,0.44795908193904665,0.0008832320809057936,0.00025649369324065585,44.97830277777778,0.0,3,0,2024-04-01,9411794
1711976400000000,0.0729561689076079,23.44188205505272,0.7495754859443553,180,0.7505385512649797,0.3473264423985539,0.0013678079109908925,0.011480504126949231,44.089533333333335,0.0,3,0,2024-04-01,9411794
1711978200000000,0.08728257083202196,20.527677351579793,0.6846568198059615,180,0.6912240444046611,0.31657688241241,0.004108099405921051,0.0013209026835678817,39.120194444444444,0.011111111111111112,3,0,2024-04-01,9411794
1711980000000000,0.0798321523714966,12.925217390125281,0.6435435875008567,180,0.6524184129481434,0.26082436590089597,0.0005562139838739544,0.00029473459847573213,36.93060277777778,0.0,3,0,2024-04-01,9411794
1711981800000000,0.10460717602825635,11.920644622379845,0.5537181808736118,180,0.5539584451726604,0.2812094923256194,0.0018241941658230232,0.007072967322317547,31.468072222222222,0.022222222222222223,3,0,2024-04-01,9411794
1711983600000000,0.1683975548720964,6.997928457127805,0.36342658510114645,180,0.4076312351223286,0.5543392885678301,0.0015075850814693093,0.0262305254492734,20.18875277777778,0.08888888888888889,3,0,2024-04-01,9411794
1711985400000000,0.08796427384949967,5.812990747648939,0.3864806627260917,168,0.406315491529499,0.4293095085376869,0.009265949894617376,0.007646131143176693,31.89840476190476,0.017857142857142856,3,0,2024-04-01,9411794
1711987200000000,0.09775066433656104,14.357652954139224,0.6094474637517797,168,0.6100360679815261,0.34132595735299454,0.00906099901356927,0.013118044792088224,44.16079761904762,0.005952380952380952,4,0,2024-04-01,9411794
1711989000000000,0.09200827072187637,22.34205660323654,0.7473693018420516,180,0.7473693371905024,0.3438140937306736,0.0007045178081692693,0.0019463906768383277,36.87671944444445,0.011111111111111112,4,0,2024-04-01,9411794
1711990800000000,0.09128424323073088,16.817867107503336,0.6852907430606756,180,0.6921019770957332,0.37798427987072614,0.0009765760703727144,0.000133091785340822,39.29881666666667,0.0,4,0,2024-04-01,9411794
1711992600000000,0.09944749258890287,6.766251573488751,0.3841345838658988,180,0.39437100596743346,0.5814748431711187,0.0003807177764570957,0.024639977257168377,35.90976666666666,0.011111111111111112,4,0,2024-04-01,9411794
1711994400000000,0.0859187693073851,13.06719331545706,0.7265501086032231,180,0.7281136739907343,0.4677960547082741,0.003656475978573104,0.00744895939807777,46.47264166666667,0.005555555555555556,4,0,2024-04-01,9411794
1711996200000000,0.07619087484479715,29.519865054145075,0.7661343179561053,180,0.7686429875719462,0.2686455434745363,0.001665685248785631,0.0019349582270925536,45.681311111111114,0.005555555555555556,4,0,2024-04-01,9411794
1711998000000000,0.06790600026254132,17.29508653647191,0.6697432992545072,180,0.6883792101261003,0.418870637699027,0.009993810657640823,0.000382387178728516,52.16421388888888,0.005555555555555556,4,0,2024-04-01,9411794
1711999800000000,0.06443282508470591,13.266639295325467,0.6562261715215443,180,0.6625768459514344,0.2666247155634923,0.0035114312841192374,4.598999177740648e-05,51.211016666666666,0.0,4,0,2024-04-01,9411794
1712001600000000,0.06755815896767746,24.4727211750819,0.7784568811394736,180,0.7810130399999939,0.33256819196704657,0.0028720543476900007,0.0008257532386825028,54.18604166666666,0.005555555555555556,5,0,2024-04-01,9411794
1712003400000000,0.07939665158133405,13.18159458081992,0.6760708964351538,180,0.69258009956529,0.29696738785055476,0.005762413473512695,0.01665096905964103,53.05977222222222,0.005555555555555556,5,0,2024-04-01,9411794
1712005200000000,0.08162024364344343,18.844937106987818,0.7214267163834319,180,0.7518855959161101,0.3121412104342055,0.011067347605460687,0.013263437902628739,38.79999166666666,0.005555555555555556,5,0,2024-04-01,9411794
1712007000000000,0.06936175899303501,6.432602037274161,0.8029102353216615,180,0.8793182186754999,0.40454560147139895,0.03728091390145316,0.05585948661684681,62.06514722222222,0.0,5,0,2024-04-01,9411794
1712008800000000,0.08153989265613407,26.198122431410923,0.8028393724351104,180,0.8040516721621942,0.3258209369772571,0.0006246059780860014,6.919911248537414e-05,46.364050000000006,0.0,5,0,2024-04-01,9411794
1712010600000000,0.07890071028728199,19.047868816970205,0.7785235522457145,180,0.7879180124202818,0.24008874690244753,0.0010395143626850123,3.552752725344277e-05,38.65110277777778,0.005555555555555556,5,0,2024-04-01,9411794
1712012400000000,0.08203079150538457,17.86999582613758,0.725680086166328,180,0.738549653177931,0.4485873564917685,0.0013283363538012516,9.027930486071867e-06,39.45126111111111,0.0,5,0,2024-04-01,9411794
1712014200000000,0.07188668544524872,10.09567763625673,0.7272330991238589,168,0.7585572529311848,0.30740762183907555,0.002064609328408795,0.0015916517371837857,45.26191666666667,0.0,5,0,2024-04-01,9411794
1714521600000000,0.09907646179114032,19.775145815978885,0.8068268088350843,168,0.8068406298108126,0.18589165871074886,0.0013136772249021655,0.00318671820173122,22.99695238095238,0.005952380952380952,0,0,2024-05-01,18813331
1714523400000000,0.10802320132459295,20.045904381920543,0.7429241679971006,180,0.75155122260241,0.3060920654978144,0.00019159319431649724,0.00010049728703187544,23.70645,0.005555555555555556,0,0,2024-05-01,18813331
1714525200000000,0.10357050130264042,19.099308360388658,0.7010711709122079,180,0.7036715300837936,0.22758276407813882,0.0023005571123784208,0.0007543785339340081,21.229725,0.016666666666666666,0,0,2024-05-01,18813331
1714527000000000,0.10261475323593236,16.23343682903088,0.695225450653931,180,0.7085102538153032,0.31596533415052686,0.0024488639513968735,0.0015296206615220687,22.099130555555554,0.005555555555555556,0,0,2024-05-01,18813331
1714528800000000,0.10362055982266741,11.371361406467026,0.472727777335715,180,0.4754870696857382,0.357802291611965,0.0013555631171467963,0.0009691556149726832,26.550430555555558,0.005555555555555556,0,0,2024-05-01,18813331
1714530600000000,0.10483000433711667,31.990580486677384,0.8530160543353394,180,0.8541330809744497,0.3488968259096842,0.0035756264997522935,0.0006466441549025648,25.095980555555556,0.0,0,0,2024-05-01,18813331
1714532400000000,0.08385111939211114,35.81968917279444,0.8801378357144846,180,0.8814563926596053,0.31867187285540133,0.002753342008765869,0.00045188009440766397,26.9719,0.0,0,0,2024-05-01,18813331
1714534200000000,0.08548716673555637,19.006386586576102,0.735706002702472,180,0.7359262643585582,0.3316013199976432,0.0008226441177844324,0.002554272727176232,24.202033333333333,0.0,0,0,2024-05-01,18813331
1714536000000000,0.0801064999027796,12.64142011786964,0.7195537624709616,180,0.7430821177860034,0.27249384436712243,0.0009621214964246061,1.126613293922496e-05,33.048005555555555,0.005555555555555556,1,0,2024-05-01,18813331
1714537800000000,0.0702093561464002,12.280427866437922,0.7751383012189971,180,0.8020032342056087,0.3336786692266024,8.930265097317758e-05,0.003785487581637992,31.262816666666666,0.0,1,0,2024-05-01,18813331
1714539600000000,0.0842526906014496,25.116507681853925,0.8131012451440407,180,0.8190931893441254,0.27188633422177866,0.002906524625069795,0.0008881250283662157,27.924575,0.0,1,0,2024-05-01,18813331
1714541400000000,0.0958149052460463,13.461967288355828,0.7426979513472207,180,0.7430042016661791,0.4497526797760979,0.0013241495205998932,1.9420379661072573e-05,28.282308333333333,0.005555555555555556,1,0,2024-05-01,18813331
1714543200000000,0.08891643786144016,17.35102392876,0.6574285333886987,180,0.6577300498390372,0.35961484745250516,4.1599009895199046e-05,0.004384343201759178,26.774736111111114,0.005555555555555556,1,0,2024-05-01,18813331
1714545000000000,0.08266834714613051,9.109163817313359,0.5312080744071286,180,0.5686664884516719,0.22809658091264773,0.013646664074326464,0.02451862130835958,23.554522222222225,0.022222222222222223,1,0,2024-05-01,18813331
1714546800000000,0.24226705470361523,4.010741228882081,0.37551756530738134,180,0.3932507505955728,0.693108331416473,0.00977871259784402,0.0002628466840873811,22.69695833333333,0.07777777777777778,1,0,2024-05-01,18813331
1714548600000000,0.17942502238300584,9.0443951566652,0.49958069400917093,168,0.4999208256398666,0.1657747252848023,0.01214828372447696,0.01306413028187614,14.8640625,0.023809523809523808,1,0,2024-05-01,18813331
1714550400000000,0.1640314716197802,11.498328171152522,0.5554073515513049,168,0.5555557141911543,0.26257507252509493,0.004396345142170688,0.003998485766104842,15.879127976190475,0.041666666666666664,2,0,2024-05-01,18813331
1714552200000000,0.08751080125662195,10.647637899096313,0.6094139713765493,180,0.6480742729110847,0.2921340636112174,0.007815582535023347,0.0010403728021752823,25.32918888888889,0.03888888888888889,2,0,2024-05-01,18813331
1714554000000000,0.08678834225976899,12.1463088065914,0.6103406874401853,180,0.6445375781141884,0.31274641952062765,0.004636981821861785,0.0003203652100597365,22.915536111111113,0.011111111111111112,2,0,2024-05-01,18813331
1714555800000000,0.09136539674723801,20.417590806529383,0.7052394046169181,180,0.7117218413965052,0.20539173593888194,0.010600452774165214,0.00981132755468761,23.824074999999997,0.016666666666666666,2,0,2024-05-01,18813331
1714557600000000,0.10474224076967764,11.039280090603695,0.6561327520296152,180,0.659271536418643,0.3949290878777514,0.002247337124843596,0.0001416190410715723,23.95696111111111,0.011111111111111112,2,0,2024-05-01,18813331
1714559400000000,0.08600208853055724,28.233736252514376,0.7971518373129585,180,0.7984106695886802,0.23294561868560915,0.0013546263674201198,0.00439745865822494,24.744666666666667,0.011111111111111112,2,0,2024-05-01,18813331
1714561200000000,0.09589134439243735,15.78478449474124,0.7456248929194017,180,0.7527560301282814,0.2604147577343585,0.006162967830094845,0.05259194450940785,25.08598333333333,0.0,2,0,2024-05-01,18813331
1714563000000000,0.07201832017426188,12.472170893588629,0.5862010529277952,180,0.6189881146831762,0.3745595913212464,0.0016863125772599297,0.0030293337168209034,33.25758333333333,0.0,2,0,2024-05-01,18813331
1714564800000000,0.11544125795027263,18.412055583723088,0.711490099348553,180,0.7146719237688,0.2702656344487038,0.0016953606208458538,0.006432237116168693,23.290155555555557,0.016666666666666666,3,0,2024-05-01,18813331
1714566600000000,0.09426931590590709,17.019817835849302,0.7578799473702377,180,0.7849832844279024,0.21745273687914668,0.007937258219798848,0.00047764015506845947,26.321477777777776,0.0,3,0,2024-05-01,18813331
1714568400000000,0.09726640318545021,14.364334064169382,0.7507979012864696,180,0.7509557792211082,0.1479432977806585,4.844067718612344e-05,0.0002777415714513287,24.82253611111111,0.011111111111111112,3,0,2024-05-01,18813331
1714570200000000,0.12126960751107574,16.673303919738807,0.7027057894134776,180,0.7289821297675387,0.2637032218405888,0.00011355458324713297,0.012775299471762147,22.73473611111111,0.011111111111111112,3,0,2024-05-01,18813331
1714572000000000,0.08690919269136883,8.113388734534745,0.4927098973916928,180,0.49939446397151277,0.39837019928261463,5.5094615369788436e-05,0.019804179650909526,25.227333333333334,0.016666666666666666,3,0,2024-05-01,18813331
1714573800000000,0.0729735172307382,5.238947708931218,0.6028043128982419,180,0.6871442141661729,0.27506112838916996,1.0757141981287965e-05,0.0006996086956122527,25.058124999999997,0.0,3,0,2024-05-01,18813331
1714575600000000,0.07299745104215402,5.9228422664713305,0.42274806269978427,180,0.487852429805563,0.24676058781988242,0.00072391661403437,0.008422346563702776,23.30960277777778,0.005555555555555556,3,0,2024-05-01,18813331
1714577400000000,0.10830893015040557,23.504706067422855,0.7727278099874637,168,0.7727719603671777,0.31895581151950314,0.004871773174482064,0.021032126314057265,20.079122023809525,0.017857142857142856,3,0,2024-05-01,18813331
1714579200000000,0.11235953082221967,25.222051025481065,0.6934507900814297,168,0.6934974088863355,0.29395879278353976,0.00204551639568451,0.003081885074336599,23.526366071428573,0.017857142857142856,4,0,2024-05-01,18813331
1714581000000000,0.08519615457395457,20.28198225762736,0.7404011139097139,180,0.740930823470867,0.21727946143129118,0.0017081864102888034,0.007068232161653865,23.940366666666666,0.011111111111111112,4,0,2024-05-01,18813331
1714582800000000,0.09632718713202958,21.990422361104024,0.712357624261161,180,0.7123591048668397,0.19144063455008753,0.007240346236303652,9.341097816029098e-06,22.437763888888888,0.005555555555555556,4,0,2024-05-01,18813331
1714584600000000,0.11846845582512884,10.65735802848312,0.49180128391881683,180,0.4981937516459205,0.39130104158086676,0.008553378739018735,0.049939615112182034,21.605175,0.005555555555555556,4,0,2024-05-01,18813331
1714586400000000,0.15852108159748982,9.94134220190558,0.5379969380865813,180,0.5441926546386071,0.35142471079765303,0.02162440023417811,0.01698943378835871,15.933658333333334,0.027777777777777776,4,0,2024-05-01,18813331
1714588200000000,0.15307806925145295,15.960321833579654,0.5539172067541706,180,0.5602048434060258,0.261017958086173,0.007954445936070864,0.025821775411215553,20.174430555555556,0.016666666666666666,4,0,2024-05-01,18813331
1714590000000000,0.12672002265179597,12.950868069094888,0.619505265012732,180,0.6205284121908068,0.27498504558344994,0.013937936396486883,0.008718768178817116,17.792994444444446,0.016666666666666666,4,0,2024-05-01,18813331
1714591800000000,0.14058387327503807,12.063595465815428,0.5794470214199317,180,0.5917099874903009,0.20777323245160673,0.04102873075206248,0.010991805286685752,21.161766666666665,0.06666666666666667,4,0,2024-05-01,18813331
1714593600000000,0.10979159987031482,15.65651940959702,0.6148079784505852,180,0.6154463086627628,0.17030677829751428,0.007982117086914431,0.007474194029986059,26.97411944444444,0.011111111111111112,5,0,2024-05-01,18813331
1714595400000000,0.11999790892292532,21.390994000460754,0.7826687061151938,180,0.7870344928035918,0.23072916782405029,0.0007861141040670372,0.003501051559056334,23.03847222222222,0.011111111111111112,5,0,2024-05-01,18813331
1714597200000000,0.11024480626868434,15.567680781624723,0.549182486817352,180,0.5539452525155732,0.3623133004868384,0.00013570144593055833,0.011274993688382917,20.622216666666667,0.0,5,0,2024-05-01,18813331
1714599000000000,0.11928248436795498,8.362974797243508,0.6826320529368095,180,0.7365312717304553,0.3834235414434952,0.00609899945772252,0.011353689602035977,28.98455,0.005555555555555556,5,0,2024-05-01,18813331
1714600800000000,0.13091497612824615,17.07588153711213,0.7364006181875726,180,0.738547105324004,0.14834497057461493,8.7786293538894e-05,0.0017584602444972175,20.6047,0.0,5,0,2024-05-01,18813331
1714602600000000,0.10393704718331001,20.168642106151278,0.8319642333821361,180,0.8459004513470202,0.15621878810379952,0.007980743467199458,0.006452899706511306,25.156472222222224,0.005555555555555556,5,0,2024-05-01,18813331
1714604400000000,0.09199954712547534,24.025855127356113,0.841926795092934,180,0.8495931958920974,0.2663903734182511,0.0014409243581631204,0.0021976195923119057,26.700694444444444,0.005555555555555556,5,0,2024-05-01,18813331
1714606200000000,0.0957245403381829,10.955361877530109,0.6260495008629865,168,0.6330354143778618,0.20284938210522263,0.0005481244130358665,0.002412331511789767,25.602550595238096,0.0,5,0,2024-05-01,18813331
1717200000000000,0.06257191675273022,9.734151880352476,0.6055543457822178,168,0.6509397025556718,0.08753247481268744,0.0015422119571441018,0.0035721037939173694,42.6611875,0.0,0,1,2024-06-01,6278144
1717201800000000,0.08064148948329417,22.28250172645517,0.7287904482529107,180,0.7357584398274151,0.25337581503968176,0.01910173806175086,0.0011300684619462986,32.90252777777778,0.0,0,1,2024-06-01,6278144
1717203600000000,0.06086897598130817,9.592156607972584,0.523842943570232,180,0.5387632445414043,0.3627257146933309,5.96444404229457e-05,0.0016821805788740374,71.120125,0.005555555555555556,0,1,2024-06-01,6278144
1717205400000000,0.06742628742934224,16.779022008052735,0.7818902658696241,180,0.7912711596659849,0.2179665553420943,0.008267570589348683,0.008997074244225911,38.033116666666665,0.005555555555555556,0,1,2024-06-01,6278144
1717207200000000,0.06377389395176628,14.049379432372447,0.6618917502840604,180,0.6683338538216208,0.33301361814700337,0.00033574794994617463,0.0019836266853379136,47.43918888888889,0.0,0,1,2024-06-01,6278144
1717209000000000,0.06848364275540662,17.217146094760736,0.6692987696001318,180,0.6855999459605437,0.19405853157256925,0.007220400565944307,0.0014354926312822869,33.787283333333335,0.0,0,1,2024-06-01,6278144
1717210800000000,0.05954004902736462,15.4312449296458,0.5971238898828471,180,0.6089850919572986,0.12291068000934213,0.012337604928904122,0.002699917355860726,54.632725,0.0,0,1,2024-06-01,6278144
1717212600000000,0.061979580268948266,13.753030869257428,0.63459317471489,180,0.6534212154387109,0.20434501229827995,0.010903093684153986,0.0021181509434697876,56.04481666666667,0.0,0,1,2024-06-01,6278144
1717214400000000,0.05697656144091935,15.692180451671804,0.7304927202018792,180,0.7345438839939056,0.33521314686745407,0.00024436553740359024,0.003153090039672013,47.832975,0.0,1,1,2024-06-01,6278144
1717216200000000,0.05806835729932439,13.672682150551697,0.5732621326461264,180,0.5894845006348655,0.2612371928811984,0.011106387835214337,0.001044912304372092,54.13907777777778,0.0,1,1,2024-06-01,6278144
1717218000000000,0.046593534297026534,6.656231875779187,0.5398780407113113,180,0.6755749743990577,0.1505591386415266,2.870239506069794e-06,0.010894838875105117,46.664147222222226,0.0,1,1,2024-06-01,6278144
1717219800000000,0.04629790676364259,8.662908067393213,0.5410714361060693,180,0.5716868665939213,0.26891033950285714,0.0014233250125597063,0.002685341099649574,67.21230555555556,0.005555555555555556,1,1,2024-06-01,6278144
1717221600000000,0.042980631312277515,16.938591145936577,0.78632693648454,180,0.7971475467608824,0.21352043705804558,6.982136599653632e-05,0.0011182721281648433,60.773736111111106,0.0,1,1,2024-06-01,6278144
1717223400000000,0.044153593770700605,14.13468896615298,0.6940950605645958,180,0.7254986072323412,0.28932442659524216,0.01581812485964995,0.0016095160687458199,91.18366388888889,0.0,1,1,2024-06-01,6278144
1717225200000000,0.04437107937902535,13.894466554013302,0.6104003828434443,180,0.6166546486571063,0.21666641671493936,0.003910611918290896,0.000620996122734474,72.84909166666667,0.0,1,1,2024-06-01,6278144
1717227000000000,0.06244171361395878,11.379870315349983,0.7158443027202918,168,0.7158529269313476,0.3373622173767672,0.016472553724186656,0.0032206051573454575,44.601014880952384,0.005952380952380952,1,1,2024-06-01,6278144
1717228800000000,0.04782274820980656,14.054591522480829,0.6461716667292032,168,0.6562243880368743,0.2572868577412557,0.0025467438474812143,0.009586763927744824,65.1709494047619,0.0,2,1,2024-06-01,6278144
1717230600000000,0.055640512285653324,10.848650750110515,0.5119155923707253,180,0.5186122661959727,0.3573068882429441,0.0030646336176561872,0.010311619090016988,107.75814722222222,0.0,2,1,2024-06-01,6278144
1717232400000000,0.06870259240669137,13.655822686705909,0.6840402515228825,180,0.698382484485558,0.31916672802264834,0.0002413327884490668,0.006821091581026728,67.90245833333333,0.016666666666666666,2,1,2024-06-01,6278144
1717234200000000,0.0632738545159309,13.05672680081045,0.6999157607004409,180,0.7258758850395808,0.3046220764015136,5.533709416360999e-06,0.024377238169361992,41.309358333333336,0.0,2,1,2024-06-01,6278144
1717236000000000,0.05655506648107324,11.210030314268197,0.6920147309472173,180,0.7235366538020902,0.3009326822831232,0.0011459460298653967,0.00039099434961642476,40.72965,0.0,2,1,2024-06-01,6278144
1717237800000000,0.06710524886640197,11.922084852906494,0.6128182408889196,180,0.6558951564075801,0.27865618397227576,0.008931748348484647,0.03391895887524865,33.48090277777778,0.0,2,1,2024-06-01,6278144
1717239600000000,0.05723307028406051,8.927635497919118,0.5264055583040204,180,0.597095410474157,0.36724589694231136,0.005032374192151745,0.0017274197907198863,65.65416666666667,0.0,2,1,2024-06-01,6278144
1717241400000000,0.04985389404674656,6.580499043275899,0.6386709289396751,180,0.7139110936463803,0.31606844966641323,1.1072758243635406e-07,0.001392721982779399,100.15670833333334,0.0,2,1,2024-06-01,6278144
1717243200000000,0.05757995923356152,9.179346051091057,0.6197518051791324,180,0.641659353594519,0.26299565301397154,0.0011222866183501212,0.0005866510583275586,37.61890277777778,0.0,3,1,2024-06-01,6278144
1717245000000000,0.06238079652788581,10.890448779563721,0.4758025148969435,180,0.4762031368932119,0.3393689393898647,0.005849626593569468,0.033303737914220255,58.87388055555556,0.0,3,1,2024-06-01,6278144
1717246800000000,0.04936327378427624,6.636020940166092,0.6020773275244828,180,0.6920351857112282,0.10129131831304528,0.0008369114915897091,3.179020324650672e-06,74.78991111111111,0.0,3,1,2024-06-01,6278144
1717248600000000,0.05372456110697532,14.163673111323318,0.7011375381755837,180,0.7185392809404552,0.2964628999925353,8.812830263993376e-06,0.003798203970127978,69.10969999999999,0.0,3,1,2024-06-01,6278144
1717250400000000,0.062120659931757846,16.298791329634312,0.6915141174169808,180,0.7051018821982504,0.3001718409974091,0.004419199371680338,0.0019246418426948075,39.90348611111111,0.0,3,1,2024-06-01,6278144
1717252200000000,0.08526230400168176,18.30162380009987,0.650239499376005,180,0.6503579076548478,0.36420577244498376,0.00016681406289553724,0.003349752280141338,42.58219444444445,0.005555555555555556,3,1,2024-06-01,6278144
1717254000000000,0.047508704611922345,8.137558389182404,0.6343007286295419,180,0.6937395590968156,0.16609615965272873,0.026096513863901216,0.000507001271641605,72.08228333333334,0.0,3,1,2024-06-01,6278144
1717255800000000,0.054887717084144555,15.75349714173284,0.5912486009112263,168,0.5946524205434831,0.26733599029060795,0.0024208461478543164,0.002169864670591881,37.60736607142857,0.0,3,1,2024-06-01,6278144
1717257600000000,0.06870011278516108,13.975925389227553,0.6541398088909354,168,0.6761777833818141,0.20647788393325806,0.028726586733741177,0.017034835355798528,53.408434523809525,0.005952380952380952,4,1,2024-06-01,6278144
1717259400000000,0.0611210085737023,11.157905740590214,0.569396982046367,180,0.5925364407023668,0.5076442529891472,0.001408451276970868,0.006296574142650169,48.85921388888889,0.0,4,1,2024-06-01,6278144
1717261200000000,0.0744691306995875,12.195806693185046,0.6371771028223131,180,0.6537487948556264,0.39824078410354324,0.01860499985314934,0.01074061900848633,39.45066944444444,0.0,4,1,2024-06-01,6278144
1717263000000000,0.0867149955879955,11.534888683943715,0.5804897273227124,180,0.5809293770922828,0.4641682455729421,0.0007091879638522203,0.016549468320195437,38.77529722222222,0.0,4,1,2024-06-01,6278144
1717264800000000,0.07827055381284741,13.165519187597916,0.6915051966174179,180,0.698222237436974,0.3696347577698451,0.0008628302455998549,0.0018005340538300718,41.991166666666665,0.0,4,1,2024-06-01,6278144
1717266600000000,0.0678179549953861,18.098683447150332,0.7811940930358845,180,0.7934417224520057,0.4574939404557856,0.00016224829791589013,0.0016972830760316748,33.24995,0.0,4,1,2024-06-01,6278144
1717268400000000,0.07245744640385862,16.01334006769737,0.7745592840702719,180,0.7891967708055437,0.46559112905023614,0.00013872546387283524,0.0004529823212234829,39.74678055555556,0.0,4,1,2024-06-01,6278144
1717270200000000,0.06739443048756293,16.68757159374137,0.7887939003246649,180,0.8077368766247166,0.29329075909012603,2.249532753406669e-07,0.004025753983888047,32.17582222222222,0.0,4,1,2024-06-01,6278144
1717272000000000,0.06499623180481698,10.673573985035976,0.7087346199808879,180,0.710817921505971,0.619731786707262,0.006714066706184241,0.0008319452247207426,40.12703611111111,0.0,5,1,2024-06-01,6278144
1717273800000000,0.055298633418519705,16.51541153245502,0.6329039679867133,180,0.6357910635473196,0.3901486552942943,0.000987726869504657,0.0020678391620305714,35.92719722222222,0.0,5,1,2024-06-01,6278144
1717275600000000,0.04516861715584988,9.564840711037343,0.24801702624155242,180,0.2501628185874376,0.5914366503568523,0.00016747693067808989,0.00023759195863048976,46.50385555555555,0.0,5,1,2024-06-01,6278144
1717277400000000,0.10683908263201151,10.223425531283976,0.39911275372464283,180,0.39968966765368497,0.4600274558572519,0.00038393014903737033,0.018208354210991207,26.798886111111113,0.0,5,1,2024-06-01,6278144
1717279200000000,0.08039797051747768,7.585806353139742,0.40186389750751195,180,0.42260100263995304,0.36679366516018874,0.00044589978905584804,0.01368657308053478,33.00672222222222,0.0,5,1,2024-06-01,6278144
1717281000000000,0.035228558204159946,1.9704794508935952,0.3440198376114024,180,0.7083611241353664,0.233910433749848,0.0010116588706168272,0.0010885826611073401,39.25290277777778,0.0,5,1,2024-06-01,6278144
1717282800000000,0.051710251114046715,10.918662136810694,0.5470444366696813,180,0.5826984436519336,0.17345056178013118,0.0023174291358971644,0.01176356212491747,47.135666666666665,0.0,5,1,2024-06-01,6278144
1717284600000000,0.05540632443598511,15.906332904445092,0.7393966582300959,168,0.7493450056817472,0.35851602597224674,0.006407976501720092,0.0058158116874006405,47.44027678571428,0.0,5,1,2024-06-01,6278144
1719792000000000,0.02831300602395985,13.746030533707088,0.5884136505321285,168,0.5997462031492876,0.32473619439583945,0.0001740393303444332,0.0009620083737381657,105.0911130952381,0.0,0,0,2024-07-01,10691152
1719793800000000,0.02838746054792514,14.691923758473868,0.7086749087889468,180,0.7484970906651699,0.24440800869542045,0.0005065866155643528,0.002236026699812599,107.08072222222222,0.0,0,0,2024-07-01,10691152
1719795600000000,0.04919454059495703,9.795521292856403,0.3804078306973242,180,0.380494431573688,0.5755384649661377,0.002616447630939156,0.003006652610768601,71.92140555555557,0.011111111111111112,0,0,2024-07-01,10691152
1719797400000000,0.05379716782959974,5.694887152817652,0.5612732618709002,180,0.5685345716960571,0.2863855568491036,9.660090543417432e-05,0.001980979036357411,73.93161111111111,0.0,0,0,2024-07-01,10691152
1719799200000000,0.0422486012404327,14.19234028691318,0.4504662045474932,180,0.45281304062357275,0.43587072105465297,0.00542087665687252,0.013795972912572174,69.047375,0.011111111111111112,0,0,2024-07-01,10691152
1719801000000000,0.035593640963225016,10.893233343653394,0.6234116500007538,180,0.664367217786165,0.2508856908316379,0.000693681902812715,0.0072821652575449924,90.04446666666666,0.0,0,0,2024-07-01,10691152
1719802800000000,0.04059333856320351,12.856909982963389,0.6589034506110782,180,0.6889854194814751,0.3012794521802551,0.0009790286610675825,0.0028767432822593975,66.41310833333334,0.0,0,0,2024-07-01,10691152
1719804600000000,0.032073867026097595,14.991917349389448,0.5597511738298179,180,0.571264073342429,0.21148308204623356,0.03605683629179268,0.0064082381976576785,71.39929166666667,0.0,0,0,2024-07-01,10691152
1719806400000000,0.02996477511209794,10.391099707376986,0.6118220335623589,180,0.6237167289050451,0.27802684915542386,0.023006681774660254,0.0054774642286086195,84.74415,0.0,1,0,2024-07-01,10691152
1719808200000000,0.028841730367436418,11.182054246081147,0.6718466895169027,180,0.7235692468043375,0.2382698322491601,0.0008069989640301367,0.015215211003918316,97.62286666666665,0.0,1,0,2024-07-01,10691152
1719810000000000,0.030025644953893194,12.484750758655213,0.529846118416991,180,0.5358883615213321,0.2702252413540299,0.0034854074076842156,0.006917561916598536,69.48930833333334,0.0,1,0,2024-07-01,10691152
1719811800000000,0.027335553370727204,10.261929899517137,0.5958964044111267,180,0.6232452735860453,0.15206134999448262,8.695775727696198e-05,0.0164364764633792,111.81224444444446,0.0,1,0,2024-07-01,10691152
1719813600000000,0.025797626007438724,14.275353102719592,0.7316617207620839,180,0.7321550801193408,0.2492748828369068,0.0001935805437262017,0.00033265222047995646,110.16301666666666,0.0,1,0,2024-07-01,10691152
1719815400000000,0.026453923935786612,10.042162693195857,0.4603141214006228,180,0.4627517892464714,0.36294816287123455,0.0035505322377406,0.00025626496214403716,93.7124611111111,0.0,1,0,2024-07-01,10691152
1719817200000000,0.03588083180441216,12.325827781534947,0.7295654590047336,180,0.7640621619578062,0.26279446537492945,0.005822910604313725,0.002710088783725584,100.26153055555555,0.0,1,0,2024-07-01,10691152
1719819000000000,0.02774864878228713,6.440921158773735,0.6751027344667448,168,0.7867393845179297,0.15732214373177977,0.030530978588767077,0.0037819600964111855,98.61542857142857,0.0,1,0,2024-07-01,10691152
1719820800000000,0.028693620815231614,15.82961288943279,0.7356964827892063,168,0.7578763742413566,0.3378246519733099,0.004724752222256767,0.004565075210209768,100.08340178571429,0.005952380952380952,2,0,2024-07-01,10691152
1719822600000000,0.03557485223472389,14.958243519116582,0.7046704835028563,180,0.7115184975147146,0.32871239035899713,0.0034043750986033627,0.013210403272523763,72.49683055555556,0.0,2,0,2024-07-01,10691152
1719824400000000,0.030606966452265197,17.04418049097007,0.733807626347192,180,0.7497037320480283,0.26946376656859217,0.012439337708270437,0.00657182142471302,105.30893333333333,0.0,2,0,2024-07-01,10691152
1719826200000000,0.02017130137217848,16.543073769470865,0.7348945904792041,180,0.7403248830766482,0.30353582984208916,0.0034733575376119097,0.004512299891415106,128.01101944444443,0.0,2,0,2024-07-01,10691152
1719828000000000,0.02507366428438847,9.306120207783183,0.6472036731581862,180,0.6910234394595036,0.2619116381252904,0.008547273447901294,0.0016693877648944477,103.28328333333334,0.0,2,0,2024-07-01,10691152
1719829800000000,0.031984393770364515,15.560230708103273,0.7260811125505897,180,0.7493923227161835,0.219047684949362,0.0012123706557198854,0.0053740554470307345,89.14624166666667,0.0,2,0,2024-07-01,10691152
1719831600000000,0.031316975221256795,18.801165218315152,0.7155540248208114,180,0.7258420919334794,0.20199297336788335,0.014969314959570434,0.0029804598779146207,91.32755277777778,0.0,2,0,2024-07-01,10691152
1719833400000000,0.030285539354536865,17.270404515486824,0.7637027559642666,180,0.7637099628843325,0.19919920054506302,0.004214756897850891,0.005947166988736208,84.95790000000001,0.005555555555555556,2,0,2024-07-01,10691152
1719835200000000,0.026439463795210658,15.156598830707592,0.7229628853166018,180,0.7306244355737207,0.15203520972514384,0.02126555168766997,0.0001026606411936859,96.60717777777778,0.0,3,0,2024-07-01,10691152
1719837000000000,0.023170397572805305,6.921042894420641,0.6181732901377701,180,0.7545429473813474,0.19836858994869133,0.0019419770312696372,0.00554845426902284,116.47516944444445,0.0,3,0,2024-07-01,10691152
1719838800000000,0.035366538052117404,15.20805232883478,0.7102408388818534,180,0.7169304304643038,0.3443755803230857,0.008782357953463715,0.0019142852826735668,84.03691388888889,0.0,3,0,2024-07-01,10691152
1719840600000000,0.0348707903912263,14.193322169760725,0.5172182164977643,180,0.5218886813194995,0.22772179312116658,0.004699993576932737,0.016575862714935607,71.43551666666667,0.005555555555555556,3,0,2024-07-01,10691152
1719842400000000,0.04144693620909439,11.259166537321196,0.6890994881371775,180,0.7378412237593162,0.22405043558189974,0.003291849277712533,0.00711282987493278,74.01079166666666,0.0,3,0,2024-07-01,10691152
1719844200000000,0.03506746731906683,16.531805189935426,0.757858881483741,180,0.7725136932339508,0.19154155485354118,0.00041610090286114954,0.01327055069805283,87.10874722222222,0.0,3,0,2024-07-01,10691152
1719846000000000,0.033375102909185515,13.703763716013976,0.712884789232237,180,0.7321707197537493,0.18615250400629058,3.744809458106069e-05,9.137761708410963e-07,91.28423055555555,0.0,3,0,2024-07-01,10691152
1719847800000000,0.03776734965189458,22.462816806793064,0.7833588184971838,168,0.7855418424718527,0.06396848520017095,0.00863086091820886,0.008587204106934698,70.77335714285715,0.0,3,0,2024-07-01,10691152
1719849600000000,0.030473707434805167,20.220582107058615,0.7191541415192775,168,0.7351493787339847,0.2307867266384901,0.005524453927543638,0.0001285811141642501,91.38436607142857,0.005952380952380952,4,0,2024-07-01,10691152
1719851400000000,0.03417658049345754,14.46975198321971,0.7492297316181316,180,0.7740922255117579,0.20858154581220445,0.00047741661109068634,0.0005009812108081046,83.56572777777778,0.0,4,0,2024-07-01,10691152
1719853200000000,0.026503199387188973,17.33786066631946,0.6945919885558731,180,0.7038489407655317,0.29181101409545906,0.0001752856457364338,0.00033646042487056604,94.862575,0.005555555555555556,4,0,2024-07-01,10691152
1719855000000000,0.027746029629324806,16.27765322238875,0.6270374773184302,180,0.6355056344315568,0.33362584120877603,1.686389614374839e-05,4.510195714291232e-05,99.58446111111112,0.005555555555555556,4,0,2024-07-01,10691152
1719856800000000,0.03179848416040256,16.03904248127811,0.6256676722965182,180,0.6479355908669525,0.19737426885583575,0.00833397646320777,0.006159867841251998,107.83646944444445,0.0,4,0,2024-07-01,10691152
1719858600000000,0.03774021645667116,14.561858645962815,0.7190318896381176,180,0.7375452761434297,0.20171679146037835,0.0003648668949567391,0.00040729202785916296,87.66945,0.0,4,0,2024-07-01,10691152
1719860400000000,0.03380625425113119,15.700429553193413,0.7109716220381526,180,0.7212578519753433,0.22856763062630592,0.0017774988902552469,0.0009961800417638278,111.99239166666666,0.0,4,0,2024-07-01,10691152
1719862200000000,0.03984982516565802,16.833856946549403,0.7753864633859893,180,0.7754650205687368,0.15966789588412778,0.00057033107413762,0.0011044455833277844,92.576175,0.0,4,0,2024-07-01,10691152
1719864000000000,0.0265553341131688,22.188126739391418,0.7565797497059835,180,0.7719754565995265,0.21530515939664008,0.0006391051387176772,0.0053936019739684316,119.99099722222222,0.0,5,0,2024-07-01,10691152
1719865800000000,0.02420884266212233,13.441404843470846,0.6572965067718416,180,0.668241822173923,0.3012011210225457,0.01972002758164859,0.035627607691636864,133.08136944444445,0.0,5,0,2024-07-01,10691152
1719867600000000,0.025629859745851347,8.177228011006608,0.514099270669218,180,0.549631138734532,0.5244851284018268,0.00631903942069878,2.1486221798983074e-05,117.01769722222222,0.0,5,0,2024-07-01,10691152
1719869400000000,0.07440972519824446,8.426975988235414,0.5154346696053094,180,0.5712620997249205,0.33247657079058723,0.001122564680801852,0.00021307222886990385,44.81644166666667,0.0,5,0,2024-07-01,10691152
1719871200000000,0.05089311839975534,6.103864113493225,0.18771842860334775,180,0.19104895417384382,0.5162950778573161,0.004096538076016731,0.019698919471014542,75.68197777777777,0.005555555555555556,5,0,2024-07-01,10691152
1719873000000000,0.04427327699145178,16.361196049125596,0.7080889364768919,180,0.7127272454768026,0.3553237454318522,0.003951178997481319,0.0021676936468256747,65.65547500000001,0.005555555555555556,5,0,2024-07-01,10691152
1719874800000000,0.03816814281778348,16.082976753552586,0.6764698943308686,180,0.7039394196689296,0.3255464706560709,0.0038861105648747563,0.00018539076838841595,81.29927500000001,0.0,5,0,2024-07-01,10691152
1719876600000000,0.04055504772409292,13.292309824742441,0.5650403422798629,168,0.6128104568803826,0.5089336814961858,0.00026017620596685553,0.000731113500063163,65.46579464285715,0.005952380952380952,5,0,2024-07-01,10691152
1722470400000000,0.057166052540641624,22.926539781112428,0.8039853979254322,168,0.805484618177578,0.24255886583122388,0.021922935577602054,0.002816792641428867,48.87202976190476,0.005952380952380952,0,0,2024-08-01,18919871
1722472200000000,0.06047435437225536,22.269511271576338,0.8013677228177762,180,0.8062405056241676,0.3263382182051644,0.038656087103453585,0.02787206647439988,50.42225833333333,0.0,0,0,2024-08-01,18919871
1722474000000000,0.059011151862867,22.086201481921666,0.7402450688683408,180,0.7496836155044331,0.29088451499266654,0.033786858464120884,0.03839598213160855,47.07611944444444,0.011111111111111112,0,0,2024-08-01,18919871
1722475800000000,0.058177040514050704,11.95866998597121,0.4281456802088126,180,0.43290690989127045,0.3485467951862472,9.606849120535887e-05,0.002253709986452468,43.881769444444444,0.0,0,0,2024-08-01,18919871
1722477600000000,0.07352208006303812,18.413045416713302,0.6871669618713905,180,0.689097567290621,0.16264800265265245,0.038035095006261455,0.004963365519267682,41.738730555555556,0.0,0,0,2024-08-01,18919871
1722479400000000,0.06650634472206743,24.144068764489326,0.7750416105920237,180,0.7752079342422551,0.17790648407663934,0.01261409286860915,0.008523847454372846,44.5338,0.005555555555555556,0,0,2024-08-01,18919871
1722481200000000,0.06735150722010594,18.49981365093332,0.7101371976273232,180,0.7102374414158628,0.15631555962024823,0.013739621120006595,0.012532814183061403,43.19770277777778,0.016666666666666666,0,0,2024-08-01,18919871
1722483000000000,0.06241529968732223,21.975595225078283,0.7908344511709468,180,0.8017668621052194,0.13734217826792683,0.0004183206036862952,0.00755369101684944,49.23835555555556,0.0,0,0,2024-08-01,18919871
1722484800000000,0.05903662083896096,14.891693395642879,0.6364335353034319,180,0.6396211077758254,0.2806939499873595,0.0009819412032603392,0.0033887149170768183,48.75128333333333,0.0,1,0,2024-08-01,18919871
1722486600000000,0.06397761552236259,20.73545964482822,0.7283702339984428,180,0.7326401566119424,0.1994372613377523,0.000937402024250078,0.0051423928226487226,44.98318611111111,0.011111111111111112,1,0,2024-08-01,18919871
1722488400000000,0.056208452039134264,15.30629794015279,0.5979578247064463,180,0.5985403889386485,0.2943301206914172,0.00044613433685880555,0.002455509669771039,47.06164444444444,0.016666666666666666,1,0,2024-08-01,18919871
1722490200000000,0.03687370119370459,13.468061396348618,0.5747133990514968,180,0.5761520089770777,0.13477372857393521,0.0143224659106026,0.007464385097489479,71.94333055555556,0.0,1,0,2024-08-01,18919871
1722492000000000,0.04470263460489074,20.11877652504916,0.7065862213405149,180,0.7132728066909211,0.33822582794255296,0.04108998090307148,0.017595798721589895,63.8198,0.0,1,0,2024-08-01,18919871
1722493800000000,0.04672029454300296,25.041173512704244,0.6546881025169711,180,0.6580777844396442,0.2852118330691513,0.004079823421963891,8.136467177788376e-08,64.51698611111111,0.005555555555555556,1,0,2024-08-01,18919871
1722495600000000,0.04590814271349596,16.86127469121142,0.7591120943676506,180,0.7664560724307773,0.20868678940782448,0.00042656903441107286,0.0009979444648546831,61.84456666666667,0.0,1,0,2024-08-01,18919871
1722497400000000,0.04707297412054491,17.892465952434332,0.7231564640612618,168,0.7292353214381002,0.20087824565311063,0.00454484578549097,0.0035416984454987865,55.42354166666667,0.0,1,0,2024-08-01,18919871
1722499200000000,0.04412842076419959,17.94745765282757,0.763330081928274,168,0.7640788871481771,0.09936927767361325,0.006786501557163094,0.0130283470692385,134.4957886904762,0.0,2,0,2024-08-01,18919871
1722501000000000,0.044508239289365974,20.843015733758033,0.789930602359123,180,0.7901153086614884,0.17275419917009904,2.8030056444694473e-05,0.0005168727996825995,53.55985555555555,0.0,2,0,2024-08-01,18919871
1722502800000000,0.04467264936970623,13.463322422243877,0.6799163139295161,180,0.7046361188961678,0.25296312266346543,0.0052938005886833395,0.0025160632711578312,52.428825,0.0,2,0,2024-08-01,18919871
1722504600000000,0.04776273962367074,22.810078771566893,0.8363399703481398,180,0.8386428003914449,0.061345849670525476,0.004024821204019591,5.296174154789668e-08,54.63623055555556,0.0,2,0,2024-08-01,18919871
1722506400000000,0.05115530414834911,22.805635730810828,0.7872175275650036,180,0.7937196401198767,0.274259532201527,0.006761217593220237,0.010821817490629604,56.715825,0.0,2,0,2024-08-01,18919871
1722508200000000,0.04922312150611323,19.440780813612882,0.819604294845456,180,0.8232351910983791,0.14551114215102068,0.0011942185473645672,0.0035056078068715912,53.61913055555555,0.0,2,0,2024-08-01,18919871
1722510000000000,0.04852340029582618,26.439770549445445,0.8245739210899015,180,0.8440016801697234,0.21021589611647595,0.002665766137196157,0.006057456692379004,54.62584722222222,0.0,2,0,2024-08-01,18919871
1722511800000000,0.049707957848007994,12.427562233506833,0.6039958320048788,180,0.6357969537826674,0.23139943962849996,0.005370202065254959,0.0005811267139278486,46.61593611111111,0.0,2,0,2024-08-01,18919871
1722513600000000,0.048233640099317895,11.73254740089037,0.6482742500605086,180,0.6914812802512722,0.23828973600359316,0.0005900817693823557,0.0023396908682441486,48.317083333333336,0.005555555555555556,3,0,2024-08-01,18919871
1722515400000000,0.05770603544736384,18.474784109701158,0.669673072998421,180,0.6696871085220044,0.30433943164070953,0.020156924146952804,0.017039347478882916,53.161052777777776,0.0,3,0,2024-08-01,18919871
1722517200000000,0.05244133382232889,17.849731282908518,0.7399916016567112,180,0.7399930769349612,0.11031274944858838,0.00242640517280146,0.0006252911712584241,59.18709444444444,0.0,3,0,2024-08-01,18919871
1722519000000000,0.04573752449817199,15.389927193311038,0.7286104697512986,180,0.7384859948631557,0.1000235401517845,0.0014101527997707475,0.002743910398986582,61.93378611111111,0.0,3,0,2024-08-01,18919871
1722520800000000,0.04424323132386343,16.257181116065784,0.6719695000584356,180,0.6855374875614466,0.03622398224616141,0.005588202642476281,0.0077934272622005585,108.0485388888889,0.005555555555555556,3,0,2024-08-01,18919871
1722522600000000,0.048509583823661794,21.218242107365565,0.7959717161777596,180,0.8042598672692355,0.23156496809977767,0.000912773100245734,0.00415768780687209,68.34445277777778,0.005555555555555556,3,0,2024-08-01,18919871
1722524400000000,0.05995934052207842,12.90508512740074,0.6406849559382852,180,0.6504846802751041,0.2504762658740126,0.010691256967896412,0.009411888825267445,75.30916666666667,0.011111111111111112,3,0,2024-08-01,18919871
1722526200000000,0.053481042942241944,14.085764318346245,0.638043595451619,168,0.6534900725844265,0.2272837406452859,0.013710295398994155,0.0012911393678423089,52.95268452380952,0.011904761904761904,3,0,2024-08-01,18919871
1722528000000000,0.0569807407303938,16.21162539298988,0.6651896539696953,168,0.6738174731918517,0.14539235812774398,0.0038938530866081678,6.193391115127955e-05,48.84258630952381,0.017857142857142856,4,0,2024-08-01,18919871
1722529800000000,0.051173481552567665,11.107719957611552,0.613971232348145,180,0.6154069154859474,0.2899647558757449,8.025562194680091e-05,2.8277067829485247e-05,48.706272222222225,0.011111111111111112,4,0,2024-08-01,18919871
1722531600000000,0.0509469138439093,15.06729385138859,0.7337009836750477,180,0.754420580933763,0.22031377641151328,0.0076904907600119365,0.0010549359108170675,51.43286666666666,0.005555555555555556,4,0,2024-08-01,18919871
1722533400000000,0.05851359323441879,10.924780913067115,0.5747737415166987,180,0.5997013130677382,0.35953470801760556,0.0008553862001611234,0.010044209876326815,41.92270277777778,0.022222222222222223,4,0,2024-08-01,18919871
1722535200000000,0.05371183663584135,20.34838497811939,0.7574380449302489,180,0.7582918067527884,0.18692036737063555,0.02755404666755401,0.009982459424237256,51.24845833333333,0.005555555555555556,4,0,2024-08-01,18919871
1722537000000000,0.05071588891999843,20.43899914572859,0.6975617664453639,180,0.7067271630983316,0.20738584705657148,0.001700816579097042,0.0011881995706259918,50.66081388888889,0.0,4,0,2024-08-01,18919871
1722538800000000,0.03733683856961113,15.467392669758683,0.7416708429620007,180,0.755208049259787,0.11868876716608479,0.0021668767055061933,0.00020748224668853954,59.23939444444444,0.011111111111111112,4,0,2024-08-01,18919871
1722540600000000,0.04331545226213875,22.46555944851226,0.8025726215098371,180,0.8040306315622746,0.3566023195155402,0.02487606646501128,0.018432423992851832,62.36916944444445,0.005555555555555556,4,0,2024-08-01,18919871
1722542400000000,0.04570237886402123,20.592049359034906,0.7122637139452691,180,0.7151607561946274,0.18887634664708153,0.0014364746044817078,0.004316246015211744,59.21478888888889,0.0,5,0,2024-08-01,18919871
1722544200000000,0.05089795931215006,16.4447029541786,0.5703056447970483,180,0.5760292969105156,0.42676732502392056,5.908584167713116e-05,0.000675303518648751,62.25612777777777,0.011111111111111112,5,0,2024-08-01,18919871
1722546000000000,0.05003678457185442,13.825014974782457,0.706970107905012,180,0.718777573502112,0.15210971148392483,0.010018602559067391,0.003974113776554766,66.98107777777777,0.0,5,0,2024-08-01,18919871
1722547800000000,0.0716762928782269,6.3441244702554895,0.5401911877658412,180,0.5740807035547929,0.5537582189737327,0.0025291963308664567,6.2691981310814e-05,47.783361111111105,0.0,5,0,2024-08-01,18919871
1722549600000000,0.033466244162132446,9.596504828742972,0.5628233627407317,180,0.5673790470007157,0.1916015821771997,0.0009460302843922186,0.0002272545594943498,59.389961111111106,0.005555555555555556,5,0,2024-08-01,18919871
1722551400000000,0.04629692708702818,12.866470055486156,0.6108836887115479,180,0.6109232038936746,0.2253604164377515,9.146259087988717e-06,0.01136632456300457,59.65718333333333,0.0,5,0,2024-08-01,18919871
1722553200000000,0.041012833769416154,16.28626775858944,0.6903830943518148,180,0.6963525817746685,0.27730242521014015,0.046190195461158545,0.03868278665397684,72.49433055555555,0.0,5,0,2024-08-01,18919871
1722555000000000,0.036871733211529256,14.338717989190412,0.6780543412408591,168,0.6825415012562313,0.20422853077905712,0.008032264112089904,0.00025094875195696975,71.56493452380953,0.0,5,0,2024-08-01,18919871
1725148800000000,0.037399759010533926,16.864114845662122,0.7867927401891038,168,0.7928459209711143,0.3877313918179087,0.0004163533075464132,0.014655000105777916,58.67721428571429,0.0,0,1,2024-09-01,15741362
1725150600000000,0.03957408455873933,16.72074879539123,0.780930806985012,180,0.7818166998540076,0.48074199281728147,0.003224066416792626,0.014694819735095122,63.36475555555556,0.0,0,1,2024-09-01,15741362
1725152400000000,0.03739959410287372,8.920056935503768,0.5449224124665538,180,0.5682000987365343,0.28168379927796316,0.004555323661429522,0.01648870145232184,57.62356111111111,0.0,0,1,2024-09-01,15741362
1725154200000000,0.04022120930419501,21.90992440491466,0.7948023157395803,180,0.795110268461478,0.2031607198524551,0.0027896460394392086,0.0002532973663089688,58.42104166666667,0.0,0,1,2024-09-01,15741362
1725156000000000,0.05056738504505699,12.510229982369712,0.6050462191601269,180,0.6055112235538753,0.31382108582660995,0.00555484110286486,0.018582279155609616,45.299255555555554,0.016666666666666666,0,1,2024-09-01,15741362
1725157800000000,0.035150632459598444,16.455604905338973,0.6371043611820593,180,0.6407543538004136,0.16100975659841976,0.0004398069902198376,0.035348002274671386,55.976416666666665,0.005555555555555556,0,1,2024-09-01,15741362
1725159600000000,0.02798505841927513,8.26093895160302,0.6113592870590747,180,0.671081190360771,0.2768612386319791,0.0017995684875695694,0.0001094261591169099,64.86535277777777,0.0,0,1,2024-09-01,15741362
1725161400000000,0.032791899773373184,15.851306345855424,0.7443762584057905,180,0.7752590313360845,0.4057020829390642,0.0007883503253253155,0.0012167206546895848,70.84156944444445,0.0,0,1,2024-09-01,15741362
1725163200000000,0.031102036405547775,3.1977045760089946,0.47404797947427335,180,0.5483929388234454,0.6489716557015082,0.01345228309430302,0.0019419860544762635,53.52588611111111,0.0,1,1,2024-09-01,15741362
1725165000000000,0.034448519242355286,18.85092678400794,0.7358755285143879,180,0.7481059289637901,0.26345686802427726,0.002909754328524916,3.209389757385939e-05,60.626861111111104,0.0,1,1,2024-09-01,15741362
1725166800000000,0.03562860489973338,13.232377062712176,0.5219453553361364,180,0.5300939795960632,0.3375708997357493,0.013870772220756278,0.0004990151048642755,50.65869166666667,0.0,1,1,2024-09-01,15741362
1725168600000000,0.043823463032424376,12.00556524870672,0.5685627411612024,180,0.5693888098294506,0.33982805071260824,0.014911489952238122,0.00026557705447127766,65.37085,0.005555555555555556,1,1,2024-09-01,15741362
1725170400000000,0.03479879603578662,14.025634000141727,0.7399792630435955,180,0.7518316974919237,0.22383751917443107,0.0003566646357926473,0.0023915498614597297,59.289361111111106,0.005555555555555556,1,1,2024-09-01,15741362
1725172200000000,0.03649811411340298,11.169732465566993,0.666033578026899,180,0.6739766117870163,0.2585814499650195,0.0009195287708569921,0.022965747131216352,48.35881388888889,0.0,1,1,2024-09-01,15741362
1725174000000000,0.03712729547105223,24.163922572500105,0.7174329990924011,180,0.7270932951289395,0.3333669782396904,0.010205526193708625,0.0016096847495754574,61.83,0.005555555555555556,1,1,2024-09-01,15741362
1725175800000000,0.037547483119100805,16.924078193106112,0.7194760266600992,168,0.7235204862528668,0.3825234634779031,0.003823604714108919,0.0016308697169074016,56.003145833333335,0.0,1,1,2024-09-01,15741362
1725177600000000,0.035316524272990174,10.960926079193056,0.6760736219681773,168,0.6949316524450906,0.0685596694662225,0.0066009599476880565,0.00040194773627311164,54.8465,0.0,2,1,2024-09-01,15741362
1725179400000000,0.03494515045206453,14.365888301859949,0.7212451793129596,180,0.7410095330696518,0.3072759955171309,0.004085988079214231,0.010065234731609918,56.68541944444444,0.005555555555555556,2,1,2024-09-01,15741362
1725181200000000,0.03399625277068225,18.718932292066487,0.7930197732370882,180,0.7982104085502154,0.46241289662921314,0.009254432109130906,0.035619733442800006,69.25743888888888,0.0,2,1,2024-09-01,15741362
1725183000000000,0.03339441520701343,11.605973901329996,0.617206324109834,180,0.6294021874817401,0.2543529323628252,0.012991980267518577,0.006443010651380421,70.1941138888889,0.005555555555555556,2,1,2024-09-01,15741362
1725184800000000,0.03686146241976966,21.263537698435975,0.7564711533075401,180,0.7602822042807851,0.2702126481856917,0.002639363132770911,0.0014290367936019566,58.85457777777778,0.0,2,1,2024-09-01,15741362
1725186600000000,0.03838202566469029,12.300933422535518,0.6103494096510698,180,0.6250259787477201,0.32165191470230226,0.001765174912828571,0.0038708279475623275,47.76645555555555,0.005555555555555556,2,1,2024-09-01,15741362
1725188400000000,0.03836860472466232,15.52258418903083,0.7378099290555747,180,0.7384014050113274,0.25879770260655865,4.238792947863779e-06,4.328914814988316e-05,53.75983333333333,0.0,2,1,2024-09-01,15741362
1725190200000000,0.0351775687129999,11.982529041462868,0.7170307759015486,180,0.7238054009567233,0.31060918862049036,0.022846865269552485,0.016791369381923826,75.79153611111111,0.0,2,1,2024-09-01,15741362
1725192000000000,0.035053163600610115,18.660806453363005,0.7384097702608042,180,0.7433379799780266,0.22152564811546205,0.000153911832166731,0.026864233717576735,58.00591388888889,0.0,3,1,2024-09-01,15741362
1725193800000000,0.03455337706835222,8.659321736717029,0.6144880557639743,180,0.6530307912895663,0.42555828498835235,0.008514430748886137,9.91731963218001e-08,53.55744444444444,0.005555555555555556,3,1,2024-09-01,15741362
1725195600000000,0.03760424498866914,20.015371394206568,0.7602345502990514,180,0.7783998388319344,0.27705138889208203,0.0042139668182437084,4.297590804613893e-05,57.82481944444445,0.0,3,1,2024-09-01,15741362
1725197400000000,0.0461648289319823,16.729498165249886,0.7588944007445445,180,0.7622686421434205,0.199541702641573,0.0003051560287639088,0.001314718857291286,53.52348611111112,0.005555555555555556,3,1,2024-09-01,15741362
1725199200000000,0.04883935402101765,13.69687014575165,0.6089789991417356,180,0.6168985194914723,0.28972175484046214,0.006949002088387113,0.0027288799902138727,46.408502777777784,0.022222222222222223,3,1,2024-09-01,15741362
1725201000000000,0.04163369955995151,22.091642849760493,0.6236365616918458,180,0.6302288766088096,0.3454875706723991,0.01395412359840531,0.012337742149545639,46.9987,0.005555555555555556,3,1,2024-09-01,15741362
1725202800000000,0.03916090481507716,26.349873989031735,0.8277961461819883,180,0.8392370505999756,0.3255619604382992,0.024997559306280892,0.009640459468108764,58.24754444444445,0.005555555555555556,3,1,2024-09-01,15741362
1725204600000000,0.041801244127586845,8.2356603018847,0.5623781531672647,168,0.5797979679792047,0.37443287586038765,0.0011928224964405931,0.0049179907837199055,51.1603125,0.005952380952380952,3,1,2024-09-01,15741362
1725206400000000,0.03900124284064505,20.738564585621802,0.6987117717084841,168,0.7050901891402892,0.12381460219451268,0.00440698527337724,0.0017453615847363713,61.69562202380952,0.011904761904761904,4,1,2024-09-01,15741362
1725208200000000,0.03845344589111369,16.856860808948298,0.7662963410043115,180,0.7701969010438379,0.2102291531978112,0.006403398235787727,0.0010394517880611964,69.29047222222222,0.0,4,1,2024-09-01,15741362
1725210000000000,0.03897907824805667,19.84652827193984,0.7492258158893758,180,0.7495909667576421,0.17461941098368672,0.0032559084617932443,0.0021333168502486455,57.444363888888894,0.005555555555555556,4,1,2024-09-01,15741362
1725211800000000,0.04171918753264724,16.7031450224337,0.7535426945980483,180,0.7668382037738225,0.2681003613840597,0.0014545005783976883,0.0037142425339750096,58.12418333333334,0.0,4,1,2024-09-01,15741362
1725213600000000,0.04007048917237001,8.066927752241618,0.5924173184791645,180,0.5927802051066663,0.4392036367642146,0.0011300480654989897,0.01778142169396879,81.50737222222222,0.0,4,1,2024-09-01,15741362
1725215400000000,0.04287130210705495,14.555403532209805,0.6579076507139884,180,0.6663417030662064,0.3394990270073789,0.005340464538147072,0.0158191621967948,49.91325277777778,0.005555555555555556,4,1,2024-09-01,15741362
1725217200000000,0.04515585091737476,10.429588237519782,0.5237857010864259,180,0.5248991793523334,0.39953572629077316,0.0035563701652807644,0.019998710267928987,62.32908333333334,0.005555555555555556,4,1,2024-09-01,15741362
1725219000000000,0.036266707687167984,8.82993266976057,0.6563650006589015,180,0.7448119102432625,0.2679420307011501,6.738640989223388e-05,0.004795030853175675,54.91462222222222,0.0,4,1,2024-09-01,15741362
1725220800000000,0.0422621085980851,8.9823956200633,0.7658028255515936,180,0.8041855357755515,0.5262736806237527,0.0030816008448256715,0.0010745607435707072,60.723752777777776,0.0,5,1,2024-09-01,15741362
1725222600000000,0.03556292632202597,20.410465009329183,0.7795448168023856,180,0.7965619121522624,0.2287274380244193,0.012432138777491608,0.015742118386512738,62.67223333333334,0.0,5,1,2024-09-01,15741362
1725224400000000,0.0492114350978939,15.106760936522171,0.579965909643088,180,0.5804026735990264,0.5978307629316302,0.003194629160769069,0.0537164157993848,48.17285833333333,0.0,5,1,2024-09-01,15741362
1725226200000000,0.057254526960717506,12.632905742857838,0.8166433954466615,180,0.8174941840247205,0.1724600780186093,0.017047205286196965,0.006046773765207791,66.77709444444444,0.0,5,1,2024-09-01,15741362
1725228000000000,0.06404609675339554,9.492209904209954,0.6352698844716897,180,0.6361570899036746,0.5519890547739048,9.828342238793475e-05,0.0013336835131166902,42.89657222222222,0.005555555555555556,5,1,2024-09-01,15741362
1725229800000000,0.058934476785231116,10.472135044259009,0.5115806626188493,180,0.5146602854429939,0.32912467053359296,0.001716333469050646,0.0028391686720531384,42.7221,0.027777777777777776,5,1,2024-09-01,15741362
1725231600000000,0.05200591488512825,10.050860071855022,0.4646693161383424,180,0.475886882840848,0.26887275262301347,0.007170684252899795,0.014461145045038148,38.41358888888889,0.0,5,1,2024-09-01,15741362
1725233400000000,0.04341120004893996,21.282449416358126,0.6897330392557575,168,0.7096689297970531,0.2955058532058943,0.002733089634580854,0.030960346868852517,99.71588392857144,0.0,5,1,2024-09-01,15741362
1727740800000000,0.059134558317536993,14.377596792801896,0.7023399760787712,168,0.7046636071693138,0.39969662322296007,0.0007841939543196119,0.004719044872245726,39.1654255952381,0.011904761904761904,0,0,2024-10-01,22452983
1727742600000000,0.061155286205775816,20.234091350462137,0.7710224570833362,180,0.7712837858167809,0.34574478255442787,0.0036949259906168264,0.03426814582766191,37.686794444444445,0.016666666666666666,0,0,2024-10-01,22452983
1727744400000000,0.0507906777362348,18.276339379462815,0.6806073766855669,180,0.7143721453830838,0.37281586084722873,0.009474170116941738,0.004963856308441761,33.65971944444444,0.016666666666666666,0,0,2024-10-01,22452983
1727746200000000,0.06112764486393385,27.644513485195255,0.8284567947352623,180,0.8285644743953311,0.4051810261398967,0.002454706146063801,1.1195965443633327e-07,39.77371388888889,0.0,0,0,2024-10-01,22452983
1727748000000000,0.04832163709522576,20.7563835054796,0.812991877080342,180,0.8183268802513433,0.3504957939981205,0.0018818174032382284,0.007175559472989312,48.51295555555556,0.011111111111111112,0,0,2024-10-01,22452983
1727749800000000,0.04414099591311192,27.52160142437619,0.8667926282309457,180,0.8667927619496731,0.25035387754284955,0.0010396162027044298,0.0029073702237508714,51.357663888888894,0.0,0,0,2024-10-01,22452983
1727751600000000,0.043120575892223026,20.08448084541034,0.8006626293271372,180,0.8086562298681417,0.49154858564419623,0.008757648063514978,0.001762259564046853,57.888374999999996,0.005555555555555556,0,0,2024-10-01,22452983
1727753400000000,0.04374064628050408,23.0505892945796,0.8258401679708741,180,0.8340630178635229,0.3968067116028643,0.001945390957176829,0.01976286530109328,62.45254166666667,0.0,0,0,2024-10-01,22452983
1727755200000000,0.0432997019604847,14.557041309850797,0.7739259396363924,180,0.7739487620513835,0.4137792202416005,0.008013244517916851,0.006801832208587322,53.44403055555555,0.0,1,0,2024-10-01,22452983
1727757000000000,0.0357188792318173,15.854731120436806,0.6992596520785642,180,0.7007333494655348,0.12639195054500552,0.07875289136220487,0.015123259250821808,69.08733055555555,0.005555555555555556,1,0,2024-10-01,22452983
1727758800000000,0.03777441591836981,23.79120053733671,0.8399197049080311,180,0.8495097733207524,0.2824206000510715,0.0076383386218216165,0.0062574348798832835,60.92981666666667,0.0,1,0,2024-10-01,22452983
1727760600000000,0.0346077288570254,17.72893293634763,0.8421436317436859,180,0.8468329927722462,0.11882167513273423,0.002307846117515888,0.007937178259688094,68.81972222222223,0.0,1,0,2024-10-01,22452983
1727762400000000,0.03622864668899542,17.16195838062462,0.8040239985233488,180,0.8071533445366625,0.3846218037843947,0.0014238215006248112,0.00010768805521821356,62.88487222222222,0.0,1,0,2024-10-01,22452983
1727764200000000,0.041649091566811736,14.479065427930461,0.7829937872966632,180,0.7830537426865849,0.43140676420620183,1.0394460729257204e-05,0.0019050982844200925,63.32335,0.0,1,0,2024-10-01,22452983
1727766000000000,0.025150290171294228,8.01356739116003,0.44478818423514344,180,0.47821444111797284,0.032321456222254796,0.0011372837851501005,5.178142542561215e-05,209.2432638888889,0.0,1,0,2024-10-01,22452983
1727767800000000,0.029178243674563384,14.149610982163322,0.8502124208307007,168,0.8702310082202493,0.37107457765020513,0.0002269345481215046,0.0005126856681815228,82.07603869047618,0.0,1,0,2024-10-01,22452983
1727769600000000,0.03204618003860557,16.635083873458463,0.8454237448884669,168,0.8750275457121379,0.287282666286245,0.008109300978341727,0.014325977427986025,66.13940773809524,0.0,2,0,2024-10-01,22452983
1727771400000000,0.031178194743650633,15.980165836310805,0.7638881427715462,180,0.7912196191437868,0.22686749524855698,0.010435807511720241,0.0009446087981188622,75.05366111111111,0.005555555555555556,2,0,2024-10-01,22452983
1727773200000000,0.013674089090712525,2.4794287972898386,0.29638993493832055,180,0.6533881136741828,0.22404512994126868,0.001389689132145655,0.015197743884855064,85.27498055555556,0.0,2,0,2024-10-01,22452983
1727775000000000,0.032937990206005956,14.353356477603601,0.6488466651641709,180,0.6697459287650473,0.33570602624091084,0.0010783880361225906,0.0007044081521407897,52.844525,0.0,2,0,2024-10-01,22452983
1727776800000000,0.03514018004315938,18.394860404523104,0.6984282235650239,180,0.7167413174577598,0.3188488751566546,0.002474340628589089,0.0065574236452740076,58.00629722222222,0.005555555555555556,2,0,2024-10-01,22452983
1727778600000000,0.033263093527063074,18.68061241377771,0.8264641689987421,180,0.8384596164963661,0.22965887072253344,0.0016506683333127325,0.0015112153388379124,51.493208333333335,0.0,2,0,2024-10-01,22452983
1727780400000000,0.030168551865716486,19.852859564913857,0.8314571682660027,180,0.8461914635976553,0.23143734818585682,0.024424473604093166,0.009249932155552698,67.27075833333333,0.005555555555555556,2,0,2024-10-01,22452983
1727782200000000,0.026323689251602188,8.30726297228583,0.5934778010650489,180,0.6420495619759025,0.2913019507453998,0.0050766710609434496,0.017087464845050526,73.61955833333333,0.0,2,0,2024-10-01,22452983
1727784000000000,0.03260890904670367,25.716215070335956,0.8772000489523218,180,0.8912405521192482,0.22129467942977532,0.01381496431567164,0.003133446687419661,68.82240833333333,0.0,3,0,2024-10-01,22452983
1727785800000000,0.030733243623739668,14.226477183640906,0.6248612996002977,180,0.6262604051998562,0.4231206577914388,0.0013191047830338753,0.006558070022084528,96.66132499999999,0.0,3,0,2024-10-01,22452983
1727787600000000,0.03475959154319385,17.647410641583356,0.7882519389436601,180,0.7923854663178362,0.3659919474509298,0.010481994030194453,0.011465290918952653,75.62388333333332,0.005555555555555556,3,0,2024-10-01,22452983
1727789400000000,0.04492468911991604,17.776299167035532,0.6555872255299661,180,0.6556160155596632,0.3779408284493393,0.008191873171679465,0.003972106079314974,51.616275,0.022222222222222223,3,0,2024-10-01,22452983
1727791200000000,0.04741607348699653,15.07890832435948,0.7177738263046685,180,0.7212563105051994,0.19801761402793616,0.03657001688247208,0.04016746956933959,50.68561388888889,0.016666666666666666,3,0,2024-10-01,22452983
1727793000000000,0.049824974559974845,13.788555503175514,0.6910149775223439,180,0.691218785537212,0.2583107268660134,0.0005853541856988276,0.0005753073514874751,50.161116666666665,0.011111111111111112,3,0,2024-10-01,22452983
1727794800000000,0.08767592935910304,8.735408021238705,0.5418027982497723,180,0.5422286270424448,0.44939692525371533,0.004983965919634459,0.011357923570290196,22.8114,0.044444444444444446,3,0,2024-10-01,22452983
1727796600000000,0.07528466885267315,9.736194385259822,0.5586713676201418,168,0.5626502890348338,0.23972030317961202,8.465685416381152e-05,0.015406055179640554,25.984815476190473,0.02976190476190476,3,0,2024-10-01,22452983
1727798400000000,0.046041225130318816,16.5728889393102,0.6475536489205527,168,0.6478070690695189,0.3517843450465653,0.0023834397042751254,2.6794813497987846e-06,49.94350892857143,0.005952380952380952,4,0,2024-10-01,22452983
1727800200000000,0.047694541990955866,10.441414680290658,0.5226304548571655,180,0.5603179788299261,0.3000078312995814,0.000858115771422141,1.029021176601752e-06,54.93752222222223,0.016666666666666666,4,0,2024-10-01,22452983
1727802000000000,0.05835167748142882,6.062540303694537,0.3229019903809902,180,0.35464135522524587,0.4238422460534199,0.043840190254542555,0.004867139324003955,36.27030555555555,0.05555555555555555,4,0,2024-10-01,22452983
1727803800000000,0.07852413795258989,9.856920823563353,0.39676388247423977,180,0.4087235803927648,0.3955914960646719,0.00045403337712701664,0.00028388742442209125,26.646030555555555,0.03333333333333333,4,0,2024-10-01,22452983
1727805600000000,0.05065782146675321,14.134322969520667,0.6326829733808681,180,0.6363157740085723,0.24028195361653093,0.011816711675731284,0.0022599803086926773,49.21976666666667,0.005555555555555556,4,0,2024-10-01,22452983
1727807400000000,0.04272936740650614,19.80558658123844,0.6494286536297447,180,0.6494427944050354,0.2221513981474279,0.00933557719897804,0.018348180008006754,54.89563888888889,0.005555555555555556,4,0,2024-10-01,22452983
1727809200000000,0.045226663000981424,23.243973681943803,0.7417401729926454,180,0.7449654023293832,0.10468178076966805,0.013626266481399751,0.0006437847442383182,50.59412222222222,0.022222222222222223,4,0,2024-10-01,22452983
1727811000000000,0.04518575189470813,19.395006129989522,0.7997575435476332,180,0.8039684289901036,0.15619588580774446,0.0032994740084157925,2.323155907424379e-06,50.44189444444444,0.0,4,0,2024-10-01,22452983
1727812800000000,0.062132474847182824,12.207637470554129,0.4977597466461302,180,0.5121831808667971,0.5035646021644755,0.0009798833333867218,0.020671855366620973,40.71424444444445,0.022222222222222223,5,0,2024-10-01,22452983
1727814600000000,0.09277516316221426,10.274094114558807,0.5620624869437739,180,0.5624304173774737,0.27757091879824825,0.002444563327288707,0.013258180034289246,28.222980555555555,0.044444444444444446,5,0,2024-10-01,22452983
1727816400000000,0.0764112994070178,14.611495652850747,0.7086722440523661,180,0.7175628132512535,0.23726579585444985,0.0001692786271881852,0.0001610981003432599,29.120677777777775,0.0,5,0,2024-10-01,22452983
1727818200000000,0.06833059209734582,6.3559944241390625,0.5350944993346316,180,0.5821383639215751,0.18192606274898704,0.03964291299503109,0.01756067101537817,66.77098611111111,0.0,5,0,2024-10-01,22452983
1727820000000000,0.049895096069200465,18.97149003058357,0.711845004635856,180,0.7128147535393123,0.22864844660523265,0.0028389665599757308,0.005390202488445461,44.988025,0.0,5,0,2024-10-01,22452983
1727821800000000,0.03755769217596636,8.675412468295388,0.48992957338080956,180,0.5278037288800992,0.3328975126455087,1.3797141714011474e-05,0.0266208179911136,40.736,0.005555555555555556,5,0,2024-10-01,22452983
1727823600000000,0.04631945272388191,18.262052585861763,0.736759578040457,180,0.7368212542564266,0.26060833666725114,3.808154042839185e-05,0.00025280245186132255,42.2499,0.011111111111111112,5,0,2024-10-01,22452983
1727825400000000,0.04746653894400588,14.246690474016113,0.7044174898874538,168,0.715171979521909,0.26331383638289585,0.004372006153986696,0.0036042955277688637,35.760217261904764,0.005952380952380952,5,0,2024-10-01,22452983
1730419200000000,0.03865335005785895,15.579276825056601,0.7282132816821976,168,0.7349059078628378,0.31934261030955646,0.008414175933037726,0.010213566387877182,54.67487500000001,0.0,0,0,2024-11-01,17671472
1730421000000000,0.037413097880137684,19.71342287286564,0.8116053432600296,180,0.8187644957708373,0.2697438673661551,0.008709956270710584,0.004262650910938137,58.81853333333333,0.0,0,0,2024-11-01,17671472
1730422800000000,0.03528575875429709,17.360864450633137,0.8057505790696844,180,0.8407041521622957,0.2512438404577684,0.0016071599189154684,0.0002462084342408355,55.757711111111114,0.0,0,0,2024-11-01,17671472
1730424600000000,0.05178997838851898,17.447599736357677,0.7248166697040732,180,0.7257878596130333,0.31036462388907315,0.0014949477963731583,0.029893093714435715,39.50100277777778,0.011111111111111112,0,0,2024-11-01,17671472
1730426400000000,0.05950637328333472,13.408962585423817,0.6619796140188559,180,0.6619901118463722,0.4058620566213125,0.0030565412614518284,0.0006392280538358719,38.60604722222222,0.016666666666666666,0,0,2024-11-01,17671472
1730428200000000,0.053811325705423727,20.286519346565516,0.6777196739819065,180,0.6777329063176663,0.5162440552056538,0.0017798817141078116,0.0014778770138104136,49.157783333333334,0.0,0,0,2024-11-01,17671472
1730430000000000,0.04064991358553481,22.283876877272238,0.7805078880514473,180,0.7849889462603744,0.18818569648141747,3.259451763248933e-05,3.3068732202101714e-05,61.88058888888889,0.0,0,0,2024-11-01,17671472
1730431800000000,0.047008026823799176,19.156367870010623,0.7478322497719564,180,0.7486430562328423,0.35743262561270595,0.01589089537775923,0.0026008494325368003,50.409152777777784,0.0,0,0,2024-11-01,17671472
1730433600000000,0.04862631579671123,16.777398380361372,0.8312154595393296,180,0.8359016083432691,0.27057919920832385,0.00013072135258795914,0.0019344908216318846,48.67779166666667,0.011111111111111112,1,0,2024-11-01,17671472
1730435400000000,0.047003455259957784,14.307229023305888,0.6864435175025063,180,0.688819293371185,0.30893409225007007,0.0010913974022143114,0.0008859754852612589,51.02899166666667,0.005555555555555556,1,0,2024-11-01,17671472
1730437200000000,0.03990796588561689,18.11068109764347,0.8517173324949429,180,0.8561114319311508,0.33967336567884454,0.0037615607098020476,7.691011211097276e-05,52.45736111111111,0.0,1,0,2024-11-01,17671472
1730439000000000,0.03690257033943666,13.530536384879126,0.7289002956354128,180,0.7297029927880798,0.5406111807415606,7.253743448121241e-07,5.311870915747363e-05,74.82449166666666,0.0,1,0,2024-11-01,17671472
1730440800000000,0.03852431908415996,15.77948004622186,0.7330340921190703,180,0.7531053228438089,0.243195342523278,0.015646352232558947,4.267160946369586e-06,64.48576388888888,0.0,1,0,2024-11-01,17671472
1730442600000000,0.039675717079747416,22.827368167632297,0.7330167398365977,180,0.737173662100131,0.26569585713343447,7.36388181759029e-05,0.004336808547409254,55.14418333333333,0.0,1,0,2024-11-01,17671472
1730444400000000,0.04495009120788296,18.181066156894346,0.6733733715658157,180,0.6747719767602472,0.4851994951100468,0.000189056403328558,0.0002261522401755256,51.538763888888894,0.005555555555555556,1,0,2024-11-01,17671472
1730446200000000,0.035490581837753624,23.846020010135327,0.7524239599772834,168,0.7538763509187807,0.32372568798874546,0.00016924459123313085,0.008993892073409504,59.808705357142856,0.0,1,0,2024-11-01,17671472
1730448000000000,0.03958019257478683,18.17783562713242,0.7587763614213454,168,0.767848161449642,0.16854687244206168,0.001236763111890582,0.0035394123207473926,57.41627083333333,0.0,2,0,2024-11-01,17671472
1730449800000000,0.037852745420897456,8.456708793094933,0.6167259083259519,180,0.6167798804062151,0.4021083598620995,0.0010967968046871057,7.964024231688072e-05,93.77270277777778,0.0,2,0,2024-11-01,17671472
1730451600000000,0.03441668540531853,19.50864917549234,0.7590389277704922,180,0.7614061100022514,0.23889463674237443,0.016213223913743913,0.0063716140065587235,60.37322777777778,0.0,2,0,2024-11-01,17671472
1730453400000000,0.0327732559348375,8.17106907495909,0.6482930124981519,180,0.6773940340505684,0.3743349298748039,3.204540848289472e-05,0.0009843926600224817,58.861475000000006,0.0,2,0,2024-11-01,17671472
1730455200000000,0.040539677051219095,18.82674548888215,0.6884381799748421,180,0.6913386492538738,0.4071670472734792,0.00033111346459124835,0.0028405178472549197,62.936011111111114,0.0,2,0,2024-11-01,17671472
1730457000000000,0.03613199181662801,11.093651878848725,0.6158491090951164,180,0.615852550280423,0.39824536944008104,0.0002539703220277856,0.00019906616693365908,57.643705555555556,0.0,2,0,2024-11-01,17671472
1730458800000000,0.035832249398718444,23.568166241665786,0.8342564653800577,180,0.8381054265362908,0.3775863765488928,0.009188575680119104,0.006497109861811179,76.26867777777778,0.0,2,0,2024-11-01,17671472
1730460600000000,0.032236959914154,22.76771489681939,0.7968538610479646,180,0.8200665662971831,0.22394426131797496,0.000572039686534187,0.00014686946499919973,68.41655555555555,0.0,2,0,2024-11-01,17671472
1730462400000000,0.03557969189584331,13.883913153417813,0.7697957544234669,180,0.8003915944419762,0.32610910776732416,0.0018011432477674783,0.0030772930456282044,66.76639722222222,0.0,3,0,2024-11-01,17671472
1730464200000000,0.04790749135651288,13.67744739399639,0.642774419210535,180,0.64362658323731,0.32280777261227256,0.002638964256464371,0.0004364165250992924,99.36173055555555,0.011111111111111112,3,0,2024-11-01,17671472
1730466000000000,0.039320402340514884,24.72726318801109,0.8179598673207151,180,0.822642612042904,0.3105638802757358,9.702613010464933e-05,0.0012218550053814115,61.39147777777778,0.0,3,0,2024-11-01,17671472
1730467800000000,0.04170101084200838,16.279429287694974,0.4991064933911855,180,0.5000961660825182,0.42934878668078946,0.006847413529967428,0.0010441747939980983,55.99951111111111,0.011111111111111112,3,0,2024-11-01,17671472
1730469600000000,0.04125521996654649,13.738495257960386,0.5920696875177898,180,0.5984475354772031,0.2966538584983104,0.0020668730387665146,0.0007193303496324521,45.774211111111114,0.005555555555555556,3,0,2024-11-01,17671472
1730471400000000,0.04428496675624831,15.413464872164232,0.6011526765465518,180,0.6034333884874123,0.28608360464787874,0.0017704388651567093,3.330716756944074e-05,52.331408333333336,0.0,3,0,2024-11-01,17671472
1730473200000000,0.042372159382020075,19.442935328346373,0.73295476254294,180,0.7339760773091986,0.31468577026981936,3.926242308560646e-05,0.013960217438917177,57.42445277777778,0.0,3,0,2024-11-01,17671472
1730475000000000,0.05669444766412774,14.971588782554077,0.5588641264910541,168,0.5716015131379157,0.38533779519960476,8.412379239641776e-05,0.002729524999156019,42.53005952380953,0.047619047619047616,3,0,2024-11-01,17671472
1730476800000000,0.042550181311908596,16.14566378847062,0.6708932214606211,168,0.6710653631954278,0.32870342584393386,0.040760159405610286,0.03068693063905703,55.330041666666666,0.005952380952380952,4,0,2024-11-01,17671472
1730478600000000,0.04305756659792383,19.097917734333787,0.651536942627474,180,0.6557479583222336,0.32122306275434975,0.00033888198660581015,0.0032272133037427597,53.68003611111111,0.016666666666666666,4,0,2024-11-01,17671472
1730480400000000,0.0425336930622409,11.139061111739078,0.6432689315244219,180,0.643680824981274,0.44791282248222886,0.003060993427496106,0.001040528645510519,58.889244444444444,0.011111111111111112,4,0,2024-11-01,17671472
1730482200000000,0.034180147569942795,20.525809897928028,0.7179781725695191,180,0.7225152383980289,0.2735510763223671,0.001522367364048205,2.284039631428314e-06,59.597408333333334,0.0,4,0,2024-11-01,17671472
1730484000000000,0.0338116424359839,13.566919802962564,0.6162134825625555,180,0.6162440282929786,0.3215619988417566,0.002915839371923079,7.519802135080855e-05,61.12187222222222,0.0,4,0,2024-11-01,17671472
1730485800000000,0.03207871113712045,21.43141061101936,0.7510980320634665,180,0.7602279347245999,0.2596719607024045,0.007532788592286677,0.0003283048325619653,62.24041666666666,0.005555555555555556,4,0,2024-11-01,17671472
1730487600000000,0.039625067258767285,18.402928374734177,0.6981641086497996,180,0.6986525704959813,0.3274249393727947,0.03426584676223543,0.012261406966601052,58.06318333333333,0.011111111111111112,4,0,2024-11-01,17671472
1730489400000000,0.029571297479494493,11.446407369219969,0.5401002061222941,180,0.5606834915491987,0.2559421624017041,0.00035117495838599133,0.000208775920517823,58.92639722222222,0.016666666666666666,4,0,2024-11-01,17671472
1730491200000000,0.03490895058973409,15.745095653000272,0.6421294511833161,180,0.6430053513682616,0.35559756177045776,0.00027343004252489145,0.0004920991918196949,99.49652777777777,0.0,5,0,2024-11-01,17671472
1730493000000000,0.03405853975876055,5.976464318182022,0.6060960827144131,180,0.6202890381039458,0.4071754318081634,0.000189893990159673,0.0009359097734671362,84.56431111111111,0.005555555555555556,5,0,2024-11-01,17671472
1730494800000000,0.03985488833984695,5.042942352538424,0.5336067667517856,180,0.5851436791143774,0.5748364051126933,0.0033237440095330584,8.041285857185443e-07,87.68801666666666,0.011111111111111112,5,0,2024-11-01,17671472
1730496600000000,0.054675999292190906,17.05004534881043,0.685901709748696,180,0.7088670577390199,0.40193873876696373,0.06256482554940601,0.04165969038884065,52.589400000000005,0.0,5,0,2024-11-01,17671472
1730498400000000,0.043494760031233815,20.003555633097697,0.8010419293974538,180,0.8084118249496879,0.24073934818151943,0.007075190839001877,0.0005077854085512312,53.92333055555556,0.0,5,0,2024-11-01,17671472
1730500200000000,0.038033184633881154,27.984679225291217,0.8084809060637889,180,0.8109699227951788,0.2895637766984771,0.00553233466447467,0.007208614969243743,54.84551388888888,0.0,5,0,2024-11-01,17671472
1730502000000000,0.0368623336727996,17.752703564465595,0.8107266676626996,180,0.8156397587097298,0.1522039602727273,0.006125132198923189,0.01660216448429963,57.765369444444445,0.0,5,0,2024-11-01,17671472
1730503800000000,0.03113636300631417,9.061007357418115,0.7908491275526615,168,0.8404094821440016,0.4371350782341603,0.0011967059208539688,0.004930729776180143,54.52706845238096,0.0,5,0,2024-11-01,17671472
1733011200000000,0.05674636846658748,12.679622341546686,0.6800157037936259,168,0.7098419988797613,0.32994927329762436,0.002789466431179166,0.0003284100287561653,56.463434523809525,0.0,0,1,2024-12-01,15080488
1733013000000000,0.06910245252818337,13.235579304972605,0.6149301127749549,180,0.628703685976322,0.2756926826609838,0.00039739805613481227,0.002481104001837098,44.55531111111111,0.016666666666666666,0,1,2024-12-01,15080488
1733014800000000,0.07321608279389828,14.787038299672687,0.6551082496324125,180,0.6567853433313624,0.2086452729840914,0.009952425431645984,0.0015896977820346603,44.27225277777778,0.005555555555555556,0,1,2024-12-01,15080488
1733016600000000,0.08548571441056371,11.279438798466545,0.6286327258359071,180,0.6313998608096427,0.37129428510626883,0.0012603179206733817,0.005998732618523128,49.8058,0.022222222222222223,0,1,2024-12-01,15080488
1733018400000000,0.07913435854250658,14.961347576749171,0.6473533485382401,180,0.6510000604172782,0.26681241044171344,0.003034654441598339,0.0023617027607854,39.18830833333333,0.022222222222222223,0,1,2024-12-01,15080488
1733020200000000,0.06822737606564774,15.01515570617984,0.5820967482448256,180,0.5872144255328958,0.3103263869467796,0.00782094923019705,1.0509924174617602e-05,37.04416111111111,0.016666666666666666,0,1,2024-12-01,15080488
1733022000000000,0.0540803869595072,24.772256586882108,0.7621953281444311,180,0.7655752823415943,0.24706861928255275,0.009829923276968633,0.00768037640464736,53.55436111111111,0.0,0,1,2024-12-01,15080488
1733023800000000,0.06052733980167639,13.808949245890169,0.6887523769929904,180,0.705199869275513,0.2864085731195464,0.0020728833214586073,0.0005626116290974315,52.40466666666667,0.005555555555555556,0,1,2024-12-01,15080488
1733025600000000,0.054488613589435284,11.2713528879328,0.7295834972906226,180,0.7654662946156996,0.3317978606865266,0.0046596824145811455,0.011708844996433765,59.634436111111114,0.005555555555555556,1,1,2024-12-01,15080488
1733027400000000,0.05722839909137666,18.048765954954817,0.7458484166123753,180,0.7600161714711501,0.3776831417214791,0.012485586636234558,0.004398335633515993,51.266416666666665,0.0,1,1,2024-12-01,15080488
1733029200000000,0.06066794559122249,20.289893523479957,0.748231237178274,180,0.7490846736955312,0.31884261558310967,4.560147327570263e-05,0.03649444454152695,55.80471388888889,0.0,1,1,2024-12-01,15080488
1733031000000000,0.05541251581380728,20.604960008322006,0.6965915349484232,180,0.7058400803883755,0.15704514229596245,7.96598840113738e-06,0.0001118297480019459,47.12812777777778,0.0,1,1,2024-12-01,15080488
1733032800000000,0.059470658805752405,17.649867232013438,0.8155443024964009,180,0.8214809308069263,0.4285969790708425,6.562562458123367e-06,0.00805262345542912,57.92901111111111,0.005555555555555556,1,1,2024-12-01,15080488
1733034600000000,0.05915734862817443,19.555654851212605,0.8237037691137399,180,0.8291024440927997,0.28822828350430274,0.004488984721231604,1.12585787825914e-06,54.76448611111111,0.005555555555555556,1,1,2024-12-01,15080488
1733036400000000,0.04685373782007789,17.459365393590062,0.8075682816372669,180,0.8298213911327059,0.30118480967989947,8.268278231859938e-06,0.014687671506500077,58.32278055555556,0.0,1,1,2024-12-01,15080488
1733038200000000,0.0573537367609276,17.49939209849593,0.7679056976207974,168,0.7781006035907267,0.5030508985940716,0.011843573241830385,0.014108744982382793,67.07777380952382,0.0,1,1,2024-12-01,15080488
1733040000000000,0.061754182211622766,8.898233253541864,0.7435736886030678,168,0.774694159777918,0.49848220723608105,0.0025122825874500654,0.005839262277145041,50.990928571428576,0.023809523809523808,2,1,2024-12-01,15080488
1733041800000000,0.055072653335987425,13.231880593714044,0.6556760818369574,180,0.6758610865664567,0.1525252040347871,0.009780782347924344,0.025549431452872695,43.90431111111111,0.005555555555555556,2,1,2024-12-01,15080488
1733043600000000,0.05186220332580948,23.30200102466243,0.7654684566927323,180,0.7758288043937167,0.2776166877227545,0.003741025962659128,0.0005432410100845164,51.89063055555555,0.0,2,1,2024-12-01,15080488
1733045400000000,0.04957778057888565,10.506727074564978,0.699554467179866,180,0.7134951729907699,0.37136385518954684,0.0017453952293673414,0.006496453230405486,56.17709166666667,0.0,2,1,2024-12-01,15080488
1733047200000000,0.04300877707308856,13.317118640268305,0.6941230689757596,180,0.7130331733760351,0.1336008871844211,7.118062701483296e-07,0.0011894006938951707,72.80483055555555,0.0,2,1,2024-12-01,15080488
1733049000000000,0.04744236261668526,10.766973455727529,0.6209670873898178,180,0.6677977179487551,0.3756868612705059,0.019704263048602844,0.006394080942878078,63.06283333333333,0.005555555555555556,2,1,2024-12-01,15080488
1733050800000000,0.053818563763724486,17.9390741264558,0.7833677897741587,180,0.7879343059339652,0.3346087779689638,0.00027474479751044,0.00012743185707198013,53.77826111111111,0.0,2,1,2024-12-01,15080488
1733052600000000,0.05913424496610311,20.55810497751361,0.8111658788611179,180,0.8184678238584757,0.43958735337761357,0.00030448133929239507,0.00010978971472119792,58.835569444444445,0.0,2,1,2024-12-01,15080488
1733054400000000,0.04468474094885233,17.58844002991998,0.8097901677242796,180,0.8340516123102483,0.20553046233661965,0.0002917281636924951,3.84069196468495e-06,65.80103055555556,0.0,3,1,2024-12-01,15080488
1733056200000000,0.05227828731755069,24.650373090780985,0.8358191619731578,180,0.8437194559073331,0.31165323902923636,0.038979645303134136,0.01795170627131537,60.02574444444444,0.0,3,1,2024-12-01,15080488
1733058000000000,0.055098174973220934,16.891228680616784,0.7444687574577671,180,0.7463417730964053,0.4450718471257106,2.2847939264436512e-05,0.002052314864788407,57.78758055555555,0.005555555555555556,3,1,2024-12-01,15080488
1733059800000000,0.0587927039957912,14.104981535864171,0.7520552961085797,180,0.770552906750398,0.14531809254859773,4.040479863332003e-05,0.00018777548351456286,54.607530555555556,0.0,3,1,2024-12-01,15080488
1733061600000000,0.049261986632075885,14.56262761224441,0.641380819148454,180,0.6666539920132579,0.11109190789321788,0.005044905892412355,0.000552789717294111,91.85736111111112,0.0,3,1,2024-12-01,15080488
1733063400000000,0.05574638167820165,22.062946376128675,0.7735276285175234,180,0.77502914291603,0.40437263621669295,0.0023432571282576697,6.315882756990909e-05,54.72588333333333,0.005555555555555556,3,1,2024-12-01,15080488
1733065200000000,0.05144095942598742,16.80380727883126,0.5738436977273582,180,0.5870373237647408,0.35115417821701966,0.02740150115005968,0.002483766241307972,54.141325,0.005555555555555556,3,1,2024-12-01,15080488
1733067000000000,0.06103372602760366,11.090662891969108,0.6170303635713098,168,0.6258430810595874,0.37832010920257364,0.006223162158104811,0.004594392700251526,45.19311904761905,0.0,3,1,2024-12-01,15080488
1733068800000000,0.054452101942983736,15.810434298517075,0.748350339208451,168,0.7573697132844136,0.29769368544537844,0.01217389691515458,0.015316276495829007,46.94833630952381,0.0,4,1,2024-12-01,15080488
1733070600000000,0.056924359353547734,14.463262232209786,0.7229176757981017,180,0.7238646516415922,0.3179680288192428,0.011711131829521992,0.007909460016123804,60.319430555555556,0.011111111111111112,4,1,2024-12-01,15080488
1733072400000000,0.06282021414560474,22.721570249162454,0.6926567904682731,180,0.6959267695917493,0.27063560436411827,0.022537473803858066,0.02190586271152528,57.64836666666667,0.0,4,1,2024-12-01,15080488
1733074200000000,0.05336916140205041,14.989372518054257,0.7559387404799691,180,0.7648707807824087,0.3025103073171348,0.03685725275391649,0.01924062832981266,54.83434166666667,0.0,4,1,2024-12-01,15080488
1733076000000000,0.05530913642405673,12.941904161425217,0.6977535964713255,180,0.7238894428915189,0.3896275684031778,0.0024182227891254016,0.009570544267680114,55.005858333333336,0.0,4,1,2024-12-01,15080488
1733077800000000,0.04537173356249853,17.2842903264476,0.7771324134023141,180,0.777399843399555,0.11810615829440929,0.014943283802376417,0.0015624950963980533,140.7472833333333,0.005555555555555556,4,1,2024-12-01,15080488
1733079600000000,0.05451849643594604,25.942580979066584,0.8002111244442783,180,0.8029385799105215,0.16395880307124555,0.0024271705833488477,4.6637316590603106e-05,47.629688888888886,0.0,4,1,2024-12-01,15080488
1733081400000000,0.05089017603744865,11.44206670247357,0.6852034797201105,180,0.7153949457064023,0.20567288667373373,5.443872149746287e-05,0.0005325942898809499,61.74411388888889,0.005555555555555556,4,1,2024-12-01,15080488
1733083200000000,0.04774835618659386,11.898218472011,0.6650701546156569,180,0.6841889152894578,0.2798679425069017,0.006772953030962148,0.007956169325472384,54.073025,0.005555555555555556,5,1,2024-12-01,15080488
1733085000000000,0.05735239265593778,23.863819950366963,0.8337808401256649,180,0.8339441553800819,0.2547741816446296,3.318662688545082e-06,0.007531397076666946,58.54186111111111,0.005555555555555556,5,1,2024-12-01,15080488
1733086800000000,0.04879000370906213,15.090170527494923,0.757319202157235,180,0.777960999061545,0.31257939697161585,0.006317394781563457,0.03037619342366915,58.17415833333333,0.005555555555555556,5,1,2024-12-01,15080488
1733088600000000,0.0481742767016398,22.168754132488797,0.7897236784038255,180,0.7947670854325916,0.3933944326635772,0.00361272700580062,0.0016509316121313677,59.71173611111111,0.005555555555555556,5,1,2024-12-01,15080488
1733090400000000,0.06796244655763406,24.592998228118585,0.6029973736276288,180,0.6087344159412702,0.32249313046870176,0.0006512062905988936,0.005679748511750904,52.91803888888889,0.022222222222222223,5,1,2024-12-01,15080488
1733092200000000,0.07822490600418733,9.286857070002009,0.6493950306530712,180,0.7237788285996428,0.5151940972819175,6.2266192204507576e-06,0.001462514115279423,45.291425000000004,0.0,5,1,2024-12-01,15080488
1733094000000000,0.05000975556813701,20.492032360160323,0.7692099198068068,180,0.7892512315874822,0.32040091119745195,0.002696009341048633,0.0032328585920760045,57.36266666666667,0.0,5,1,2024-12-01,15080488
1733095800000000,0.05290344351564806,18.930967624709258,0.8058230307330986,168,0.8082243143517398,0.29298352424761864,0.003905240186482528,0.010261293699214913,63.8102619047619,0.0,5,1,2024-12-01,15080488
1735689600000000,0.0884090357099562,23.21400812116955,0.7699542455554725,168,0.7723432695671506,0.3318635658858309,2.14524998235488e-05,0.0004653675708264915,32.51114880952381,0.011904761904761904,0,0,2025-01-01,12081525
1735691400000000,0.07675034100071436,12.221760546417048,0.5474275901658516,180,0.5621330556988305,0.3035160077525495,0.017459924497766455,0.01210018777382349,41.95025277777778,0.011111111111111112,0,0,2025-01-01,12081525
1735693200000000,0.06003852717108785,4.679458697079963,0.5944628491893557,180,0.7470767296366336,0.2636927491722719,0.0004761978658275323,0.017489753034360733,40.35568055555556,0.0,0,0,2025-01-01,12081525
1735695000000000,0.07545913630675609,14.993937773113096,0.8285489606789547,180,0.8509803718212894,0.2046128870506051,0.003143525525883706,0.0024239185213700276,36.29699166666666,0.005555555555555556,0,0,2025-01-01,12081525
1735696800000000,0.08207227538934556,13.43297664786981,0.7832366051646372,180,0.8111533038398416,0.17748736008299082,0.0030617990613432955,0.006481062169626184,35.44295833333334,0.0,0,0,2025-01-01,12081525
1735698600000000,0.08051779079226667,17.41757847235255,0.7159735099088536,180,0.7303379662646377,0.2864902777862969,5.824980936264268e-06,0.008280530597778779,39.82899166666667,0.0,0,0,2025-01-01,12081525
1735700400000000,0.08525913587322462,14.85574454775981,0.7185158856510935,180,0.7381853147885613,0.26069699606022434,0.002659546099645138,0.015933902651776077,35.332908333333336,0.0,0,0,2025-01-01,12081525
1735702200000000,0.056282231907887295,10.18345415775331,0.7618009485691598,180,0.8276554620364712,0.32847012322559943,0.0025063173975483632,0.0035050203428849125,44.013475,0.0,0,0,2025-01-01,12081525
1735704000000000,0.05972011543166105,17.24547317281593,0.6474662850017759,180,0.6479841034041307,0.4447844014474289,0.007407772019287884,0.0009281018480257197,49.06208888888889,0.005555555555555556,1,0,2025-01-01,12081525
1735705800000000,0.035361908558646536,6.041900026996872,0.6210287598042556,180,0.7832003681578538,0.362605425991014,0.0017250438811834412,0.00025063585871742955,85.41105277777777,0.0,1,0,2025-01-01,12081525
1735707600000000,0.05490640572078834,19.94085034752115,0.7718440798233752,180,0.7778625618518384,0.2923007166755218,0.0022708426561888206,0.005827992876785815,71.33745555555555,0.0,1,0,2025-01-01,12081525
1735709400000000,0.05914126540669129,10.727619261389954,0.7621919109529579,180,0.7741889235103482,0.3846106176267907,0.021301556718209325,0.027683316302136385,53.200608333333335,0.005555555555555556,1,0,2025-01-01,12081525
1735711200000000,0.05693653836631226,13.527897997021803,0.8021491573826869,180,0.813049958462024,0.2624439457234856,0.006232840614024959,0.009155338310889882,47.830758333333335,0.0,1,0,2025-01-01,12081525
1735713000000000,0.073157640014348,10.17911826830548,0.7647475286662451,180,0.7721154707277385,0.2002372563368494,0.0004619450357993271,7.822650004429832e-06,50.34528888888889,0.0,1,0,2025-01-01,12081525
1735714800000000,0.0669374806388762,14.704397882316645,0.7826693126865641,180,0.7943219871023633,0.5083776724103664,0.0040821696610880975,0.005331594126943173,40.57610833333333,0.0,1,0,2025-01-01,12081525
1735716600000000,0.0642081769805408,10.978450644763788,0.8098457253906752,168,0.8412687057395729,0.1546906145940392,1.776230356032027e-05,9.51543306332292e-05,39.75835119047619,0.0,1,0,2025-01-01,12081525
1735718400000000,0.06527056150939932,11.203338976727697,0.7434490844700088,168,0.744287993966384,0.3476226362496705,0.03113989093591296,0.006194032420712148,56.58779166666667,0.005952380952380952,2,0,2025-01-01,12081525
1735720200000000,0.06573735009305055,11.90233557950508,0.7012253086184463,180,0.7281374265396752,0.2611649354771386,0.002544038848613983,0.0038130590067314563,37.86085833333333,0.0,2,0,2025-01-01,12081525
1735722000000000,0.0645380832345438,15.736933557932641,0.6065327236488705,180,0.6107098024611932,0.266513184121538,0.0003622362122648326,0.0007385770255263768,57.20887777777778,0.0,2,0,2025-01-01,12081525
1735723800000000,0.07044152187852268,10.146439752417132,0.7154663577122525,180,0.7492487171474098,0.23552268579968993,0.003291291334681201,0.009233008422457334,40.140813888888886,0.011111111111111112,2,0,2025-01-01,12081525
1735725600000000,0.06283912579904383,13.912736437948835,0.7464145394397921,180,0.7806648063294761,0.16982353618923396,0.000490056829568597,0.004324862801937779,44.028525,0.011111111111111112,2,0,2025-01-01,12081525
1735727400000000,0.0657230922571298,20.609228508269904,0.751597476840193,180,0.756905634838507,0.2513126912658966,0.017313666592360222,0.024146851293499916,42.831475,0.0,2,0,2025-01-01,12081525
1735729200000000,0.06564500188102176,22.76963278754454,0.8577100220243972,180,0.8582142437248981,0.20233253143252028,0.023462813899064683,0.008705395672590988,56.43340555555556,0.0,2,0,2025-01-01,12081525
1735731000000000,0.06823633956360863,13.426893593763467,0.7471414506631938,180,0.7617170301783769,0.25351450299005696,0.010314736584897455,0.0052804609546974746,44.11,0.0,2,0,2025-01-01,12081525
1735732800000000,0.06126943359692411,16.056319040024682,0.7933512520315738,180,0.8016699172466624,0.24235706817048508,0.0014937309854826664,1.666231481811664e-05,52.03845833333334,0.011111111111111112,3,0,2025-01-01,12081525
1735734600000000,0.06793983446301635,17.915110207695033,0.796300078742987,180,0.8061857203141699,0.1804306934745622,0.0020316929712956844,0.004087333158987239,40.55580277777778,0.0,3,0,2025-01-01,12081525
1735736400000000,0.06484280739639801,22.613953581478846,0.7812614483939839,180,0.781765384623986,0.1769626330847296,0.00012775315676738508,0.0005221183135456497,46.13464999999999,0.005555555555555556,3,0,2025-01-01,12081525
1735738200000000,0.06084224640838903,13.412961920923694,0.7503987595730927,180,0.7698901564294106,0.199880430309192,5.560319172637218e-05,9.461458092641095e-05,44.07808611111111,0.005555555555555556,3,0,2025-01-01,12081525
1735740000000000,0.08028241883352966,20.212467445593592,0.7307765163353428,180,0.7327147716263005,0.34930244424241075,0.02537856738334554,0.024056417392331775,37.41018611111111,0.011111111111111112,3,0,2025-01-01,12081525
1735741800000000,0.09014107360038004,21.566684067118768,0.7499110544328846,180,0.7499532378587866,0.235165650657998,0.0010025812271321488,0.0013490358824342907,34.10203888888889,0.005555555555555556,3,0,2025-01-01,12081525
1735743600000000,0.06882582086357555,23.692993370399734,0.8117336029678984,180,0.8147013948711134,0.2479455204447244,0.03399495510294548,0.014127051488627473,46.09685833333333,0.0,3,0,2025-01-01,12081525
1735745400000000,0.06753158857494543,11.756847602249312,0.7430885279987154,168,0.7612602303000013,0.19922330134507982,0.0028244746802519316,0.0008400401751689213,44.220958333333336,0.005952380952380952,3,0,2025-01-01,12081525
1735747200000000,0.06892378459173919,23.157823351963742,0.8139552718571128,168,0.8182273496772764,0.274847338813778,0.005880928266071783,0.005507136099838106,35.27408928571428,0.005952380952380952,4,0,2025-01-01,12081525
1735749000000000,0.06110428753639324,13.19305736931694,0.6719586613373592,180,0.6838179044875037,0.2829942110872592,0.008009871759681264,0.003650647712763244,40.34718611111111,0.0,4,0,2025-01-01,12081525
1735750800000000,0.07489245945535901,22.56600446225346,0.8054886217032671,180,0.8058505745275862,0.19361694782654137,0.001437877266846188,0.0021258161942585563,42.10051111111111,0.0,4,0,2025-01-01,12081525
1735752600000000,0.07178831759052048,27.3537738191477,0.8314543520404746,180,0.834079489777336,0.2926827311589866,0.00015727517645547362,0.0027082012480904583,43.713519444444444,0.0,4,0,2025-01-01,12081525
1735754400000000,0.06950410555517159,29.922729967015172,0.8863618402724442,180,0.8921576475246965,0.1255467001643129,0.003825661223096466,0.0073465759516183615,47.34101666666667,0.0,4,0,2025-01-01,12081525
1735756200000000,0.06050919917831518,35.02439423202512,0.8137476202153239,180,0.8143710994758919,0.26003163364858184,0.0010967478848243895,0.005572862535518475,39.58960277777778,0.0,4,0,2025-01-01,12081525
1735758000000000,0.07047498236597877,23.10323455263595,0.7781749603385603,180,0.7782563739822199,0.19664979831726292,0.014626373440560059,0.032493847512754304,42.30849722222222,0.0,4,0,2025-01-01,12081525
1735759800000000,0.07456572004399167,16.06268507748765,0.7139295258295799,180,0.716598804649464,0.27840624368013767,0.0005405670519850192,0.0019499448253990082,38.41407777777778,0.016666666666666666,4,0,2025-01-01,12081525
1735761600000000,0.06448403478851278,22.197541921763214,0.8088035009604527,180,0.8103720912529586,0.13382370095256868,0.005177410294105567,0.002949926158040017,47.32658055555555,0.005555555555555556,5,0,2025-01-01,12081525
1735763400000000,0.06744163651925282,15.095684317528839,0.7616408424224508,180,0.7858774941371678,0.1679959803080634,0.000984918431305104,0.0025690501197261906,43.692252777777774,0.005555555555555556,5,0,2025-01-01,12081525
1735765200000000,0.0700983052944451,19.476032517933472,0.7245880908527376,180,0.7284253623381037,0.07964496475575034,3.585273485706697e-05,0.00015568834615342642,42.93785555555556,0.0,5,0,2025-01-01,12081525
1735767000000000,0.06716278760881003,19.131605482969455,0.8252109220942464,180,0.8389927200706748,0.12013963320212273,0.00014824560918491603,0.00034346187084832724,46.2502,0.005555555555555556,5,0,2025-01-01,12081525
1735768800000000,0.07632607218313378,15.224677193893095,0.7444999409265467,180,0.748568962963694,0.42052769169385995,0.0006923574278187017,0.00044615369512435166,45.52610277777778,0.0,5,0,2025-01-01,12081525
1735770600000000,0.08705260765648623,21.91721435839586,0.6895028117968656,180,0.6895710451143804,0.25048403249694395,0.003866478580075272,0.011890884821418979,38.652230555555555,0.0,5,0,2025-01-01,12081525
1735772400000000,0.07399818000198177,18.30278574145762,0.758578438975448,180,0.7686583765502505,0.258826159753639,0.004101555217844166,5.77309208149579e-06,33.50279166666667,0.0,5,0,2025-01-01,12081525
1735774200000000,0.06623710594973828,14.62351558038468,0.773617267560111,168,0.7894091584076947,0.17205292442470577,0.009190112957232155,0.003704534672765547,35.66858928571429,0.0,5,0,2025-01-01,12081525
1738368000000000,0.09178064887280273,18.309350314258957,0.6650515831939139,168,0.6650545711327822,0.22878593179327866,0.002036333859680828,0.004152008490213133,30.42405654761905,0.0,0,1,2025-02-01,17213537
1738369800000000,0.08074156438827693,11.824526399845988,0.6602667229890713,180,0.6783983688513004,0.33129554004227124,0.0006835053783392775,6.738767136504897e-05,33.75906388888889,0.011111111111111112,0,1,2025-02-01,17213537
1738371600000000,0.08146875681324661,15.375868748677506,0.7043717840479589,180,0.7208687430577817,0.31070727638541984,6.527403137801535e-05,0.00010530763362637252,34.82216944444444,0.0,0,1,2025-02-01,17213537
1738373400000000,0.08733873809456999,14.795693854823845,0.6691428364399512,180,0.6691910594113659,0.4082095087956775,0.004630192934040767,0.0014561179946339653,34.97878333333334,0.005555555555555556,0,1,2025-02-01,17213537
1738375200000000,0.07527145566469835,16.237761215100374,0.7767738515106919,180,0.8000895164421864,0.20262565520048426,1.718337123812752e-05,0.006873194416752271,38.01885,0.0,0,1,2025-02-01,17213537
1738377000000000,0.0834294931123732,13.40558268677889,0.6940970103687467,180,0.7094060183971959,0.3362189120014929,0.0020872706999709445,0.0024200913603301677,32.782091666666666,0.0,0,1,2025-02-01,17213537
1738378800000000,0.09990534486246538,36.166027915990675,0.8732823527075676,180,0.876697205628568,0.18045620827742626,0.00598828033515153,0.0010518991456451854,30.008575,0.005555555555555556,0,1,2025-02-01,17213537
1738380600000000,0.0888238269725243,22.84948522710745,0.79983456599762,180,0.80846072577523,0.18680307196949664,0.005438269260891193,0.008499156038820233,33.107797222222224,0.0,0,1,2025-02-01,17213537
1738382400000000,0.08783936911246146,15.708711628035928,0.7433545781949935,180,0.7444622891360975,0.2862138616011576,0.0008153774569886751,0.006634302835472616,33.25678333333333,0.0,1,1,2025-02-01,17213537
1738384200000000,0.0720142940398476,17.109050376180907,0.7104643638933603,180,0.7274220799590756,0.412365566058455,0.0005717417759033561,7.43849852116174e-05,36.64248333333333,0.005555555555555556,1,1,2025-02-01,17213537
1738386000000000,0.06255665916634248,11.257404081671245,0.7430909015422138,180,0.7571510579263188,0.4755234654912568,0.0045937905956784375,0.0019681750968428835,48.1185,0.0,1,1,2025-02-01,17213537
1738387800000000,0.06244119554787133,25.570616481086986,0.8169210686037539,180,0.81741625150017,0.21058452331787447,0.002037580729982391,0.0007946050563411022,46.27308333333334,0.0,1,1,2025-02-01,17213537
1738389600000000,0.05957407305539143,13.422971632496242,0.7677376330239184,180,0.79196176216044,0.29831753920183623,1.0134769097946972e-05,8.357302513362086e-07,42.01819722222222,0.011111111111111112,1,1,2025-02-01,17213537
1738391400000000,0.07641587114996222,12.087183282414392,0.6983147742968108,180,0.703652598126795,0.3798390413967043,0.005224793054492749,0.00012415965936174445,34.15081388888889,0.0,1,1,2025-02-01,17213537
1738393200000000,0.07202437744113717,20.55097933508023,0.8737712461196163,180,0.8848654107863926,0.3602588287570623,0.00058173387243321,5.143426058884515e-05,40.90286666666667,0.005555555555555556,1,1,2025-02-01,17213537
1738395000000000,0.07181675280376051,24.874688198708835,0.8385329268593134,168,0.8396978404093787,0.37532412566321116,0.0005540555934520075,0.001028824585100896,41.507306547619045,0.0,1,1,2025-02-01,17213537
1738396800000000,0.07454643937228939,12.845967076351469,0.7318624320783029,168,0.7325359719966824,0.3123305175493618,0.003791474858849009,0.007357724167039281,37.012839285714286,0.005952380952380952,2,1,2025-02-01,17213537
1738398600000000,0.09428482800310833,14.944322235321692,0.701857983027306,180,0.7073951245298631,0.18199093915143505,0.009968319219350152,0.00017268180593799087,31.441277777777778,0.027777777777777776,2,1,2025-02-01,17213537
1738400400000000,0.07841802178405394,22.469310051061505,0.7557537058420639,180,0.7581999123046247,0.26298261342165696,0.009935130461180997,0.010440727726064414,37.92458611111111,0.011111111111111112,2,1,2025-02-01,17213537
1738402200000000,0.08974035434248227,16.9982892817796,0.661249186536889,180,0.6613549111352752,0.21795939108437723,0.012485776466912846,0.010101458016812614,31.365775,0.005555555555555556,2,1,2025-02-01,17213537
1738404000000000,0.07743581222428798,18.936025629471185,0.7832796746242292,180,0.7894154102861499,0.15336160394815668,0.00042031266678310697,0.0002669322524194717,39.956180555555555,0.005555555555555556,2,1,2025-02-01,17213537
1738405800000000,0.0763767584919503,28.69015499918495,0.8155944703066942,180,0.8212329764082857,0.2387909882181647,0.011543688917832529,0.014614915270039108,39.449194444444444,0.005555555555555556,2,1,2025-02-01,17213537
1738407600000000,0.06408825682194932,28.169167805644705,0.8465641700753935,180,0.8467107201728974,0.19533232406320866,0.005849743940690599,0.014885308324593671,45.58806666666667,0.0,2,1,2025-02-01,17213537
1738409400000000,0.06182259305722283,19.84064498517233,0.7658611472579842,180,0.7695965243290687,0.25532131377202305,0.0001542186713276994,0.005513815306899539,43.57406666666667,0.0,2,1,2025-02-01,17213537
1738411200000000,0.06587208320182132,11.505774485966642,0.6113531291056832,180,0.6116051587542028,0.2615221919171713,0.002064102326850503,0.006949722816550041,43.73843611111111,0.005555555555555556,3,1,2025-02-01,17213537
1738413000000000,0.06100022456804895,17.399462475397897,0.7544076069770722,180,0.7769860979699715,0.35798629026528594,6.643953830542948e-06,0.017884453261596267,46.39136111111111,0.005555555555555556,3,1,2025-02-01,17213537
1738414800000000,0.062088029586111454,22.561508045391268,0.7776739515432642,180,0.7803595136078059,0.37375908939567326,0.015199905819534787,0.021754036880234473,49.26602222222222,0.0,3,1,2025-02-01,17213537
1738416600000000,0.06725057657097148,16.51362832374622,0.7804316075184974,180,0.7828817919768649,0.20526194540315523,0.022237719389295085,0.037702902888653855,40.743075,0.005555555555555556,3,1,2025-02-01,17213537
1738418400000000,0.0663575237138881,26.154464626851148,0.8342660554002558,180,0.8386150767352893,0.233000434021286,0.0003204531464724436,6.39212954678392e-06,41.823455555555554,0.005555555555555556,3,1,2025-02-01,17213537
1738420200000000,0.06820350201058216,19.00474378777023,0.7970463000322234,180,0.8006167662639815,0.27323188991769,0.0008925308503212603,0.005689378537563572,37.90125277777778,0.011111111111111112,3,1,2025-02-01,17213537
1738422000000000,0.07751353564371885,14.84839231844048,0.6808429575645791,180,0.6973964945660573,0.3167993308346351,0.001496651671441418,3.338125320018204e-05,35.24911388888889,0.005555555555555556,3,1,2025-02-01,17213537
1738423800000000,0.06213373563720475,10.633174347583594,0.596996008800738,168,0.6061307457150915,0.41091958445815235,0.011176524497940599,0.0006335439344788973,35.10385119047619,0.005952380952380952,3,1,2025-02-01,17213537
1738425600000000,0.07105431186622542,21.614097303650126,0.837020842610564,168,0.8479824379589713,0.42146933073363846,0.005979192372299158,0.004380432844350413,40.61479761904762,0.0,4,1,2025-02-01,17213537
1738427400000000,0.07430482445119027,25.806201532943465,0.8243659436552444,180,0.8268108043023348,0.2101769796807954,0.016823474924084536,0.019791822289994432,36.965555555555554,0.0,4,1,2025-02-01,17213537
1738429200000000,0.07113776480360476,8.327127320778335,0.7084286023076187,180,0.7417919357235983,0.24947674551564503,0.008977965144865152,0.0011609412721625967,36.691158333333334,0.005555555555555556,4,1,2025-02-01,17213537
1738431000000000,0.07093624084620592,15.375903484510136,0.7980561530308186,180,0.817196252620316,0.3332541310487518,0.011219313736762992,0.005928941728139736,39.825,0.0,4,1,2025-02-01,17213537
1738432800000000,0.07683287254579377,24.446205888360822,0.8752114127331847,180,0.8828351082378207,0.323198278457721,0.0019641116774530287,0.00041256869647110506,42.000119444444444,0.0,4,1,2025-02-01,17213537
1738434600000000,0.07493536278686896,24.168084279909706,0.7344664314192608,180,0.7383926896447612,0.3711748337940166,8.54926574606063e-05,0.0001646863800164322,35.124775,0.0,4,1,2025-02-01,17213537
1738436400000000,0.08466296386936109,9.923372068302829,0.6001248664806758,180,0.602815955989181,0.4028132201691994,0.0029489835396395714,0.00850255032218461,32.89129166666667,0.005555555555555556,4,1,2025-02-01,17213537
1738438200000000,0.08120689372986059,11.042334611500953,0.5122798403063851,180,0.5196183002368457,0.15647244488909995,0.00041847167379216454,0.001592098381383411,46.067299999999996,0.027777777777777776,4,1,2025-02-01,17213537
1738440000000000,0.09180432870384952,25.8077911974162,0.7087818844757521,180,0.7100417980326299,0.14528683729511793,1.3185837830609337e-05,0.009451929669233583,29.289319444444445,0.011111111111111112,5,1,2025-02-01,17213537
1738441800000000,0.09560100184641392,13.315482475000906,0.6026822808936696,180,0.6036836875491765,0.31513591519078255,0.0022098411371649362,0.007050297984809273,36.17666388888889,0.022222222222222223,5,1,2025-02-01,17213537
1738443600000000,0.07185781644601827,18.490899246009082,0.7510805068706641,180,0.7510841910775827,0.1733558317771826,0.002841282633701203,0.015863392424913525,41.52905277777778,0.011111111111111112,5,1,2025-02-01,17213537
1738445400000000,0.08454384086822637,15.930356942240259,0.7143312473060878,180,0.7161060390143533,0.12825315793240488,0.002740334949447032,1.1563229418420917e-06,37.92318888888889,0.011111111111111112,5,1,2025-02-01,17213537
1738447200000000,0.08304692168758696,19.83592540292867,0.7436775246181371,180,0.7493793546061194,0.4323693836718313,0.0007223620419785082,0.0014970386858388363,39.88158333333334,0.022222222222222223,5,1,2025-02-01,17213537
1738449000000000,0.11433837146265538,15.627172607730891,0.7950436217869141,180,0.7954882683156846,0.42281459159511736,0.011078216123088902,0.028718559496870744,35.39514722222222,0.011111111111111112,5,1,2025-02-01,17213537
1738450800000000,0.10595330290738963,19.76497078979846,0.68275308773802,180,0.683608779530047,0.26403968802447764,0.011913982834119596,0.0056444591153752555,35.73594166666667,0.011111111111111112,5,1,2025-02-01,17213537
1738452600000000,0.08778952503022111,11.801495413577067,0.6117233356165017,168,0.6132749790627896,0.45542234073480947,0.0137699579918108,4.305360875811459e-06,32.72018154761905,0.017857142857142856,5,1,2025-02-01,17213537
1740787200000000,0.045611941950845426,17.095732002306825,0.7572747555083447,168,0.7594724664167607,0.19640008116845298,0.0008794814585219024,0.0001428572494314162,36.56876488095238,0.0,0,1,2025-03-01,24633501
1740789000000000,0.04776756809051368,22.073709874881146,0.7686658146130827,180,0.7711717579410502,0.23119431901755227,0.0010316961570954186,0.0005610292544350193,40.19465833333333,0.0,0,1,2025-03-01,24633501
1740790800000000,0.05971373627056428,18.404949158610087,0.832297712376095,180,0.8337155430686093,0.24043573069619684,0.0035724424594284487,2.483293986366153e-05,29.65843611111111,0.005555555555555556,0,1,2025-03-01,24633501
1740792600000000,0.0725266010388876,14.15305859987847,0.755096371716811,180,0.7551024802747477,0.3716602208766593,0.004936484532345631,0.0024652533984463876,31.589963888888892,0.005555555555555556,0,1,2025-03-01,24633501
1740794400000000,0.049498277741400906,15.846736355414654,0.7171486865112178,180,0.7254055582205204,0.4123870440699601,0.010612246223645205,6.736208369906294e-05,43.89317777777778,0.005555555555555556,0,1,2025-03-01,24633501
1740796200000000,0.058679269972595954,12.896549352380083,0.6270914237883181,180,0.6294906309228687,0.2955528118015911,0.007562052904964478,0.012280665987732697,34.94916944444444,0.011111111111111112,0,1,2025-03-01,24633501
1740798000000000,0.0431972698918191,20.150152109713208,0.7317301131577529,180,0.7324259571381537,0.2537231131088419,0.01371829908505573,0.0003189235258955758,45.26808333333334,0.005555555555555556,0,1,2025-03-01,24633501
1740799800000000,0.03979291534375768,13.515915456550088,0.6903491255591305,180,0.7062151493118798,0.26741265672253345,0.0004134054295862333,0.001134260347613214,41.18383055555556,0.0,0,1,2025-03-01,24633501
1740801600000000,0.04626578420272993,13.881490685187806,0.7052426605944662,180,0.7114164366248334,0.23342935289837985,0.02335003708998651,0.010218333766002896,40.12391388888889,0.0,1,1,2025-03-01,24633501
1740803400000000,0.05478212279405108,17.549288120287187,0.6736424670530095,180,0.6736902994700559,0.285041508893603,0.011125744268629001,0.001268040201193088,33.189172222222226,0.005555555555555556,1,1,2025-03-01,24633501
1740805200000000,0.04362472119994924,24.29719801979294,0.752249575239194,180,0.7522738698124183,0.32136711365482695,0.0006170396097515685,5.887643288460254e-07,43.187136111111116,0.0,1,1,2025-03-01,24633501
1740807000000000,0.04169894315752924,22.19014052356555,0.8018089577523948,180,0.8079085501126653,0.28656452908173013,0.00047563750688550677,0.002783773852466198,42.452394444444444,0.0,1,1,2025-03-01,24633501
1740808800000000,0.03024714085604769,16.89361157229517,0.655198510078906,180,0.6553074095483097,0.23245953112729245,0.0014374539755886984,0.001103972831700828,55.502849999999995,0.005555555555555556,1,1,2025-03-01,24633501
1740810600000000,0.031017748713882253,17.749991128428942,0.6951744584053947,180,0.6954010736474028,0.16391985945332554,0.0018219848570508734,3.0290137456923105e-05,57.97571944444444,0.005555555555555556,1,1,2025-03-01,24633501
1740812400000000,0.029445999983924998,16.213876169207314,0.6468052676517633,180,0.6475491286006176,0.08691359164220003,0.003759100342881183,0.016626834232208676,59.183813888888885,0.005555555555555556,1,1,2025-03-01,24633501
1740814200000000,0.0326038409338517,20.397107440130732,0.764035435812709,168,0.7647065648066391,0.23724306976010423,0.00010964831632165328,0.024313247758976142,53.92716071428572,0.005952380952380952,1,1,2025-03-01,24633501
1740816000000000,0.028848799156018574,14.210048119725995,0.7215071560869775,168,0.7245121166512942,0.18096217107925827,0.0015182928777931481,6.0287509064060885e-05,59.679244047619044,0.005952380952380952,2,1,2025-03-01,24633501
1740817800000000,0.031808911319246264,20.243737513316194,0.7190993923823126,180,0.721752421400441,0.23678205881126946,0.007483521746336819,0.003111260931079385,57.288780555555554,0.0,2,1,2025-03-01,24633501
1740819600000000,0.033196375510609694,16.17951450390042,0.7125499674283237,180,0.7156450354352274,0.21497537125105715,0.006209147934537862,0.0069519530555661735,64.87474444444445,0.0,2,1,2025-03-01,24633501
1740821400000000,0.028691860472284142,21.99166671690549,0.7769468917027146,180,0.7780720187061488,0.1786216461137884,0.002414718080151035,0.0010077557598991982,60.72517777777777,0.0,2,1,2025-03-01,24633501
1740823200000000,0.03838649443927108,14.752747981522695,0.6841926215153391,180,0.6924700568261073,0.47351215741847774,0.005708344891614425,0.021211298889738273,60.08133333333333,0.005555555555555556,2,1,2025-03-01,24633501
1740825000000000,0.03957536853496439,12.4600697338078,0.7026772750863806,180,0.7065505921053279,0.2777531006651319,0.0010137170504077586,0.002293356930601953,76.459725,0.0,2,1,2025-03-01,24633501
1740826800000000,0.04459472672288292,8.434022742897541,0.5346322328279046,180,0.5348066495675465,0.5275558798449569,0.0002711081138949689,0.0002752142702103777,54.5629,0.011111111111111112,2,1,2025-03-01,24633501
1740828600000000,0.03313014750331515,16.201394757865923,0.5533965200748037,180,0.5535178539765467,0.28771963987187665,0.005098110741107664,0.0034065709148052292,55.82344722222222,0.005555555555555556,2,1,2025-03-01,24633501
1740830400000000,0.03462023763860259,19.358422018212764,0.7142528857990429,180,0.7246754273113671,0.3338999186166237,0.004302348345986529,0.0049759093798830145,57.98184166666667,0.011111111111111112,3,1,2025-03-01,24633501
1740832200000000,0.036112508701525076,23.168798153712864,0.7403076994326376,180,0.740753439093732,0.17220860122444437,0.011069736425365906,0.0063198058962955495,53.02654722222223,0.0,3,1,2025-03-01,24633501
1740834000000000,0.04131133004301994,13.614837571595473,0.6984127128780957,180,0.7055611089165119,0.2969701259403531,0.002202981589756403,0.007539694712725531,55.043525,0.005555555555555556,3,1,2025-03-01,24633501
1740835800000000,0.03887205461181566,15.771984740557409,0.7568285903143002,180,0.7611937203902808,0.21813714832180975,0.00033874852809423484,0.00047883854554475747,54.49799444444444,0.005555555555555556,3,1,2025-03-01,24633501
1740837600000000,0.03939030337858599,14.51103137532248,0.7481108006830584,180,0.7535571047235281,0.26602291539503065,0.005916363110595735,0.0007947807928134765,48.35444722222222,0.022222222222222223,3,1,2025-03-01,24633501
1740839400000000,0.03676171930282361,19.090229717581742,0.6999400251253898,180,0.6999465604586526,0.23377944648086213,0.006950824792215093,0.002193387671075242,47.399708333333336,0.011111111111111112,3,1,2025-03-01,24633501
1740841200000000,0.05482019807962961,14.061296966022923,0.7623387443637784,180,0.7757962510257195,0.4053372419904814,0.0032644346387000756,0.004228891740718166,41.922641666666664,0.011111111111111112,3,1,2025-03-01,24633501
1740843000000000,0.05422961799572157,32.89299915508497,0.8504999493250738,168,0.8505095092026016,0.21107417536951556,0.045655467429058016,0.045943994329015636,42.089059523809524,0.0,3,1,2025-03-01,24633501
1740844800000000,0.052184461476757774,22.94811423797051,0.8011713910219194,168,0.809804989640206,0.31390921937890726,0.0009812959276145339,0.0034301557569490493,43.172065476190475,0.0,4,1,2025-03-01,24633501
1740846600000000,0.06653611857160374,13.98719408041833,0.614787127323684,180,0.6187272671095558,0.406604518824369,0.00016759722072690053,0.0001057239197400639,42.42390833333333,0.011111111111111112,4,1,2025-03-01,24633501
1740848400000000,0.05728240019448673,15.548635746561104,0.7500512875486789,180,0.7501496557555379,0.4063516977733863,0.0017537145839815471,0.0038966782922013055,40.490775,0.0,4,1,2025-03-01,24633501
1740850200000000,0.03847090468865169,27.258640758021983,0.8203779068214173,180,0.821310091303906,0.19926605233440609,0.00013316303405286334,0.00013153551886802006,58.390113888888884,0.005555555555555556,4,1,2025-03-01,24633501
1740852000000000,0.04183132850591083,13.278029482125177,0.7136543039280412,180,0.7170229007516651,0.3721763939923417,0.023991349553045938,0.005186436641106518,46.98266944444444,0.0,4,1,2025-03-01,24633501
1740853800000000,0.03951851040701888,24.123460627905732,0.7779627002345619,180,0.7819920297300753,0.28769133722565476,0.015436535161281961,0.011200489831067584,44.65742222222222,0.0,4,1,2025-03-01,24633501
1740855600000000,0.03870839633663711,19.304158683009295,0.7583416244251588,180,0.7654941122287884,0.19698358792197979,0.01782621733891321,0.004053197176231538,50.123355555555555,0.0,4,1,2025-03-01,24633501
1740857400000000,0.04283217104531636,9.90875717640523,0.6989488626909134,180,0.7128496228289536,0.36389857046499596,0.0052088235135253624,0.004512747600591616,57.80446944444444,0.011111111111111112,4,1,2025-03-01,24633501
1740859200000000,0.036480029694435666,21.117014912522027,0.727966574425442,180,0.7307364223977137,0.27252696910255947,2.5552255155436576e-05,5.563302242328483e-05,58.450975,0.005555555555555556,5,1,2025-03-01,24633501
1740861000000000,0.035051874302879704,20.128309721909105,0.8334126482922961,180,0.8411441860887159,0.031189069775925837,0.0064974220958673445,5.2552275675576965e-06,57.08604722222222,0.0,5,1,2025-03-01,24633501
1740862800000000,0.038079319702313624,14.707228549504338,0.6503007903029401,180,0.6510360588876054,0.3207290291945638,0.007469345581709752,0.0030774734166456597,54.01346944444444,0.005555555555555556,5,1,2025-03-01,24633501
1740864600000000,0.03698407011630737,10.93285476150507,0.5212879927526473,180,0.533058377781693,0.4308894562162022,0.026487111936075447,0.007159685218533163,47.622419444444446,0.005555555555555556,5,1,2025-03-01,24633501
1740866400000000,0.04306513746297922,18.859559117263345,0.7495367831072555,180,0.7720633767549954,0.29298416783110426,0.0025804858344745663,0.008250530155959335,47.63708611111111,0.0,5,1,2025-03-01,24633501
1740868200000000,0.05951949086991465,12.33106727975598,0.7774204738451422,180,0.7774212967870586,0.40375620946401647,0.0009007085502834578,0.0013373162734492405,37.56981388888889,0.011111111111111112,5,1,2025-03-01,24633501
1740870000000000,0.045376720095292075,11.571778506237195,0.6025809766489482,180,0.6129796126599318,0.5158095825742344,0.0014733854166643079,5.321178773243229e-05,44.70086388888889,0.011111111111111112,5,1,2025-03-01,24633501
1740871800000000,0.041934683583831976,22.569276357559364,0.8234790878981502,168,0.8285622358775635,0.06024202313896232,0.016493892238166552,0.009112774315535477,44.05808333333333,0.005952380952380952,5,1,2025-03-01,24633501
1743465600000000,0.025788873931132886,16.07023627181648,0.7972832404011725,168,0.7996643442400382,0.47924459610627956,0.011583314025991553,0.005787359561092109,80.90930654761905,0.0,0,0,2025-04-01,21540194
1743467400000000,0.03594390172714207,7.664229210972098,0.42848820110659813,180,0.44458039623765855,0.49164835843858035,0.008248111429595806,0.0003642033019801705,55.35800833333334,0.011111111111111112,0,0,2025-04-01,21540194
1743469200000000,0.029276538422505858,16.56122090602142,0.7588122692020666,180,0.7591908755537202,0.11907380878035856,0.0019453523819106255,0.004717868299410011,58.74943333333333,0.005555555555555556,0,0,2025-04-01,21540194
1743471000000000,0.03488964229117914,11.685729809206345,0.7682589090383951,180,0.7814238538185689,0.33917002073524427,2.4316687950554083e-05,0.0036120385744430328,48.767288888888885,0.0,0,0,2025-04-01,21540194
1743472800000000,0.03216118751870084,28.36915829472499,0.8117624211785976,180,0.8119596319450004,0.2945027717665325,0.024914260884657424,0.004421387490735285,53.84959722222222,0.0,0,0,2025-04-01,21540194
1743474600000000,0.028659771754972314,18.58972772910189,0.7805296694790784,180,0.8031941757898163,0.1737275685290477,0.015791331127812502,0.004757139168914848,49.178586111111116,0.0,0,0,2025-04-01,21540194
1743476400000000,0.025661938031856436,13.72223641088055,0.793387585927128,180,0.8042123991883846,0.23023897232895552,0.02182598737044561,0.02825435367660567,71.82705277777778,0.0,0,0,2025-04-01,21540194
1743478200000000,0.02477439405763717,28.60847868542615,0.8738524921574947,180,0.8793123120727574,0.42423597060828167,0.00017053150255907923,0.0003605745022559059,74.758025,0.0,0,0,2025-04-01,21540194
1743480000000000,0.02481981464985685,16.685417315856775,0.8172364361521836,180,0.8172713203884652,0.4029627286357582,0.01225868699815158,0.001840359505635547,80.58275555555556,0.0,1,0,2025-04-01,21540194
1743481800000000,0.026501495755591332,15.173630218649492,0.7656634881823998,180,0.7701012936663587,0.32510913355791016,0.023786378136220754,0.048357222348495155,66.63069166666666,0.0,1,0,2025-04-01,21540194
1743483600000000,0.020806755208662993,4.915061583472095,0.452065888069212,180,0.5066946033129031,0.37985944410678296,0.00160745704401144,0.0047729510104227435,69.52181666666667,0.005555555555555556,1,0,2025-04-01,21540194
1743485400000000,0.023352340915176427,18.954196855718287,0.7184472649782057,180,0.7263475568964944,0.4029087689187323,0.003170906211885649,1.0773950371523178e-05,60.523805555555555,0.0,1,0,2025-04-01,21540194
1743487200000000,0.028469834100789848,31.810725277899063,0.8037038194547372,180,0.804273942223175,0.2806598272381713,0.011336899407203727,0.0071312746656360115,63.99771666666667,0.0,1,0,2025-04-01,21540194
1743489000000000,0.031137221484140713,18.049052418803914,0.6468916355935604,180,0.6490342023021645,0.4340782164622251,0.009083225203414202,0.001963988097055225,57.65352777777778,0.0,1,0,2025-04-01,21540194
1743490800000000,0.03073563524656685,23.618928519631815,0.8021021451635939,180,0.8045071262555281,0.331884763094504,4.10857530320774e-05,0.0015971630867881448,51.03939444444445,0.0,1,0,2025-04-01,21540194
1743492600000000,0.02756460099804756,16.855728653957318,0.7482194527439429,168,0.7580895476446082,0.3514335218015583,0.001044421588773381,0.004347573814096006,69.20082738095238,0.0,1,0,2025-04-01,21540194
1743494400000000,0.03580107326408728,6.166841123312275,0.5195981439470119,168,0.6100024294492321,0.628883185972575,0.003133103164155826,0.0003104815191322663,53.75478571428572,0.017857142857142856,2,0,2025-04-01,21540194
1743496200000000,0.03749227732868779,13.766057979505078,0.5816876494874279,180,0.5817513590004555,0.1835494011061879,0.0014552246797002732,0.013699260130307422,54.757063888888894,0.005555555555555556,2,0,2025-04-01,21540194
1743498000000000,0.027971738780276183,18.280297683883344,0.7414814389911945,180,0.7456747560758838,0.1351185086964588,0.00014544065894461777,0.0006684794648441628,60.660669444444444,0.0,2,0,2025-04-01,21540194
1743499800000000,0.028004642896210817,18.02929042109494,0.7046921228133098,180,0.709217032169942,0.27782692949576093,0.006223741799478821,0.026496965083277813,57.88760833333333,0.0,2,0,2025-04-01,21540194
1743501600000000,0.02849227908560549,22.661996488124714,0.8083223635447191,180,0.8083337919167783,0.31279225690295787,0.0016545204007251124,0.0009664029530688234,66.79979166666666,0.011111111111111112,2,0,2025-04-01,21540194
1743503400000000,0.024317216688323342,25.75935913814437,0.6691470423248308,180,0.6695588901271718,0.240508219162604,0.0019545559172835514,0.0006322871192473434,72.59784444444443,0.011111111111111112,2,0,2025-04-01,21540194
1743505200000000,0.023176788263336617,19.680631889828433,0.6917758175713804,180,0.6986804801892254,0.27201591688919324,0.01748678689675187,0.0013109821346222184,69.02328055555556,0.011111111111111112,2,0,2025-04-01,21540194
1743507000000000,0.02691590836457943,12.437229003317325,0.6346513223905927,180,0.6353149922622601,0.2334413012051797,0.0010740184970228217,0.019366798647289407,76.455775,0.0,2,0,2025-04-01,21540194
1743508800000000,0.017927501004754005,12.42504793795735,0.6873421950337862,180,0.7282956959115789,0.23807606273262827,0.0001819220141907607,0.0026933856670076084,122.82164444444444,0.0,3,0,2025-04-01,21540194
1743510600000000,0.02684475698426339,26.713868569514574,0.8059611169496173,180,0.8062485356988742,0.3800378270568412,0.0006811019107808569,0.0013277949677834577,72.06561388888889,0.005555555555555556,3,0,2025-04-01,21540194
1743512400000000,0.024103588298798696,26.868514543123123,0.807446394919114,180,0.8075076754912911,0.3999887747661166,0.004234719753756555,0.01084771168529075,93.55423333333333,0.005555555555555556,3,0,2025-04-01,21540194
1743514200000000,0.02973540345202408,19.57456350157588,0.657157503107457,180,0.6572125226608845,0.3307046390166086,0.001852264183391794,1.7744135871744504e-05,63.59463611111111,0.027777777777777776,3,0,2025-04-01,21540194
1743516000000000,0.029566426138734066,19.824000667324746,0.5872180959911677,180,0.5906204084573814,0.3638285245558014,0.006669371249429457,0.0054193499528010225,60.44750833333333,0.016666666666666666,3,0,2025-04-01,21540194
1743517800000000,0.030296210848896433,12.277268563589983,0.569155536600938,180,0.575375250203953,0.3490553433724466,0.003818572368010864,0.008946117451698266,58.68330833333333,0.022222222222222223,3,0,2025-04-01,21540194
1743519600000000,0.037862912260703,10.066883034743427,0.5744836827971662,180,0.5744896724910895,0.36059723003821187,0.0039679894930132464,0.0024936335162556444,66.56680277777778,0.03333333333333333,3,0,2025-04-01,21540194
1743521400000000,0.029217940779088965,22.882882462411466,0.6061606049141521,168,0.6072561253027224,0.23961734494855247,0.009102172860927737,0.00674409807911458,67.96550595238095,0.017857142857142856,3,0,2025-04-01,21540194
1743523200000000,0.022498871764857546,14.544194283974582,0.7476059657834668,168,0.7756200792671044,0.17908986559639328,0.0041192536951846215,0.0006675254681619558,82.06908333333334,0.011904761904761904,4,0,2025-04-01,21540194
1743525000000000,0.025546098548284282,20.686471011282574,0.7517806659068214,180,0.751807145796703,0.26663633697734757,0.010121993137857555,0.0011713478457888726,73.14138333333334,0.0,4,0,2025-04-01,21540194
1743526800000000,0.02223481610894342,14.954507782802574,0.7495679392559802,180,0.7735421923644868,0.11961954343516579,0.0027261057226183327,6.498572323931917e-05,87.26316111111112,0.0,4,0,2025-04-01,21540194
1743528600000000,0.023839159126586393,22.22367307053461,0.7999998761624185,180,0.8024612045722571,0.23697292676044546,0.013791834290217908,0.008487057007007803,84.66224722222222,0.0,4,0,2025-04-01,21540194
1743530400000000,0.021006803159049698,19.710899883818808,0.732572588902352,180,0.7360721533532806,0.28558249898717425,1.0756693746172274e-05,0.00021504022224405617,92.98787777777777,0.005555555555555556,4,0,2025-04-01,21540194
1743532200000000,0.01945752526729107,22.184653777799983,0.8191942513173075,180,0.8293783693199293,0.24428155963241738,0.00851846715114768,0.00045883574707850094,107.5111388888889,0.0,4,0,2025-04-01,21540194
1743534000000000,0.018977654684691612,18.214527778517958,0.8148690788245192,180,0.8307581402503886,0.16624065704680502,0.00029166534083180373,8.91628073262929e-06,95.44692500000001,0.005555555555555556,4,0,2025-04-01,21540194
1743535800000000,0.021258866187473257,18.163060736870445,0.8231920955773624,180,0.8372090005008785,0.10200863184682218,0.011216571868398417,0.00940717636481836,81.77553055555555,0.005555555555555556,4,0,2025-04-01,21540194
1743537600000000,0.02000432510496803,19.09123012080706,0.7571389532704322,180,0.7669076374146478,0.26046935063906973,0.004527795354375308,0.004544729222647703,105.0711138888889,0.005555555555555556,5,0,2025-04-01,21540194
1743539400000000,0.024681858666689982,15.81947206286063,0.6348692268692209,180,0.6365721350750768,0.2870166013113493,0.0003611501189546562,0.0011087582586694067,83.15978611111112,0.011111111111111112,5,0,2025-04-01,21540194
1743541200000000,0.024323757811122067,8.698062854245649,0.6713144164475493,180,0.6739434602061498,0.25896020882533566,0.003622835145112635,0.0001372636985170761,77.41159722222223,0.0,5,0,2025-04-01,21540194
1743543000000000,0.03807223579814,17.75854676317738,0.7656156443698269,180,0.7911870164135995,0.4225543503896747,0.005978890972484607,4.17897138633716e-05,60.516797222222216,0.005555555555555556,5,0,2025-04-01,21540194
1743544800000000,0.02858184189575333,11.857949439159333,0.7454717936453295,180,0.766841508712013,0.1915177943135884,0.0011966437751365078,0.00044045889071375743,68.65570277777778,0.005555555555555556,5,0,2025-04-01,21540194
1743546600000000,0.02631705640327607,26.53012419880866,0.7903379965893129,180,0.7911054109601612,0.33531973511428004,0.014854763550228078,0.004661136396895693,74.38279166666666,0.0,5,0,2025-04-01,21540194
1743548400000000,0.024285392392963616,14.049248710413677,0.7528124779422976,180,0.7702197233023671,0.3761633542871732,0.01329129456600242,0.013187416783555506,80.70029722222222,0.0,5,0,2025-04-01,21540194
1743550200000000,0.025063621477550202,13.00816273288846,0.7709544972598084,168,0.7792264465828057,0.3392024852019986,0.0024252372521980092,0.01113061006913274,78.24180357142856,0.0,5,0,2025-04-01,21540194
1746057600000000,0.0161860713463414,21.79088527249817,0.8153572461670247,168,0.816393911162262,0.3881953682061997,0.014348477891769296,0.011234805858374108,117.65983630952381,0.0,0,0,2025-05-01,17294701
1746059400000000,0.0143553092156085,17.018891482231854,0.7551958086817574,180,0.7711608151648449,0.2844293372016795,0.0050992925007774526,0.0006569664245112961,107.55824166666666,0.0,0,0,2025-05-01,17294701
1746061200000000,0.019600001421753593,10.096349024821539,0.6412676833375027,180,0.6425751689603261,0.4858112267971896,0.006439302917754741,0.0012606149461887872,95.98527777777777,0.005555555555555556,0,0,2025-05-01,17294701
1746063000000000,0.01869340563294363,21.41770150203531,0.7496666280711284,180,0.7497639597244874,0.38255402213144685,0.0037357796627848217,0.0046118439185195426,112.44677222222224,0.011111111111111112,0,0,2025-05-01,17294701
1746064800000000,0.018371560674307078,15.866495843249997,0.6437138343102236,180,0.6539887328537011,0.4120877581391511,0.001239290497593415,0.00210817637689098,95.61610833333333,0.005555555555555556,0,0,2025-05-01,17294701
1746066600000000,0.01636705519227458,14.937091254039116,0.5649137143687075,180,0.5770883795500856,0.5114774658302257,0.004786320851671411,0.005065628199520056,117.49410000000002,0.005555555555555556,0,0,2025-05-01,17294701
1746068400000000,0.014040358370065174,16.1664755223798,0.738037426551573,180,0.7398411085486238,0.20356874335596153,0.0007611047508873092,6.20098467118968e-06,138.0282777777778,0.0,0,0,2025-05-01,17294701
1746070200000000,0.0166301588901457,13.66104743553783,0.5676641065810576,180,0.5731920048235992,0.13310103962853093,0.006985579469496628,9.49174582526302e-05,113.84024444444444,0.011111111111111112,0,0,2025-05-01,17294701
1746072000000000,0.014338558489859597,15.744721029396217,0.7216011884503674,180,0.7371176207315508,0.41861649401482115,0.03119251121098532,0.002371593499275626,125.28279444444443,0.0,1,0,2025-05-01,17294701
1746073800000000,0.014420209304279535,13.671747296316799,0.7015883142529402,180,0.7245322512001087,0.1621178828829657,0.005486999248121127,0.001246994512619004,120.53916666666666,0.0,1,0,2025-05-01,17294701
1746075600000000,0.014383193152744079,11.685244704738285,0.6832516299255809,180,0.7105256222210852,0.20437045966789202,0.0005462856339569777,0.00619488135255386,110.41474166666667,0.0,1,0,2025-05-01,17294701
1746077400000000,0.009946506470099783,4.962771912901696,0.3070425835505102,180,0.3232400274839571,0.42687884127685627,0.00010458802781088128,9.314469428223227e-05,123.78963888888887,0.0,1,0,2025-05-01,17294701
1746079200000000,0.012791436286205072,13.323107512651829,0.7125981349247961,180,0.732292207410226,0.31363647861414923,0.017405347327168474,0.0005519979141378473,123.66531944444445,0.011111111111111112,1,0,2025-05-01,17294701
1746081000000000,0.011394106243622366,15.53958605151962,0.712991014983491,180,0.7218459364420335,0.27459453590400384,0.0015354951008710316,0.00069520297110226,120.370075,0.0,1,0,2025-05-01,17294701
1746082800000000,0.012747376967207921,24.145529015552512,0.7975374683630414,180,0.7984135787042496,0.2538114369569533,0.0014906164175834125,0.009091165959702052,138.31939444444444,0.0,1,0,2025-05-01,17294701
1746084600000000,0.012360286561082933,20.918777991351593,0.8238496938154011,168,0.8270349449189723,0.47021966804579496,0.005716740372901374,0.003990946171182563,150.62051785714286,0.0,1,0,2025-05-01,17294701
1746086400000000,0.011583341885942757,21.064098103013595,0.7926371554668563,168,0.7962888008566535,0.39714380599846444,0.00040455736975875123,0.0012231730613567748,152.91211904761906,0.005952380952380952,2,0,2025-05-01,17294701
1746088200000000,0.012360614069296541,8.420740295044292,0.3917375495888009,180,0.39504846346605427,0.5507029785901771,6.921127373082925e-05,0.0017584222102361435,137.88503333333333,0.0,2,0,2025-05-01,17294701
1746090000000000,0.01075534611655624,20.087603582676575,0.6733939664368807,180,0.6873249810210776,0.40337613573297515,0.005622407669988672,0.0056080552796072825,144.7458,0.016666666666666666,2,0,2025-05-01,17294701
1746091800000000,0.012442535209960439,13.706720872031596,0.5878009143820557,180,0.5895204469398548,0.2331131172657448,0.003370262735792884,8.480003131794422e-05,128.908075,0.005555555555555556,2,0,2025-05-01,17294701
1746093600000000,0.01710541927594857,7.240357969351443,0.4566668935739716,180,0.45715193052208225,0.5305049118236862,0.002805281226406553,0.0013270916840087965,125.98004444444445,0.016666666666666666,2,0,2025-05-01,17294701
1746095400000000,0.01779332576368023,7.350079135952159,0.6070416878550413,180,0.6612163096981858,0.5928095967484037,0.005447674065556907,0.0008167828721938886,132.5266638888889,0.005555555555555556,2,0,2025-05-01,17294701
1746097200000000,0.019966669244463716,11.324710875012244,0.6985439731520428,180,0.7079854361435758,0.521328294559747,0.02653822383441995,0.02722805325719757,119.77411388888888,0.011111111111111112,2,0,2025-05-01,17294701
1746099000000000,0.01244533962203518,15.2845632688023,0.6330718984787151,180,0.6461714582447845,0.43741901047011644,0.0015734836028308274,0.002934589256624487,167.87760277777778,0.0,2,0,2025-05-01,17294701
1746100800000000,0.010057520120978741,12.272565173756457,0.4644980656456503,180,0.46738885558126453,0.3300006773332743,0.0020489995768170344,0.017639644255980635,144.11020555555555,0.005555555555555556,3,0,2025-05-01,17294701
1746102600000000,0.013793169436931128,18.23273250449072,0.7380538224251392,180,0.7494105452390993,0.28105557181736407,0.00993187904036763,0.003902482404698482,137.47625,0.0,3,0,2025-05-01,17294701
1746104400000000,0.011282019749620967,14.494671761598363,0.5858468077229347,180,0.5860190347553051,0.3481899184344809,5.016505572374985e-05,5.273168393116201e-05,164.82929444444446,0.0,3,0,2025-05-01,17294701
1746106200000000,0.01596147240144405,9.769533862035118,0.4467975681216274,180,0.4471648886310725,0.3655882306867556,4.273386179554084e-05,0.012237131800954648,104.23499444444444,0.03333333333333333,3,0,2025-05-01,17294701
1746108000000000,0.019153177838404693,13.565749774537165,0.5047661118291449,180,0.5076142076554435,0.48284571205266946,0.019513860358987056,0.008178879721322807,98.01208888888888,0.016666666666666666,3,0,2025-05-01,17294701
1746109800000000,0.01412837058036568,20.069261308577044,0.6338577112051503,180,0.6344203806161727,0.40485110502565835,0.00015489380963873423,0.021507462942645494,133.70641666666666,0.016666666666666666,3,0,2025-05-01,17294701
1746111600000000,0.01976082169565383,7.121099722534991,0.5372443597888952,180,0.5521547120522254,0.3635852195169784,8.795535520189635e-05,3.593470425733436e-05,108.95772500000001,0.022222222222222223,3,0,2025-05-01,17294701
1746113400000000,0.01328902522620437,11.500786277296715,0.5675646437511872,168,0.5675782233271589,0.3254456698606971,0.008298016065533265,0.00711152546914906,120.90954166666667,0.017857142857142856,3,0,2025-05-01,17294701
1746115200000000,0.01262099408878891,19.9689466802398,0.7569553445259529,168,0.7598017588648871,0.39001372637946996,0.005028948042627435,9.240643694341522e-06,141.2796011904762,0.005952380952380952,4,0,2025-05-01,17294701
1746117000000000,0.013401202162661484,23.709230447183426,0.7010573925163728,180,0.7015918856077845,0.3237221008257236,0.007928671050003722,0.0002654401001153106,135.3373361111111,0.011111111111111112,4,0,2025-05-01,17294701
1746118800000000,0.010896925147503605,14.668688601580385,0.6272419557344358,180,0.6309298113828374,0.26749648020558403,0.016401294256954024,0.009944354696304725,160.46027222222222,0.0,4,0,2025-05-01,17294701
1746120600000000,0.011632251966604445,23.347796454402257,0.6406175110580764,180,0.6412343645721695,0.19223247646915986,0.002617558600762959,0.024319389048669926,138.69383333333332,0.0,4,0,2025-05-01,17294701
1746122400000000,0.011668937610143613,22.134328419817592,0.7984206399216791,180,0.8009940522629722,0.16110948337802178,0.01083216308744972,0.01224504006623206,163.15738055555556,0.0,4,0,2025-05-01,17294701
1746124200000000,0.011128115349346508,13.60541421940722,0.7306262671533972,180,0.7320284196502687,0.32346796829759505,0.003021088154697482,0.002804826843555097,156.18973333333335,0.0,4,0,2025-05-01,17294701
1746126000000000,0.012460103994439909,19.879153603851492,0.7758283507372974,180,0.785917108076187,0.38378186064169995,0.005152696410099633,0.0007481850083672636,154.51168333333334,0.0,4,0,2025-05-01,17294701
1746127800000000,0.011543528432052062,14.593967269130617,0.5543127021168426,180,0.5571395944205635,0.4394056694805454,2.758653392498367e-06,0.0023331675416059516,159.2183777777778,0.011111111111111112,4,0,2025-05-01,17294701
1746129600000000,0.012645880249346604,23.165826711475912,0.8208923316606924,180,0.824669500737113,0.25537070514314897,0.0012023165759509347,0.0009814607183797897,140.65349444444445,0.005555555555555556,5,0,2025-05-01,17294701
1746131400000000,0.012650837814851604,14.328439238828674,0.6930903847732521,180,0.6934832783794693,0.36045263259981786,0.009679871996531753,0.006490290757277917,133.68356111111112,0.0,5,0,2025-05-01,17294701
1746133200000000,0.010263415061790144,13.189216573274537,0.7401544519346352,180,0.7448515607695267,0.4194663633744148,0.021193558749014296,0.01190759051310819,147.68345,0.0,5,0,2025-05-01,17294701
1746135000000000,0.017923917171175044,14.796532257322633,0.7491760568149977,180,0.7541046410019008,0.1808868705801504,0.003921696950514586,3.440869637916233e-05,111.63503055555555,0.005555555555555556,5,0,2025-05-01,17294701
1746136800000000,0.016080369242049412,22.495120313066213,0.7959992873992469,180,0.800315020442803,0.22418195899409477,0.0034867034090534377,0.0017670922032307912,93.90108333333333,0.0,5,0,2025-05-01,17294701
1746138600000000,0.014117294982631173,23.516971348127438,0.7457305378745329,180,0.750048776882281,0.07834970308739331,0.0022806647101426547,0.003742057268692922,112.16849444444443,0.005555555555555556,5,0,2025-05-01,17294701
1746140400000000,0.012837820592608393,22.85408719214278,0.7272275965704053,180,0.7305986309848487,0.22851785486442577,0.0011217809267468626,0.001739227698246526,139.49739444444444,0.0,5,0,2025-05-01,17294701
1746142200000000,0.01274680735594506,21.640665258023983,0.8647211669156325,168,0.8667230280640735,0.22544894848472685,0.016826825002957513,0.024820292804798805,129.49557142857142,0.0,5,0,2025-05-01,17294701
1748736000000000,0.02440379363056687,12.99133722710866,0.5880460650733452,168,0.5942139678583549,0.2181429226390501,0.0010489143025511627,0.0041079210870615945,86.46369642857142,0.0,0,1,2025-06-01,20078614
1748737800000000,0.02912101395356739,13.437204313478507,0.6538341678184459,180,0.6660509283524335,0.3915012252831225,0.006015715713498571,0.015167044745150293,63.11619444444444,0.0,0,1,2025-06-01,20078614
1748739600000000,0.028309197501537795,22.209464964441,0.7997097966066499,180,0.8017951391529647,0.44213153143701334,0.0010057708754453998,0.014898668662097436,78.12129722222222,0.0,0,1,2025-06-01,20078614
1748741400000000,0.03556658781575402,3.7421218231872824,0.3420321948092565,180,0.45181465223227235,0.794963228695603,0.00047033851755362566,0.0017599359603149844,69.09886944444445,0.016666666666666666,0,1,2025-06-01,20078614
1748743200000000,0.028983556772009332,18.98657421347941,0.7337401987418631,180,0.7340248063429771,0.37236687874771635,0.01070530084329191,0.0006552532368323538,65.94521388888889,0.0,0,1,2025-06-01,20078614
1748745000000000,0.030479995014782935,15.966423220448176,0.7006127395565166,180,0.7078177117022149,0.3243466858063344,0.0020226475299653934,0.0002879519114192819,68.05672777777778,0.016666666666666666,0,1,2025-06-01,20078614
1748746800000000,0.029685137541626355,18.991390357516263,0.7426858229923048,180,0.7428825002480209,0.26678581601562623,0.001171643530769595,0.007529901028941133,70.26003055555556,0.005555555555555556,0,1,2025-06-01,20078614
1748748600000000,0.034418923048219204,16.057646445019227,0.6232365976941997,180,0.6243770512683042,0.37813964827528923,0.0061168289599625725,0.0005389328122309411,61.11998055555556,0.0,0,1,2025-06-01,20078614
1748750400000000,0.029265994081447363,18.752479408649393,0.7572972854241831,180,0.7669969716625864,0.20264462783105086,0.02075170257319503,0.008828628901031421,66.0509888888889,0.0,1,1,2025-06-01,20078614
1748752200000000,0.027402298849940495,16.445660695241756,0.7347163408072037,180,0.7377775166687166,0.23207206867796815,7.123542819476025e-05,8.032063493546016e-05,64.64015277777779,0.0,1,1,2025-06-01,20078614
1748754000000000,0.026667410406419293,20.601968592575584,0.7537402190479542,180,0.7547911810167992,0.2970064741115026,0.01791576661943206,0.008893848506288826,67.86700555555555,0.005555555555555556,1,1,2025-06-01,20078614
1748755800000000,0.027190716148950893,23.888122731507767,0.7887462288723713,180,0.7957850583423031,0.18139595375974704,0.00967635980589121,0.00046808045571522516,60.86569166666667,0.005555555555555556,1,1,2025-06-01,20078614
1748757600000000,0.030564975856533137,19.670465069964983,0.8204002344567214,180,0.8204391632153442,0.3532724265917494,0.0012179081845936635,0.0023382205963276004,61.19998055555555,0.005555555555555556,1,1,2025-06-01,20078614
1748759400000000,0.028617531872936135,20.452807140198118,0.8314661173468321,180,0.832672922049857,0.38831673320677607,0.00022106898063922742,0.006408655212984615,63.962333333333326,0.011111111111111112,1,1,2025-06-01,20078614
1748761200000000,0.027505642722961233,16.90645164151738,0.822620284909849,180,0.8241850813892818,0.394263137619807,0.0018488161221653643,3.665068234837143e-05,69.77556111111112,0.0,1,1,2025-06-01,20078614
1748763000000000,0.024272243510367768,26.234680996287388,0.8622610872323653,168,0.8657356581719909,0.11035958771330723,0.0008037235703036716,5.822488322659858e-05,72.95128571428572,0.0,1,1,2025-06-01,20078614
1748764800000000,0.025502277298959576,18.474947456982743,0.7920594708361545,168,0.7923839898948675,0.24654182365454524,0.0033197120794012935,0.0021154979606698987,79.06044047619048,0.0,2,1,2025-06-01,20078614
1748766600000000,0.02564776235043418,20.744400013716678,0.7702800772101509,180,0.7798121650536591,0.29876602591857815,0.0016180208327936096,0.0014860685621104208,72.62196944444445,0.005555555555555556,2,1,2025-06-01,20078614
1748768400000000,0.02415686907862031,20.98910010401816,0.8277594028881015,180,0.8287254532016514,0.39739462827598493,0.004491638638693063,0.00734562186618215,82.98105,0.005555555555555556,2,1,2025-06-01,20078614
1748770200000000,0.02849506966505256,18.910744415668102,0.7774037842132417,180,0.7786449328313301,0.2954779552360066,0.005507280792734104,0.027502772884894444,71.28735555555555,0.005555555555555556,2,1,2025-06-01,20078614
1748772000000000,0.025947498395880883,31.501574501432977,0.8184355003911197,180,0.8189097842564118,0.2484923413215151,0.0003213357363811564,0.0005259930918737332,86.91876944444445,0.005555555555555556,2,1,2025-06-01,20078614
1748773800000000,0.024349767800285867,15.623901432919226,0.7357258920574803,180,0.7519355527600422,0.35196906715569054,0.0072308620561866155,0.03757188950664081,90.31582222222222,0.0,2,1,2025-06-01,20078614
1748775600000000,0.022682368173935652,12.164713317765356,0.7332526447310632,180,0.734345302614545,0.4183654212143264,0.01663861130001032,0.0019594037010157717,88.48327499999999,0.0,2,1,2025-06-01,20078614
1748777400000000,0.022596187486775825,20.59584532122107,0.793135816873249,180,0.7964493969027704,0.2090798170061715,0.0030664080060635035,0.015171948090372589,92.98715833333334,0.0,2,1,2025-06-01,20078614
1748779200000000,0.019963903316032365,14.164454462410557,0.7151222906044883,180,0.7231356010107317,0.252514817753685,0.00296286669301149,0.003698700335733718,88.63541388888889,0.005555555555555556,3,1,2025-06-01,20078614
1748781000000000,0.03126531642940262,8.714916463983124,0.8002755541299219,180,0.834509207326266,0.658156264951197,0.003825077113588704,0.0031892281852936577,82.12032222222221,0.0,3,1,2025-06-01,20078614
1748782800000000,0.021075836326271677,20.722630621157943,0.7762965146866716,180,0.7765936132370819,0.45975633766588664,0.008978758488306648,0.012312718763694996,100.7341111111111,0.005555555555555556,3,1,2025-06-01,20078614
1748784600000000,0.024151216484385278,19.893251453005064,0.8070093367841524,180,0.8110141227255334,0.43558861613266453,0.0007257371482808361,0.019744980952171254,92.00855277777777,0.0,3,1,2025-06-01,20078614
1748786400000000,0.025327560471294853,15.284046556590063,0.6877483623735087,180,0.6907251963026853,0.3583206846091753,0.0047517683003840405,0.00010079170035148799,88.685275,0.005555555555555556,3,1,2025-06-01,20078614
1748788200000000,0.02375851675965035,17.758416600495217,0.7099959324580336,180,0.7137794148082399,0.169093875811536,8.264007922420546e-09,0.008897263401792976,99.5881972222222,0.005555555555555556,3,1,2025-06-01,20078614
1748790000000000,0.02151730138783281,14.988440200059491,0.7097925395536244,180,0.7399953027611338,0.27543905667776014,0.006204780931713838,0.000206133589857882,90.29499722222222,0.011111111111111112,3,1,2025-06-01,20078614
1748791800000000,0.02528759567654558,19.434221325191686,0.7542133996139854,168,0.7543794484344397,0.37742682601584987,0.0008103882465777534,0.0016204678543262352,90.11441666666667,0.005952380952380952,3,1,2025-06-01,20078614
1748793600000000,0.027695324711556606,8.663948952893575,0.5539127908535071,168,0.5542038633430073,0.4289429214956223,0.0011688554447764066,0.002491213611813037,82.41021428571428,0.017857142857142856,4,1,2025-06-01,20078614
1748795400000000,0.02142551893853384,9.541157339821057,0.4044028022035935,180,0.4078595189134795,0.47808923877233533,0.028831913414812727,0.0009807167660050853,87.29853055555556,0.022222222222222223,4,1,2025-06-01,20078614
1748797200000000,0.018277412199940418,16.676358506280618,0.6348649797400177,180,0.6358582077370827,0.20856618839546726,0.00527467166616058,8.380108099614869e-05,111.81654722222223,0.005555555555555556,4,1,2025-06-01,20078614
1748799000000000,0.022208372625151233,11.936455846892567,0.6009050803207182,180,0.6009136944355462,0.34093889940481725,4.57511944185196e-05,0.013614111581396582,99.96903611111112,0.0,4,1,2025-06-01,20078614
1748800800000000,0.019232482169540002,6.933109389363574,0.46605461050783026,180,0.4670196351170566,0.3133290378584247,0.000862009778469397,0.021047660862589468,88.26411111111112,0.005555555555555556,4,1,2025-06-01,20078614
1748802600000000,0.027256102211482613,8.11758372534454,0.4365505929910647,180,0.4467339317159451,0.5778043072212096,2.6760127748270968e-05,0.00767371607211953,92.04730833333335,0.016666666666666666,4,1,2025-06-01,20078614
1748804400000000,0.018792497207895206,7.01191333899926,0.25024235028842123,180,0.2660262952835988,0.5598899755770157,0.002083897066730289,0.014898128043191905,90.232975,0.0,4,1,2025-06-01,20078614
1748806200000000,0.025703688463304196,15.511946524693048,0.6991698233082546,180,0.702415645478313,0.37269568749895987,0.012901158312208838,0.019186565776368902,91.17646666666666,0.005555555555555556,4,1,2025-06-01,20078614
1748808000000000,0.022440433047853325,17.799027658598444,0.7334370547685232,180,0.7405113832258753,0.19260316136119016,0.011926642960307321,0.006824458586178528,85.98953055555556,0.0,5,1,2025-06-01,20078614
1748809800000000,0.01881915884363925,10.067032404959656,0.511267319587684,180,0.5449108594402441,0.36667046333283115,0.02238796582851532,0.024497232806632407,106.25420000000001,0.0,5,1,2025-06-01,20078614
1748811600000000,0.021717528760813058,19.406656162443667,0.6979568137043257,180,0.6999199766626178,0.4316077097973293,0.018443091480018547,0.013434222915788885,99.51965277777776,0.005555555555555556,5,1,2025-06-01,20078614
1748813400000000,0.031894285032677334,13.942709686896952,0.7811767864467518,180,0.8012856609426793,0.4115469343016108,0.0006199322559162779,0.009982701194442778,68.51044444444445,0.0,5,1,2025-06-01,20078614
1748815200000000,0.024132881930394416,10.162537678808052,0.6618458519410049,180,0.6622014740575586,0.2757640714384869,0.000715240818712215,0.002671109942475103,98.50203055555555,0.016666666666666666,5,1,2025-06-01,20078614
1748817000000000,0.02034501139060236,12.104555881991317,0.654524930556204,180,0.6646798231576116,0.19504162655665602,0.0009741324234971982,0.0008093659328589631,95.7266,0.0,5,1,2025-06-01,20078614
1748818800000000,0.021887404361867195,19.051634456138558,0.7162775776317725,180,0.7165685151937371,0.2671769310227805,0.00033468473545661404,0.0030330877110824606,98.03495277777778,0.011111111111111112,5,1,2025-06-01,20078614
1748820600000000,0.020323112093964056,11.57933443034716,0.6186805147235006,168,0.631077209324622,0.310768595930474,0.0007943295823311658,3.506350578996731e-06,85.35097619047619,0.0,5,1,2025-06-01,20078614
1751328000000000,0.012437709140224018,21.248553101774373,0.7889875211016126,168,0.7950685500817327,0.4331927097620304,7.005527164427594e-05,0.003929247862518248,153.2636755952381,0.005952380952380952,0,0,2025-07-01,25603186
1751329800000000,0.013539900983796559,15.066563765818417,0.8427248325404497,180,0.8566441051744513,0.3575283973210299,0.0003336578465148454,0.0073378365109625365,139.781675,0.005555555555555556,0,0,2025-07-01,25603186
1751331600000000,0.012002158871425068,24.549719050955165,0.8138528374483345,180,0.8182535837813094,0.33164984711912104,0.0001740512059351662,0.006985405595570704,139.33803055555555,0.0,0,0,2025-07-01,25603186
1751333400000000,0.0157303528957888,17.64893975430471,0.84287458199613,180,0.8576838016410604,0.3430030310760055,0.0012680462043245244,8.78618316932922e-05,120.41154722222223,0.0,0,0,2025-07-01,25603186
1751335200000000,0.01527308211236639,27.38836570664296,0.85105310923168,180,0.8510898481611974,0.2691613360011573,0.0065563244826885025,0.009590483953687112,120.24516111111112,0.0,0,0,2025-07-01,25603186
1751337000000000,0.013550523892649786,23.430473286711706,0.7136021185042508,180,0.7146665185934415,0.3262237092886098,0.021326490289029665,0.003269491310306738,131.91707499999998,0.005555555555555556,0,0,2025-07-01,25603186
1751338800000000,0.012556616367242653,25.505439091564543,0.8770214198639297,180,0.8773907967223338,0.18343014436039284,0.0010658675548229635,0.0029516491245552556,141.30381111111112,0.0,0,0,2025-07-01,25603186
1751340600000000,0.013224307686787892,20.665519532066615,0.8004997748484484,180,0.8038434205139255,0.4342962349829653,0.013643221926948113,0.00015852180290032436,140.73522777777777,0.0,0,0,2025-07-01,25603186
1751342400000000,0.013958726004587838,14.1995798505509,0.8449949035099236,180,0.848940677155021,0.3424637255119105,3.6180125804863295e-05,0.004808165174927437,134.54576111111112,0.011111111111111112,1,0,2025-07-01,25603186
1751344200000000,0.014974495996600551,17.146889028527873,0.604541431450633,180,0.6096475560569795,0.2828817106063394,3.0402060544942877e-05,0.0023063499688821265,124.23074444444444,0.005555555555555556,1,0,2025-07-01,25603186
1751346000000000,0.014095228087677865,15.838418444761908,0.7635202852817105,180,0.7666739990215157,0.29331307128289186,0.0030553045475659735,0.006397506245083062,154.42053611111112,0.0,1,0,2025-07-01,25603186
1751347800000000,0.01551017569178581,20.25780922847478,0.8076547431560199,180,0.8090106577456392,0.39001591342944464,0.007400269673449311,2.8417601605212894e-11,143.8346361111111,0.011111111111111112,1,0,2025-07-01,25603186
1751349600000000,0.015230099016194569,17.068460002711692,0.8737142966308382,180,0.8818081023148389,0.3261635544165685,0.03496341493550015,0.041238805721596106,132.72137777777778,0.0,1,0,2025-07-01,25603186
1751351400000000,0.011499725824698626,16.540566430528177,0.7609851642329515,180,0.771468579076906,0.24825214451635702,1.4101326664461844e-05,0.00018178764012699578,139.01163333333335,0.005555555555555556,1,0,2025-07-01,25603186
1751353200000000,0.014963350542523594,15.660038615144032,0.5276712082561545,180,0.5297387839972404,0.46385113965564007,0.0003462169412905558,0.01709791175540032,194.99214166666667,0.005555555555555556,1,0,2025-07-01,25603186
1751355000000000,0.014227642005983886,6.500311909534105,0.5793821645614833,168,0.6308108772841993,0.4464981391675622,0.005298267494951103,0.03080000227595825,252.67999404761906,0.0,1,0,2025-07-01,25603186
1751356800000000,0.013380738704729955,21.030208483385113,0.6678428109509698,168,0.6802120915720968,0.47262425360588234,0.0007200621482861269,0.008265931981422114,137.6056755952381,0.0,2,0,2025-07-01,25603186
1751358600000000,0.01610151179477507,22.796136879390808,0.7426193260575054,180,0.747770992869577,0.27690163660135847,0.005120937363613409,0.0030205504545440798,106.27227222222221,0.0,2,0,2025-07-01,25603186
1751360400000000,0.016752809125699434,23.001493802018867,0.8238880541767255,180,0.8320908838465061,0.2943887092312678,0.012897949983952772,0.006187563644743599,103.56595,0.0,2,0,2025-07-01,25603186
1751362200000000,0.015155899573858461,16.477342530549418,0.6994144638465444,180,0.6996874258774586,0.3257131648014464,9.130161714943075e-05,0.00034222424729679624,117.55023333333334,0.0,2,0,2025-07-01,25603186
1751364000000000,0.013600164145158642,29.823421161184314,0.8332268287542607,180,0.8408219536958834,0.08408818106890914,0.0009843343946471794,0.0005615667526300827,146.35891944444444,0.0,2,0,2025-07-01,25603186
1751365800000000,0.010670763118587568,9.860765770149518,0.5860879444516367,180,0.6032676149335408,0.13068622886908354,0.003983767238819547,0.004250750405409454,147.35061666666667,0.011111111111111112,2,0,2025-07-01,25603186
1751367600000000,0.012320160445549441,19.633809168098168,0.7661167309496175,180,0.7758338110460279,0.4233182946954649,0.00021720688313531245,0.0064684236391097105,144.77434444444447,0.005555555555555556,2,0,2025-07-01,25603186
1751369400000000,0.013388293622906184,20.187135119578677,0.7592750677567723,180,0.763860285257272,0.16275406627754252,0.0068880905423268635,0.006728069416642279,150.83461944444446,0.0,2,0,2025-07-01,25603186
1751371200000000,0.012988768497485759,21.80900000187031,0.7573550877219224,180,0.7760504646959763,0.28280384041065154,0.01594251814796166,0.00822299663430337,159.3300722222222,0.0,3,0,2025-07-01,25603186
1751373000000000,0.012316001516503925,16.191553093591764,0.6614673139367844,180,0.6734973238242137,0.2707670219024857,0.06006431399472423,0.011545288039471635,162.10068055555556,0.0,3,0,2025-07-01,25603186
1751374800000000,0.012079534853186791,19.0699487238657,0.7433576515145193,180,0.7440397665138154,0.4080829435957434,0.007002250433355006,0.02306829670544519,159.2925222222222,0.005555555555555556,3,0,2025-07-01,25603186
1751376600000000,0.013883654609947107,15.596880990707218,0.7685557943175323,180,0.7702069238288483,0.3213244185508485,0.008729024203649516,2.993111399840487e-07,142.63175,0.011111111111111112,3,0,2025-07-01,25603186
1751378400000000,0.013256915667504324,21.29520116558119,0.8113152138260784,180,0.8196326016980858,0.296233181401393,0.008068733822151786,0.03756253831110101,137.20622777777777,0.011111111111111112,3,0,2025-07-01,25603186
1751380200000000,0.01453406310251491,17.40277961733207,0.7428820259670013,180,0.743032810506741,0.23235682661515344,2.4383104541891854e-05,0.0005628188825644864,137.8664527777778,0.022222222222222223,3,0,2025-07-01,25603186
1751382000000000,0.012871904354159153,17.9191633585104,0.7315631758678254,180,0.7352217223148025,0.17178872470213413,0.02782259398151188,0.01766382099512187,132.74738333333332,0.016666666666666666,3,0,2025-07-01,25603186
1751383800000000,0.012322188163473009,19.233913274762035,0.8065931540706097,168,0.8099717707552259,0.1486207143230015,0.004355739681582205,0.001539881283460276,134.17181845238096,0.005952380952380952,3,0,2025-07-01,25603186
1751385600000000,0.011806096918532526,29.43132370118375,0.8190931915751504,168,0.8220693484286309,0.17614041859007423,0.003041862514961191,2.780756485254443e-05,137.99769345238096,0.0,4,0,2025-07-01,25603186
1751387400000000,0.012677674901161298,14.931458275147538,0.7717698190225504,180,0.7726734393902706,0.2568780238104308,1.7613595513665814e-05,0.0006758065697156646,147.13229166666667,0.0,4,0,2025-07-01,25603186
1751389200000000,0.013966884058938051,26.49713195799387,0.8282710212646882,180,0.8294050298349709,0.1663532996282372,0.026098475848405744,0.014979718407082232,138.9994638888889,0.0,4,0,2025-07-01,25603186
1751391000000000,0.014880602002687553,13.755260878203893,0.7416379544075048,180,0.7420002236259973,0.296479389761247,0.0017603319522425664,3.072251121460923e-05,134.92783333333333,0.005555555555555556,4,0,2025-07-01,25603186
1751392800000000,0.012491781261065739,28.017936380290696,0.8336334012830895,180,0.8345663923078069,0.19160704128270234,0.010098687112533478,0.002606067870873696,133.05853055555556,0.0,4,0,2025-07-01,25603186
1751394600000000,0.014449617943062532,8.536768407025475,0.7231537423517548,180,0.7616380227398977,0.4240963289181181,0.00753320049275219,0.0015221870676912497,133.2617,0.011111111111111112,4,0,2025-07-01,25603186
1751396400000000,0.014006158756252598,29.66277357648904,0.8324876137105959,180,0.8337218199536485,0.26771025192806197,0.011183059212387825,0.0027048166530682094,120.82568333333333,0.005555555555555556,4,0,2025-07-01,25603186
1751398200000000,0.0143295781873744,21.29506247825765,0.7099387112582557,180,0.7100929304216936,0.41583654226842015,0.0058437919032157115,0.007930364871806761,123.451075,0.005555555555555556,4,0,2025-07-01,25603186
1751400000000000,0.02371618542047492,18.023991390771045,0.7516702792312075,180,0.7526645263741205,0.35980145870365077,0.000273056474484612,0.009604242361880067,101.28354722222221,0.005555555555555556,5,0,2025-07-01,25603186
1751401800000000,0.017155161634265965,17.02651372729058,0.7666401614618039,180,0.7718259260199928,0.3702854301884755,0.000803567684058093,0.0011125640387948943,107.78460833333334,0.005555555555555556,5,0,2025-07-01,25603186
1751403600000000,0.02015748589400844,16.02537768071393,0.7404051617575793,180,0.7657137785468582,0.30687809710506253,0.0003917260343592188,0.00024441397216901084,100.25811666666667,0.0,5,0,2025-07-01,25603186
1751405400000000,0.02440853952727906,15.313717802124385,0.7871301429748185,180,0.8042062912761696,0.26398424938021414,0.00502691710641423,5.798390664402131e-05,69.2251,0.0,5,0,2025-07-01,25603186
1751407200000000,0.019834660579395147,23.725280728335196,0.8268561475788854,180,0.8329810309421901,0.21936950580437098,0.012486148020213528,0.01796397951744999,127.95576944444444,0.011111111111111112,5,0,2025-07-01,25603186
1751409000000000,0.01969167987860297,16.9564490361367,0.5227601076683128,180,0.5334497809658497,0.5446264192154597,0.0071837105635288445,0.004048207054763275,95.90490555555556,0.005555555555555556,5,0,2025-07-01,25603186
1751410800000000,0.02053647499497106,16.901166942012985,0.7649123712029094,180,0.7734580577880256,0.44123291649122853,0.015388468620854856,0.031010781280187194,105.54829166666667,0.005555555555555556,5,0,2025-07-01,25603186
1751412600000000,0.014842920006702499,12.16254998960375,0.7346005788066883,168,0.7446879866960887,0.46444338555515796,0.0046003283498591285,0.00025405314512505495,134.41147023809523,0.005952380952380952,5,0,2025-07-01,25603186
1754006400000000,0.020596874424155504,15.448854252259572,0.5446730489773173,168,0.5450889217569692,0.15352311581855316,0.005550751322904168,0.009357813062138676,106.8048125,0.023809523809523808,0,0,2025-08-01,58109522
1754008200000000,0.025261415251798952,15.208387495690204,0.5318396248536374,180,0.5361012234247866,0.3789553153822688,6.79464207150593e-05,0.0002303729292735257,82.90086388888889,0.08333333333333333,0,0,2025-08-01,58109522
1754010000000000,0.02681629646544454,19.68710576623547,0.6894118600773489,180,0.6906668897311095,0.24161199638475495,0.002879242815441163,0.007503801627070095,84.47282777777778,0.016666666666666666,0,0,2025-08-01,58109522
1754011800000000,0.024086772916715682,22.165909252400013,0.7322901427427562,180,0.7327731444159808,0.23266125848063102,0.012208092316277064,0.007405090055140451,87.90816388888888,0.005555555555555556,0,0,2025-08-01,58109522
1754013600000000,0.019067373832660515,13.730025975853389,0.5388452852628072,180,0.5389685114697437,0.37053306719798107,0.0002695418959581808,0.020442005454325174,110.81390555555556,0.005555555555555556,0,0,2025-08-01,58109522
1754015400000000,0.021168520902218664,18.537307431855204,0.7197046669720346,180,0.7197301884297783,0.3488561720799128,0.015094503764991107,0.0027427403148346796,115.10635555555555,0.0,0,0,2025-08-01,58109522
1754017200000000,0.02051831088079066,15.326141015691794,0.6378028674431871,180,0.6378950617636089,0.4007224693459748,0.0006098430754094553,8.359618485453968e-05,98.80707777777778,0.0,0,0,2025-08-01,58109522
1754019000000000,0.02002283870667889,17.758558697340376,0.6865125052491385,180,0.6885927081267325,0.2205819837298204,1.96863626940047e-05,0.0015894581685022002,99.83411111111111,0.005555555555555556,0,0,2025-08-01,58109522
1754020800000000,0.02127782852298085,16.314040074515898,0.6310165691339515,180,0.6310491779570206,0.2562787253447222,0.002853098174991353,0.04013830391046935,120.25989444444444,0.005555555555555556,1,0,2025-08-01,58109522
1754022600000000,0.02490149873495172,24.116643537603345,0.8426983925050338,180,0.8430953000349065,0.2840090616842478,0.0031579367375146328,1.84389911160876e-05,87.93456388888889,0.0,1,0,2025-08-01,58109522
1754024400000000,0.0272976237941975,18.429364518161965,0.8430716639171077,180,0.8493977242708326,0.25933477359213475,0.0014171709335100147,0.0006452172162364489,86.21865277777778,0.0,1,0,2025-08-01,58109522
1754026200000000,0.0240514792836021,20.87152260830804,0.7526992739330564,180,0.7565538147287569,0.23053396322484543,0.008244104617649795,0.008449459011729665,87.42386388888889,0.022222222222222223,1,0,2025-08-01,58109522
1754028000000000,0.023549780445210566,16.45104493502607,0.6457540333105856,180,0.645872625159842,0.35599706738017767,0.0008593792458968519,0.010122676116724683,95.9449861111111,0.005555555555555556,1,0,2025-08-01,58109522
1754029800000000,0.020662795606494123,14.180369017037085,0.5976843933092832,180,0.6006632649602313,0.25277294757911317,0.03009222255409616,0.006087665306616863,97.11696111111111,0.005555555555555556,1,0,2025-08-01,58109522
1754031600000000,0.023348201943565895,12.89860658407034,0.6397144582059264,180,0.6401348557679583,0.4637644472338155,0.010584001896551953,0.0028480175533216467,94.11274722222223,0.016666666666666666,1,0,2025-08-01,58109522
1754033400000000,0.02154422857215968,22.442201751258278,0.821052723985511,168,0.8239094087312167,0.20872254867434814,0.0012202393800938571,0.004478432091619466,95.9663125,0.005952380952380952,1,0,2025-08-01,58109522
1754035200000000,0.02474558243578723,14.662492255870452,0.6663541413960026,168,0.6713866614910471,0.4235817290049093,0.015516119030863473,0.0059992195630370615,87.87147619047619,0.017857142857142856,2,0,2025-08-01,58109522
1754037000000000,0.026139239001049697,7.669330812308789,0.6609472755156123,180,0.6658115233583755,0.297935442060436,0.00043459806225532027,0.016325465037361875,83.9816111111111,0.016666666666666666,2,0,2025-08-01,58109522
1754038800000000,0.02529734998041904,14.27042277732126,0.5681870514422445,180,0.568341875777957,0.36173882601951746,0.02362143390441873,0.013834936914703722,83.27093888888889,0.005555555555555556,2,0,2025-08-01,58109522
1754040600000000,0.030847524589050494,24.893978464918153,0.8270402730250231,180,0.8270963466228546,0.26359609092669956,0.002548694201819246,0.0034404837957350276,93.92427777777777,0.011111111111111112,2,0,2025-08-01,58109522
1754042400000000,0.024355502656892968,28.34922900601629,0.7769876081984333,180,0.7774115284185898,0.27842221297470826,0.0003708315256290007,3.932536434214651e-05,82.60301388888888,0.005555555555555556,2,0,2025-08-01,58109522
1754044200000000,0.025987023601149184,21.650883744931846,0.7917220989248358,180,0.7921101593548854,0.2801763454159405,0.003412112663777278,3.971049195361509e-06,79.26390277777779,0.005555555555555556,2,0,2025-08-01,58109522
1754046000000000,0.025480035841751878,19.14267557142669,0.7735145686313321,180,0.7747067209866596,0.218799319316218,0.037027106357245265,0.03847456625822088,79.69397222222223,0.0,2,0,2025-08-01,58109522
1754047800000000,0.026224235779420582,22.471914536012168,0.785125074752373,180,0.7851437822381719,0.21085399530402305,0.004265843717656703,0.004505642753578454,92.04875000000001,0.011111111111111112,2,0,2025-08-01,58109522
1754049600000000,0.025105304130339498,12.076071422573595,0.5904933957286893,180,0.5905377274234831,0.46752663719801035,4.2603498888738045e-06,0.0011818706080309882,113.74869722222223,0.011111111111111112,3,0,2025-08-01,58109522
1754051400000000,0.03176648188337344,11.82413888516728,0.5848145936945752,180,0.6123136185427981,0.4566004299846861,0.0005252663824647508,0.000950717968015935,78.21723611111112,0.05,3,0,2025-08-01,58109522
1754053200000000,0.02335863156834756,19.21047717464798,0.6903052698702643,180,0.6905239073474716,0.1992573613728511,0.011973465819617002,0.012651493168996053,93.16290000000001,0.011111111111111112,3,0,2025-08-01,58109522
1754055000000000,0.035162694105447874,12.911085459277842,0.627214791553641,180,0.6272187756701295,0.361528643134138,0.0011570684138353382,0.011874065792981114,60.33363611111111,0.027777777777777776,3,0,2025-08-01,58109522
1754056800000000,0.031361832446977746,16.40130803232351,0.6022806195665544,180,0.6091313177995086,0.3582905691836683,0.003348522250029573,0.004698360351407582,91.75950555555555,0.027777777777777776,3,0,2025-08-01,58109522
1754058600000000,0.0296440245892777,15.991136923419086,0.6800609899836714,180,0.6819552550401126,0.30319315631455346,0.00015899787229411988,0.011065845037863009,71.15488333333334,0.022222222222222223,3,0,2025-08-01,58109522
1754060400000000,0.02590304465313378,19.406287036088845,0.6526806290280587,180,0.655490242841253,0.25466117266133037,0.0011005300549872254,0.0007762079199576943,75.72910277777777,0.022222222222222223,3,0,2025-08-01,58109522
1754062200000000,0.025344267033269634,21.322643374140025,0.6878283300010612,168,0.6942821035083735,0.2926977583086331,0.002896988308480175,0.005024018580674583,105.41772321428573,0.005952380952380952,3,0,2025-08-01,58109522
1754064000000000,0.02625857884759114,20.18299535686295,0.7381063763684107,168,0.7426655059157405,0.3673928948149021,0.006005249753352593,0.00551899424909541,79.57040773809524,0.005952380952380952,4,0,2025-08-01,58109522
1754065800000000,0.031335591059422026,20.796593395050127,0.7355974730884056,180,0.738887311606838,0.3493540351260014,0.000984260506489365,0.00022492271661544994,69.86761111111112,0.022222222222222223,4,0,2025-08-01,58109522
1754067600000000,0.03216024462257539,21.77523794141991,0.7282591768905682,180,0.7349701176537629,0.25879402466323176,0.00013708428650172078,0.0022606913785419014,70.06118055555557,0.011111111111111112,4,0,2025-08-01,58109522
1754069400000000,0.02768145193523183,19.476855332497312,0.6315885903095402,180,0.6337208951919655,0.3891825681414752,0.005012253021678403,8.872407061810694e-05,76.38966944444444,0.03333333333333333,4,0,2025-08-01,58109522
1754071200000000,0.028443329765668622,15.06341570750382,0.5927140091418739,180,0.5948643665820237,0.2511676640445103,0.0029983588650421833,0.0005084374689510174,70.52595833333334,0.03333333333333333,4,0,2025-08-01,58109522
1754073000000000,0.027368270911094672,19.624279814452837,0.7165866737731825,180,0.7172459108281783,0.16711690229059328,0.00011198322500127755,0.0009386424753347056,74.9026611111111,0.016666666666666666,4,0,2025-08-01,58109522
1754074800000000,0.02957732304591232,21.8375009236048,0.7128108477864077,180,0.7132950730948686,0.1791287548377335,0.02111868147895446,0.0026411242607246033,73.872975,0.022222222222222223,4,0,2025-08-01,58109522
1754076600000000,0.029540185306218443,14.415459443227055,0.5927312419769302,180,0.5927320615669738,0.337272936790164,2.2783925654024095e-05,0.03417676790505719,94.12843333333332,0.016666666666666666,4,0,2025-08-01,58109522
1754078400000000,0.02684447573584081,21.15695342800707,0.6256114495983185,180,0.6256171187273977,0.2957468063169527,0.002259883361439452,0.032483316440842236,75.11000277777778,0.022222222222222223,5,0,2025-08-01,58109522
1754080200000000,0.023447819263835955,17.994422613590785,0.6632151787259803,180,0.6646938586998249,0.18634438626572858,0.0037484345181131307,0.017272753137440366,84.83635833333334,0.022222222222222223,5,0,2025-08-01,58109522
1754082000000000,0.029509189198727352,19.655066838851724,0.7544142992737892,180,0.7568781439528081,0.3688979993465684,0.001954779240412541,0.00021616962760517833,77.30573333333334,0.011111111111111112,5,0,2025-08-01,58109522
1754083800000000,0.040860839264395946,15.797810434797416,0.7945635616043004,180,0.8067871399120677,0.39719307661237935,0.000921546996413003,0.014857119852358491,59.98877222222222,0.0,5,0,2025-08-01,58109522
1754085600000000,0.03979065638705663,15.40285342946788,0.6932705147598124,180,0.6950551013970554,0.28477175518059294,0.0014294329882499346,6.3389145678049985e-06,80.71416944444444,0.06111111111111111,5,0,2025-08-01,58109522
1754087400000000,0.05936460078946823,10.89088825175312,0.5713006256358826,180,0.5718141448310627,0.1903499007208922,0.006289875941618783,0.04397906220090553,37.50552222222222,0.08333333333333333,5,0,2025-08-01,58109522
1754089200000000,0.050849919591290885,13.985422220593776,0.7258988654756777,180,0.7268004477539606,0.3701428784440308,0.008587203089717499,0.0056337283329332966,51.805086111111116,0.011111111111111112,5,0,2025-08-01,58109522
1754091000000000,0.03140840965246113,17.04269006014872,0.6865844453763394,168,0.6991727137998158,0.27273835519853784,0.011890588576387584,0.01944986336645016,70.19449702380952,0.017857142857142856,5,0,2025-08-01,58109522
1756684800000000,0.03192071860471032,14.147823760258811,0.6037557642541649,168,0.6088064531528055,0.2804501137590317,0.00022967211144542254,0.00696740187116518,86.37801785714285,0.005952380952380952,0,0,2025-09-01,38844021
1756686600000000,0.03508781879316472,19.625234680333357,0.7031836393218384,180,0.7172733645513505,0.33240151459496503,0.00011311183538875724,0.004630112525688124,85.80709166666666,0.011111111111111112,0,0,2025-09-01,38844021
1756688400000000,0.03791606751659999,16.191525518593924,0.7205167804452002,180,0.725343448490676,0.3892483291791211,0.021065356103956878,0.01176402648652175,77.21679166666667,0.005555555555555556,0,0,2025-09-01,38844021
1756690200000000,0.03418605203602288,16.617109882248396,0.6840799374303945,180,0.6855244883542528,0.2992945694623347,0.0003358812045685111,8.313164969209197e-05,86.223025,0.0,0,0,2025-09-01,38844021
1756692000000000,0.029411661572257795,20.997213657175863,0.6626431502664825,180,0.6664494178555445,0.34363957547112145,0.0070500252033263155,0.00020447841792892163,95.19390555555555,0.005555555555555556,0,0,2025-09-01,38844021
1756693800000000,0.033320354744412375,15.65824138965831,0.679085393917763,180,0.6941964371593702,0.2762055623170494,0.015046324203525474,0.004165851311670132,97.40860555555555,0.016666666666666666,0,0,2025-09-01,38844021
1756695600000000,0.02809938805659763,19.277031190344623,0.6603158746120632,180,0.663519418139626,0.3020972455650506,0.001114212997543329,0.002687720555174522,93.896975,0.0,0,0,2025-09-01,38844021
1756697400000000,0.025425589737339015,21.33133853513998,0.6775052683177328,180,0.6776780778739182,0.326269855277733,6.186830784382646e-05,0.003706721507565902,104.16599444444445,0.0,0,0,2025-09-01,38844021
1756699200000000,0.028458050454680014,17.997301838330884,0.7621718115088333,180,0.7657220410435327,0.19029514887479804,0.004364071104595246,9.225088084097166e-05,106.71843888888888,0.005555555555555556,1,0,2025-09-01,38844021
1756701000000000,0.027220960251234057,18.385300127233037,0.6499563481774242,180,0.6566153732293858,0.23110247378824234,0.013931325166691821,0.0014425591090236889,84.9900111111111,0.0,1,0,2025-09-01,38844021
1756702800000000,0.0263155660181649,17.78362433282134,0.6994236064630859,180,0.7054099868437962,0.2334077414849941,0.00803280660108907,0.0035463941006126376,98.99998611111111,0.011111111111111112,1,0,2025-09-01,38844021
1756704600000000,0.029381165415666967,23.095898867915285,0.7859653299961229,180,0.7870665706451937,0.3863704270135939,0.004921078105609045,0.001123951743531082,103.642225,0.0,1,0,2025-09-01,38844021
1756706400000000,0.0272296061370981,22.445178263282095,0.7981413206173436,180,0.808037297664315,0.3267820672690439,0.01316076459928972,0.018680957605105686,105.7476638888889,0.011111111111111112,1,0,2025-09-01,38844021
1756708200000000,0.03253338628376257,17.660915015141466,0.7481531030749871,180,0.7577564383594374,0.2970686033786054,0.004230470992126145,0.001441211387175012,90.53701944444445,0.005555555555555556,1,0,2025-09-01,38844021
1756710000000000,0.02823380902134426,21.88171660608934,0.7799269352674415,180,0.7816867917689451,0.27434855331817687,0.00010135286463863746,0.0032452812263943365,94.82731944444444,0.0,1,0,2025-09-01,38844021
1756711800000000,0.031877878891060515,12.667574003544985,0.5324553408533064,168,0.5406029535328611,0.4852914853344884,0.00017278157366906743,0.011626436484337366,89.06214880952382,0.005952380952380952,1,0,2025-09-01,38844021
1756713600000000,0.03668186021980087,12.895144045211856,0.5220028946435964,168,0.5238692940899414,0.4981788114462302,0.002523243776463402,0.0023063336715161142,91.02561011904761,0.017857142857142856,2,0,2025-09-01,38844021
1756715400000000,0.03875366989250878,16.901434702782215,0.6037539080484602,180,0.604262240788821,0.41783706672563636,0.020747212381339142,0.015948157361981297,75.29251666666667,0.005555555555555556,2,0,2025-09-01,38844021
1756717200000000,0.034954751907895106,17.81823545445196,0.6902415081593272,180,0.6907155171160182,0.2816898419920648,0.0038663206387600235,0.0020380370784169877,72.93944722222223,0.0,2,0,2025-09-01,38844021
1756719000000000,0.03762880701939344,12.842011651652728,0.5924395868398498,180,0.6207571529529775,0.5230200475832081,0.017295991628333396,0.008869881778415634,83.40925277777777,0.011111111111111112,2,0,2025-09-01,38844021
1756720800000000,0.031456020897335214,15.821736029908996,0.7092738711376292,180,0.7141578890625009,0.2610621811786231,0.01419713252032806,0.0035375034665064975,75.45808333333333,0.005555555555555556,2,0,2025-09-01,38844021
1756722600000000,0.034771449954416056,12.272498866570636,0.6262572265717077,180,0.6448425865299223,0.5062440636718677,6.687017108686355e-05,1.070418121718042e-05,94.98965555555554,0.0,2,0,2025-09-01,38844021
1756724400000000,0.03023735795454483,23.499405888774618,0.737856168973875,180,0.7411269369085975,0.3187417133496687,0.0019149525231858533,0.0044001155323242225,106.08991944444445,0.0,2,0,2025-09-01,38844021
1756726200000000,0.03162266996619469,18.4322795538657,0.6966862450397311,180,0.6972867530139576,0.3089651055115721,3.970988125212571e-06,0.002068700393371814,100.73197499999999,0.005555555555555556,2,0,2025-09-01,38844021
1756728000000000,0.02879490565410146,17.734413462059003,0.7353374707109828,180,0.7411843006289445,0.3567491118514886,0.018405889815903076,0.0013339435545127731,121.73619722222223,0.005555555555555556,3,0,2025-09-01,38844021
1756729800000000,0.023467572870775895,21.030075134109996,0.7901566823328785,180,0.7933892324076978,0.3927889482128649,0.0210677518423521,0.018573647508781987,125.98739166666668,0.0,3,0,2025-09-01,38844021
1756731600000000,0.023766031012399696,15.930531611698147,0.7325908256883216,180,0.7440871418707411,0.1786374231098955,0.0019351454898984821,0.0013408472666978088,111.22772222222223,0.005555555555555556,3,0,2025-09-01,38844021
1756733400000000,0.02816392244981893,13.470996203160249,0.6764739083027309,180,0.6767649632925055,0.2932631822435958,6.390814762724517e-06,4.957622523615868e-06,103.1088361111111,0.005555555555555556,3,0,2025-09-01,38844021
1756735200000000,0.024252251350134882,21.261560134516476,0.7824687283977716,180,0.788416982076282,0.16186986215503896,0.0021758199344557028,0.0008918634907959522,110.08030000000001,0.0,3,0,2025-09-01,38844021
1756737000000000,0.023650148208078224,22.44122343216856,0.7498791360301165,180,0.7580337667112589,0.29928527054863874,0.012038301401675722,0.01864116973757035,110.03670277777779,0.0,3,0,2025-09-01,38844021
1756738800000000,0.02845101484065945,12.637000270676118,0.6890432516004922,180,0.6954218268150545,0.32621066541045973,0.0004230330250269976,0.0025015827559319304,106.42268611111112,0.005555555555555556,3,0,2025-09-01,38844021
1756740600000000,0.02452504553703746,7.323514910852559,0.5465202084299302,168,0.5679181754195299,0.3859399362373662,0.009201972077551024,0.0001819158262370557,115.0987976190476,0.005952380952380952,3,0,2025-09-01,38844021
1756742400000000,0.026681454530761192,19.12555044794771,0.7700111304872805,168,0.7703854329941299,0.28752686965542673,0.012750864728374944,0.009778079231383296,104.78557738095238,0.023809523809523808,4,0,2025-09-01,38844021
1756744200000000,0.02415742566198807,20.86274427266306,0.761990483563077,180,0.7662689769646084,0.20362514245595364,0.0006538572229007888,0.003431738598776324,108.94885277777777,0.005555555555555556,4,0,2025-09-01,38844021
1756746000000000,0.028898292594277362,14.670687415128594,0.6871542285743677,180,0.6897902235768358,0.2582316287429617,0.007483724267923986,9.603697966364955e-05,112.52555,0.022222222222222223,4,0,2025-09-01,38844021
1756747800000000,0.024340122024294912,17.219581429208528,0.7305915881032984,180,0.7306505354198816,0.30276392999288926,0.00217335892866366,0.001687712858773116,120.11963055555556,0.0,4,0,2025-09-01,38844021
1756749600000000,0.0230269312970778,17.92355169996915,0.5829885698218876,180,0.5915310606838396,0.30986216888018014,0.015623615151682424,0.01924421569618595,112.15135555555555,0.0,4,0,2025-09-01,38844021
1756751400000000,0.025064591786896753,17.60764485235185,0.7654249168547262,180,0.7744953471750907,0.47853518824272057,0.0070054843232943975,0.003574708437591778,115.15255277777779,0.005555555555555556,4,0,2025-09-01,38844021
1756753200000000,0.026590829842095286,14.550189278596333,0.7167006492035577,180,0.7371921083902282,0.3777136730663573,0.0002378151478341639,7.565096123651749e-05,118.87477222222222,0.005555555555555556,4,0,2025-09-01,38844021
1756755000000000,0.025498763408632417,22.637034833017253,0.6903985362934647,180,0.7059653813259331,0.356671037972374,0.0010368490475803904,4.9056023037175045e-05,100.77998333333333,0.0,4,0,2025-09-01,38844021
1756756800000000,0.021994383562732762,14.086395708230869,0.6865381097986931,180,0.7060524706902356,0.42862359946740547,0.0004484305083855,0.00337480380058508,121.06534166666667,0.005555555555555556,5,0,2025-09-01,38844021
1756758600000000,0.04244677902017464,7.0900468120566735,0.34588118105491605,180,0.3459279814904097,0.4719808430593415,0.010167196042535798,0.0002328694999846892,94.90100277777778,0.07222222222222222,5,0,2025-09-01,38844021
1756760400000000,0.03859005200034892,12.103212873457739,0.41970386838620155,180,0.4238729171483745,0.46932951788878907,0.009811396467000244,2.1681068588907948e-05,83.48835277777778,0.022222222222222223,5,0,2025-09-01,38844021
1756762200000000,0.08998125598219292,6.592251457928753,0.7061721446754208,180,0.7330150296965477,0.5688553339204828,7.94484478205959e-11,0.0057824609145719075,79.25256944444445,0.0,5,0,2025-09-01,38844021
1756764000000000,0.043633693035614096,9.275795156077894,0.5122958343904028,180,0.5304097035015742,0.3815804483967369,7.97612645702106e-05,0.0025433645169048447,102.42171944444445,0.005555555555555556,5,0,2025-09-01,38844021
1756765800000000,0.031737592043426896,12.754302337996252,0.5812592237860356,180,0.5813906759329313,0.48242909479196683,0.0017698764935261124,0.0010257714101139515,88.97775833333334,0.005555555555555556,5,0,2025-09-01,38844021
1756767600000000,0.04044103727426175,15.376121570474345,0.6188272885088972,180,0.6190905468919983,0.43931527655542546,0.016978425347587756,0.007231857885340309,80.73059722222222,0.011111111111111112,5,0,2025-09-01,38844021
1756769400000000,0.03344525394772105,17.3709276386112,0.6126116030782912,168,0.6126182354463708,0.3693776198988188,6.981127962490952e-06,0.00169982682025982,79.56773214285715,0.005952380952380952,5,0,2025-09-01,38844021
1759276800000000,0.02316331981566542,21.017453520597375,0.7276953217899633,168,0.7363821945444058,0.35397057630555784,0.003740687700403922,0.0028777677832476645,106.62188095238095,0.0,0,0,2025-10-01,40734470
1759278600000000,0.024748139916653436,13.118433704040603,0.6342090228215128,180,0.6343080035419275,0.43282349097695805,0.00011643572324215867,0.00033469537384545056,104.54573055555555,0.0,0,0,2025-10-01,40734470
1759280400000000,0.0265145816398043,24.11339879418849,0.7462700605724124,180,0.7463850387703106,0.28740807190354967,0.009091824961808936,0.002926053557789854,127.84549722222222,0.005555555555555556,0,0,2025-10-01,40734470
1759282200000000,0.023378779380697087,14.963898188947288,0.5759424919255598,180,0.5801948771688845,0.44033083180980215,0.018253136825331584,0.0031731484992955084,100.70994722222221,0.011111111111111112,0,0,2025-10-01,40734470
1759284000000000,0.023980237376832955,25.056407923809715,0.6868676410862495,180,0.6869614424484469,0.32037180986753244,0.005297013776183412,0.0021079947493536366,102.36115555555557,0.0,0,0,2025-10-01,40734470
1759285800000000,0.020310938455741667,15.67057513938272,0.8012866069839677,180,0.8013283171211847,0.4383762707997454,0.002307638409966062,0.0006719648496150699,134.68639444444443,0.0,0,0,2025-10-01,40734470
1759287600000000,0.02143110613601907,16.883246447154512,0.6551411640268286,180,0.6712212536497519,0.18218784965928503,0.008870792190173615,2.6212535713665552e-05,124.89068611111111,0.005555555555555556,0,0,2025-10-01,40734470
1759289400000000,0.019081283152075905,20.557435322889383,0.7025485848215618,180,0.707240807115544,0.2846358885376683,0.0014679430519902725,3.7291251409166115e-05,128.78168055555554,0.0,0,0,2025-10-01,40734470
1759291200000000,0.021487917853647162,22.5932272126201,0.7574157629662798,180,0.7591332880852679,0.40185296041004326,0.002380971038980495,0.013180951699886978,119.63463333333334,0.0,1,0,2025-10-01,40734470
1759293000000000,0.02072956399908587,19.90972720035044,0.6042746958263095,180,0.612499864353907,0.3904743088459012,0.005816369081356854,0.006131436046038163,116.44197777777778,0.0,1,0,2025-10-01,40734470
1759294800000000,0.020286183356675595,18.64352114316615,0.6539070485628511,180,0.6544136796148303,0.21857020127610882,0.0010911288949478903,0.0004095462328196353,107.50514166666667,0.005555555555555556,1,0,2025-10-01,40734470
1759296600000000,0.021579622851130572,26.970965067316815,0.8185845129727349,180,0.8202489098256809,0.20916902507667334,0.017708551420293484,0.006103777947618294,119.58184722222221,0.0,1,0,2025-10-01,40734470
1759298400000000,0.018501875451292095,15.067460778599292,0.5736248255396138,180,0.5737877102183837,0.2642318276151665,0.004221770450125395,1.034062254490209e-05,127.82288333333332,0.005555555555555556,1,0,2025-10-01,40734470
1759300200000000,0.019219790136146882,18.896246166646314,0.7526589459645094,180,0.7532825377818076,0.21207670556735514,0.006204331368926286,0.004133493257895582,129.30219166666666,0.005555555555555556,1,0,2025-10-01,40734470
1759302000000000,0.0192059318724108,19.464802859799665,0.7667752271140418,180,0.7801731836940751,0.3479273425506717,0.015679109808394487,0.016466753736195106,148.373275,0.005555555555555556,1,0,2025-10-01,40734470
1759303800000000,0.016986117258603002,19.17715548978598,0.7071309902231415,168,0.7207211258668587,0.3311587667543695,0.003302859625540999,0.01306415440625075,149.48230654761906,0.0,1,0,2025-10-01,40734470
1759305600000000,0.019734565651982273,12.99679805130265,0.6795969147714717,168,0.6796483678636787,0.36415952930570616,6.641864497991534e-05,0.0009817681555446267,145.2908630952381,0.017857142857142856,2,0,2025-10-01,40734470
1759307400000000,0.032111435631796914,9.699759604034742,0.29786125868491464,180,0.29791313210255477,0.4625492291693153,0.0020882248259335157,0.00703260422358154,129.49994166666667,0.07222222222222222,2,0,2025-10-01,40734470
1759309200000000,0.020776509208243844,3.5209418251288045,0.25493164453191464,180,0.3138349832955504,0.7033853853575052,0.000820663180643777,0.004784768695233699,141.47620555555557,0.011111111111111112,2,0,2025-10-01,40734470
1759311000000000,0.019613922999888712,10.93298942527541,0.38362989024804206,180,0.3871858782064791,0.4949620870108842,0.0026016439536058478,0.020532365371108807,106.69051388888889,0.005555555555555556,2,0,2025-10-01,40734470
1759312800000000,0.018311340667209026,16.07667815902633,0.5128773562534459,180,0.5128916393768324,0.4503847813641302,0.0010496400824776542,0.0006294311971025701,128.09330277777778,0.0,2,0,2025-10-01,40734470
1759314600000000,0.017630206380193986,6.927158786078566,0.6142565752593655,180,0.6651080939854331,0.36352603919080717,0.03547860428663485,0.0058597360159907685,127.78218333333334,0.0,2,0,2025-10-01,40734470
1759316400000000,0.017156402817499947,11.025654092130452,0.5906805181957592,180,0.605777490747435,0.2495029745527355,0.0005846249488796751,0.0064415440042251415,127.59688055555556,0.0,2,0,2025-10-01,40734470
1759318200000000,0.019605116600043906,11.83026739787138,0.6754945197202002,180,0.692188360018362,0.3094398160980961,0.0032610170894700197,0.007342687178982343,125.64492222222222,0.0,2,0,2025-10-01,40734470
1759320000000000,0.024022821286542442,11.648534598246146,0.5434280730656147,180,0.5434280916166683,0.4038315739482996,0.007378648984149527,0.0017270255454605588,127.56430833333333,0.005555555555555556,3,0,2025-10-01,40734470
1759321800000000,0.0159902231171815,5.969286545184578,0.3896796033301678,180,0.40446874406020594,0.44096843441575195,0.0012604157203367494,0.010607872457293555,140.21708055555555,0.0,3,0,2025-10-01,40734470
1759323600000000,0.01918703791855456,15.381035197693178,0.6035631659645926,180,0.6089748996090706,0.40438396623543704,4.6180482515478793e-05,0.002257845966131211,140.1003888888889,0.005555555555555556,3,0,2025-10-01,40734470
1759325400000000,0.022651283812016417,20.558074509035983,0.6307782144110516,180,0.6371360757343243,0.3235987767168298,0.010466416109940702,0.005661521898703836,121.4700388888889,0.005555555555555556,3,0,2025-10-01,40734470
1759327200000000,0.02044335212671361,14.28622910116057,0.619944512113179,180,0.6223936194347288,0.3838910372438664,0.009289800501341094,0.0046639252856061075,120.69235555555555,0.03333333333333333,3,0,2025-10-01,40734470
1759329000000000,0.024064140192415807,14.95259419526813,0.5901589225040831,180,0.5936690521113102,0.25448634816791127,0.0017252698521900145,0.010421102120335757,108.39741388888889,0.005555555555555556,3,0,2025-10-01,40734470
1759330800000000,0.022133933912250832,22.094344468641175,0.7306461574414032,180,0.7307001216994415,0.24994021288084245,0.00704857576265272,0.006359542282864283,118.95094166666667,0.005555555555555556,3,0,2025-10-01,40734470
1759332600000000,0.024172813235444398,7.6608962632886115,0.5548849046907511,168,0.570680899518915,0.5845466758604376,0.029608020179753614,0.00035656532015526654,138.15462797619048,0.0,3,0,2025-10-01,40734470
1759334400000000,0.019780359693874025,20.21461458962509,0.6689484152612712,168,0.6721652327095222,0.38455458379403507,0.009015680551635707,0.00023458541161314184,142.65340178571427,0.017857142857142856,4,0,2025-10-01,40734470
1759336200000000,0.02060511885374161,10.250520624465254,0.5222527137790342,180,0.5263828949951277,0.3997315093328305,0.002921793409291884,0.0017110840873461042,131.40741666666665,0.011111111111111112,4,0,2025-10-01,40734470
1759338000000000,0.019436923791923712,16.208300904654944,0.6573557210515797,180,0.66126122227412,0.3920891848684912,0.0020947048890048725,0.007202917610954929,129.24035833333335,0.0,4,0,2025-10-01,40734470
1759339800000000,0.01908328823633218,20.263436885538535,0.6871328268557924,180,0.687137360217956,0.26130386019721297,0.03565511139550448,0.029285085176589787,139.06570833333333,0.005555555555555556,4,0,2025-10-01,40734470
1759341600000000,0.018197924509618407,19.020603690112782,0.7545130519178227,180,0.7551689337801468,0.3752626167889266,0.003922395046211724,0.001488152111768004,148.56014444444446,0.0,4,0,2025-10-01,40734470
1759343400000000,0.01760351249791914,11.682229810291334,0.5147808104101351,180,0.5363836070707309,0.43194768962786323,0.016340591115427294,0.052922842846578,129.35340833333333,0.0,4,0,2025-10-01,40734470
1759345200000000,0.016077979480797974,8.004480632732983,0.6286354307762148,180,0.6959302095946492,0.44225176614984774,0.016834450981730087,0.007246875643688311,134.77201666666667,0.005555555555555556,4,0,2025-10-01,40734470
1759347000000000,0.020154399680133703,10.210120633197086,0.36672062302016206,180,0.3738020345080729,0.6157152791162567,0.00408929713147399,0.007216752989845143,127.5524361111111,0.011111111111111112,4,0,2025-10-01,40734470
1759348800000000,0.01962064427138497,5.404118660079736,0.21740345894224888,180,0.2711327099578743,0.5872883559111413,0.017932362995798368,0.018398323917396486,125.99553888888889,0.0,5,0,2025-10-01,40734470
1759350600000000,0.018348438052575654,12.909124239370373,0.722094793538566,180,0.7544850029199256,0.45148673270790274,0.0008245297681491737,3.913950127409915e-05,137.87898055555556,0.0,5,0,2025-10-01,40734470
1759352400000000,0.020761596656169407,19.155896517808642,0.6758309011143278,180,0.6814382345787764,0.6125958156646736,0.001127882545191361,1.5801362825973442e-06,130.96173055555556,0.005555555555555556,5,0,2025-10-01,40734470
1759354200000000,0.016015886584344132,2.5614488701816502,0.1617780633747844,180,0.20454649645070155,0.48302389793266565,0.0002173589181325708,0.009995576990850075,109.29519166666667,0.0,5,0,2025-10-01,40734470
1759356000000000,0.023115562834880247,9.966593644296283,0.6036717348467557,180,0.6044680812121077,0.36411713054793515,0.008575420411426782,0.00507462846720752,93.65290277777777,0.016666666666666666,5,0,2025-10-01,40734470
1759357800000000,0.022491839841937124,16.13388676928348,0.779954441536773,180,0.7815312532713459,0.5169852962323331,0.0004390222403096722,0.016199918947833458,100.38798611111112,0.005555555555555556,5,0,2025-10-01,40734470
1759359600000000,0.026216258103216254,18.24422609786407,0.6608261309887231,180,0.6671085810612821,0.3850907802290575,0.0005019387610534221,0.0008780583592860047,105.01653055555556,0.0,5,0,2025-10-01,40734470
1759361400000000,0.02684802249508997,14.947440260140496,0.6174127163399343,168,0.6174184092006039,0.3668373169205069,0.0005414351088613989,0.0037746497659782996,89.95425297619047,0.005952380952380952,5,0,2025-10-01,40734470
1761955200000000,0.029671786396077496,7.668000862553181,0.557791746456455,168,0.5580577172593426,0.004590365475264813,0.000182390581221048,0.0011579251806531632,97.29332738095238,0.0,0,1,2025-11-01,19667709
1761957000000000,0.026489855937507863,16.500043128679827,0.6673331852456593,180,0.668094179891187,0.34716946646061964,0.004579431970103021,0.00860286336355831,89.54639166666666,0.016666666666666666,0,1,2025-11-01,19667709
1761958800000000,0.028074808469217907,10.983190586888025,0.4768865133149136,180,0.4880310366198548,0.5766838809645815,0.009334839427129649,1.5342389094397113e-05,90.0239,0.0,0,1,2025-11-01,19667709
1761960600000000,0.024381700956210943,14.443310480259152,0.6021983058596967,180,0.6229577712614619,0.4543423814115124,0.00662713322666475,0.007203491843762455,84.3027,0.0,0,1,2025-11-01,19667709
1761962400000000,0.028157237574623743,9.318047640873967,0.6669743268742716,180,0.6671635280114792,0.5155325928602799,0.0017240779802683015,0.003348288116982623,95.09241944444445,0.0,0,1,2025-11-01,19667709
1761964200000000,0.023316485976514645,15.655933477633958,0.6713939907190278,180,0.6787590784032247,0.425427763166353,0.00012248019611083016,0.0036023185625473353,93.79007777777778,0.0,0,1,2025-11-01,19667709
1761966000000000,0.026753536030693092,12.520679100416098,0.5866348131483327,180,0.5869739297463035,0.36961423249681225,0.02747362442230883,0.04587837472044409,88.07541666666667,0.0,0,1,2025-11-01,19667709
1761967800000000,0.02929097182378453,10.742652068815687,0.6043801632510986,180,0.6074341741586039,0.5588172564173686,0.0024065248064006894,0.005773379691225156,86.63563611111111,0.0,0,1,2025-11-01,19667709
1761969600000000,0.027697471385770292,13.340112535762369,0.6617752390617551,180,0.6627297608018461,0.4553191752778806,0.0012656452542582075,0.02214258537250724,96.96923055555557,0.005555555555555556,1,1,2025-11-01,19667709
1761971400000000,0.020810035353124375,8.082380323481182,0.31886474805695175,180,0.3191710272532383,0.503557367296484,0.0019089773370418728,1.8769044814126445e-05,106.84604722222221,0.0,1,1,2025-11-01,19667709
1761973200000000,0.023078066942833517,8.865027439151232,0.5744953312466954,180,0.5771326839847373,0.4370421936555855,0.015290912177955307,0.0006085587292558037,110.22819166666666,0.0,1,1,2025-11-01,19667709
1761975000000000,0.029122064459397395,9.531123341756764,0.5206455726872139,180,0.5206618257164991,0.509604520008499,0.0015887264835650061,0.00011577817265306933,90.86786666666667,0.0,1,1,2025-11-01,19667709
1761976800000000,0.02991175649532038,12.330938493915076,0.5333330682682506,180,0.5374294636910049,0.5537319638987737,0.00026483219529005453,0.005859952078536512,89.44040277777778,0.0,1,1,2025-11-01,19667709
1761978600000000,0.020518948773544085,13.621711144456915,0.44784783989797816,180,0.4523317900313968,0.5187601821705261,0.00015916410927074853,0.0005004663763542583,96.47909722222222,0.0,1,1,2025-11-01,19667709
1761980400000000,0.023903824688220054,12.150710334429851,0.6823548700535295,180,0.7146387270329344,0.6302986828567099,0.0020910844464485656,0.005744732984170109,109.26058611111111,0.005555555555555556,1,1,2025-11-01,19667709
1761982200000000,0.022737100809833793,16.005919891308444,0.622952289673181,168,0.6276219601844193,0.4216993180647831,0.001465890985412388,0.001532810537547502,100.64477678571427,0.0,1,1,2025-11-01,19667709
1761984000000000,0.021179829296286555,11.96941373075354,0.38816270780417905,168,0.4116779112432757,0.6169764158694724,0.011806280258535584,0.0005063303885212145,141.27619345238094,0.0,2,1,2025-11-01,19667709
1761985800000000,0.029003675666001618,10.827884233919757,0.3980605063840744,180,0.4044900753710371,0.6481872536611695,0.0166232846869796,0.004326414099647069,103.89216111111111,0.011111111111111112,2,1,2025-11-01,19667709
1761987600000000,0.02158312137761638,12.13720922717996,0.5428996988525163,180,0.544140411163786,0.5228026153869796,0.00687884394113758,0.0017422632986922038,109.55441944444445,0.0,2,1,2025-11-01,19667709
1761989400000000,0.021834262365006823,8.36960984172551,0.49077447194897716,180,0.5046453837152471,0.4335576937242789,0.007556892079258137,0.014236249564699044,104.61836388888888,0.0,2,1,2025-11-01,19667709
1761991200000000,0.020101016310670308,9.180100058190998,0.5458237176437968,180,0.5478279747522214,0.5101296531839248,0.012404840107904436,0.0009993532140464279,125.28505000000001,0.0,2,1,2025-11-01,19667709
1761993000000000,0.02055477164737332,14.984866013686393,0.6497748258217573,180,0.6509891026676335,0.44474418616801625,0.007452258577405502,0.004013901092124295,102.35917222222221,0.0,2,1,2025-11-01,19667709
1761994800000000,0.018251411758381485,15.108809317274702,0.7181557881536845,180,0.7221732890424986,0.40784099813700403,0.002060475694109054,0.010834090456520284,119.95869444444443,0.0,2,1,2025-11-01,19667709
1761996600000000,0.016512495147395223,14.074186152124227,0.6868324979530954,180,0.6980850598504089,0.43125307975361504,0.001975605165868033,0.001519910272816949,123.10024722222222,0.0,2,1,2025-11-01,19667709
1761998400000000,0.01899864767881436,20.394878203515724,0.710298709930291,180,0.7119427496348414,0.45466512447599816,0.021915253899282283,0.008883042029013022,122.43270277777778,0.0,3,1,2025-11-01,19667709
1762000200000000,0.01813420738083278,14.144891954645075,0.6564149387148006,180,0.6569801821362675,0.39436770312418423,0.016711478641983413,0.05590550654914528,116.0056861111111,0.0,3,1,2025-11-01,19667709
1762002000000000,0.016264130534359142,14.953788696391817,0.7275923499649295,180,0.7420068189432636,0.49303722707868525,0.004109328805239287,0.0035046039594115452,134.2498277777778,0.0,3,1,2025-11-01,19667709
1762003800000000,0.022591833265269246,6.42429133729108,0.5997446511273652,180,0.635371841378539,0.5470041730595274,0.0054130769179699945,0.0017195401641030283,107.92130833333334,0.0,3,1,2025-11-01,19667709
1762005600000000,0.022776839286561053,13.635178986446132,0.7020339009798112,180,0.7030492857984972,0.4050689019088576,0.00565832389453258,0.00022490972219346705,113.81245000000001,0.011111111111111112,3,1,2025-11-01,19667709
1762007400000000,0.025102698620841277,18.868884134179385,0.7185646126618495,180,0.7185953359745147,0.39356007837379703,0.0029460120778499466,0.0007430968425897744,114.253875,0.0,3,1,2025-11-01,19667709
1762009200000000,0.03163730135101185,9.228198791753512,0.6056981614999648,180,0.6123923237199345,0.5101334309745705,0.013685375013977263,0.0023125775198852283,102.0836861111111,0.011111111111111112,3,1,2025-11-01,19667709
1762011000000000,0.03037726783209311,9.278894352931957,0.711363464221882,168,0.7241433956022532,0.5049163385667614,0.004113722431774436,0.0008345393857305261,105.51000297619046,0.005952380952380952,3,1,2025-11-01,19667709
1762012800000000,0.02934795490217963,11.914758337515394,0.5086108749165544,168,0.5114368939274114,0.44245064119937416,0.041462098702206074,0.007242955291436148,95.95277976190475,0.005952380952380952,4,1,2025-11-01,19667709
1762014600000000,0.029536973876643613,15.253180392500823,0.705802236148174,180,0.7257202410831185,0.48507665852467774,0.007625057116286027,4.174892180852652e-07,97.6484138888889,0.0,4,1,2025-11-01,19667709
1762016400000000,0.022385671861551618,5.783953407554758,0.24972677288815326,180,0.31839454760143826,0.4395994179028989,0.003962603953401533,0.010159140246407516,88.87181388888888,0.005555555555555556,4,1,2025-11-01,19667709
1762018200000000,0.0227837193683713,5.355624395097488,0.33901988625730595,180,0.3532245608016741,0.5655465377788707,0.000500131003017823,0.003896962276128124,204.17906944444442,0.0,4,1,2025-11-01,19667709
1762020000000000,0.024554988771494337,10.611515361801548,0.6207599058855258,180,0.6482780210174428,0.28163035339545983,0.002652188361266572,0.0011291361888822182,123.53022222222222,0.0,4,1,2025-11-01,19667709
1762021800000000,0.023445819758987567,14.968274831670826,0.8441849659736242,180,0.8539149279353816,0.501237396123121,3.7033912846373696e-06,0.0001622824169010828,135.43838333333332,0.005555555555555556,4,1,2025-11-01,19667709
1762023600000000,0.023005327369486517,21.93215321268624,0.8178877633100778,180,0.8214339654778205,0.16179406197577972,0.009954509446208348,0.0431801075410807,99.89275555555555,0.0,4,1,2025-11-01,19667709
1762025400000000,0.022247748153947613,18.84312835551424,0.8383387177846198,180,0.8386038381695751,0.32522254504631964,0.004892634773832283,0.010031765058982067,97.69427777777778,0.0,4,1,2025-11-01,19667709
1762027200000000,0.023777651935876234,12.162922954451918,0.5817666953447017,180,0.5873864071832542,0.39614097794882364,1.2799625627168965e-05,0.0012022241539367817,88.05595,0.005555555555555556,5,1,2025-11-01,19667709
1762029000000000,0.027909923694397175,11.546458410385764,0.6928883169912715,180,0.7114501451067774,0.23842956310747143,0.0028462369661740317,0.009598497355676305,81.47827222222222,0.005555555555555556,5,1,2025-11-01,19667709
1762030800000000,0.027243017562354196,8.521914597727482,0.805779397208385,180,0.834095734997315,0.25190978641414585,0.0031885923676782113,0.00375318830393756,95.48941111111111,0.0,5,1,2025-11-01,19667709
1762032600000000,0.03283376747002677,8.674566189814483,0.6660002659035037,180,0.6671878927871506,0.42823442888212293,0.003941377250994638,0.005238149450006668,63.74613888888889,0.0,5,1,2025-11-01,19667709
1762034400000000,0.02470219131927852,18.62703330905342,0.6890647166555202,180,0.6960326577870322,0.19827846011658046,0.0002661852413784471,0.0016296584747321763,74.45309444444445,0.0,5,1,2025-11-01,19667709
1762036200000000,0.023335814015304247,16.53473236662931,0.7749908435368981,180,0.7859235063384988,0.3454957183594122,0.000784855673852225,0.0008280449721382865,93.41858888888889,0.0,5,1,2025-11-01,19667709
1762038000000000,0.02545097708287038,13.289060174753134,0.777885869842865,180,0.7867536312427308,0.41111826475451896,0.0002269538172892105,2.532776424146732e-07,88.93324722222222,0.0,5,1,2025-11-01,19667709
1762039800000000,0.03503101319783591,7.022069753419495,0.8274226973742702,168,0.8613982006406278,0.48232460451282355,0.0009120182719762893,0.002406313518164227,87.91293154761904,0.0,5,1,2025-11-01,19667709
1764547200000000,0.040849362499594685,8.241104880300375,0.4216374722615266,168,0.43196431532856316,0.252940914251516,0.03264780542663637,0.0029773723792093643,57.40852678571429,0.08928571428571429,0,0,2025-12-01,54937367
1764549000000000,0.025206776893832133,9.275727247235684,0.4148548038442189,180,0.41564102499494215,0.15846237875921765,0.005368953508693486,0.016159462884557496,60.28232777777777,0.03333333333333333,0,0,2025-12-01,54937367
1764550800000000,0.026121305767820145,11.545640787189082,0.46262574498944375,180,0.462638851751456,0.36412779832844533,0.007690335810568105,1.2188092113341042e-07,54.27733888888889,0.03333333333333333,0,0,2025-12-01,54937367
1764552600000000,0.018359499529948836,12.744425842440933,0.6347475301850178,180,0.6407327405845903,0.2053763262139764,1.5739059210595485e-05,0.00042930805191099264,57.80262222222222,0.011111111111111112,0,0,2025-12-01,54937367
1764554400000000,0.020302192078260204,6.412802121864469,0.32352495333709586,180,0.3250135804561213,0.4520970754038861,0.00035777907399670017,0.0029601488448210977,66.17529722222223,0.011111111111111112,0,0,2025-12-01,54937367
1764556200000000,0.01677393915868334,8.22155994210018,0.2429047531294547,180,0.25512438348914146,0.2786621506160739,0.05689960594869181,0.00013983247795734677,66.33571111111111,0.022222222222222223,0,0,2025-12-01,54937367
1764558000000000,0.02002454619760288,13.19430454404635,0.5952772512292364,180,0.5962591349150105,0.294061080856008,0.005440471621329435,0.0239646489379568,65.16156944444445,0.005555555555555556,0,0,2025-12-01,54937367
1764559800000000,0.01977063488061802,10.20360973302591,0.4162583993672536,180,0.41720481275666,0.5348068114471763,0.008618879457208073,0.003428683420384604,71.87354722222221,0.0,0,0,2025-12-01,54937367
1764561600000000,0.018504774702959706,17.883540453736305,0.5628406524109532,180,0.5628709722216196,0.406678138824791,0.007334131567373614,0.007734944180404768,70.02980833333334,0.005555555555555556,1,0,2025-12-01,54937367
1764563400000000,0.014028926948378468,14.109690133950929,0.5119535698867071,180,0.5119699802004134,0.3353869950176468,0.006061998419356951,0.017718627214565408,75.13204166666667,0.005555555555555556,1,0,2025-12-01,54937367
1764565200000000,0.016765114196005886,9.897662907242026,0.5420991963701367,180,0.5434815818085372,0.3290201378456251,0.0010513551348406702,0.0312251149685141,91.04953888888889,0.005555555555555556,1,0,2025-12-01,54937367
1764567000000000,0.018196421350186603,17.86713530593072,0.4429681138052497,180,0.44896188739162346,0.460296646231398,0.0049384024073801935,0.00016101036938920288,85.91558611111111,0.005555555555555556,1,0,2025-12-01,54937367
1764568800000000,0.018296538940545663,19.027521633231874,0.6867194182309664,180,0.6893218978515003,0.3455965495981168,0.004806971056004361,0.004865748368912293,75.35567777777779,0.0,1,0,2025-12-01,54937367
1764570600000000,0.017614783486406202,16.743058858058767,0.7015474766926622,180,0.7061895799259976,0.32442572366608946,0.0008894234428036274,0.005639162099169703,62.68654722222222,0.0,1,0,2025-12-01,54937367
1764572400000000,0.01664299265646616,25.959129813940404,0.7843904557378798,180,0.7954179329856073,0.2366141008554059,0.006359368543055077,0.0019294134762085635,82.74641388888888,0.0,1,0,2025-12-01,54937367
1764574200000000,0.01607261046826533,19.769519854382246,0.5740214433052646,168,0.5771100649785875,0.3054108393699254,0.0022728127556064237,0.0004933115435931112,77.64129464285713,0.0,1,0,2025-12-01,54937367
1764576000000000,0.01851343761299559,15.252329527170625,0.6602668666592113,168,0.6635018025099326,0.34507979929019217,0.002263673209330963,0.0007115787977594046,79.48055654761905,0.005952380952380952,2,0,2025-12-01,54937367
1764577800000000,0.01775996122708466,12.99015187128826,0.6223349353838938,180,0.6225538651805163,0.28285017311121896,0.0007436202840448436,0.003409837164189633,72.60945555555556,0.0,2,0,2025-12-01,54937367
1764579600000000,0.018002503580622886,6.053440338563198,0.2588894158960823,180,0.27999647863794086,0.49726836370131033,0.04343532495675517,0.063679816610402,112.40592777777778,0.0,2,0,2025-12-01,54937367
1764581400000000,0.017889537416294204,5.6690427738020395,0.45384777369287443,180,0.4548143444303929,0.2288786076603765,0.0013003448934167938,1.2671365328120743e-06,211.39437777777778,0.0,2,0,2025-12-01,54937367
1764583200000000,0.016646949769707008,10.240898782486088,0.4764953952594503,180,0.48291621789205796,0.45796507054488034,0.03754836897308489,0.0031650459513775653,80.1151388888889,0.0,2,0,2025-12-01,54937367
1764585000000000,0.019224244211072185,9.989137829519276,0.7224778410181794,180,0.7304338083467685,0.31505112306865246,0.0006072554157749988,0.0015314495514328064,294.2379,0.0,2,0,2025-12-01,54937367
1764586800000000,0.01822297382641102,13.914177045056386,0.47670254099529796,180,0.49304134961220136,0.4777596977633237,0.0006573833243584959,0.009082649522366482,168.3018361111111,0.005555555555555556,2,0,2025-12-01,54937367
1764588600000000,0.015484581730881429,14.437979578136243,0.6999065632735038,180,0.7024175214697719,0.26127034554786377,0.0045873111236128805,0.02553791980844211,162.99394444444445,0.005555555555555556,2,0,2025-12-01,54937367
1764590400000000,0.020575036926368126,13.110926444105797,0.48508604424302293,180,0.4853248797973697,0.48084201516379743,0.01316145607181285,0.016401436032122074,63.38641944444445,0.0,3,0,2025-12-01,54937367
1764592200000000,0.022027548718316643,11.411323261034491,0.4931058033252417,180,0.49539127668630556,0.25497080419261364,0.0010067595783034289,0.00021665163107775776,62.9575,0.022222222222222223,3,0,2025-12-01,54937367
1764594000000000,0.02263031920486547,12.722957880652888,0.45454482578720035,180,0.4677116696317015,0.42861785717746825,0.0007500384119963899,0.002126930730508292,59.81833055555555,0.0,3,0,2025-12-01,54937367
1764595800000000,0.020140133434954386,12.654710636198423,0.5219267195602941,180,0.5219425286607363,0.44411597012034065,0.009303028158989202,0.005433602642138768,72.66725833333334,0.005555555555555556,3,0,2025-12-01,54937367
1764597600000000,0.017213634009484134,11.779353375416703,0.6445250316811508,180,0.6448589145734185,0.207060287879808,0.0027416268758052587,0.00837164455074002,71.1708888888889,0.0,3,0,2025-12-01,54937367
1764599400000000,0.019474330959549962,11.690330864981823,0.45339657814159817,180,0.4680055216649448,0.36680779777188177,0.0052513369215557715,0.005240757895360937,59.490433333333335,0.0,3,0,2025-12-01,54937367
1764601200000000,0.026310663194076454,5.785369195953242,0.40624213880935467,180,0.4073421933731518,0.49824324425608135,0.004916709434687583,0.0014395587961899547,54.43832777777777,0.005555555555555556,3,0,2025-12-01,54937367
1764603000000000,0.034328849630716696,11.928817886438367,0.506851511530211,168,0.5102284983645016,0.37681973768985844,0.00043135436862562493,0.004297586577198809,51.25160416666667,0.02976190476190476,3,0,2025-12-01,54937367
1764604800000000,0.023282066499482272,16.99375888509306,0.6100429718236102,168,0.6100824977240489,0.34967248047703015,0.0005473510344443655,0.012338428735095053,65.25338988095238,0.005952380952380952,4,0,2025-12-01,54937367
1764606600000000,0.021271477678118857,8.96357388501023,0.48394120497826165,180,0.49072602499615203,0.3558341186544075,0.005067103473845425,0.035895583810128584,70.96997777777777,0.011111111111111112,4,0,2025-12-01,54937367
1764608400000000,0.015901363221759064,8.878469049460934,0.40247458727591123,180,0.40483537717530904,0.4898810442881043,0.0007568371895916304,0.002192637185999491,69.19220277777778,0.005555555555555556,4,0,2025-12-01,54937367
1764610200000000,0.017566574839211133,24.62268373703279,0.789807552793971,180,0.7899785877177221,0.336756294793092,0.02245184804728384,0.017134020694309915,66.84240555555556,0.0,4,0,2025-12-01,54937367
1764612000000000,0.016771126508476043,18.148091857387165,0.5677652556416461,180,0.5746137268207996,0.2582299848024797,0.00010700605741054137,0.004128237552333158,64.28983611111111,0.0,4,0,2025-12-01,54937367
1764613800000000,0.015584323524529528,12.978187661550871,0.39322113483601007,180,0.39347265792398556,0.40454969114897865,0.0016326217982947089,0.014745457220961655,69.19893333333334,0.0,4,0,2025-12-01,54937367
1764615600000000,0.016582552038241476,17.26414167921296,0.66311361468642,180,0.670243675842756,0.33438393882726514,0.004185773253648217,0.001764578220152857,69.61018611111112,0.0,4,0,2025-12-01,54937367
1764617400000000,0.015957386413170172,15.334441724882264,0.6613716810997444,180,0.6630780455280758,0.3356491246636404,0.0008880138502432855,0.001457580107628531,62.29415,0.0,4,0,2025-12-01,54937367
1764619200000000,0.018366512744663707,16.216407224528915,0.629458648310396,180,0.6294612994746982,0.3953589617707193,0.006352021214604875,0.018103513034364083,71.98331944444445,0.011111111111111112,5,0,2025-12-01,54937367
1764621000000000,0.018897028092652743,13.451824137203737,0.5053507795891441,180,0.5056954055400047,0.3621135289050985,0.0008089833344416819,0.0003724616289121352,73.16676666666666,0.011111111111111112,5,0,2025-12-01,54937367
1764622800000000,0.021168072565569233,13.150258729088625,0.4301256305768747,180,0.4332567255676991,0.41509065673770174,0.00021435889067189517,0.00300925561664811,62.69891388888889,0.0,5,0,2025-12-01,54937367
1764624600000000,0.020174733194260077,12.271210918654985,0.5055153704552591,180,0.5123600504323755,0.4375673611951971,0.002532895152062453,0.009034365949443735,66.94942777777779,0.005555555555555556,5,0,2025-12-01,54937367
1764626400000000,0.01799715969272496,11.041390121888753,0.46030708808527976,180,0.4604129844878948,0.42208633110362725,0.007635328626214188,0.001034238148147626,66.1044611111111,0.005555555555555556,5,0,2025-12-01,54937367
1764628200000000,0.022013582395375944,11.616590504965878,0.5508135461241703,180,0.5653108549076893,0.35073543923502526,0.0068930107002359575,0.018059192267724566,56.61809722222222,0.0,5,0,2025-12-01,54937367
1764630000000000,0.016896570482117703,22.69985139638442,0.7530254183814143,180,0.7555512571996374,0.2760069516695661,3.451341706661726e-05,0.007286322304820403,94.20444444444443,0.0,5,0,2025-12-01,54937367
1764631800000000,0.017512993700761897,14.392254030739572,0.6778106773445336,168,0.6842479300696591,0.36012976585938294,0.00022888627065709155,0.004188125958700439,80.68987202380951,0.005952380952380952,5,0,2025-12-01,54937367
1767225600000000,0.015983080838610664,9.194069986628318,0.5520765917615492,168,0.5696292042235,0.5428689989711625,0.0018340166597022867,0.0031176973940393315,96.15954761904761,0.0,0,0,2026-01-01,61195867
1767227400000000,0.01227888222370803,6.662943144185723,0.5790366400718767,180,0.6162523998453413,0.2966645972052332,0.000250351979200536,0.000732860368691246,94.1814,0.0,0,0,2026-01-01,61195867
1767229200000000,0.014122944034641795,12.943672269271877,0.5752731326729479,180,0.5936591551741224,0.31180404416115737,0.011167857991410846,0.01660574547832916,91.04265555555556,0.0,0,0,2026-01-01,61195867
1767231000000000,0.014379498945781017,11.730457504160666,0.5813484038493675,180,0.602140306270609,0.4627102714811312,0.0002098410340357626,0.0014773319921631556,94.82347777777777,0.0,0,0,2026-01-01,61195867
1767232800000000,0.017662668068495258,14.83739606911648,0.7732038954560259,180,0.7732079075229671,0.3085384504600285,0.0055823931273242255,0.0022092976381576923,92.76349722222221,0.0,0,0,2026-01-01,61195867
1767234600000000,0.01566300017749054,15.108793192267958,0.7520686942298977,180,0.7606524093085807,0.3915174494279685,0.0030205062272249394,0.0003010179709972416,92.93626111111111,0.0,0,0,2026-01-01,61195867
1767236400000000,0.013311801272864049,16.479811942264604,0.8347220455268984,180,0.8362281609244077,0.4025241218169686,0.004694261753200424,0.006691269733915095,104.43620277777778,0.0,0,0,2026-01-01,61195867
1767238200000000,0.013726798828838994,15.784634171934405,0.717943050810534,180,0.7366467618984298,0.22722250359514273,0.0030599060605859263,2.1475362013134713e-06,116.76836944444443,0.0,0,0,2026-01-01,61195867
1767240000000000,0.012124429137332787,16.822562952154104,0.721776505596164,180,0.7296356494007732,0.27440358588715674,0.0001082635556249878,0.00557668585646931,121.78014444444445,0.0,1,0,2026-01-01,61195867
1767241800000000,0.015506199493238313,7.901172016188386,0.5721174890187932,180,0.5740089549897134,0.5366991286910152,0.004763818462034108,0.008881830054191742,112.19792777777778,0.0,1,0,2026-01-01,61195867
1767243600000000,0.01099322913447488,10.192113919320528,0.6535189156313712,180,0.6678417390622158,0.2542761667694764,0.007841917722903102,0.011570134041987812,121.94835277777777,0.0,1,0,2026-01-01,61195867
1767245400000000,0.013482966806648605,11.052148610095873,0.671145175476338,180,0.6756898897641815,0.5271004142831286,0.00037560173046080614,0.0007321386177105982,130.39753333333334,0.0,1,0,2026-01-01,61195867
1767247200000000,0.010559175229934107,8.933193663602289,0.6178292209928142,180,0.6613948303966339,0.647246504786569,0.000369617863542282,0.00021460544275297977,142.78230277777777,0.0,1,0,2026-01-01,61195867
1767249000000000,0.009582078968122952,8.151544512928977,0.6808833206411993,180,0.6810108354147741,0.42849624025464994,1.3674687480924597e-05,0.006666472189485351,204.38545555555555,0.0,1,0,2026-01-01,61195867
1767250800000000,0.011131996349354384,11.894539570628138,0.737259160888843,180,0.7460034341612385,0.6343748045615809,0.006757761042496813,0.02587915760785764,153.61934722222222,0.0,1,0,2026-01-01,61195867
1767252600000000,0.012556999157412749,6.839375163061862,0.6681548822550327,168,0.6687156906654024,0.47391575785021367,0.017270774026003632,0.01607592109610867,171.2906220238095,0.0,1,0,2026-01-01,61195867
1767254400000000,0.013185020526642598,15.052534669000165,0.8527495608481162,168,0.855332190379094,0.5699445057620145,0.0014491702820984553,0.004035733824966248,162.63970535714284,0.0,2,0,2026-01-01,61195867
1767256200000000,0.009962840580775054,11.467080059208223,0.6599681364947869,180,0.6760418725665309,0.4771383205394638,0.0007688292404239849,0.0028572107545395964,146.23488055555555,0.0,2,0,2026-01-01,61195867
1767258000000000,0.008935978446680114,20.09273419768795,0.7939818748622035,180,0.7952960231130262,0.43943560407600446,0.0012549009240141462,7.277170627195684e-05,172.53125,0.0,2,0,2026-01-01,61195867
1767259800000000,0.009607424967946303,11.432827871260653,0.5056746143418085,180,0.5147460764019111,0.6726113458736547,0.02824774338161251,0.03479758214518036,172.42732222222224,0.0,2,0,2026-01-01,61195867
1767261600000000,0.008922502437983482,12.86706560910762,0.7074195177227092,180,0.7074274097359932,0.4155591701003378,0.0075383226629580635,0.0007397116759960687,170.2102111111111,0.0,2,0,2026-01-01,61195867
1767263400000000,0.009634447313617003,15.940760567915287,0.7546354227312696,180,0.7650928170126706,0.29618273967456843,0.009313853915634551,0.0027564712435341754,169.96786111111112,0.0,2,0,2026-01-01,61195867
1767265200000000,0.0070741809603203695,7.265476861143476,0.5166588374839471,180,0.5756751533611721,0.2614048989707607,0.030851207623483812,0.03503983099583363,177.16074166666667,0.0,2,0,2026-01-01,61195867
1767267000000000,0.009234283433461783,8.32984308882841,0.6211816560475638,180,0.6476451605344851,0.59212002253987,0.0016271945941591648,0.005620089376948356,164.18913333333333,0.005555555555555556,2,0,2026-01-01,61195867
1767268800000000,0.00802965084804168,16.077432404987114,0.685626789548313,180,0.6930602527343075,0.5165386472134087,0.006588122689826892,0.0015036312962745102,190.25541388888888,0.0,3,0,2026-01-01,61195867
1767270600000000,0.007295791497347864,11.68060230565322,0.5859902662569043,180,0.6243542947430523,0.46589483600481485,0.0027509496659675614,0.0006420553556680808,175.52864722222222,0.0,3,0,2026-01-01,61195867
1767272400000000,0.009102520217069473,12.552046335539671,0.6714126691554523,180,0.6740423307167029,0.4936147620227168,7.557690261217331e-05,0.003593819753340055,198.8868222222222,0.0,3,0,2026-01-01,61195867
1767274200000000,0.009059309830778618,10.372412618945985,0.7574707290669829,180,0.7659318798285352,0.4757144315944616,0.0004267734454918015,0.0013020369964921175,187.0977388888889,0.0,3,0,2026-01-01,61195867
1767276000000000,0.011197956135411169,12.260480704708622,0.6820669828485162,180,0.6864792298412103,0.26910247094074513,0.001302431343785715,0.008648045304540664,147.3989,0.0,3,0,2026-01-01,61195867
1767277800000000,0.010304274114870211,9.957824268064254,0.6580129840740044,180,0.6607929094840825,0.3996699860091327,0.00029853261482815086,0.013291177647312802,160.47356944444445,0.0,3,0,2026-01-01,61195867
1767279600000000,0.010630053307605358,14.215615106928256,0.7477249593538102,180,0.748939393912917,0.34964505624467224,0.0020904414947173766,0.0007430536192469805,155.63159444444446,0.0,3,0,2026-01-01,61195867
1767281400000000,0.013623998890001217,11.170011301805562,0.7931012817334772,168,0.7939069104293303,0.23062222355994044,0.014080921081805031,0.009147877506126889,140.0848869047619,0.0,3,0,2026-01-01,61195867
1767283200000000,0.011245825857095151,12.546170284437084,0.6243644709087062,168,0.6267454645377544,0.38817264250135464,0.00149439831728293,0.004275372874017691,133.50612797619047,0.0,4,0,2026-01-01,61195867
1767285000000000,0.011118519947260791,17.002131496050886,0.563352806593026,180,0.563989239547023,0.42645559574224157,0.009732086633035375,0.00351539797639866,158.83425833333334,0.0,4,0,2026-01-01,61195867
1767286800000000,0.011745125004204486,13.803309494359299,0.507714548591034,180,0.5079241005809257,0.4604423449549683,0.0007046402892789683,0.0002271317328597089,140.49378055555556,0.005555555555555556,4,0,2026-01-01,61195867
1767288600000000,0.01645824701083182,5.352547991408763,0.432380259251663,180,0.43927911964532185,0.5739247120346724,0.0002642968945368862,0.0002850136488795618,108.54447499999999,0.005555555555555556,4,0,2026-01-01,61195867
1767290400000000,0.014500413574067695,15.821698328591541,0.7416232861561367,180,0.7418394584058161,0.43807219012724874,0.026107589759470806,0.036442808421882966,111.09601388888889,0.0,4,0,2026-01-01,61195867
1767292200000000,0.01482158924719651,11.071822395471381,0.568644593417757,180,0.5802356276436653,0.46211918486501036,0.002266709002238687,0.0027927735461952263,98.18645555555557,0.005555555555555556,4,0,2026-01-01,61195867
1767294000000000,0.012331991319406368,19.556342600531305,0.579096311611934,180,0.5791862564771143,0.3470015223373887,0.0008160996220984984,0.031016091864923268,118.26932500000001,0.0,4,0,2026-01-01,61195867
1767295800000000,0.010704385253986278,16.856201017453394,0.7051736276747316,180,0.7145847477820719,0.38630476282730075,1.9310274538275607e-06,0.0008713563239615141,116.68628055555556,0.0,4,0,2026-01-01,61195867
1767297600000000,0.014150799572818727,9.881267501111932,0.7268942974576003,180,0.7291146748740044,0.44841773871767643,0.00048266026559651287,0.013154533772739896,134.76335,0.0,5,0,2026-01-01,61195867
1767299400000000,0.014882928168578754,9.903680496201169,0.5613035696097621,180,0.5781022483175686,0.5485595257268912,0.00232737877907907,0.004883529671060205,113.45913055555555,0.0,5,0,2026-01-01,61195867
1767301200000000,0.011215217033774531,11.25380256248169,0.7102840711923293,180,0.7449663348725961,0.4945262524059273,0.00024362041843184468,0.0029856628180588984,130.88560833333335,0.0,5,0,2026-01-01,61195867
1767303000000000,0.01459314293383463,6.308843852125802,0.6740535177110232,180,0.6892904977922756,0.32494448844823043,0.0013321880733276892,0.004098802602931162,144.44475833333334,0.0,5,0,2026-01-01,61195867
1767304800000000,0.01230035950657928,11.074699237532396,0.6301781054270965,180,0.6337651294766533,0.58150775507592,0.0011848979737552057,0.0027803995331506792,114.76842500000001,0.0,5,0,2026-01-01,61195867
1767306600000000,0.020058253539643855,7.113049694848702,0.49379908397291095,180,0.5314068432278484,0.5919263418304705,0.0031284855022983837,4.435924941814662e-05,72.28214444444444,0.0,5,0,2026-01-01,61195867
1767308400000000,0.015381374032121593,10.216274196699501,0.443845297052497,180,0.44849431502411974,0.4670942093345265,0.007151338122704742,0.004962865368830394,95.99133888888888,0.0,5,0,2026-01-01,61195867
1767310200000000,0.014302399795496658,12.745568170902544,0.6396026843852098,168,0.6681890152472902,0.38737280460980805,0.008965507513271964,0.00773344321678604,136.62231547619047,0.0,5,0,2026-01-01,61195867
1769904000000000,0.03439367952455241,11.996464377803507,0.5130179611211305,168,0.5138738548932782,0.34008001421750134,0.01858765148877617,0.0014804002372947878,36.908458333333336,0.005952380952380952,0,1,2026-02-01,54047345
1769905800000000,0.034584558653204804,15.314447881164785,0.6693879900572189,180,0.669896772199928,0.23865217934588545,0.003437164335109877,9.595046730659362e-05,37.529313888888886,0.0,0,1,2026-02-01,54047345
1769907600000000,0.02641063961260651,9.80914488055161,0.4583131948023501,180,0.45946749705068224,0.37234761844674935,3.2875624598305286e-05,0.0009041268243927814,52.849377777777775,0.005555555555555556,0,1,2026-02-01,54047345
1769909400000000,0.024945485186855316,14.446809863716794,0.6926752860161625,180,0.697494817546696,0.2830106223071883,0.001712297254204187,0.0026443389557334607,49.75873611111111,0.005555555555555556,0,1,2026-02-01,54047345
1769911200000000,0.028866054329260062,29.448711541635937,0.7895193948125384,180,0.7895308040620154,0.326747648384464,0.0035360008638264384,0.0003766521694384961,47.97856111111111,0.005555555555555556,0,1,2026-02-01,54047345
1769913000000000,0.0307023976410616,11.197960817550637,0.7795020009720075,180,0.7974127640997128,0.40805142214584034,0.007733564256656056,0.0001168281641039659,46.63603888888888,0.0,0,1,2026-02-01,54047345
1769914800000000,0.025638100906995236,29.587263386470177,0.8102026979628636,180,0.8125262785213699,0.41520948226535825,0.0006397064027702237,0.0020654626084239958,53.90341111111111,0.0,0,1,2026-02-01,54047345
1769916600000000,0.024899758781536167,14.374172741990034,0.7798227412976858,180,0.780761025864896,0.4041970621161648,0.016603887381656524,0.009434488882995917,57.044622222222216,0.0,0,1,2026-02-01,54047345
1769918400000000,0.023925775250732216,16.195971472524395,0.5879752745870128,180,0.5886264707203157,0.44794305506900445,0.02867680729809685,0.01563055328810381,56.70788888888889,0.0,1,1,2026-02-01,54047345
1769920200000000,0.018565299992725895,24.504506578600836,0.7860179857827432,180,0.7903812808528776,0.31428423505509695,0.0010440016905005622,0.0038174357171907314,62.01306944444445,0.0,1,1,2026-02-01,54047345
1769922000000000,0.017883687253083785,12.658144464093903,0.45039215475996075,180,0.4507902019356427,0.4478362340137001,0.0010558523380331808,0.007289047304968488,69.03563055555556,0.0,1,1,2026-02-01,54047345
1769923800000000,0.017187275404208932,7.394961433688424,0.47224615748103416,180,0.5027194471144603,0.3330253691923324,0.014914504880293,0.009835799932234157,62.98546666666667,0.0,1,1,2026-02-01,54047345
1769925600000000,0.018598722171447646,21.34646097425141,0.8050191569661482,180,0.80800482417892,0.4830194680980897,0.006287599979092118,0.004399625781984051,59.887797222222225,0.0,1,1,2026-02-01,54047345
1769927400000000,0.01897207689294561,6.581101885682894,0.4307667421581943,180,0.4588295239770558,0.3573493145110569,0.008009471569790927,0.0002688807437351004,61.37903888888889,0.0,1,1,2026-02-01,54047345
1769929200000000,0.029139420342639152,13.987654014912874,0.6483194493868226,180,0.6491974899640982,0.4970912415842972,0.0004890659778424844,6.898140206068604e-05,72.18487222222222,0.0,1,1,2026-02-01,54047345
1769931000000000,0.03330998151062172,13.962691545173545,0.5416366626825921,168,0.5421688789319268,0.6019124468887769,4.1498949192586565e-06,0.005015808083703388,64.66109226190477,0.005952380952380952,1,1,2026-02-01,54047345
1769932800000000,0.02952598352521657,11.148443810310459,0.6129591408145749,168,0.6134450072047608,0.3068431784751824,0.005376905110718422,0.010169954660712022,74.20637202380952,0.0,2,1,2026-02-01,54047345
1769934600000000,0.033702296867241105,14.994149264011329,0.7330995037050603,180,0.7347781284195415,0.5235039182696333,0.0004917116271362376,0.006713079673021927,54.63353611111111,0.0,2,1,2026-02-01,54047345
1769936400000000,0.027425184340623437,17.401849245594285,0.7306678887453644,180,0.7389028407928498,0.513927106958415,0.014791754062081441,0.01977297445890802,52.51759166666666,0.0,2,1,2026-02-01,54047345
1769938200000000,0.027873064655520557,13.485847697903917,0.5254739442331696,180,0.5257233821096667,0.4218240510994523,0.000595055611794959,0.0048359460418306854,52.671572222222224,0.0,2,1,2026-02-01,54047345
1769940000000000,0.02399611591637093,12.883911278329112,0.46387314385772516,180,0.4888626143653493,0.538005765666992,0.00047685656377161045,0.00679504454130575,51.48911666666666,0.0,2,1,2026-02-01,54047345
1769941800000000,0.02589941016184978,4.758412353336506,0.21623088629919718,180,0.22274684614159668,0.5500010634807413,0.0040988389330317565,0.002233082767228889,46.03606666666667,0.011111111111111112,2,1,2026-02-01,54047345
1769943600000000,0.027013290318799395,15.466550409146564,0.615608418994617,180,0.6167179545452555,0.432809448884669,0.00047069755480100284,0.010645146654682303,44.45819722222222,0.005555555555555556,2,1,2026-02-01,54047345
1769945400000000,0.027192348631336592,5.051895119015636,0.4292008255987091,180,0.4938715221792136,0.3522136691975183,9.968488499212391e-06,0.00037401034837714064,57.081488888888885,0.005555555555555556,2,1,2026-02-01,54047345
1769947200000000,0.028643274499330833,8.329626706316041,0.4157199838619635,180,0.4158629125322778,0.604341465819092,0.00593654839037161,0.00330889426212988,49.86145,0.0,3,1,2026-02-01,54047345
1769949000000000,0.03163213983169964,11.878979370831773,0.5997274529880492,180,0.6000002556488685,0.5791983527321383,0.032307350668388524,0.015415898464639866,46.43658333333333,0.0,3,1,2026-02-01,54047345
1769950800000000,0.02992136679174851,15.080499055263122,0.6347991991015463,180,0.6363372171257718,0.4270864118412683,0.001199250428284726,0.001452739832323524,48.20549444444444,0.0,3,1,2026-02-01,54047345
1769952600000000,0.0376214991928705,9.092828225883398,0.622849415059932,180,0.6354324121774284,0.5600399212429538,0.004783874292946133,0.0030594714126533917,46.96096388888889,0.0,3,1,2026-02-01,54047345
1769954400000000,0.03740696070965664,10.440409507543833,0.5718860543328939,180,0.5758817256517463,0.3493916945816963,0.007585640669247162,0.001544802145476587,47.78501388888889,0.016666666666666666,3,1,2026-02-01,54047345
1769956200000000,0.055728127451221306,13.61346225952508,0.5647765260190535,180,0.5710725545882183,0.37954773822964916,0.00013514213522425322,0.019023758933954027,31.992597222222226,0.03333333333333333,3,1,2026-02-01,54047345
1769958000000000,0.04374183702838155,13.125456947166775,0.4768111205479202,180,0.5007987092936488,0.21415437695578765,0.0002840561209831449,0.014048716665378103,35.811416666666666,0.03888888888888889,3,1,2026-02-01,54047345
1769959800000000,0.06065595607360301,13.879315265071968,0.5766678990599308,168,0.5773852030057024,0.3872953774774085,1.1324038746707288e-06,0.0002412627815229218,30.713333333333335,0.023809523809523808,3,1,2026-02-01,54047345
1769961600000000,0.0594154132581147,14.34956469470176,0.5993047293966972,168,0.6010100699563554,0.4905159736623169,0.002477219139657927,0.003446488213167509,30.978273809523813,0.02976190476190476,4,1,2026-02-01,54047345
1769963400000000,0.05141347719116256,20.927648885572367,0.7217801474831367,180,0.7224813503320764,0.44364089275823204,0.00907943488053864,0.00870021298295831,33.38228333333333,0.005555555555555556,4,1,2026-02-01,54047345
1769965200000000,0.04110462445037001,13.826667558200766,0.6346086572203942,180,0.6348100150655633,0.2986274468379624,0.0012770496671136167,0.000741820749650679,35.482375000000005,0.011111111111111112,4,1,2026-02-01,54047345
1769967000000000,0.037405161917577284,11.279297841982128,0.47079908507195367,180,0.4795538041516969,0.5086041568523619,0.007828521193835036,4.6552878771088935e-05,44.116569444444444,0.011111111111111112,4,1,2026-02-01,54047345
1769968800000000,0.06840017356739991,8.807162916582739,0.5597295234117663,180,0.5731091205016621,0.5352676466223962,0.0044502642476789145,0.021652861953953217,31.47571111111111,0.044444444444444446,4,1,2026-02-01,54047345
1769970600000000,0.050972081859728756,17.09826333079104,0.5845705295075805,180,0.5877899708689902,0.4824009010389958,0.0007282121568996658,0.009386972959265716,31.95552222222222,0.0,4,1,2026-02-01,54047345
1769972400000000,0.046171961153871025,18.17018516700104,0.5606594714067952,180,0.5615184878076798,0.33659645664533355,0.007699764506538198,0.007277970802712974,27.73998888888889,0.011111111111111112,4,1,2026-02-01,54047345
1769974200000000,0.0548544336127732,7.90343466733125,0.4428902295708427,180,0.4547466469276541,0.44517354554903565,0.010587583270676326,0.000927445282985051,36.466591666666666,0.005555555555555556,4,1,2026-02-01,54047345
1769976000000000,0.03881875118050607,6.3860450106299105,0.3945685889926115,180,0.45147613620693017,0.38551302206596405,0.0019148335456271592,0.0007588398415304676,33.72671388888889,0.005555555555555556,5,1,2026-02-01,54047345
1769977800000000,0.07703073242214006,8.797059911732784,0.5920435727678806,180,0.6267220088622039,0.4389105754718641,0.025039379526940353,0.005414644435954519,25.201308333333333,0.016666666666666666,5,1,2026-02-01,54047345
1769979600000000,0.06817769552999046,11.316803458863774,0.5919671049125466,180,0.6148199422979185,0.23794596282239688,0.00019791768400068133,0.0021325685153431584,29.757019444444445,0.011111111111111112,5,1,2026-02-01,54047345
1769981400000000,0.06376291427090229,14.510867083299267,0.5947081969069135,180,0.5956062547357955,0.27571381505998704,0.004895329715837282,0.0008738345585742602,23.804147222222223,0.011111111111111112,5,1,2026-02-01,54047345
1769983200000000,0.07834084678841484,9.786372438959239,0.5313161115966673,180,0.5327171159625137,0.5124803952088242,0.0012150986504266825,0.0016899435499929671,20.599347222222224,0.016666666666666666,5,1,2026-02-01,54047345
1769985000000000,0.050953442129933815,14.955292968307816,0.7467436451072134,180,0.753158462347109,0.1511637899557423,0.0017291480703476303,4.671753074114715e-05,22.906813888888887,0.016666666666666666,5,1,2026-02-01,54047345
1769986800000000,0.05155608560937988,13.912572040587944,0.4997596998676882,180,0.5003737411714693,0.4479607411257974,8.865964348525601e-05,0.002431652454634836,29.457988888888888,0.1,5,1,2026-02-01,54047345
1769988600000000,0.0522731317312775,7.5355356687068955,0.4435906195797781,168,0.44376642056512894,0.564823861723031,0.00022514605016332734,0.00041385429047535727,41.2135,0.023809523809523808,5,1,2026-02-01,54047345
1772323200000000,0.015994439949285445,20.54496434201702,0.7118118335183389,168,0.7122823845059726,0.28389562958936676,4.029977820296793e-05,1.4191591900192257e-05,65.66184226190477,0.0,0,1,2026-03-01,39754201
1772325000000000,0.013715433858731776,19.984469991054986,0.7387749805805661,180,0.7508007604685527,0.3393789865798149,0.011755294301560526,0.011161889192909391,76.67076666666667,0.011111111111111112,0,1,2026-03-01,39754201
1772326800000000,0.013265903359905715,13.49707790800702,0.4690910381905099,180,0.4740402528633988,0.47678180980015783,0.00284863841266203,0.013306717639942622,78.0025111111111,0.005555555555555556,0,1,2026-03-01,39754201
1772328600000000,0.021591566075502566,7.549526909960632,0.4521576343323338,180,0.4522989049444701,0.4579304977365246,0.00030321324173399056,0.0059044754920498654,70.82460555555555,0.005555555555555556,0,1,2026-03-01,39754201
1772330400000000,0.03314293726332969,12.177201401098937,0.4484237727202788,180,0.44859886664078086,0.4258415973428207,0.0032514768925812065,0.003629809733427858,43.631880555555554,0.03333333333333333,0,1,2026-03-01,39754201
1772332200000000,0.02404029106034069,14.379245088394667,0.3684806598840761,180,0.3703635809595488,0.2969942407016357,0.001937171807016358,0.026232312653451384,45.011247222222224,0.005555555555555556,0,1,2026-03-01,39754201
1772334000000000,0.02371219656968302,16.626321383400455,0.6444609089280877,180,0.6451380162546041,0.14302484372069502,0.0012825366853899123,0.006120796882198909,47.33850555555556,0.0,0,1,2026-03-01,39754201
1772335800000000,0.020879688636183162,11.467608903014414,0.366239077931934,180,0.37225148431016275,0.41364335272239217,0.00020397478149214443,0.013625815599128566,57.91426666666666,0.005555555555555556,0,1,2026-03-01,39754201
1772337600000000,0.01695812835498216,4.900915630983282,0.2010128847002396,180,0.2016035735794054,0.49568644995563726,0.0013711748855108619,0.008255142618760036,55.517919444444445,0.011111111111111112,1,1,2026-03-01,39754201
1772339400000000,0.020057407656785597,17.976087656195336,0.5783703871506741,180,0.585329796485831,0.26775087454004143,0.001047392198729069,0.005772435490182026,55.39401111111111,0.005555555555555556,1,1,2026-03-01,39754201
1772341200000000,0.022254198409797636,9.501851402080908,0.5267781839801635,180,0.5272335363281946,0.30629000971814524,0.0017739460260061124,0.020839312923470632,59.07506388888889,0.0,1,1,2026-03-01,39754201
1772343000000000,0.013030582450964764,8.948410035352302,0.45759139805088145,180,0.46780060559484926,0.27548972527006943,0.0005221655019366223,0.009026722589206781,63.24665,0.0,1,1,2026-03-01,39754201
1772344800000000,0.01614288049813191,9.960189984454292,0.33091692486814284,180,0.3310796346032874,0.4138867620661245,0.00016227241620947463,0.011374889432550273,68.995025,0.0,1,1,2026-03-01,39754201
1772346600000000,0.015855789980570703,10.624873176738282,0.5458887737733524,180,0.5657438647422868,0.5562105160639919,3.611053626539906e-05,0.010218048644827116,93.15450555555556,0.005555555555555556,1,1,2026-03-01,39754201
1772348400000000,0.014451476564652567,13.67498796635307,0.5496431942856292,180,0.5500587740498957,0.3879988313247219,0.004011494886069222,0.00018153903888906697,74.06969166666667,0.005555555555555556,1,1,2026-03-01,39754201
1772350200000000,0.01730564451389983,12.117546807918512,0.5574579366056298,168,0.5574672976909079,0.45771732886628846,0.016056681674768147,0.01129595793194793,71.40523809523809,0.005952380952380952,1,1,2026-03-01,39754201
1772352000000000,0.01890965768420109,12.485846357923672,0.6447331944132767,168,0.6484409854510248,0.4506194378141444,0.005455218893733793,0.00029032778378279556,64.27456845238096,0.0,2,1,2026-03-01,39754201
1772353800000000,0.014351402170592335,6.3469362950369135,0.32642345474634715,180,0.3278063740816767,0.3117965309565033,0.00041848758415941045,0.0022168689197626934,64.45156111111112,0.022222222222222223,2,1,2026-03-01,39754201
1772355600000000,0.019405682117463408,10.258919492031152,0.577622850265537,180,0.5777256083756679,0.15566407753786604,0.0005215342660146449,0.011556901629374394,61.15314444444445,0.0,2,1,2026-03-01,39754201
1772357400000000,0.017820945289987754,10.393512115128676,0.49498947717407527,180,0.4954501784930584,0.319157395873913,0.00014257489842484095,9.56470202595483e-07,61.59346666666667,0.0,2,1,2026-03-01,39754201
1772359200000000,0.020222061329074708,8.581157561218111,0.4778154821516958,180,0.48303954667138005,0.5163754691191695,0.01185900433560172,0.0761831007954612,66.41016111111111,0.0,2,1,2026-03-01,39754201
1772361000000000,0.016512487609308513,13.689438818044144,0.4535912326338657,180,0.45359211326924265,0.20654681975888511,0.02097780357461665,0.00022270045216299383,70.464525,0.0,2,1,2026-03-01,39754201
1772362800000000,0.014111438306545075,13.680193103625603,0.579924072583508,180,0.5799255099371338,0.29592926691274024,0.00046587165921041507,6.529146230893623e-05,62.563094444444445,0.005555555555555556,2,1,2026-03-01,39754201
1772364600000000,0.019269643093330763,10.869202617950442,0.6089505396147553,180,0.6098731051154975,0.5468034602537579,0.002727990352133669,0.0018405305854457543,62.99904166666666,0.0,2,1,2026-03-01,39754201
1772366400000000,0.015951072245277524,10.551008279450278,0.5718632469823074,180,0.5758281476558479,0.4015808081807636,0.005698255258700602,0.008256411324739643,66.81329166666667,0.0,3,1,2026-03-01,39754201
1772368200000000,0.018197143769111055,11.993345484088092,0.6493410029329887,180,0.6530925540373644,0.48816920710257217,0.00017907852108600686,0.0014334891756430101,69.82824722222223,0.005555555555555556,3,1,2026-03-01,39754201
1772370000000000,0.017016910585939023,9.4108468934615,0.6403031356751208,180,0.6450284764207844,0.23343608089394818,0.0017798619532937154,0.0008793510851012876,68.14795,0.0,3,1,2026-03-01,39754201
1772371800000000,0.03559334507178713,4.427406182332818,0.5063715406267164,180,0.5583138062702344,0.44706153006379845,0.012088869945284686,0.0298818491536621,64.27624444444444,0.03333333333333333,3,1,2026-03-01,39754201
1772373600000000,0.03174876942683043,10.572964618686566,0.5022381070008055,180,0.5033650955494757,0.4242676514689203,0.0023832135332495508,0.0031865420584122894,52.15086388888889,0.011111111111111112,3,1,2026-03-01,39754201
1772375400000000,0.03295461163804906,6.623854375315237,0.5482673083802942,180,0.6015039866511267,0.535085949986664,0.004952342643608554,0.05872116390658866,57.32668611111111,0.011111111111111112,3,1,2026-03-01,39754201
1772377200000000,0.02181747437581594,13.590384829103504,0.6114012480721872,180,0.6114381426901081,0.1416770639844418,0.006139500021322242,0.015535825210680643,64.61777222222223,0.0,3,1,2026-03-01,39754201
1772379000000000,0.016650154825760908,12.824623281877235,0.51445731429032,168,0.5147218429242684,0.3654856582001339,0.00963526279388649,0.00926570682910599,66.51490178571429,0.005952380952380952,3,1,2026-03-01,39754201
1772380800000000,0.016950191968997493,11.897071257672243,0.45003972406616444,168,0.4552825211352286,0.3431823941493283,0.025961345150603887,0.039192283067772116,65.55344047619047,0.0,4,1,2026-03-01,39754201
1772382600000000,0.022668920964369205,6.430518803092686,0.39380855790397673,180,0.39500889331900224,0.4939305749798991,0.0005800266235735929,0.013748518002775878,61.305144444444444,0.016666666666666666,4,1,2026-03-01,39754201
1772384400000000,0.020016352581587373,12.87590690408507,0.4737542604450078,180,0.474769506534621,0.25569917929417396,0.0032076520587034363,0.004686488829845792,52.777161111111106,0.005555555555555556,4,1,2026-03-01,39754201
1772386200000000,0.019891198524617067,10.881695385803841,0.4646406679992313,180,0.47164750427512636,0.25730535167089363,0.0027794048230694868,0.0004312330666501607,66.63194166666666,0.011111111111111112,4,1,2026-03-01,39754201
1772388000000000,0.01603671350296311,5.0732884891301016,0.2640702316823016,180,0.28859266493028946,0.5624250764808507,0.006926982825817607,0.05339081543569135,63.50521111111111,0.03888888888888889,4,1,2026-03-01,39754201
1772389800000000,0.01761540090114748,8.635500768492733,0.4185965621184079,180,0.43128066576919677,0.4406489427597241,0.003711004406491636,0.021539053004515973,67.876575,0.011111111111111112,4,1,2026-03-01,39754201
1772391600000000,0.018201764447377717,13.879392962019798,0.4568731310003711,180,0.4623888753303458,0.3138234209933576,3.5587705768391764e-05,0.00015135288429135585,60.82500833333334,0.005555555555555556,4,1,2026-03-01,39754201
1772393400000000,0.016447593203733107,6.252299323079533,0.2353221022610813,180,0.2405993540485718,0.5153363801850451,0.019897103594460397,0.0044865986507013345,56.78230833333334,0.0,4,1,2026-03-01,39754201
1772395200000000,0.023520639613534927,11.098000596584805,0.4412693465310923,180,0.4474870257058462,0.46193875850037547,0.0016167787359431252,0.0003330252324379446,61.42083888888889,0.011111111111111112,5,1,2026-03-01,39754201
1772397000000000,0.021835785537289154,7.844557438373608,0.2768713257139096,180,0.27852169645858416,0.4846848418793299,6.488903422408043e-05,0.04292402552033736,62.1891,0.005555555555555556,5,1,2026-03-01,39754201
1772398800000000,0.022348261500394626,13.216570916869378,0.47740481591156436,180,0.4782867146333353,0.6169475008280306,0.036505997069038676,0.00027482483000562663,60.46252500000001,0.005555555555555556,5,1,2026-03-01,39754201
1772400600000000,0.018294985641804908,10.162753356836516,0.38397115897263134,180,0.4138838671666355,0.321758043422985,0.033872650697277185,0.006362981993733752,52.11087777777778,0.005555555555555556,5,1,2026-03-01,39754201
1772402400000000,0.04980182199777806,2.260221633070921,0.30183227196923235,180,0.3484846885192594,0.846858701678155,0.011339020127937083,0.008516179795428513,52.74668055555556,0.011111111111111112,5,1,2026-03-01,39754201
1772404200000000,0.029914093170498642,8.854327376968996,0.5851261366984033,180,0.644957315219,0.2583662946569256,1.8350277610768018e-05,0.017771826806565305,57.730602777777776,0.0,5,1,2026-03-01,39754201
1772406000000000,0.015236080133121173,12.5254320476038,0.44582160486220557,180,0.44861408405139913,0.2651854081749704,0.0019245671652423635,3.8127128785259146e-06,98.92966388888888,0.0,5,1,2026-03-01,39754201
1772407800000000,0.01129822969248485,4.243766361466105,0.31727493256356176,168,0.4242420032746682,0.4264093052535849,0.0008886603273088323,0.006245159812951595,60.58696726190477,0.0,5,1,2026-03-01,39754201
