window,beta,t_nw,r2_ofi,n,r2_quad,r2_ti,r2_plc_p5,r2_plc_m5,depth_mean,frac_spread_gt1,block,weekend,day,events
1693526400000000,9.03735863601264e-05,3.3575276595680625,0.3324286912084017,168,0.5051763609937733,0.5544497175468777,2.1629602664496872e-08,0.011185084126062339,2155.3660714285716,0.0,0,0,2023-09-01,1381764
1693528200000000,0.000242389228913346,9.710963870341377,0.6419385071541385,180,0.6734919377700257,0.512855639122231,0.0005611110166919842,0.002075416244455175,1097.7083333333333,0.005555555555555556,0,0,2023-09-01,1381764
1693530000000000,0.0002695985006270452,5.891423863618019,0.5211035131831039,180,0.6296171411204539,0.47014835862857585,0.011010128986954193,0.0013220924576541337,806.7805555555556,0.011111111111111112,0,0,2023-09-01,1381764
1693531800000000,0.0002351721798987746,8.771757022265108,0.6365468838096762,180,0.6396510714407411,0.44523408997752745,0.0001849390212895763,0.015914244043491954,1277.263888888889,0.022222222222222223,0,0,2023-09-01,1381764
1693533600000000,0.00012490430921430456,5.579765539836698,0.5111450214873479,180,0.6092270700271725,0.6082408388452318,0.013006715027082394,0.016509656409983142,1263.975,0.0,0,0,2023-09-01,1381764
1693535400000000,0.0002560048422152297,7.281990314334008,0.6021210399529477,180,0.6372923020786909,0.534722173409361,0.013394520182905656,0.00822647660498188,1193.2277777777779,0.005555555555555556,0,0,2023-09-01,1381764
1693537200000000,0.0003074775799167433,10.661452257400931,0.6840551463890846,180,0.7088637061064516,0.6981159554204852,0.001167003483932394,1.7501570708788883e-05,1072.0333333333333,0.0,0,0,2023-09-01,1381764
1693539000000000,0.0003233765767590636,16.797670760276098,0.7621748933779402,180,0.7658244875709199,0.6227978293819614,0.0015048709327400989,0.003902468342176113,1035.6083333333333,0.011111111111111112,0,0,2023-09-01,1381764
1693540800000000,0.0003087633539556674,9.286148072373175,0.7091851426642259,180,0.7122098160266526,0.4420154762769761,0.001730603413471421,0.0015176809414754189,1190.9055555555556,0.016666666666666666,1,0,2023-09-01,1381764
1693542600000000,0.00022080562638506087,10.275580571956029,0.61281767191837,180,0.6960153752289135,0.6123756725674929,0.002681440027000659,0.006065029844570358,967.5305555555556,0.011111111111111112,1,0,2023-09-01,1381764
1693544400000000,0.00031341299651668807,7.9485592562247485,0.5983277705896599,180,0.6664290162350106,0.3841925095236689,0.002841005923713391,0.004478366517390309,1011.6833333333333,0.005555555555555556,1,0,2023-09-01,1381764
1693546200000000,0.0002558689709736905,8.291509753826144,0.4464412135736593,180,0.5025257498193476,0.6068986709291754,9.261513115121911e-05,8.29639836278373e-05,1348.5083333333334,0.0,1,0,2023-09-01,1381764
1693548000000000,0.00033092382309579633,10.251915459595912,0.6206214239383752,180,0.6233433915286137,0.24359027489011298,0.009102452515718507,0.01323122030710533,852.3444444444444,0.022222222222222223,1,0,2023-09-01,1381764
1693549800000000,0.00016256693193984078,8.909238460565684,0.5829567168911848,180,0.6254559138583398,0.6443555390454944,8.433533555729511e-05,0.022197689242450136,1146.85,0.03333333333333333,1,0,2023-09-01,1381764
1693551600000000,0.00024838483236583797,12.358408370843764,0.6902762619672478,180,0.7280191666917707,0.5208377612872819,0.0016926714023755007,1.7275504868519143e-05,1148.7527777777777,0.011111111111111112,1,0,2023-09-01,1381764
1693553400000000,0.00029666014509240567,9.97550541413364,0.6416523139594075,168,0.6858402895964799,0.592639402702327,0.011696909305119907,0.0003787513238173723,763.4910714285714,0.017857142857142856,1,0,2023-09-01,1381764
1693555200000000,0.00033909278588657184,8.278207281462967,0.6085712492352451,168,0.6595861605934044,0.544433773349253,0.006252095457015661,0.005781153292321317,807.9880952380952,0.017857142857142856,2,0,2023-09-01,1381764
1693557000000000,0.00021281744686388936,4.769156446290304,0.4406260808510254,180,0.5320452707083988,0.3904612340087893,0.003188930179295335,0.00032862455133941815,897.2,0.005555555555555556,2,0,2023-09-01,1381764
1693558800000000,0.000154907150463974,9.120018615975173,0.3919667149910452,180,0.39928303485017,0.5750705425816904,0.0020415602366378183,0.015676791916472865,2093.4194444444443,0.016666666666666666,2,0,2023-09-01,1381764
1693560600000000,0.0002448102691221802,6.015079232849075,0.5298951135979668,180,0.6362729133321819,0.42939620796294964,0.00858718438105388,0.0113412200168721,1470.4388888888889,0.011111111111111112,2,0,2023-09-01,1381764
1693562400000000,0.00023539727040567532,8.41233427710059,0.6382707004819363,180,0.6764452428144014,0.5844718037434029,0.0004539116375903429,0.005286585727272586,1414.1333333333334,0.022222222222222223,2,0,2023-09-01,1381764
1693564200000000,0.0003370282020335746,14.540972522558674,0.7212231858938338,180,0.7458400335708093,0.5827552638482764,0.018303411584286278,0.006002911225102103,916.6055555555556,0.022222222222222223,2,0,2023-09-01,1381764
1693566000000000,0.00030593887356834864,10.651210761169661,0.6660218986840456,180,0.6818117649846234,0.5592441474122016,0.025764185645714144,0.00014346767187778386,1013.6777777777778,0.022222222222222223,2,0,2023-09-01,1381764
1693567800000000,0.0002125209283794508,8.855824728641627,0.5438181066145646,180,0.5994167345607383,0.5250173928316397,0.010697927481535086,0.001861380504555199,969.2527777777777,0.016666666666666666,2,0,2023-09-01,1381764
1693569600000000,0.00022523129003773997,3.381897726435791,0.39920994434372925,180,0.4874778592039932,0.574053137491904,0.005482349648835982,0.0002606579724142577,810.5138888888889,0.022222222222222223,3,0,2023-09-01,1381764
1693571400000000,0.0002578135524834364,7.830001949955984,0.5513500118432312,180,0.5740770745898458,0.584034352700677,0.025710300457608026,0.008217394916288145,1078.1555555555556,0.027777777777777776,3,0,2023-09-01,1381764
1693573200000000,0.00030610713646759733,10.378273699368798,0.604150426147424,180,0.6188198365044097,0.4236027527411853,0.0231898748137912,0.00025968460036274177,761.0361111111112,0.03333333333333333,3,0,2023-09-01,1381764
1693575000000000,0.00016712079860535729,1.8632719180074797,0.2411618338430348,180,0.5472163992540666,0.35522074850307117,0.0001351915311568197,0.005854844317621066,725.5888888888888,0.044444444444444446,3,0,2023-09-01,1381764
1693576800000000,0.0003738182896309354,7.655710632053627,0.5965287125845247,180,0.6169510043716301,0.5485836596843272,0.0058455086978836945,0.010718558177618576,610.9138888888889,0.03333333333333333,3,0,2023-09-01,1381764
1693578600000000,0.0002443923290248997,4.61881166324532,0.46397305916270315,180,0.5617449313155118,0.43317887545021194,2.3244588176485337e-06,0.0063477259479222115,1094.3083333333334,0.03888888888888889,3,0,2023-09-01,1381764
1693580400000000,0.00025141247901304566,6.227908018140473,0.4528796849827743,180,0.5814991401303489,0.4548422622592948,2.623188027572887e-06,0.001100470578143442,852.75,0.03333333333333333,3,0,2023-09-01,1381764
1693582200000000,0.00025417857140352116,8.989245436118726,0.6352153435783934,168,0.6357815550839826,0.5459624992896865,0.023718969997584383,0.06037617888998725,1114.9613095238096,0.023809523809523808,3,0,2023-09-01,1381764
1693584000000000,9.760547829238341e-05,4.031353779336899,0.20513569833345746,168,0.4440650888228662,0.4597622097790677,5.684725434085269e-05,0.031173148307957588,1230.514880952381,0.041666666666666664,4,0,2023-09-01,1381764
1693585800000000,0.0003593058187830717,4.245254084814314,0.44297150771793437,180,0.5336743675612398,0.7252621998515969,2.4474427398835097e-05,0.0007076189674881661,774.4111111111112,0.044444444444444446,4,0,2023-09-01,1381764
1693587600000000,0.000354917981305674,6.387657798173746,0.5296683439864849,180,0.640896871581409,0.32644057767909807,7.441169788457991e-06,0.008225194728157859,702.3861111111111,0.07777777777777778,4,0,2023-09-01,1381764
1693589400000000,0.0005030400209230749,14.295813401801455,0.7308497147007111,180,0.7725206165905147,0.5380788049543148,4.164882827617511e-06,0.00014482469856813562,560.8722222222223,0.08333333333333333,4,0,2023-09-01,1381764
1693591200000000,0.00038668928948836856,7.401690781696017,0.6142226707902345,180,0.6470971516497652,0.5442801687455848,0.009073936546191819,0.008919685771481278,661.2277777777778,0.03333333333333333,4,0,2023-09-01,1381764
1693593000000000,0.00019024707306336628,6.068344379114762,0.36716072522528975,180,0.5038393330279778,0.5230905507030664,0.004167510433317867,0.013304186233245474,948.4166666666666,0.06666666666666667,4,0,2023-09-01,1381764
1693594800000000,0.0003192034878865446,6.805411657370357,0.5305543873288547,180,0.5835303133331076,0.5113190469889601,0.0001556709723019578,0.0016794682234126945,784.5583333333333,0.016666666666666666,4,0,2023-09-01,1381764
1693596600000000,0.0003542639356472816,6.156016168661631,0.6779842991675955,180,0.810764994910443,0.6071471267778749,0.013880594431829651,0.01585267764236009,763.6472222222222,0.03333333333333333,4,0,2023-09-01,1381764
1693598400000000,0.00023415678878634875,4.872621188778012,0.576386334165625,180,0.6738686448522804,0.6129861716842331,0.025470419703575664,0.06919271661167181,841.9444444444445,0.03888888888888889,5,0,2023-09-01,1381764
1693600200000000,0.00012030944504392224,8.624354357968048,0.30050987881982616,180,0.3208248120438939,0.22241143911164185,0.00916108613898925,0.010050423607322223,789.9972222222223,0.011111111111111112,5,0,2023-09-01,1381764
1693602000000000,0.00019576295440772517,4.010227971294792,0.5063453584868575,180,0.6022598861194869,0.47134792052922636,0.0002669487446365082,0.009349484770317384,861.4777777777778,0.005555555555555556,5,0,2023-09-01,1381764
1693603800000000,0.00010687979977941493,3.7335023289016127,0.30333044837927214,180,0.5670261807294771,0.3777085802030299,0.0008765039955450638,0.0021573291827369223,5832.6611111111115,0.027777777777777776,5,0,2023-09-01,1381764
1693605600000000,0.00021667252489498756,6.582800661060768,0.6154258399855032,180,0.6917792121019981,0.5567533263805378,0.00559109654781631,0.007514583983477041,1530.5472222222222,0.03333333333333333,5,0,2023-09-01,1381764
1693607400000000,0.0002786547211290621,9.060228657834946,0.5649838072148518,180,0.6178041994788126,0.4913650881370586,0.005767622612999124,0.0011763242502209614,681.1861111111111,0.027777777777777776,5,0,2023-09-01,1381764
1693609200000000,0.00016113778484264554,8.097983674878963,0.29922161814354864,180,0.3174463426684553,0.43969750109357375,0.0025235449773461927,0.006143330395404822,743.6083333333333,0.011111111111111112,5,0,2023-09-01,1381764
1693611000000000,0.00024859680927558276,6.992402529260701,0.349072551225032,168,0.4100485551190636,0.5403125658620034,0.017847610120971025,0.06414625937711782,1021.4940476190476,0.005952380952380952,5,0,2023-09-01,1381764
1696118400000000,0.00032092663242068594,13.51682323344343,0.7426229767016996,168,0.7751910285368937,0.5963597002667358,0.004975927540385894,7.088446857261843e-06,1420.6220238095239,0.011904761904761904,0,1,2023-10-01,2240443
1696120200000000,0.00037542160034545393,15.535959393646522,0.7223212862285789,180,0.733010383895333,0.626466118568247,0.002119093949627393,0.004740801811764062,1448.4833333333333,0.005555555555555556,0,1,2023-10-01,2240443
1696122000000000,0.00034874727003116437,8.01949473961667,0.6988461612145462,180,0.7608258993360775,0.5231027837141189,0.004479977161758852,0.003448311682479499,1431.3083333333334,0.011111111111111112,0,1,2023-10-01,2240443
1696123800000000,0.0003775632765117033,16.842511933578425,0.6887439562793967,180,0.6947322360164265,0.37512576957955157,0.0010356121868686508,0.008242028999097206,1445.763888888889,0.0,0,1,2023-10-01,2240443
1696125600000000,0.00030128222915407554,10.044171366530273,0.594061885483797,180,0.5963380067161723,0.4465877534808831,0.002908803114609726,0.031993332283725695,1769.2166666666667,0.022222222222222223,0,1,2023-10-01,2240443
1696127400000000,0.00027338179198230326,5.503771408822817,0.6106072094375512,180,0.6820065589227997,0.6017673924977627,0.006976769625912316,0.0063665360885678535,1612.5277777777778,0.0,0,1,2023-10-01,2240443
1696129200000000,0.0003949830786406694,13.981244237231865,0.8354981176329594,180,0.835616216871319,0.6189794503354367,1.7224605844079477e-05,0.0016111318045588519,1391.4666666666667,0.005555555555555556,0,1,2023-10-01,2240443
1696131000000000,0.0003608944125105343,18.122755208591453,0.8134987390794378,180,0.8327178107978204,0.5599506235782039,0.00796716107840223,0.004811546250435783,1502.1,0.0,0,1,2023-10-01,2240443
1696132800000000,0.00036662206464259807,9.689608929771957,0.7607714315137415,180,0.8091562442765116,0.6044069302776867,0.00023696528659178373,0.0001274848633786574,1367.736111111111,0.005555555555555556,1,1,2023-10-01,2240443
1696134600000000,0.00028549081489767246,12.853482388590608,0.7239147261820391,180,0.7473686992187666,0.6608241731745257,0.00018052943831292634,4.146366137647295e-05,1638.513888888889,0.005555555555555556,1,1,2023-10-01,2240443
1696136400000000,0.000341844481041434,11.637219233897595,0.6535381393830355,180,0.6862031670445483,0.4915282684754033,0.004972572740559178,0.0005349055812998715,1497.9333333333334,0.0,1,1,2023-10-01,2240443
1696138200000000,0.0003435091407038237,18.230903174069944,0.709638287433746,180,0.71460561984568,0.6361409669436782,0.014917900970249365,9.044310346839612e-05,1662.3472222222222,0.0,1,1,2023-10-01,2240443
1696140000000000,0.00031313872114403123,10.120354113248405,0.6868211805462969,180,0.7279503198415125,0.5158419541588412,0.0025731590589506137,0.0011668668000026639,1442.5055555555555,0.005555555555555556,1,1,2023-10-01,2240443
1696141800000000,0.00031458172539848344,9.481938861288814,0.5828142537638935,180,0.6267899406969281,0.5304066043977254,1.91265892779402e-06,0.012843066150053373,1313.8333333333333,0.0,1,1,2023-10-01,2240443
1696143600000000,0.0002670539688705781,5.256852586787444,0.47004908564266135,180,0.48221164408608375,0.5205208336221583,0.006878799376095146,0.013884235694150426,1370.1222222222223,0.005555555555555556,1,1,2023-10-01,2240443
1696145400000000,0.00030227299585673743,14.020204016862616,0.6976962507736649,168,0.7151817804105551,0.5140874183158948,0.0023783831220666185,0.00017525392390915773,1728.1785714285713,0.0,1,1,2023-10-01,2240443
1696147200000000,9.267524556334788e-05,2.346870831118852,0.2852560869384745,168,0.5416349948141583,0.5890196347798918,0.0004927277727015955,0.005086459495714846,1321.717261904762,0.0,2,1,2023-10-01,2240443
1696149000000000,0.00016935764911718418,8.714940960660911,0.4535042580369759,180,0.5911402112784795,0.6638214744552032,0.0015585845284805666,0.008679468980149818,1343.0777777777778,0.0,2,1,2023-10-01,2240443
1696150800000000,0.00023270524023013747,8.820336781302942,0.5163758061119412,180,0.5213087370661479,0.6222811762045029,0.002040921807082041,0.015416002746174717,1163.0638888888889,0.005555555555555556,2,1,2023-10-01,2240443
1696152600000000,0.00041050220614830674,10.130659953551907,0.5937230851040947,180,0.623432127421499,0.5974728400811736,0.00016107582958357902,0.014085998647174636,1076.525,0.0,2,1,2023-10-01,2240443
1696154400000000,0.00037925175382586994,11.986424348981442,0.570594933507405,180,0.5705975959977938,0.4174672854988273,0.0012034197256088897,0.03825264038392662,1122.1416666666667,0.011111111111111112,2,1,2023-10-01,2240443
1696156200000000,0.0003160089158816158,6.116919863634507,0.5038214601063896,180,0.5828305024372766,0.35140107704117673,0.0028297733587903107,0.0001289308760624719,1642.1194444444445,0.005555555555555556,2,1,2023-10-01,2240443
1696158000000000,0.0003213337039603412,8.190036612979341,0.49364060946738775,180,0.49420867935329893,0.3356963612006566,0.00044466739992710114,0.038765848509718315,1330.2194444444444,0.0,2,1,2023-10-01,2240443
1696159800000000,0.00024715859089746706,3.948441420416993,0.5232449275290308,180,0.6584364719858011,0.5712136784503485,0.011475729900443654,0.007089949369025406,1175.0583333333334,0.005555555555555556,2,1,2023-10-01,2240443
1696161600000000,0.0003172598955761476,10.158129164090964,0.5852552271037128,180,0.6269230549947579,0.46369980786277554,0.009442325718447941,0.0035152999355783088,1416.736111111111,0.011111111111111112,3,1,2023-10-01,2240443
1696163400000000,0.00042064059940282497,16.37312134558826,0.7699892889646145,180,0.7702633837093037,0.6315184348444544,0.0227599152451905,0.01432185692491883,1198.3777777777777,0.005555555555555556,3,1,2023-10-01,2240443
1696165200000000,0.00030705292249138264,5.856385685986157,0.543396470857274,180,0.6262694671222357,0.33819972055989334,0.007179872468675352,0.0010001673720827498,1034.6861111111111,0.016666666666666666,3,1,2023-10-01,2240443
1696167000000000,0.0002741751697152017,6.914545105935253,0.49170471510543146,180,0.5512666662416384,0.4591694642327733,5.0335667025280806e-05,0.0005854395959516978,1259.6583333333333,0.011111111111111112,3,1,2023-10-01,2240443
1696168800000000,0.00022477917981709986,2.5160381615211493,0.4426130920647834,180,0.6378607463143406,0.5271070609586426,0.08580160529596503,0.0013441912242624365,1259.8333333333333,0.005555555555555556,3,1,2023-10-01,2240443
1696170600000000,0.000344571699733978,13.255072319252513,0.6543190912663271,180,0.6693041449177745,0.5352452627812883,0.024223131746365256,0.0016346397263242718,1300.9888888888888,0.005555555555555556,3,1,2023-10-01,2240443
1696172400000000,0.00033161068447299914,12.323756405536292,0.6410452103690163,180,0.6450600607864956,0.5893267023480814,0.005678269310264494,0.002745631153507899,1401.6361111111112,0.0,3,1,2023-10-01,2240443
1696174200000000,0.0003439081615602488,17.34029143205636,0.7706581255280303,168,0.7803733831356884,0.6670289744883345,0.0010542261297568079,5.892427471088091e-05,1298.6279761904761,0.0,3,1,2023-10-01,2240443
1696176000000000,0.00024817609261975764,4.849555037890143,0.6819397604388353,168,0.8008082203512296,0.4950427024283903,0.002007571469417102,0.0026393012025842655,1535.8630952380952,0.0,4,1,2023-10-01,2240443
1696177800000000,0.00036878645937587096,16.309443622181398,0.7924272114755315,180,0.7975826635087843,0.41572277235720256,0.003381141467175608,0.009546078854242634,1210.825,0.005555555555555556,4,1,2023-10-01,2240443
1696179600000000,0.0003478528378324015,20.536710063334773,0.7805103860130552,180,0.7890056711059651,0.5047030026527097,0.0045757528022365435,0.0022478654159474587,1188.0555555555557,0.0,4,1,2023-10-01,2240443
1696181400000000,0.00033086553511742147,7.101575327765347,0.5828294100373254,180,0.6025330598683074,0.4398118543361651,0.013492197599397793,0.009026207779810336,1494.2888888888888,0.005555555555555556,4,1,2023-10-01,2240443
1696183200000000,0.00033975555692614904,14.558621433363289,0.6542404910295267,180,0.6625369732785403,0.5737042852720944,0.0001531037277998637,0.0034080704697221353,1346.625,0.0,4,1,2023-10-01,2240443
1696185000000000,0.00032660974717717696,20.84444301469386,0.7949742080036797,180,0.8013930487180686,0.5519654914260008,0.0002824253010453859,0.0017416973864731178,1662.6861111111111,0.011111111111111112,4,1,2023-10-01,2240443
1696186800000000,0.00032619819783785323,12.373530345669309,0.6952163537431514,180,0.7356539343990269,0.45634126152837573,0.004166642388172326,0.0017459308218411573,1568.1138888888888,0.0,4,1,2023-10-01,2240443
1696188600000000,0.0003131730422165082,13.1387322193928,0.7267272151617847,180,0.7517064832722611,0.49469652407903575,0.028044106990395945,0.01904255880292538,1344.2305555555556,0.011111111111111112,4,1,2023-10-01,2240443
1696190400000000,0.00035599332778834847,9.027144238140881,0.7254512042617884,180,0.7679261670166453,0.5268693219997922,0.003631038372180817,0.004496832130345574,1351.3,0.005555555555555556,5,1,2023-10-01,2240443
1696192200000000,0.00036170065269338183,8.318121351354096,0.6246145886023586,180,0.6839777496319127,0.4148562777687317,0.002906080526659638,0.02210676287390767,1357.65,0.016666666666666666,5,1,2023-10-01,2240443
1696194000000000,0.00029945487001037727,9.128091087323599,0.61868719017401,180,0.6937491907146249,0.24925234086328973,0.014876423857863474,0.009729722120709106,1306.6055555555556,0.005555555555555556,5,1,2023-10-01,2240443
1696195800000000,0.00011662148511166764,2.95521787685251,0.19050113613266173,180,0.42532323507146363,0.6406208367419078,0.0016098953854413178,0.0010284752761566818,1206.5805555555555,0.03888888888888889,5,1,2023-10-01,2240443
1696197600000000,0.0004565106643855372,3.9200795251893537,0.4587880177158795,180,0.49338619695888897,0.6157344458531308,0.025252466064828227,6.117802746874457e-05,920.6,0.18333333333333332,5,1,2023-10-01,2240443
1696199400000000,0.00032032581281626665,3.9568112215023525,0.5082331773849555,180,0.6443034905720828,0.4571838220777459,0.0014862210526820352,0.003963087066594317,1106.8944444444444,0.07777777777777778,5,1,2023-10-01,2240443
1696201200000000,0.0003331319258144562,10.217710261211755,0.6899253677200214,180,0.6904400688347923,0.5550094297362255,3.8012167613787895e-05,0.0007972355354294303,1536.9694444444444,0.022222222222222223,5,1,2023-10-01,2240443
1696203000000000,0.0004141807076186498,16.103284727992907,0.7543964035593537,168,0.7543998086853091,0.5843939045039138,0.0038373687234066756,0.0046228302472177685,1160.0119047619048,0.005952380952380952,5,1,2023-10-01,2240443
1698796800000000,0.001283844597667825,14.0566022743423,0.7286324570079576,168,0.7360066799082678,0.520421628432908,0.003484913693298508,0.0002241601149014505,239.3125,0.17261904761904762,0,0,2023-11-01,2129833
1698798600000000,0.0007983395900234516,7.780993288290902,0.6382396499224323,180,0.7608400841869778,0.5314706419826511,0.01119145087872575,0.0018825277543746965,301.76666666666665,0.16666666666666666,0,0,2023-11-01,2129833
1698800400000000,0.001057656934208861,11.949979648151459,0.6294332049043,180,0.6468877457586952,0.49522819383658256,0.0193616616892045,0.004225136713384869,342.96944444444443,0.11666666666666667,0,0,2023-11-01,2129833
1698802200000000,0.0011056857413714654,11.916945102658838,0.5653978285840355,180,0.5844249643389652,0.4825602968181303,0.0007395351507117898,0.0009424822192289906,300.39444444444445,0.14444444444444443,0,0,2023-11-01,2129833
1698804000000000,0.0011636531686090902,8.33980198898945,0.6375775958356893,180,0.7475802381310048,0.5058161322586626,2.986794715109653e-05,0.0018874838306620623,289.1611111111111,0.1388888888888889,0,0,2023-11-01,2129833
1698805800000000,0.0010299977850900671,7.097032563819154,0.49867750959111856,180,0.5275306706966676,0.6105340478366057,0.00013544534326981328,0.0010724795411516386,298.8222222222222,0.14444444444444443,0,0,2023-11-01,2129833
1698807600000000,0.001216053862214827,14.492760996235639,0.7100028115952552,180,0.7141044498941824,0.4775857161739977,0.00718922886493123,0.00039089419061300035,313.9277777777778,0.07222222222222222,0,0,2023-11-01,2129833
1698809400000000,0.0007318355834626069,2.7205025235680558,0.37258697927294604,180,0.7021498056189164,0.3236639905958164,0.004322382728857765,0.005332205342003071,257.5083333333333,0.12777777777777777,0,0,2023-11-01,2129833
1698811200000000,0.0007329930149699563,6.240899176622405,0.5838138053409749,180,0.6206521057084329,0.45683363889978523,0.012515228202105377,0.015020517384793042,356.31388888888887,0.12222222222222222,1,0,2023-11-01,2129833
1698813000000000,0.0009869204817589577,10.38390223892206,0.6898040726695278,180,0.7182333298690114,0.4684891858703506,0.000804519304348772,6.8777713120304895e-06,391.7,0.044444444444444446,1,0,2023-11-01,2129833
1698814800000000,0.00029619869135794264,3.397420597835378,0.26594574618849,180,0.43183328559144696,0.3746836134137457,0.0010740836636277118,0.001696355345809808,487.10555555555555,0.1111111111111111,1,0,2023-11-01,2129833
1698816600000000,0.0004925565639514993,2.9703033608370144,0.28951732799682606,180,0.45832430079297504,0.39056003683033147,0.005403842395051317,0.00042986239630171674,348.6388888888889,0.15,1,0,2023-11-01,2129833
1698818400000000,0.0009052454347187642,4.611762915381404,0.5884168899776254,180,0.7586553692231665,0.3667694147068967,0.001980637137285357,0.005729469066210968,266.31111111111113,0.2111111111111111,1,0,2023-11-01,2129833
1698820200000000,0.0006443642884385622,5.202930680077361,0.5400814447325011,180,0.6029304221490788,0.40014745513197947,9.463258373942907e-05,0.00014386393361542904,286.9166666666667,0.12777777777777777,1,0,2023-11-01,2129833
1698822000000000,0.000496157821032712,5.398771480163796,0.38741050902029217,180,0.5355142941149803,0.375928554264908,2.0634559874221914e-05,0.010687641267900672,557.8333333333334,0.08333333333333333,1,0,2023-11-01,2129833
1698823800000000,0.0009546935273153056,8.080137835122192,0.6051777958295199,168,0.605338801361326,0.5173325775170263,0.0011254603735095792,0.0025863882667411797,300.38988095238096,0.16666666666666666,1,0,2023-11-01,2129833
1698825600000000,0.0008696471572281087,4.956346207043179,0.5042716178668558,168,0.6278270103007609,0.5117729457207363,0.0015883681755957113,0.018899116889032452,284.4761904761905,0.23214285714285715,2,0,2023-11-01,2129833
1698827400000000,0.0006160585979072633,5.751773683609398,0.5984247638078946,180,0.5987412680161806,0.6306943749849638,0.0001205744706331835,0.002811722484946433,461.6361111111111,0.07777777777777778,2,0,2023-11-01,2129833
1698829200000000,0.000974941476748203,11.628730301123591,0.7199732686400906,180,0.7206672461086079,0.5300074536189442,0.0041253097768936264,6.625358046297158e-06,519.6583333333333,0.07777777777777778,2,0,2023-11-01,2129833
1698831000000000,0.0009930478470209275,6.897369906627521,0.6618609100741419,180,0.7120383110434245,0.43029856172119796,0.0012887512791724953,0.003196548308825764,376.0361111111111,0.06111111111111111,2,0,2023-11-01,2129833
1698832800000000,0.001054246754551708,9.928124165526135,0.7454608127425248,180,0.7544429917237839,0.6213790326654638,0.00717675764549397,8.435148344798638e-05,426.19444444444446,0.05,2,0,2023-11-01,2129833
1698834600000000,0.0007727566841523154,10.38706835877577,0.5382034133330797,180,0.5781676456375022,0.29508357146388364,0.0008167634067345331,0.0016758206236023865,540.2916666666666,0.12777777777777777,2,0,2023-11-01,2129833
1698836400000000,0.0011697546220346103,5.556998227536745,0.6036879611718486,180,0.7297909046062067,0.34342994397933535,0.0002966736528059455,0.001255921115695613,226.62222222222223,0.1,2,0,2023-11-01,2129833
1698838200000000,0.0010280491529813941,10.861561187760373,0.6262519796707284,180,0.6904112398673228,0.44497563598179146,0.0016847559764080478,0.012984547896843002,385.1361111111111,0.07222222222222222,2,0,2023-11-01,2129833
1698840000000000,0.0008711049951689793,7.556490216511064,0.5580660356742626,180,0.6182735554848656,0.466571177871577,0.022565463813323916,0.0107261141844196,343.02222222222224,0.08333333333333333,3,0,2023-11-01,2129833
1698841800000000,0.0002964675220090415,2.8824955995138914,0.24071829598363115,180,0.4362521021998287,0.28304701227660845,9.78387192328567e-05,0.0007131666733708464,510.00555555555553,0.18888888888888888,3,0,2023-11-01,2129833
1698843600000000,0.00040144199728501243,2.590663595018785,0.29897330892756846,180,0.577791139826541,0.4665406617628348,0.001487506686110418,0.006530117990928175,231.40277777777777,0.3388888888888889,3,0,2023-11-01,2129833
1698845400000000,0.0011926912692962134,4.3394969368403,0.5107806051113148,180,0.6672380119782901,0.1646055548270453,0.07920043204303728,0.004247206743314913,183.17777777777778,0.35555555555555557,3,0,2023-11-01,2129833
1698847200000000,0.0006450565428532317,4.281464915454653,0.4858464350985432,180,0.7601115384386121,0.3678815795780569,0.0007471450056814044,0.00012440677314740078,477.02222222222224,0.1388888888888889,3,0,2023-11-01,2129833
1698849000000000,0.0003891854387099487,2.248834854904312,0.26089184901000884,180,0.5608452962418449,0.27730649421793907,0.0008861575460245019,0.006337008538141009,320.80833333333334,0.2111111111111111,3,0,2023-11-01,2129833
1698850800000000,0.00024025872617928362,2.263096951730136,0.24887655010469023,180,0.4919456738186029,0.12259996936879647,0.00259597815653545,2.162729438615063e-05,858.8111111111111,0.1,3,0,2023-11-01,2129833
1698852600000000,0.0008175756252625692,4.1815580656046185,0.6379530350099223,168,0.8029561789249927,0.4368645931760563,0.0003495939605863141,0.00019843460400104096,339.4434523809524,0.07142857142857142,3,0,2023-11-01,2129833
1698854400000000,0.0010749639212177216,10.183270084283839,0.6596602779666328,168,0.6752771201029841,0.4245673453190373,0.004145663648366216,0.003258159474653022,324.6547619047619,0.10119047619047619,4,0,2023-11-01,2129833
1698856200000000,0.0013329690093789527,12.43471621914321,0.732881796644572,180,0.7330018587779903,0.44505028854861006,0.0003433355813120542,0.00543365731260026,319.69166666666666,0.09444444444444444,4,0,2023-11-01,2129833
1698858000000000,0.0009923106879895166,12.837720475873722,0.7872060393304069,180,0.7949208346703519,0.3572343149058662,0.0038053654875032095,0.0006287734190513206,485.64444444444445,0.016666666666666666,4,0,2023-11-01,2129833
1698859800000000,0.0011840994692197105,15.38593552572071,0.7820238854960218,180,0.7935739270041705,0.3792906679025696,0.00731208351958168,2.631895616689306e-05,410.56944444444446,0.03888888888888889,4,0,2023-11-01,2129833
1698861600000000,0.0003924391762803154,2.1433665452101884,0.27227213362627967,180,0.5646747610835905,0.08319658955347953,0.0012394526773017445,1.1703961336428925e-05,270.6611111111111,0.16666666666666666,4,0,2023-11-01,2129833
1698863400000000,0.000819400883121095,5.887047282430685,0.43329218219369703,180,0.47234842265736343,0.21313362271298641,0.003368464079408273,0.004103588289507187,215.66666666666666,0.34444444444444444,4,0,2023-11-01,2129833
1698865200000000,0.001087141871456139,8.739624705176615,0.6658482781006588,180,0.7317621903043079,0.4484349218907272,0.0007831069391588397,0.00014009441289941638,255.60555555555555,0.16111111111111112,4,0,2023-11-01,2129833
1698867000000000,0.001395457016050259,8.77894464116006,0.5971753183772945,180,0.6631196721838095,0.4166833535418578,0.005628074217600476,0.029495502346061908,187.8111111111111,0.3388888888888889,4,0,2023-11-01,2129833
1698868800000000,0.0014421240895549786,5.016621982935247,0.5959387930671726,180,0.7515362964185602,0.3558379594867387,0.002565836761820317,0.0026875277369916573,181.87222222222223,0.22777777777777777,5,0,2023-11-01,2129833
1698870600000000,0.0009029304102766064,6.655221126976684,0.5794076993354762,180,0.7246995851998019,0.40756960202994563,5.442058422788776e-06,0.00449613428232043,202.72222222222223,0.1388888888888889,5,0,2023-11-01,2129833
1698872400000000,0.0014690839113888844,13.43503669218201,0.7311228649580784,180,0.751883334429444,0.3254719351053127,0.0014899520829588786,0.0002709962435475388,221.99166666666667,0.29444444444444445,5,0,2023-11-01,2129833
1698874200000000,0.0011869574667631767,9.662883900377688,0.6414460452324714,180,0.6507260868710182,0.40016424063871014,4.689299596405405e-07,2.3102068430036482e-05,459.26666666666665,0.08333333333333333,5,0,2023-11-01,2129833
1698876000000000,0.0012845620617567416,7.3402804785248215,0.5591330155898169,180,0.6793176542143432,0.45239760629434167,0.0005870969177248497,0.0020913032194365133,280.40555555555557,0.11666666666666667,5,0,2023-11-01,2129833
1698877800000000,0.0011797124300354915,9.283745790283623,0.5688070259589042,180,0.5918423819799197,0.44306998717286616,0.0012797692895074597,0.024096703699040822,298.21944444444443,0.14444444444444443,5,0,2023-11-01,2129833
1698879600000000,0.0011473399911606083,12.928479912010184,0.6278484061371797,180,0.6500984759025916,0.5583964754110069,0.0004833640579287035,0.002120236106521012,301.2888888888889,0.13333333333333333,5,0,2023-11-01,2129833
1698881400000000,0.0010339411354689057,6.263691524327458,0.5564048745209745,168,0.6296990164066028,0.4435445863077684,0.004489004095916127,0.0010083965848186605,353.5327380952381,0.041666666666666664,5,0,2023-11-01,2129833
1701388800000000,0.0015201355203030586,7.09168258632102,0.7175654911351652,168,0.744496011382215,0.5738328947778848,0.001122548447629268,0.002826928976987997,345.11607142857144,0.03571428571428571,0,0,2023-12-01,1169464
1701390600000000,0.0021062370211879203,10.61969146706131,0.7257288936934234,180,0.7977029819553915,0.4816019168291452,5.861067463475145e-06,0.0017776395568359638,215.03055555555557,0.07222222222222222,0,0,2023-12-01,1169464
1701392400000000,0.0011844535901329163,5.70067670987272,0.5258964674939549,180,0.6483443167617153,0.5294776814838293,0.0003674526909203113,0.001385098859125855,256.7638888888889,0.12222222222222222,0,0,2023-12-01,1169464
1701394200000000,0.001020067207410122,3.814568958723292,0.37015477036476063,180,0.5238456227050414,0.4653633816430224,7.18265357058101e-05,3.694283424138245e-05,232.63333333333333,0.09444444444444444,0,0,2023-12-01,1169464
1701396000000000,0.001539052565230457,9.17830921379633,0.6215546437841662,180,0.6277755385419848,0.5020672986546866,4.798188599552944e-05,0.001313541557922293,343.6694444444444,0.03888888888888889,0,0,2023-12-01,1169464
1701397800000000,0.001197062959215679,5.940959111256948,0.5483209743931202,180,0.6197991832715839,0.6084984383655115,0.004832506877452181,0.0002888064916913846,445.36944444444447,0.044444444444444446,0,0,2023-12-01,1169464
1701399600000000,0.0013875415836664589,7.424883137174792,0.5425738728895291,180,0.6570947127117983,0.5081356043419316,2.070257853814539e-06,0.0010645223829490735,259.11944444444447,0.09444444444444444,0,0,2023-12-01,1169464
1701401400000000,0.0010591110607929154,4.479269074236092,0.5025939364571423,180,0.6859128765615141,0.433622316182635,0.01291534263457339,0.00016881232342902397,270.68888888888887,0.05555555555555555,0,0,2023-12-01,1169464
1701403200000000,0.0013032023443518533,7.7504301666383615,0.575078705589702,180,0.6976885202555823,0.2874997718396929,0.00010653778756253285,0.00013742013448381218,246.60833333333332,0.07222222222222222,1,0,2023-12-01,1169464
1701405000000000,0.0013776292254507885,8.870573851706427,0.5595044281613126,180,0.5920915925617225,0.3499436122992823,0.0008157286107249861,0.003577997101088415,336.975,0.06666666666666667,1,0,2023-12-01,1169464
1701406800000000,0.0012219174499308518,5.636159355243807,0.5679809193263206,180,0.6274229753630227,0.33487055076043803,0.00041095737376173336,0.00437213194180186,364.69166666666666,0.07222222222222222,1,0,2023-12-01,1169464
1701408600000000,0.0010702228432677109,4.673027531070395,0.6024077504605778,180,0.6935123840773212,0.43214207514836256,0.00014605929096822567,0.002053137891601886,517.6333333333333,0.03888888888888889,1,0,2023-12-01,1169464
1701410400000000,0.0012604048707058942,9.998624285220762,0.5998395417776902,180,0.6396153641564382,0.5528885842134592,0.00028269912219203164,0.002186232239841379,217.23888888888888,0.07777777777777778,1,0,2023-12-01,1169464
1701412200000000,0.0018277485982857518,10.348188192157128,0.655697677962461,180,0.7237190790802874,0.36584832707833714,0.0001091047346754026,0.0029650008957816665,171.01666666666668,0.09444444444444444,1,0,2023-12-01,1169464
1701414000000000,0.0016001288466589076,8.713958003476368,0.5353252987783603,180,0.5830181632113756,0.43564159991231555,4.2039888491607336e-05,0.00034165215421722017,268.8833333333333,0.09444444444444444,1,0,2023-12-01,1169464
1701415800000000,0.0008054498105104359,2.9169807257808227,0.20071426548851945,168,0.4626107660871088,0.4719929524518426,0.0026205940559825835,0.0005531710706464521,146.75,0.09523809523809523,1,0,2023-12-01,1169464
1701417600000000,0.0014284820816879728,15.874108724430881,0.7003208111993664,168,0.7007733958405015,0.5539350982102813,0.010962554256994883,0.006691496825883103,337.4642857142857,0.06547619047619048,2,0,2023-12-01,1169464
1701419400000000,0.001295170632737294,8.369492594801175,0.557595493157678,180,0.6052481524924345,0.43926057367949123,5.682766860803934e-05,0.0038001457225019797,369.775,0.016666666666666666,2,0,2023-12-01,1169464
1701421200000000,0.0012412208064063726,8.098040198170043,0.6201277894476908,180,0.6826487669706196,0.5054365913316556,0.010633395215370989,4.157573113228175e-06,256.275,0.07222222222222222,2,0,2023-12-01,1169464
1701423000000000,0.0019018089445515393,10.272779802244262,0.7297512900221916,180,0.7689320719522689,0.4000242857966836,0.0018581157474203414,0.0016017204586149525,224.38333333333333,0.044444444444444446,2,0,2023-12-01,1169464
1701424800000000,0.0011611027601942333,8.51932562651561,0.5533482364194071,180,0.6535829020746033,0.42552777556452814,4.0230739185243e-05,0.0032939737951859227,237.7277777777778,0.08333333333333333,2,0,2023-12-01,1169464
1701426600000000,0.0017008789997237017,12.615954331900877,0.7123426079853662,180,0.7463478028418576,0.5047638862470984,0.016159127822904407,0.0036914824057128204,272.13055555555553,0.06111111111111111,2,0,2023-12-01,1169464
1701428400000000,0.0011612879157426328,9.96510668490247,0.6575091368264445,180,0.7242520700759554,0.462732495108676,0.05442905025557321,0.02560525600938468,559.8694444444444,0.011111111111111112,2,0,2023-12-01,1169464
1701430200000000,0.0015653288610198587,15.241971842105494,0.7147315587949905,180,0.724526886326599,0.5180904939513202,0.00964381265409453,0.002989673436126772,357.5111111111111,0.022222222222222223,2,0,2023-12-01,1169464
1701432000000000,0.0009280582988172486,6.927274490303942,0.5273062002206963,180,0.6935808651523891,0.26957346874202515,0.001702113654107995,0.001754814874846522,355.22777777777776,0.027777777777777776,3,0,2023-12-01,1169464
1701433800000000,0.0014820824699863415,10.235051000690728,0.5848534538385562,180,0.6370871996228102,0.3356410509114155,0.0010774767578102251,0.01476444482890571,299.36944444444447,0.03888888888888889,3,0,2023-12-01,1169464
1701435600000000,0.0009636212677223728,7.183742270981814,0.582278624079528,180,0.6637082234009146,0.3991946863829291,0.008018295910080742,0.01251428002662236,323.7611111111111,0.027777777777777776,3,0,2023-12-01,1169464
1701437400000000,0.0010848527555862698,4.267776588187079,0.6095574359329464,180,0.7634085344970354,0.4275697168049478,9.281083509282695e-06,0.0011774823251498034,311.01944444444445,0.011111111111111112,3,0,2023-12-01,1169464
1701439200000000,0.0015491249785612032,6.362754407909294,0.6973543323248077,180,0.7698874480358155,0.4694274803756783,0.006849268233982353,0.0005700126176249043,283.8305555555556,0.027777777777777776,3,0,2023-12-01,1169464
1701441000000000,0.0013045270275769878,3.8873401775391008,0.47307991726651066,180,0.5719334759811858,0.6105510372034292,0.003842107488303159,0.008594648476511257,265.5777777777778,0.14444444444444443,3,0,2023-12-01,1169464
1701442800000000,0.0010968593431589016,5.463960805381626,0.44688757076001295,180,0.58773885119795,0.4587476109628924,0.04213755786862283,0.005983491589918288,213.55833333333334,0.1111111111111111,3,0,2023-12-01,1169464
1701444600000000,0.0020744156316869484,8.654637364189483,0.60992213844998,168,0.6586919174746287,0.4898818239270182,0.0012815552430730515,0.0030310499031636073,224.1904761904762,0.05357142857142857,3,0,2023-12-01,1169464
1701446400000000,0.0019869097136995958,9.857260941384636,0.5824231145424883,168,0.6021971104178168,0.4059971465060289,0.017490473043789923,0.010931911784925918,230.11011904761904,0.11904761904761904,4,0,2023-12-01,1169464
1701448200000000,0.0005149470867123234,2.157862772424947,0.2139935429938803,180,0.4429599910356914,0.2964247123672801,0.000450401737506434,0.009416147777150163,182.86388888888888,0.12222222222222222,4,0,2023-12-01,1169464
1701450000000000,0.0018374317625882925,9.225001948612308,0.5286901077367756,180,0.6109189076119556,0.35062966654347527,0.013190158921250528,0.0004261746413408707,194.725,0.09444444444444444,4,0,2023-12-01,1169464
1701451800000000,0.0013961893875293748,4.710670671415567,0.51389820153528,180,0.6690003987928002,0.37784828841090456,0.0162272869978477,3.550677045438544e-05,181.875,0.11666666666666667,4,0,2023-12-01,1169464
1701453600000000,0.0022975155395338186,10.468298236913457,0.7430452672011514,180,0.7543482558864002,0.6311121719071726,0.00412766388863306,0.00518094864581331,208.37222222222223,0.05,4,0,2023-12-01,1169464
1701455400000000,0.0017858085607021512,9.171357002721887,0.6134417340558029,180,0.6393110381952753,0.5132315375338696,0.0016202059065256735,0.0023280736636750454,280.575,0.05,4,0,2023-12-01,1169464
1701457200000000,0.0017302350578473004,10.219619845291874,0.6097734100121465,180,0.6873716019224518,0.44752773596613693,0.014725865628802737,0.004672480241008414,245.425,0.03333333333333333,4,0,2023-12-01,1169464
1701459000000000,0.0017468527910947888,11.450028667330164,0.7228446330629033,180,0.7619873760444499,0.4282588852086847,0.006040753899008489,1.499618507150302e-08,236.45555555555555,0.027777777777777776,4,0,2023-12-01,1169464
1701460800000000,0.0013348206802669266,12.624373745551368,0.6966626997830119,180,0.7259149199566398,0.47181994681700445,0.0052136251518446475,0.0004754187113960029,301.1333333333333,0.03333333333333333,5,0,2023-12-01,1169464
1701462600000000,0.0007972453929619268,5.218004073547249,0.5175600204588462,180,0.67539132184367,0.38950275428428816,0.0002135251721033793,0.002625672763988063,418.0444444444444,0.022222222222222223,5,0,2023-12-01,1169464
1701464400000000,0.001705733811150142,11.404377224774214,0.7605877660461028,180,0.7934534957225506,0.5058542963845756,0.002981847513531033,0.0012102478922255688,318.71666666666664,0.016666666666666666,5,0,2023-12-01,1169464
1701466200000000,0.0014292466996489914,13.710355420823316,0.7552811739493779,180,0.7782042371908332,0.6893780584667414,0.008501997992861887,0.019633171332726684,413.65277777777777,0.027777777777777776,5,0,2023-12-01,1169464
1701468000000000,0.0009416570137128691,4.841180334765673,0.5625876737003825,180,0.7239242894563616,0.5688716681499116,0.023365418676846827,0.021210803693868074,500.68611111111113,0.027777777777777776,5,0,2023-12-01,1169464
1701469800000000,0.0016459396582207465,14.841288302056713,0.8229653195624627,180,0.8245510870604419,0.681246661062846,0.017287403742532015,0.00809431832028884,460.15,0.03333333333333333,5,0,2023-12-01,1169464
1701471600000000,0.0012975667664096111,11.285216464501264,0.6508945152057712,180,0.6924495654058087,0.4410700814826256,0.0038495065423602703,0.0020365193494666922,403.0444444444444,0.011111111111111112,5,0,2023-12-01,1169464
1701473400000000,0.0016485666793760387,10.702781704167293,0.7454425975480516,168,0.7506114913783584,0.5254198066272004,0.017176060104592827,0.007435570798187574,322.7916666666667,0.005952380952380952,5,0,2023-12-01,1169464
1704067200000000,0.006044909116000472,11.576182294099636,0.7129463202453128,168,0.7418770568814782,0.4466927574036813,0.0014037197532207335,0.021450107100140503,66.84821428571429,0.4166666666666667,0,0,2024-01-01,1344215
1704069000000000,0.006779508339610044,11.85669152693619,0.7681865664075982,180,0.76923837750108,0.5530986930811771,0.011472881734197582,0.0407173633266914,56.44722222222222,0.4777777777777778,0,0,2024-01-01,1344215
1704070800000000,0.004208259491573767,7.4674258258029305,0.4476512836951847,180,0.4987497030922099,0.5433542434495932,0.005252695116943706,0.0012019210297289362,164.3,0.5055555555555555,0,0,2024-01-01,1344215
1704072600000000,0.005836480638775127,9.620950274454819,0.5829903562147429,180,0.6326508301241918,0.5866850157797194,0.008185530259363749,0.0010453227855040659,66.97777777777777,0.48333333333333334,0,0,2024-01-01,1344215
1704074400000000,0.004919416468474429,7.343655147354562,0.6354908427994572,180,0.651308319245704,0.23046174288116117,0.017850817337585423,0.0010518542828981126,105.02777777777777,0.35555555555555557,0,0,2024-01-01,1344215
1704076200000000,0.0038264096618114613,6.0426261515189985,0.5086095901312506,180,0.5658696340086362,0.4943327948162426,0.009814813254783616,0.03979680237577887,60.52777777777778,0.37777777777777777,0,0,2024-01-01,1344215
1704078000000000,0.0015806931975722153,1.8072779927266105,0.12707282421786237,180,0.34695665998135283,0.34016238968406387,0.011345908880160738,0.008200180693196835,100.925,0.45555555555555555,0,0,2024-01-01,1344215
1704079800000000,0.002877513146242022,3.6259074235827002,0.45286722517968625,180,0.6173887629014065,0.26379851133005994,0.007963955102337272,0.0012567534632643707,68.58055555555555,0.4777777777777778,0,0,2024-01-01,1344215
1704081600000000,0.005088030660374622,8.453666748364178,0.5203518774183357,180,0.525404302323248,0.3454583228303578,0.0018077102011305746,9.481989248993905e-06,90.25277777777778,0.5833333333333334,1,0,2024-01-01,1344215
1704083400000000,0.004283983183724674,5.229141058165005,0.5329113309698306,180,0.6727856464225204,0.5168328402543478,0.0028744189553587818,0.00039571221622225483,72.63888888888889,0.4666666666666667,1,0,2024-01-01,1344215
1704085200000000,0.005772511448091713,8.391220602421033,0.7154745776156408,180,0.7602314578847699,0.5185864576814709,0.0004300650735066247,0.013810138237033143,102.58055555555555,0.4777777777777778,1,0,2024-01-01,1344215
1704087000000000,0.0051662789010579226,3.4972992378837016,0.5780520729298255,180,0.750465669201782,0.3757780412692707,0.005866828997713847,2.061146353882215e-05,58.71666666666667,0.5222222222222223,1,0,2024-01-01,1344215
1704088800000000,0.002601113008020241,4.044625605898811,0.48261891903364806,180,0.6388819844759829,0.45731731721288527,0.002521927643075794,0.012738065126909781,75.53333333333333,0.5277777777777778,1,0,2024-01-01,1344215
1704090600000000,0.0055068299206731085,14.217641903003225,0.7103019151139289,180,0.7360899005269348,0.5183504461160291,0.0022468561480940563,0.011498156290792871,107.58055555555555,0.32222222222222224,1,0,2024-01-01,1344215
1704092400000000,0.004834506573734817,9.605934522659634,0.5702031338344737,180,0.5762581339732615,0.34589027682903084,0.0005779470761827499,0.008162910062960105,78.38055555555556,0.3111111111111111,1,0,2024-01-01,1344215
1704094200000000,0.003279557919288899,3.0403114431460763,0.35125285948564366,168,0.5244524308578469,0.47774530776849067,0.00813561479472702,0.0023324507232321823,68.66369047619048,0.35714285714285715,1,0,2024-01-01,1344215
1704096000000000,0.00470476447964536,7.7452505947110195,0.5155313147227097,168,0.5201153109845038,0.29567684878753975,0.002056155113833169,0.008001251398301101,95.23809523809524,0.3273809523809524,2,0,2024-01-01,1344215
1704097800000000,0.004265598085669941,6.028507240527944,0.4459788160757696,180,0.5443815139731197,0.47427005870538697,0.0024039463892220336,0.007909827980945305,85.09444444444445,0.40555555555555556,2,0,2024-01-01,1344215
1704099600000000,0.0040146760479151875,7.932567892126462,0.5048967954048704,180,0.5654448912613859,0.3780458576505834,0.00020362277682162144,0.018925587312465297,79.93055555555556,0.28888888888888886,2,0,2024-01-01,1344215
1704101400000000,0.0037661199711246443,9.866896321665061,0.5986140507518289,180,0.6345694754539176,0.5256154391662317,0.0005989375492436722,0.00020433619796789149,72.9,0.37777777777777777,2,0,2024-01-01,1344215
1704103200000000,0.0018865401263834349,5.752590452628872,0.4080573690367756,180,0.5392382929049873,0.42371598387173337,0.0024602894381896556,0.010407418931875245,185.61388888888888,0.38333333333333336,2,0,2024-01-01,1344215
1704105000000000,0.0026501443419953176,4.149587810403882,0.3164226538880406,180,0.4234883143893313,0.36922928702224456,0.010881279152003653,0.003595807532379758,102.91111111111111,0.34444444444444444,2,0,2024-01-01,1344215
1704106800000000,0.0030247844747272835,7.385182844874919,0.4535131502419596,180,0.5445734591735039,0.2963967646518697,0.007095127205152596,0.007682838921379331,105.15555555555555,0.3333333333333333,2,0,2024-01-01,1344215
1704108600000000,0.004379350365301467,12.086126531832104,0.5649512458058445,180,0.6381009564843321,0.3333828617147969,0.0006591409334930631,0.0023442672015637767,95.46111111111111,0.3333333333333333,2,0,2024-01-01,1344215
1704110400000000,0.004335540450242268,10.839230506346091,0.5816008154896194,180,0.6381075683784545,0.3803423057048104,0.01242888006881393,0.04980729207100054,93.19444444444444,0.36666666666666664,3,0,2024-01-01,1344215
1704112200000000,0.0018986164088018631,2.264756705246888,0.3371640747023691,180,0.6254432620246975,0.20499008102865868,0.006791411460918773,0.003945148795229669,92.21666666666667,0.29444444444444445,3,0,2024-01-01,1344215
1704114000000000,0.0022321898996433666,5.5495050405906525,0.3998035498257637,180,0.5332979176558466,0.3121563788470796,3.852785901892197e-05,0.0025691585583734744,97.88333333333334,0.35,3,0,2024-01-01,1344215
1704115800000000,0.004720159775936025,6.520179242331358,0.4720509377358376,180,0.5086892572437314,0.6250245127867782,1.5688448829709323e-05,0.0013659237268141,81.84444444444445,0.35555555555555557,3,0,2024-01-01,1344215
1704117600000000,0.005320609074452252,9.706759311985174,0.6987078450957731,180,0.7244749264606265,0.3878431678250044,0.0003459963758772888,0.016159729426099334,63.06944444444444,0.4444444444444444,3,0,2024-01-01,1344215
1704119400000000,0.0027607324082310034,5.075726557125055,0.27942591807217776,180,0.31031577567173607,0.2833500619560134,0.0067712602332797855,0.0035892833235985355,73.7611111111111,0.46111111111111114,3,0,2024-01-01,1344215
1704121200000000,0.006093474459510653,13.044232299276754,0.6388150026947894,180,0.6619683905717496,0.4182477711570778,0.002561445367131876,0.0010334181818155708,57.25555555555555,0.4222222222222222,3,0,2024-01-01,1344215
1704123000000000,0.004805600146457235,6.082291580385953,0.6072596020578364,168,0.7398395477737831,0.40142184292509864,0.006272541347149274,0.0026130763447441696,80.15178571428571,0.3333333333333333,3,0,2024-01-01,1344215
1704124800000000,0.0052725642263751924,6.335485388593865,0.5807957765694656,168,0.5987150690688994,0.4001705362757857,0.0001301967517737257,4.2535066031579305e-06,55.544642857142854,0.44642857142857145,4,0,2024-01-01,1344215
1704126600000000,0.004188296691149463,7.182758584595442,0.36437788263023707,180,0.40057445860669083,0.4023248683977201,0.005499054539734094,0.01973067404405504,58.86388888888889,0.4111111111111111,4,0,2024-01-01,1344215
1704128400000000,0.0027281385425088865,4.854552202516755,0.4989750214059109,180,0.6250837186545175,0.5716262984690628,0.013482072249886734,0.004373199411632167,92.16388888888889,0.35555555555555557,4,0,2024-01-01,1344215
1704130200000000,0.004273776010785534,6.941418164369413,0.5647800079955128,180,0.6364533478069992,0.40773407040852305,0.0036462160319687964,0.01605387712131745,70.75277777777778,0.4222222222222222,4,0,2024-01-01,1344215
1704132000000000,0.003052870192762901,5.786641216930976,0.4465081619594067,180,0.5450143598909223,0.45255057506598506,0.0031750464450014393,0.000965409395008443,91.94722222222222,0.37222222222222223,4,0,2024-01-01,1344215
1704133800000000,0.002332356760554438,2.3820972012315145,0.30871822417533634,180,0.5990196103643695,0.2532607850114068,0.00355867115964581,0.036683213233264844,65.15,0.39444444444444443,4,0,2024-01-01,1344215
1704135600000000,0.003219186975104018,3.827920303361958,0.4695188997876655,180,0.5810867451776629,0.24083907202126031,0.0003906228423942171,0.0010697706328889334,244.9777777777778,0.2222222222222222,4,0,2024-01-01,1344215
1704137400000000,0.001481498072474895,1.6134291264264684,0.2172466641569567,180,0.6219309572223246,0.23932567480785527,0.001715562224320788,0.009349285675636199,80.57222222222222,0.3111111111111111,4,0,2024-01-01,1344215
1704139200000000,0.0008210291068444881,4.1172409648163955,0.22626324632981498,180,0.30352900346364997,0.273456417477732,0.004463106507831438,0.00020669336992928944,83.51666666666667,0.36666666666666664,5,0,2024-01-01,1344215
1704141000000000,0.0013671364087476912,3.875785781974664,0.2099756721507744,180,0.5604847849581331,0.3688809992494898,0.005648012249566348,5.153734633178697e-05,142.14444444444445,0.34444444444444444,5,0,2024-01-01,1344215
1704142800000000,0.0025868442652749683,5.613804964993209,0.3615008164735074,180,0.4384814281532464,0.28524959381947856,0.0009500319394906143,2.200752241787729e-05,91.4,0.35,5,0,2024-01-01,1344215
1704144600000000,0.0034556652407025136,6.707865678207257,0.449221735038681,180,0.5631787629195484,0.4971936376792493,0.008622995659543053,1.1802138132344098e-06,104.13888888888889,0.37222222222222223,5,0,2024-01-01,1344215
1704146400000000,0.004508661519428683,9.166444521697283,0.6017426877371046,180,0.652763029830657,0.36338059027142044,0.0009032937255806228,0.0002535162663838131,101.35833333333333,0.3055555555555556,5,0,2024-01-01,1344215
1704148200000000,0.0025935173829078886,4.773435270247753,0.4424948986244437,180,0.5220159873755206,0.5612575212553369,0.001175953785956474,0.006467059480606663,236.09722222222223,0.45,5,0,2024-01-01,1344215
1704150000000000,0.001266359372412385,1.9876477760601539,0.21068807339797502,180,0.5012846306791297,0.5765197458912903,0.00013917677955010976,0.03005371322853545,146.0611111111111,0.28888888888888886,5,0,2024-01-01,1344215
1704151800000000,0.002239460254720731,3.7121333267756285,0.3391810344053232,168,0.5100776028680916,0.36130979478216685,0.002058958221484053,1.822248554683714e-05,90.32440476190476,0.32142857142857145,5,0,2024-01-01,1344215
1706745600000000,0.0022491173274521614,10.70595099783766,0.6562493201734672,168,0.6993158635442638,0.2267297397790612,0.009473399300683916,0.008689232856385898,138.16071428571428,0.20833333333333334,0,0,2024-02-01,1261993
1706747400000000,0.0027114896985598273,10.340370391587332,0.6114738642331254,180,0.6188454619419842,0.23937085618825804,0.004279717543814399,0.00478619238873601,100.74722222222222,0.24444444444444444,0,0,2024-02-01,1261993
1706749200000000,0.0005867702896192457,1.452452171012289,0.1280073062438054,180,0.43816669639087014,0.3210639293174824,0.003919076272601685,0.0006943075151456535,100.88888888888889,0.3055555555555556,0,0,2024-02-01,1261993
1706751000000000,0.001843220976170222,5.088920564879608,0.463396592187702,180,0.6459991624175115,0.221034251984788,0.0007510006899927868,0.0007114644977292972,216.76944444444445,0.4388888888888889,0,0,2024-02-01,1261993
1706752800000000,0.002773417577187226,9.09156491516509,0.643585736313822,180,0.6943872160523801,0.30665097941346475,0.0019718374751760415,0.0003951834997106829,90.82222222222222,0.31666666666666665,0,0,2024-02-01,1261993
1706754600000000,0.0027049493730633037,16.08864504027885,0.7424406992518074,180,0.7424999274681734,0.26171539116214393,0.0031576357756789575,0.0011405307917857765,136.62777777777777,0.2111111111111111,0,0,2024-02-01,1261993
1706756400000000,0.002323368994390985,11.276693713263905,0.6700787187952307,180,0.7322070164227177,0.38457765541647193,0.000496071106194651,0.0003043223214470592,136.99444444444444,0.25555555555555554,0,0,2024-02-01,1261993
1706758200000000,0.0023408666821548548,7.77867740766691,0.544693812495828,180,0.6253796202229571,0.2509476846688493,0.00031302953273149026,0.0002685602938755638,116.49444444444444,0.25,0,0,2024-02-01,1261993
1706760000000000,0.0015119105027728665,2.5444532644304028,0.3521886150471485,180,0.6233724336838752,0.19011682383138373,0.002845535863545856,4.192377643708056e-05,110.86944444444444,0.2111111111111111,1,0,2024-02-01,1261993
1706761800000000,0.00215305080098356,9.053896497324939,0.6899134050725506,180,0.7280574375740471,0.26107786909091013,0.013755267247723468,0.012113374241743302,134.23611111111111,0.3111111111111111,1,0,2024-02-01,1261993
1706763600000000,0.00033781163886912165,1.8274950471019185,0.1099744366085249,180,0.3949270141797404,0.35973571440627083,0.0004247242587597233,0.003744317479911663,129.79166666666666,0.2833333333333333,1,0,2024-02-01,1261993
1706765400000000,0.0008353608177443921,1.532511103900213,0.17579995695064443,180,0.6617631863056539,0.4814968377218364,0.00025398611095983625,0.006383430872649587,209.76666666666668,0.11666666666666667,1,0,2024-02-01,1261993
1706767200000000,0.0015017592919345855,3.953267712214471,0.4720493736230761,180,0.6674710828676029,0.27892771118609505,0.001744782825228719,0.0050651160111921945,120.43611111111112,0.2111111111111111,1,0,2024-02-01,1261993
1706769000000000,0.0014444764304011324,5.531575891887563,0.49931995769733784,180,0.6705045587540159,0.34866256205740664,0.02832479993721493,0.025469718464381952,140.75,0.14444444444444443,1,0,2024-02-01,1261993
1706770800000000,0.0008740340650770242,1.8358672744783084,0.26761814624615643,180,0.5504654184835529,0.3190186288413057,0.009476464743519819,0.0017367117531366105,221.63055555555556,0.1388888888888889,1,0,2024-02-01,1261993
1706772600000000,0.001934296122685124,4.174850389782936,0.5607503146800954,168,0.6054398062145998,0.5699505540673878,0.07155193210331157,0.004778480913540495,299.5982142857143,0.1488095238095238,1,0,2024-02-01,1261993
1706774400000000,0.0011523557470845963,2.860345991646192,0.33215132822346516,168,0.6414044255731475,0.48852285026567477,4.371955762649815e-05,0.0008403270758705617,342.3452380952381,0.14285714285714285,2,0,2024-02-01,1261993
1706776200000000,0.001348773219370483,6.745003883639714,0.5812049228767872,180,0.6854097212177076,0.39454921965196466,0.0018802384487285329,0.016047610177827187,352.01944444444445,0.12777777777777777,2,0,2024-02-01,1261993
1706778000000000,0.0017221443728569978,9.867237955715128,0.6624473433144842,180,0.7494982885642387,0.45868974626486614,0.0003885867894960482,0.012933058901170136,267.6694444444444,0.1388888888888889,2,0,2024-02-01,1261993
1706779800000000,0.00014920640298345054,0.4746584229734995,0.021530051541418183,180,0.7177725511942636,0.5674074557113,0.05429073552972841,0.04222891752026636,158.35555555555555,0.26666666666666666,2,0,2024-02-01,1261993
1706781600000000,0.0005625540261887539,2.0197785022294745,0.10933664515703945,180,0.4502740668603591,0.5933142535548999,0.017940981830216973,0.008355346581763401,204.08055555555555,0.16666666666666666,2,0,2024-02-01,1261993
1706783400000000,0.000899175155358605,1.5883422412836972,0.21579807299671383,180,0.6987321981927106,0.25812656901497544,0.015328287840912891,0.003772267785259298,161.19444444444446,0.19444444444444445,2,0,2024-02-01,1261993
1706785200000000,0.0005039050715434979,2.106545832976664,0.21865254692046732,180,0.7465800529784878,0.3471233778581313,0.0017963739305485449,2.3039750685072136e-07,227.49722222222223,0.12777777777777777,2,0,2024-02-01,1261993
1706787000000000,0.0009492338051712496,2.4503750168983673,0.385574639061386,180,0.6588127542468593,0.3599782977468249,0.004180793694055329,0.00017638200035041685,304.56944444444446,0.08888888888888889,2,0,2024-02-01,1261993
1706788800000000,0.001400096616739723,7.09216403149055,0.6079749763936311,180,0.7016389935718559,0.36001779464377837,0.008758102868448914,0.003161559215195897,248.08055555555555,0.1111111111111111,3,0,2024-02-01,1261993
1706790600000000,0.0025431665769853366,18.571255622926795,0.7953850504150299,180,0.8016878347503614,0.3222562651276525,7.796814453397971e-06,0.001471957110140254,113.65555555555555,0.1,3,0,2024-02-01,1261993
1706792400000000,0.0009964073412268033,2.377779137303048,0.35502861013426634,180,0.6555996573613868,0.31822624537396615,0.00011301620590697947,0.010224544125473689,245.28333333333333,0.16666666666666666,3,0,2024-02-01,1261993
1706794200000000,0.0014208013212872826,4.394137087213105,0.5049019424909378,180,0.7453397038027638,0.21170289372393047,0.0010340933091599336,0.0040091341793094815,159.54166666666666,0.13333333333333333,3,0,2024-02-01,1261993
1706796000000000,0.0010974673655138752,4.4107756334534685,0.4337586211101673,180,0.6348684256731693,0.21531000178950843,0.0010848456052440225,0.007153400507634133,233.32222222222222,0.15,3,0,2024-02-01,1261993
1706797800000000,0.0011350736482883686,1.6835492644133663,0.22695049515418364,180,0.5953939740227878,0.32823926021286987,0.003263888917279134,5.162960204174727e-05,166.82222222222222,0.16111111111111112,3,0,2024-02-01,1261993
1706799600000000,0.0018679381446188013,4.653614937932293,0.5384798926521722,180,0.6453928676409448,0.236331543651767,0.002843678734500421,0.0003939242160874157,132.48888888888888,0.2388888888888889,3,0,2024-02-01,1261993
1706801400000000,0.0024180021217367906,8.326503767162341,0.5987251246728293,168,0.6734714988135764,0.2514696703453355,0.0001422718425437841,0.00673097396973521,188.39583333333334,0.17261904761904762,3,0,2024-02-01,1261993
1706803200000000,0.0011203150394188584,2.425817719262726,0.27413828422812336,168,0.49788886116419073,0.29111691844131415,0.0024587399950544153,0.004958274307519495,189.08333333333334,0.13095238095238096,4,0,2024-02-01,1261993
1706805000000000,0.0021534662063245873,5.762383861055983,0.5698026929121003,180,0.6817220528103436,0.4619100644600328,6.313917978451045e-07,0.0005353242623570287,172.13611111111112,0.18333333333333332,4,0,2024-02-01,1261993
1706806800000000,0.0015444369348740217,2.450214165422002,0.4208193380287405,180,0.7406012647576375,0.17144394732457846,0.0016958971318860039,0.0035416439165378844,127.72222222222223,0.18333333333333332,4,0,2024-02-01,1261993
1706808600000000,0.0023422206855788358,17.37588696229855,0.7011446482480703,180,0.7033531591631045,0.19984981678665203,0.0031626979613676998,0.006897055855923262,144.30555555555554,0.13333333333333333,4,0,2024-02-01,1261993
1706810400000000,0.001226698484586321,3.1904599150778754,0.40829952885946386,180,0.6509712264230616,0.3689006313896763,0.0007575354646852661,0.006244228227541226,167.32222222222222,0.1388888888888889,4,0,2024-02-01,1261993
1706812200000000,0.0010900099964256975,3.668453299588757,0.49919606390236815,180,0.7260075655481599,0.17969121927154463,0.005807155457997704,0.00012452508422722275,240.19444444444446,0.1388888888888889,4,0,2024-02-01,1261993
1706814000000000,0.0017639960818228685,8.32994443385571,0.6946445075478554,180,0.7973926043362615,0.2684835649938644,0.0004063181474724953,0.0019346580846544281,206.95833333333334,0.09444444444444444,4,0,2024-02-01,1261993
1706815800000000,0.0012376938789664547,2.161187886363554,0.37736443556087784,180,0.7629629303718509,0.1886642456930956,0.0028113568803438405,0.00023309443928265505,117.84444444444445,0.14444444444444443,4,0,2024-02-01,1261993
1706817600000000,0.0006152977421672877,1.460174738075078,0.19273483555992554,180,0.7143437628332185,0.16417465923539687,0.0047811872174202685,0.002357470819336016,158.0888888888889,0.14444444444444443,5,0,2024-02-01,1261993
1706819400000000,0.0017602876829833835,3.4155828564905857,0.42742615407209805,180,0.6913725368981833,0.18612349127883698,0.0022421847957525554,0.0001277746371417532,130.05833333333334,0.15555555555555556,5,0,2024-02-01,1261993
1706821200000000,0.0014108230488558225,2.0229385884718405,0.27321925756457066,180,0.6465723650917499,0.30036999168586476,0.004140950486383521,0.007475647268569863,172.13333333333333,0.14444444444444443,5,0,2024-02-01,1261993
1706823000000000,0.0024530849349298283,16.610793171940472,0.7763662241336924,180,0.7857926216388812,0.43547122149916817,0.0006972251017522968,0.00035857274342476764,161.12222222222223,0.12222222222222222,5,0,2024-02-01,1261993
1706824800000000,0.0020045769441347067,10.18833972759589,0.7027195927969356,180,0.7455906345515498,0.26442448247998784,0.0005243628657450872,0.00015965954701091523,188.4138888888889,0.12222222222222222,5,0,2024-02-01,1261993
1706826600000000,0.0006636233310796781,4.777767461960824,0.4819716082137968,180,0.5350951518101352,0.45890430517173086,0.0002767604342238661,0.00868078401818051,679.8805555555556,0.06111111111111111,5,0,2024-02-01,1261993
1706828400000000,0.001940678440215427,16.034622999130608,0.7062711531281188,180,0.7268715217760016,0.43658040681298393,0.0037406944513647122,0.0042666345550436136,212.00277777777777,0.08333333333333333,5,0,2024-02-01,1261993
1706830200000000,0.0002556281248470911,1.8878699257837839,0.16015385629230006,168,0.6071634833045134,0.13899589230357312,0.05506852479669877,4.831984825870439e-05,225.8095238095238,0.07142857142857142,5,0,2024-02-01,1261993
1709251200000000,0.006911986791571158,7.1225901345834215,0.5591488241658544,168,0.58427225915699,0.5022494765423633,0.004794755664202288,0.022103480841675904,113.1875,0.30357142857142855,0,0,2024-03-01,6272756
1709253000000000,0.004163908845006785,3.1850337865170384,0.36481158842456285,180,0.5372602552534482,0.33225549800512777,0.0008270258628170213,0.0030731586413792478,121.73611111111111,0.2111111111111111,0,0,2024-03-01,6272756
1709254800000000,0.006688488168872906,5.029213316048615,0.44126344827998376,180,0.5456883878922236,0.37553059885635975,2.362192506488725e-06,0.00015998850611986803,111.77222222222223,0.3111111111111111,0,0,2024-03-01,6272756
1709256600000000,0.00697846591413652,8.125613615052284,0.5375282795283716,180,0.6042053624023682,0.5016247692980405,0.0010797718757110664,0.00896688244786703,123.34722222222223,0.36666666666666664,0,0,2024-03-01,6272756
1709258400000000,0.004437179440046939,3.0118464599242434,0.3966968862873137,180,0.5833514148478305,0.39398683220665565,0.00027910835411082413,0.003964888428720448,89.28611111111111,0.40555555555555556,0,0,2024-03-01,6272756
1709260200000000,0.010177089659091226,15.989961733646503,0.7119483280216286,180,0.7492462863536788,0.42140539544506184,0.012293367243289666,0.003235760320077885,105.87777777777778,0.3111111111111111,0,0,2024-03-01,6272756
1709262000000000,0.004402089719876464,5.5085677204227075,0.4318695728431976,180,0.4878129186811191,0.367996245044218,0.012411630502983773,0.015983431706258378,118.11666666666666,0.38333333333333336,0,0,2024-03-01,6272756
1709263800000000,0.0038380502929624633,3.900001156091224,0.3944770117675964,180,0.5749246945507476,0.5529590372532973,0.028017236036523507,0.0006049510979122541,103.08888888888889,0.5833333333333334,0,0,2024-03-01,6272756
1709265600000000,0.004285026546386003,3.3399574523907285,0.3943937285019765,180,0.55487063416043,0.32502196270184924,0.0032964256680938497,0.005810075300526241,208.95277777777778,0.5722222222222222,1,0,2024-03-01,6272756
1709267400000000,0.008908909015900508,8.164923120857507,0.44196564358587387,180,0.44862070282263056,0.5620670319940708,0.004629680793038382,0.0021692188231291487,56.93055555555556,0.5333333333333333,1,0,2024-03-01,6272756
1709269200000000,0.00934082264138494,5.106032936335156,0.5579617756054489,180,0.6525602853685015,0.3945639603671993,0.032120035675700764,0.009026863030165089,69.73333333333333,0.4111111111111111,1,0,2024-03-01,6272756
1709271000000000,0.00729389045533132,3.96366822870088,0.3741544423059895,180,0.5194222254784182,0.32980366108333303,0.0007773619334596749,0.0020807019759682133,57.775,0.5277777777777778,1,0,2024-03-01,6272756
1709272800000000,0.007518032112224319,4.752767688325602,0.32020137819788574,180,0.3363822433446516,0.33321857721646786,0.0006212472952409342,1.1485604389127602e-05,77.59722222222223,0.5388888888888889,1,0,2024-03-01,6272756
1709274600000000,0.0071095301228858605,11.264920460548193,0.4989067236161676,180,0.5086735244472906,0.5593981412079875,0.0017778114610067508,0.0012558518288307008,91.91388888888889,0.4722222222222222,1,0,2024-03-01,6272756
1709276400000000,0.007791246468093637,9.047299400466057,0.5142335198199657,180,0.5664075458704598,0.4393295713737462,5.614334164882884e-05,0.00021681693894792797,91.69444444444444,0.43333333333333335,1,0,2024-03-01,6272756
1709278200000000,0.00797754436348555,9.82192406704721,0.4630287215540223,168,0.49180285999087003,0.4233922824697912,0.004100968112662917,0.0014049437588731228,69.5922619047619,0.43452380952380953,1,0,2024-03-01,6272756
1709280000000000,0.008378639091762195,8.862698573684384,0.44251494507493594,168,0.4931366988837018,0.45563117062594527,0.0022209217921946856,0.00013806812085448428,70.66964285714286,0.4583333333333333,2,0,2024-03-01,6272756
1709281800000000,0.012183759882953128,11.080248732529938,0.5624617324301022,180,0.5840612639188483,0.551797850963959,0.0023872220451411907,2.340825250057854e-05,62.986111111111114,0.4166666666666667,2,0,2024-03-01,6272756
1709283600000000,0.005549098839923719,2.1424964874688355,0.33037456145585076,180,0.6260155133439775,0.4850207854752997,0.0012174794302222125,2.2970353606655003e-05,89.35833333333333,0.36666666666666664,2,0,2024-03-01,6272756
1709285400000000,0.007918774050026507,4.9039342127855186,0.49358561372791254,180,0.5525475937244312,0.5391627855803444,0.017799704809939754,0.0012387002429949945,73.67777777777778,0.4166666666666667,2,0,2024-03-01,6272756
1709287200000000,0.007346740199571929,8.067708044741941,0.46523882405246375,180,0.47436671088166515,0.39028572180650434,0.0016275475918213766,0.0017223425458540165,95.54722222222222,0.3388888888888889,2,0,2024-03-01,6272756
1709289000000000,0.007081390575718768,8.37737363011,0.38256040013333836,180,0.41933221657741127,0.2169761102624631,0.007106261301880079,0.018631995578122784,87.98055555555555,0.39444444444444443,2,0,2024-03-01,6272756
1709290800000000,0.006773239174063309,6.404071338338148,0.49638889560823385,180,0.6384049380536474,0.49734700245062735,0.00015978932872118268,0.00030095088906412215,60.88055555555555,0.38333333333333336,2,0,2024-03-01,6272756
1709292600000000,0.008538860817626313,6.928419258770274,0.5112016784337258,180,0.5486721500566105,0.2952931227638368,0.08040619405615801,0.0025097930710010763,78.69444444444444,0.31666666666666665,2,0,2024-03-01,6272756
1709294400000000,0.005472294974668021,6.988234373510357,0.31941639987139525,180,0.3734841778944761,0.4005773569177039,0.007722711276816341,0.00037092597275123484,137.09166666666667,0.38333333333333336,3,0,2024-03-01,6272756
1709296200000000,0.0041944526355089115,9.102423284918931,0.48249142170149484,180,0.5147881283489963,0.40158519476542787,0.0030231294718531254,0.00024703677540749425,450.85555555555555,0.3611111111111111,3,0,2024-03-01,6272756
1709298000000000,0.006181281566645649,10.2412100958847,0.48299241239490476,180,0.5278243784994106,0.510465714990376,0.0012864402637983163,0.003179574715097222,67.97777777777777,0.48333333333333334,3,0,2024-03-01,6272756
1709299800000000,0.0075081081787945324,8.818777834523226,0.5575611293167081,180,0.6302034503801746,0.5198913845251893,0.004874133166852479,0.0008924078028835769,102.08333333333333,0.4722222222222222,3,0,2024-03-01,6272756
1709301600000000,0.00748759755794416,12.493215907136936,0.500400102573189,180,0.5282412784826682,0.35950968621791213,0.024656443715209697,0.004553007747804871,98.03888888888889,0.4666666666666667,3,0,2024-03-01,6272756
1709303400000000,0.007406777407189562,3.7276865803427164,0.42391865983217725,180,0.5952057042476626,0.5765326390599812,0.008009789527493538,0.003974013379876684,114.9888888888889,0.6555555555555556,3,0,2024-03-01,6272756
1709305200000000,0.009688778233477783,12.360898033852287,0.5242950403018922,180,0.5506641221928037,0.4864248014029734,0.0003629733755163844,0.005115834488865656,64.64166666666667,0.6722222222222223,3,0,2024-03-01,6272756
1709307000000000,0.007555733015307599,8.629845756471925,0.4707655361724222,168,0.5134309160348227,0.30757867032802866,0.00031713718312809114,0.014819564382433481,60.086309523809526,0.5119047619047619,3,0,2024-03-01,6272756
1709308800000000,0.007528800974892003,7.998175965026881,0.4460448782920261,168,0.5112096036007356,0.5125613839911758,0.012151248106082257,0.013277598685879188,61.830357142857146,0.5952380952380952,4,0,2024-03-01,6272756
1709310600000000,0.011057562854986533,10.636621902336397,0.49245100037892175,180,0.5112147663612903,0.3914812267866543,0.0004979950039291081,0.0062018773074167255,80.7611111111111,0.4777777777777778,4,0,2024-03-01,6272756
1709312400000000,0.007762187988519582,3.475635351932706,0.41473393491494215,180,0.577992252919436,0.4289284820097292,0.0072123310581074795,0.00192171964798582,67.16111111111111,0.5333333333333333,4,0,2024-03-01,6272756
1709314200000000,0.01132065915388345,10.064521798889126,0.5017916311281589,180,0.5321146326274299,0.5193913339306386,5.806636123817377e-06,0.0036130322826629646,75.58333333333333,0.45555555555555555,4,0,2024-03-01,6272756
1709316000000000,0.008746607689342871,9.33723910759763,0.520185061439225,180,0.6303065812813939,0.3076240753740519,0.007831836133681769,0.0011486278383140425,110.5111111111111,0.4444444444444444,4,0,2024-03-01,6272756
1709317800000000,0.009536616351089152,11.217629770589152,0.5307291524401918,180,0.5566858305588014,0.4589881871054663,0.0016491023858208331,0.002402614023653271,58.225,0.38333333333333336,4,0,2024-03-01,6272756
1709319600000000,0.014677630789565483,6.472223468013749,0.6206581786260648,180,0.6767968095289221,0.4912851107411844,0.000467964086752648,0.00015904851338566228,72.07777777777778,0.3111111111111111,4,0,2024-03-01,6272756
1709321400000000,0.011045130000942299,7.41593152690326,0.5805162365540286,180,0.7474884401108932,0.450878663268251,0.007115178558275481,0.020887686483433865,65.91388888888889,0.2777777777777778,4,0,2024-03-01,6272756
1709323200000000,0.008144639863608123,9.058967746207896,0.5663258595782636,180,0.5905342463340182,0.31575133712994563,0.02616294946115516,0.04517570279213423,90.73611111111111,0.34444444444444444,5,0,2024-03-01,6272756
1709325000000000,0.008870385266270032,7.120298924763789,0.4324735781591148,180,0.5436401205714892,0.3506781936138992,0.005139223134286608,0.00019852742589721029,86.3638888888889,0.45,5,0,2024-03-01,6272756
1709326800000000,0.0063165704855494675,6.169694466016963,0.39278310421516693,180,0.581573488815704,0.4025464310175956,0.0416812917580186,0.041610225362974096,121.24166666666666,0.3888888888888889,5,0,2024-03-01,6272756
1709328600000000,0.010189348425545385,8.87883167963688,0.613984792411401,180,0.6741981800697108,0.5427760058159294,0.02000045407282114,0.004526834012455683,115.15555555555555,0.18333333333333332,5,0,2024-03-01,6272756
1709330400000000,0.008916889611666734,6.805252448756531,0.44983561112579007,180,0.5295329835391016,0.5011691948155697,0.0003010470246396224,0.000258732736309053,74.30833333333334,0.2833333333333333,5,0,2024-03-01,6272756
1709332200000000,0.005709982222507796,6.2550779460319905,0.5006037344614633,180,0.6118060026666142,0.4744348425237431,0.017461976662560996,0.0013242064981857649,485.5777777777778,0.16111111111111112,5,0,2024-03-01,6272756
1709334000000000,0.008107011333029207,8.107634382326877,0.5934965142119988,180,0.6396968534234675,0.4762712812567286,0.00025834184410822303,0.012157029149879928,100.925,0.29444444444444445,5,0,2024-03-01,6272756
1709335800000000,0.009064395945622684,6.524278783404247,0.4985594159754886,168,0.5986786247706981,0.5728409939467183,0.006247572739163987,0.020265029058009865,80.9702380952381,0.44047619047619047,5,0,2024-03-01,6272756
1711929600000000,0.004892973674806369,8.893921464791822,0.5466846199392441,168,0.5844005763606386,0.3189903845605656,0.001406111280055522,0.0029706092296432063,198.35714285714286,0.20833333333333334,0,0,2024-04-01,3453940
1711931400000000,0.006047147428559994,18.56912406550882,0.6765585985553754,180,0.681873683849284,0.3864071456268263,0.0002956184818100338,2.0668456524375323e-05,130.73888888888888,0.15555555555555556,0,0,2024-04-01,3453940
1711933200000000,0.006984120381803656,12.18310369726128,0.5747505100307138,180,0.580465256583679,0.14670870955405202,0.005477117773740825,0.015280625663544267,84.78888888888889,0.2777777777777778,0,0,2024-04-01,3453940
1711935000000000,0.006920975897572767,10.816317801387342,0.5887162190724152,180,0.5909302218237822,0.3961212929605219,0.001849303483322684,0.009293788405320136,120.39722222222223,0.3,0,0,2024-04-01,3453940
1711936800000000,0.007069053194406667,11.193098708842667,0.6117865240761478,180,0.6126996616240884,0.30478233233964114,0.009878537726762393,0.00897926949108796,94.27777777777777,0.23333333333333334,0,0,2024-04-01,3453940
1711938600000000,0.005592668958556346,12.708623768917818,0.6051053158310482,180,0.6208744249031695,0.19194547037585874,0.013908237612066277,0.0003012371948662995,108.41944444444445,0.17777777777777778,0,0,2024-04-01,3453940
1711940400000000,0.004972649546799722,13.005746673408709,0.6158898420989408,180,0.6161540154063179,0.310056237848954,0.0010875612448904004,0.01841500316383593,94.83611111111111,0.23333333333333334,0,0,2024-04-01,3453940
1711942200000000,0.005739119937933349,17.36927392690208,0.6527210265882095,180,0.6604481356246522,0.1551951670835341,0.01996817484011859,0.010767214772904432,138.1888888888889,0.20555555555555555,0,0,2024-04-01,3453940
1711944000000000,0.0032928610226789076,7.679238506650208,0.42748624107052036,180,0.5277150165434418,0.2909167188030324,0.0012272464053955101,0.007062045255073479,127.87777777777778,0.2111111111111111,1,0,2024-04-01,3453940
1711945800000000,0.004771766016340092,8.9397628658678,0.58227626302593,180,0.6083979764812566,0.2589310305340171,0.004900878871022973,0.007790306210520903,162.73611111111111,0.18333333333333332,1,0,2024-04-01,3453940
1711947600000000,0.004968630486707656,15.551176162338653,0.6221937248169487,180,0.6284631309481683,0.12084982303289693,0.008999004302133295,0.0014784519625722359,135.11388888888888,0.25,1,0,2024-04-01,3453940
1711949400000000,0.009796695059331291,6.60277329830349,0.6042366224032301,180,0.6418997008460066,0.4168549917850818,0.08694430097382044,0.013089887439903802,149.3388888888889,0.6111111111111112,1,0,2024-04-01,3453940
1711951200000000,0.003977157953538559,5.298252362346909,0.20798441509991605,180,0.21405890098043812,0.41702574188597197,0.002031157896942637,0.003753232266631934,91.90833333333333,0.5777777777777777,1,0,2024-04-01,3453940
1711953000000000,0.003299062291114199,6.1190999035132245,0.31387707994080527,180,0.32860567762451187,0.327810316652278,0.002198214961127154,0.00016323487248248725,102.99166666666666,0.4166666666666667,1,0,2024-04-01,3453940
1711954800000000,0.005627583486537872,8.106580079598755,0.4104900300418035,180,0.41185654400400495,0.3102614303646043,0.0007917549554647962,0.0003141885391103605,77.47222222222223,0.3888888888888889,1,0,2024-04-01,3453940
1711956600000000,0.004227683630072877,6.767014944062765,0.28430718724868187,168,0.29043733322989795,0.2556927625480091,0.009067444807295044,0.0018535326021629217,107.9077380952381,0.2857142857142857,1,0,2024-04-01,3453940
1711958400000000,0.005340520989245114,8.222917503289038,0.36919891408560923,168,0.3697076961984789,0.30788184368521176,0.0024398690162956704,0.006545680823399014,100.42261904761905,0.375,2,0,2024-04-01,3453940
1711960200000000,0.006027427032039484,7.716841990808048,0.44684918438318466,180,0.4468626541772297,0.37785795289027513,3.34010388153283e-05,0.024423724214357678,79.20277777777778,0.4111111111111111,2,0,2024-04-01,3453940
1711962000000000,0.0059876073198395306,10.997407183600059,0.4842079302951193,180,0.4844337172719203,0.3773266650416027,0.00045736776468008333,0.003000259283199136,107.43333333333334,0.35,2,0,2024-04-01,3453940
1711963800000000,0.0052721397053943,7.692185201867246,0.3598842382717474,180,0.3625176216146263,0.3417652747720521,3.8772498349048945e-05,0.019583265362421942,80.87777777777778,0.32222222222222224,2,0,2024-04-01,3453940
1711965600000000,0.004635935312672396,6.308817332711356,0.31721776107519195,180,0.3529725366003297,0.25637386939550577,0.0012258705956480487,0.0116685767042648,90.9,0.28888888888888886,2,0,2024-04-01,3453940
1711967400000000,0.0043225575195335745,7.832371915984797,0.48987588155919815,180,0.5265628774916106,0.27752353014710485,0.000601805661971877,0.0005357560246981308,79.50555555555556,0.3055555555555556,2,0,2024-04-01,3453940
1711969200000000,0.005454079358675916,13.864503402147328,0.5351578581307335,180,0.5420587587310361,0.40021192007877304,0.010992119414177992,0.0022403819707005335,88.85555555555555,0.28888888888888886,2,0,2024-04-01,3453940
1711971000000000,0.00682309352884938,13.86655276626465,0.5985421273454147,180,0.6061638889307284,0.19669507190072055,0.0090460877257309,0.0010044869933655276,79.83611111111111,0.25,2,0,2024-04-01,3453940
1711972800000000,0.005324206089961599,6.891655468502366,0.40965132752222644,180,0.4444607342790311,0.3617385512266237,5.016588382145137e-06,0.005033036344245678,76.675,0.25,3,0,2024-04-01,3453940
1711974600000000,0.0060596533038530295,7.905740160411571,0.4729879159250838,180,0.4906829715325004,0.3036760876317639,0.030101484350059438,0.006068094272056568,82.03611111111111,0.2111111111111111,3,0,2024-04-01,3453940
1711976400000000,0.006914343956983612,10.591803851408073,0.4581712357285793,180,0.4651995037800839,0.3570955142297465,0.0039166687423806135,0.01837172194763903,92.6138888888889,0.20555555555555555,3,0,2024-04-01,3453940
1711978200000000,0.004677139218105791,7.9053122931732664,0.356474927710867,180,0.42049606733326594,0.17405468967355864,0.0038587176924502753,3.0864608004943506e-06,81.84444444444445,0.3611111111111111,3,0,2024-04-01,3453940
1711980000000000,0.0035780491873107353,3.854955936220938,0.3460215786609069,180,0.44899263850586013,0.22921044740347807,0.0019806209115114104,0.0024667274623210167,116.57777777777778,0.34444444444444444,3,0,2024-04-01,3453940
1711981800000000,0.004909417471067311,8.745960647765436,0.30317844163295027,180,0.3034298378483655,0.4103497850408173,0.01581461526151018,0.047665810087879956,115.96111111111111,0.5166666666666667,3,0,2024-04-01,3453940
1711983600000000,0.005365264131476231,7.427535626323121,0.32530657702300925,180,0.3255422451633193,0.12937024691087784,0.0020417026334892396,0.00013602224323283618,91.90833333333333,0.6444444444444445,3,0,2024-04-01,3453940
1711985400000000,0.004094424701341427,10.628977269944146,0.4243080144340784,168,0.4284842851513312,0.077934733734487,0.003303553936574777,0.0051718976846165665,125.31547619047619,0.4880952380952381,3,0,2024-04-01,3453940
1711987200000000,0.0042736657742514245,8.614902068768028,0.31119378018760624,168,0.3120202169686862,0.21401155365175506,0.00826888186955932,0.0020810156127023527,80.20833333333333,0.4642857142857143,4,0,2024-04-01,3453940
1711989000000000,0.0042128519362286815,6.7898696967728345,0.3112721732736847,180,0.32110145095207787,0.44434969367292443,0.018871058506596983,8.738870073576877e-05,128.5361111111111,0.3333333333333333,4,0,2024-04-01,3453940
1711990800000000,0.004464831111992638,7.44290140540852,0.33962348857990443,180,0.36193381952648496,0.33612877214662173,9.240411662547743e-05,0.01923165121797632,71.14722222222223,0.36666666666666664,4,0,2024-04-01,3453940
1711992600000000,0.005439500723929365,11.180193293590753,0.5575439473838248,180,0.5581501062710219,0.2413067006346723,0.001788494215487324,0.0013299516425686608,118.36944444444444,0.31666666666666665,4,0,2024-04-01,3453940
1711994400000000,0.006643867461455819,13.076794307698227,0.5251021062001424,180,0.5251095117280382,0.1799397194420953,0.025598730136734194,0.004752194041130031,85.68055555555556,0.3333333333333333,4,0,2024-04-01,3453940
1711996200000000,0.0040386313091954566,5.182409649031159,0.3317364078667304,180,0.4075001041558547,0.12960285263121718,0.0009093447459335158,0.004410984414583874,88.84166666666667,0.2388888888888889,4,0,2024-04-01,3453940
1711998000000000,0.0038326425000782694,3.675732962962628,0.2842371625824718,180,0.3680813299327679,0.3534553651983088,0.00947637517204969,7.780699627313314e-05,125.88333333333334,0.24444444444444444,4,0,2024-04-01,3453940
1711999800000000,0.005025518140783201,7.94827995142202,0.4272590787391398,180,0.4367886388582609,0.11819510285678037,0.008401649904676733,0.003407315493538121,99.7,0.24444444444444444,4,0,2024-04-01,3453940
1712001600000000,0.004747160120895456,9.121987572146702,0.47400157478198335,180,0.4819720526433402,0.28250646891571884,0.004789083539341266,0.0001097312853879373,97.48611111111111,0.18333333333333332,5,0,2024-04-01,3453940
1712003400000000,0.004674195391769073,12.574328085697664,0.6077529151353767,180,0.6343859235249925,0.37633648729781677,0.0056859609305359715,0.0032388413111607006,105.10833333333333,0.13333333333333333,5,0,2024-04-01,3453940
1712005200000000,0.0052281365516184345,10.665177173235787,0.5343111669482902,180,0.56765562896852,0.24637004382400107,0.009320198275401759,0.003093819782660101,106.87777777777778,0.22777777777777777,5,0,2024-04-01,3453940
1712007000000000,0.0059459627076538105,9.938646316690777,0.5596862359867805,180,0.5628796101612468,0.2983203839373094,0.0006106239980120387,0.008269178008906142,274.2055555555556,0.12222222222222222,5,0,2024-04-01,3453940
1712008800000000,0.003610914435620471,8.529885798686548,0.32097426733846823,180,0.3533885828703146,0.5201462963642198,0.0061033334291404895,6.633809965794768e-07,104.39444444444445,0.2611111111111111,5,0,2024-04-01,3453940
1712010600000000,0.0038215914666987175,12.461394594042995,0.6309707553979815,180,0.6337796552721575,0.6839442371769271,0.0015600763354503,0.0007980013000031816,181.94444444444446,0.24444444444444444,5,0,2024-04-01,3453940
1712012400000000,0.005405078321925182,15.066295107193632,0.651625690463,180,0.6544884142349325,0.29289059383704963,4.967442915226883e-05,0.0001371476532531224,124.74722222222222,0.25,5,0,2024-04-01,3453940
1712014200000000,0.0070527533945277665,11.526723137622824,0.5976934753441163,168,0.6104102930105717,0.4782325049592061,3.7504174186797634e-05,0.01570340356776978,108.08928571428571,0.27380952380952384,5,0,2024-04-01,3453940
1714521600000000,0.007226938214319608,13.611055438298951,0.6486039091789229,168,0.6487241869755151,0.24479910193556442,0.006128397880765024,0.0009912636053033275,83.67261904761905,0.30357142857142855,0,0,2024-05-01,6285115
1714523400000000,0.005382876811888906,11.76209745324209,0.6285702267157933,180,0.6398809283520646,0.37126627500572384,2.6111257983574276e-05,0.0024138596623193287,124.19444444444444,0.2222222222222222,0,0,2024-05-01,6285115
1714525200000000,0.0033809143879276905,2.3232616755289657,0.3591579860546654,180,0.6302603656122769,0.3272391386190694,0.00045019259596679184,1.2977348395892818e-06,85.41111111111111,0.34444444444444444,0,0,2024-05-01,6285115
1714527000000000,0.0031855941362074424,4.032135160440118,0.4375392839868133,180,0.6376927852761551,0.3523412624164427,0.019307388720480212,0.0024197515681758652,117.91944444444445,0.28888888888888886,0,0,2024-05-01,6285115
1714528800000000,0.004581836484673096,6.543202766688094,0.4847451614419085,180,0.5835384258253384,0.44226607526068085,0.0006141729018286357,7.474571162013888e-07,70.87222222222222,0.3111111111111111,0,0,2024-05-01,6285115
1714530600000000,0.006526026385749262,11.069131189905121,0.6224897405095396,180,0.6263733553594135,0.3483693101848171,0.0018442497924038292,0.00482369970420049,69.18333333333334,0.35555555555555557,0,0,2024-05-01,6285115
1714532400000000,0.0063846460519120666,10.41811004723957,0.6529910961469794,180,0.6592484518429756,0.47850097978508643,0.0023366302466810707,0.0003872603850377798,129.3972222222222,0.26666666666666666,0,0,2024-05-01,6285115
1714534200000000,0.004262910835278949,8.807907190966176,0.5698023834543691,180,0.6196789985901179,0.3867661166550074,0.002046508397410274,0.00047624132746748593,97.95833333333333,0.2777777777777778,0,0,2024-05-01,6285115
1714536000000000,0.004611973552152876,8.152823224479564,0.545264074744811,180,0.5926643686382449,0.49346940963042196,0.0001367935527497588,0.00019221920490486433,117.49722222222222,0.3055555555555556,1,0,2024-05-01,6285115
1714537800000000,0.005769001161440636,9.241940081243117,0.6643410560122077,180,0.6746335246441506,0.5586655623970437,0.026806889759397823,0.00010111826422476433,110.0111111111111,0.26666666666666666,1,0,2024-05-01,6285115
1714539600000000,0.006016700785204021,11.758421692746179,0.6922580630900457,180,0.6953364427889812,0.4071244965791877,0.0003488193479561641,0.00022336408730394552,85.41944444444445,0.35555555555555557,1,0,2024-05-01,6285115
1714541400000000,0.00530852974506908,7.962458578128123,0.6795019794773411,180,0.7233761234367162,0.48558452301986466,0.018111096044333697,0.002826526018374076,76.05277777777778,0.2388888888888889,1,0,2024-05-01,6285115
1714543200000000,0.0036466769938735683,5.080437535195564,0.5564393094390476,180,0.6985616028853464,0.4758462136273629,0.0003381435038449787,0.008902484466281946,94.31944444444444,0.3333333333333333,1,0,2024-05-01,6285115
1714545000000000,0.005741009216191971,12.057545993107475,0.6185134479572543,180,0.629557345517804,0.33036077251641316,0.006906613551360241,0.00984987193916198,80.58333333333333,0.3388888888888889,1,0,2024-05-01,6285115
1714546800000000,0.005911997853124006,18.174805737229068,0.6287932686657185,180,0.6418674153989512,0.5082608643915649,0.0017674265683008672,0.000791515364561346,102.3638888888889,0.5888888888888889,1,0,2024-05-01,6285115
1714548600000000,0.005516232296869803,6.9685798978771345,0.3398881117371224,168,0.41676774098779235,0.4080703492493728,0.001712066524492739,0.05805892520995837,62.330357142857146,0.6845238095238095,1,0,2024-05-01,6285115
1714550400000000,0.006269101664493945,8.496588246254218,0.5489765745616386,168,0.6414727316716491,0.2875173759970614,4.98165507893944e-05,1.7663016972702117e-05,97.5,0.5892857142857143,2,0,2024-05-01,6285115
1714552200000000,0.005728795601280241,9.971054107597858,0.6002771681118522,180,0.6813661200413146,0.3649429104589471,0.011815587208242051,0.013881290916318956,59.71388888888889,0.4388888888888889,2,0,2024-05-01,6285115
1714554000000000,0.003903836937857341,4.158783213019438,0.37217036108306334,180,0.5140688076494726,0.2927589005645105,3.9353268599384705e-06,0.00091217307771152,128.44722222222222,0.3888888888888889,2,0,2024-05-01,6285115
1714555800000000,0.007257661366984922,14.743843381932129,0.7163633749526881,180,0.7205637472380763,0.46400344886222167,0.003202467081255711,1.7131174454010356e-05,66.77222222222223,0.31666666666666665,2,0,2024-05-01,6285115
1714557600000000,0.005445381914116849,6.71096977949337,0.4841174754557277,180,0.5810227294865374,0.37629297302951703,0.006124554628959555,1.8390514271438008e-06,103.93333333333334,0.34444444444444444,2,0,2024-05-01,6285115
1714559400000000,0.005210104024708823,4.815861536123524,0.5296122647493038,180,0.6735656286114113,0.39543465431327907,0.0031252257019382945,0.001456084143349634,65.54166666666667,0.2777777777777778,2,0,2024-05-01,6285115
1714561200000000,0.005233080970377868,9.174601634810196,0.6564779099247589,180,0.6873812682352866,0.4119758378941042,0.012071249913493176,0.022336720140233246,107.725,0.26666666666666666,2,0,2024-05-01,6285115
1714563000000000,0.003591503047204625,3.763624797684593,0.51650394339282,180,0.6864801939216788,0.2980633423262997,0.007045791441429139,2.903525916764238e-05,83.5111111111111,0.17222222222222222,2,0,2024-05-01,6285115
1714564800000000,0.0028487269172619836,3.426680028898743,0.3328614811058629,180,0.49095304759970104,0.41016008313026764,0.0007724206419594815,0.0086185536107235,93.91944444444445,0.32222222222222224,3,0,2024-05-01,6285115
1714566600000000,0.0032876223270222596,3.9757604118874794,0.378924586443225,180,0.5657422179450577,0.32619787871778805,0.00200905629722814,0.004159372765295877,101.17777777777778,0.28888888888888886,3,0,2024-05-01,6285115
1714568400000000,0.004522732302656832,9.611995906630984,0.614892847141731,180,0.6877905047939084,0.47114388001947216,0.0005195636178519925,0.00021273351296924314,92.35833333333333,0.2833333333333333,3,0,2024-05-01,6285115
1714570200000000,0.003361054335745575,3.4512262884908766,0.36545400290675556,180,0.5574524530389817,0.23196093977590826,9.017173584480176e-07,2.998462593273299e-05,96.23611111111111,0.28888888888888886,3,0,2024-05-01,6285115
1714572000000000,0.0041048918715052875,7.420448502754115,0.495041314807135,180,0.5674018381825521,0.1906651266330036,0.0015164836239485169,0.004462158617393963,152.62777777777777,0.2722222222222222,3,0,2024-05-01,6285115
1714573800000000,0.005040642237681467,9.282331771881934,0.5968066155150192,180,0.6414360531349497,0.3899207841608855,0.010529000445641534,0.01080890992739969,97.26666666666667,0.26666666666666666,3,0,2024-05-01,6285115
1714575600000000,0.005226830183278946,10.056333826962765,0.47628178546241684,180,0.5211205727669624,0.4303087780507492,0.0180448920880929,3.3226560877452904e-05,101.77777777777777,0.3388888888888889,3,0,2024-05-01,6285115
1714577400000000,0.000877097881981286,2.044293787997889,0.14918469611567287,168,0.4139606766538535,0.3610113652675435,0.02676843835259357,0.008791445456927893,97.26785714285714,0.30357142857142855,3,0,2024-05-01,6285115
1714579200000000,0.005367400211407683,9.288205279432743,0.5466263733880681,168,0.5821684573705672,0.3012415897440536,0.01994905722261564,0.017255858408374514,80.22321428571429,0.27976190476190477,4,0,2024-05-01,6285115
1714581000000000,0.006627914995789998,19.051751307715726,0.6507061291372436,180,0.6513067000680022,0.443918630769782,0.010227056271332136,0.05781607088342278,88.66666666666667,0.2611111111111111,4,0,2024-05-01,6285115
1714582800000000,0.004964534557434017,11.415169978623673,0.6041156773776979,180,0.6108783218116443,0.3166251498102949,0.0009038145753018645,0.0014533488789718607,121.65277777777777,0.25555555555555554,4,0,2024-05-01,6285115
1714584600000000,0.005778183131209276,9.434673262480988,0.5528889934533527,180,0.5988180554435283,0.265945862942666,0.008823115047682295,0.016593129415498065,71.51944444444445,0.2833333333333333,4,0,2024-05-01,6285115
1714586400000000,0.004405783316076523,5.540060640129674,0.4291573932699875,180,0.5269476803394284,0.3121585805928677,0.0002818972606304371,0.009034343312530724,74.42222222222222,0.37222222222222223,4,0,2024-05-01,6285115
1714588200000000,0.004558312663852818,7.877856944900485,0.4324299221715322,180,0.4751933475563451,0.1955556462645186,0.009770451075204356,0.03593078732776123,136.2861111111111,0.49444444444444446,4,0,2024-05-01,6285115
1714590000000000,0.0067724496109915835,12.700663509828024,0.5742157745838498,180,0.5745012588057046,0.34192385023189187,0.0025760164608430447,0.03370101467803899,64.42777777777778,0.3333333333333333,4,0,2024-05-01,6285115
1714591800000000,0.006186261438144786,8.699085155557073,0.5644149327738106,180,0.5777054263635624,0.20336499631732607,0.022681899218395474,0.0016656995456475476,77.39722222222223,0.4,4,0,2024-05-01,6285115
1714593600000000,0.006047744993737356,14.14657554188169,0.6132298661324642,180,0.6151084478323747,0.45471452939531454,0.0005286052259124707,0.0006770103471411826,89.03611111111111,0.29444444444444445,5,0,2024-05-01,6285115
1714595400000000,0.006635659556754471,18.537527214263033,0.6802404237045264,180,0.6915144309810581,0.463119335913467,0.0020085611300735273,0.000711278803944837,98.675,0.17222222222222222,5,0,2024-05-01,6285115
1714597200000000,0.005011846372954298,10.925805183841698,0.559176819702315,180,0.5784826046886857,0.4584932092339391,0.0026836577265044737,0.003698701107328617,112.70555555555555,0.2111111111111111,5,0,2024-05-01,6285115
1714599000000000,0.002750697239981332,6.204420161114616,0.5050823137132818,180,0.5132141907270162,0.24454057158699605,0.00030968676392995054,0.0009900658211147162,340.30555555555554,0.11666666666666667,5,0,2024-05-01,6285115
1714600800000000,0.0036528883995504144,6.6207033243708,0.5008376655842097,180,0.5588804446119149,0.5644801582783971,8.052166231486968e-05,0.001109538808950039,172.35833333333332,0.3055555555555556,5,0,2024-05-01,6285115
1714602600000000,0.004126056851364965,7.223759508438341,0.42243352233421083,180,0.5061448869833931,0.404229258853838,0.0010246265858329107,0.012294229838708981,80.5111111111111,0.3277777777777778,5,0,2024-05-01,6285115
1714604400000000,0.005010920094146658,5.45618448469214,0.4976850215944484,180,0.5519321288389105,0.26404482371284144,0.018433142609799225,0.00817064466885109,98.6361111111111,0.3388888888888889,5,0,2024-05-01,6285115
1714606200000000,0.0014678501367361067,3.0323645534215786,0.24482181971593842,168,0.6357256043560229,0.2778127517784805,0.002450785738920769,0.00016872772017295645,78.82738095238095,0.35119047619047616,5,0,2024-05-01,6285115
1717200000000000,0.0022230351535040536,9.391995432183828,0.5135679937341247,168,0.5344824740277794,0.2968388683546307,0.0007584935340483323,0.01142291294986253,243.86309523809524,0.05952380952380952,0,1,2024-06-01,2602607
1717201800000000,0.0029870080545816194,14.956316313445116,0.6462512256597223,180,0.6578582732507053,0.4330468740195015,0.024476847893566078,0.0029140083831266095,183.91944444444445,0.05,0,1,2024-06-01,2602607
1717203600000000,0.002915637253541716,10.863472485345337,0.6216114581466262,180,0.6268866496098349,0.5020635301133551,0.0007405151420062372,0.001154630577350657,196.37777777777777,0.06111111111111111,0,1,2024-06-01,2602607
1717205400000000,0.0030795883781641687,7.827410141516567,0.6085610812938409,180,0.6551336910998772,0.5649882078415265,0.00030565309113383954,0.0007040323272865523,242.20277777777778,0.08333333333333333,0,1,2024-06-01,2602607
1717207200000000,0.003419775625996815,4.659428622368938,0.5552814642285686,180,0.6322512003910503,0.36917204758775213,0.027487029647117023,0.009149298726788047,182.55833333333334,0.1388888888888889,0,1,2024-06-01,2602607
1717209000000000,0.0013448641038897246,3.069371306228281,0.2941530571256098,180,0.43562830107337325,0.32972970034066174,0.00034571226429069846,2.3874104159715692e-05,847.4805555555556,0.15,0,1,2024-06-01,2602607
1717210800000000,0.0017313909240522735,5.6699636470961225,0.4284470225897219,180,0.5285101005414017,0.3190158137226924,0.003966516521490271,7.589880813463346e-05,320.5,0.12777777777777777,0,1,2024-06-01,2602607
1717212600000000,0.0014232498761246955,2.6296464258221834,0.3923610682598505,180,0.6114990748972522,0.24444648799164004,0.03192612556454455,0.026240231298120253,325.6333333333333,0.1,0,1,2024-06-01,2602607
1717214400000000,0.002621915385078802,11.101573111579794,0.6540093907408739,180,0.6706783036139616,0.4566833001295385,0.001515446254193198,0.0008082874386615702,220.68333333333334,0.044444444444444446,1,1,2024-06-01,2602607
1717216200000000,0.0025231160449822447,12.255500044194834,0.7471759993789095,180,0.7494816905110253,0.5218221336059254,0.0033782514883475834,7.122373865209308e-05,400.30555555555554,0.016666666666666666,1,1,2024-06-01,2602607
1717218000000000,0.0014756174960157097,6.76622024958433,0.41076647953489,180,0.4877988201617314,0.3718658635124389,1.8907287001601603e-05,0.0026102984656287687,308.19166666666666,0.044444444444444446,1,1,2024-06-01,2602607
1717219800000000,0.0014616680719124924,5.46191912521958,0.5128625887956303,180,0.6211170415800153,0.22187040513124245,0.03450365843812986,0.01847884928538157,328.9138888888889,0.027777777777777776,1,1,2024-06-01,2602607
1717221600000000,0.0026738046574587247,10.313481139585758,0.686050656957211,180,0.686101393057643,0.30604233689658267,0.002357303934182098,0.0029027526611680177,288.78333333333336,0.016666666666666666,1,1,2024-06-01,2602607
1717223400000000,0.002340706422169193,9.320268686699803,0.6111750132176246,180,0.6227361471359748,0.5555382133203848,0.0027705344172621604,0.011224983131477906,317.18055555555554,0.022222222222222223,1,1,2024-06-01,2602607
1717225200000000,0.0020967069328855273,13.782745480260884,0.6595768935908279,180,0.6752836795805953,0.4001212823000224,0.00017123039764854742,0.003586392633564639,283.90833333333336,0.03888888888888889,1,1,2024-06-01,2602607
1717227000000000,0.0022139902764817384,12.474724601868436,0.5416590122025666,168,0.5418619284248773,0.2986193792014583,0.006408189660939034,0.0009120433851723675,255.39880952380952,0.02976190476190476,1,1,2024-06-01,2602607
1717228800000000,0.0026168492963274444,13.289605744888213,0.5400223625208971,168,0.5629953323961883,0.2661686144477836,0.0010634834275436988,0.0028616201873744584,227.33630952380952,0.047619047619047616,2,1,2024-06-01,2602607
1717230600000000,0.0024767627305036363,9.876360984294514,0.607379231905165,180,0.6287443189562715,0.46749843080919373,0.002848590261234296,0.003500722286170155,238.36944444444444,0.016666666666666666,2,1,2024-06-01,2602607
1717232400000000,8.462052041763906e-05,0.4721175544873303,0.012014004169408121,180,0.6163412049896422,0.4026312504025642,0.005772825597880504,0.003889242107927182,386.2888888888889,0.03888888888888889,2,1,2024-06-01,2602607
1717234200000000,0.002320032402713044,8.175283747026597,0.5593646331797564,180,0.5695436934217728,0.3255316875116615,1.665162219133265e-05,0.009136219801558543,458.38055555555553,0.005555555555555556,2,1,2024-06-01,2602607
1717236000000000,0.0021271734906570397,11.458920255184806,0.473257258729161,180,0.4735269504011991,0.42378655089947403,0.016966848932473355,0.010716162962576936,269.65833333333336,0.07777777777777778,2,1,2024-06-01,2602607
1717237800000000,0.0008007249161424162,3.253069095230306,0.2434289376795169,180,0.3956215269433583,0.3089543129006159,0.0006065907693613148,0.000218217988355196,2465.713888888889,0.08333333333333333,2,1,2024-06-01,2602607
1717239600000000,0.002650800500080945,13.991888106747462,0.6979561179621965,180,0.699998274679414,0.5821108069592699,0.011912913921881652,0.0150844139606785,301.6138888888889,0.044444444444444446,2,1,2024-06-01,2602607
1717241400000000,0.0024474386329805973,19.350908493106044,0.6607417867442246,180,0.6613190587188806,0.5117141069799147,0.00039347771426401223,0.03105858267000161,241.76666666666668,0.016666666666666666,2,1,2024-06-01,2602607
1717243200000000,0.0018247393407013895,7.3119549295843225,0.41305523115728093,180,0.47528106209470644,0.29071262667067765,5.765837907201199e-05,0.004084131694260917,299.2027777777778,0.03333333333333333,3,1,2024-06-01,2602607
1717245000000000,0.0013193642100885483,5.916507607375309,0.4777744745385595,180,0.5682399104895612,0.3592564450370338,0.0008255471118722157,8.114416186200124e-05,496.5805555555556,0.05,3,1,2024-06-01,2602607
1717246800000000,0.0016239228280726173,9.768257714403033,0.5646891127622294,180,0.6440613867786238,0.3940437743418139,0.0005009554088225565,0.0019916688626029355,293.9472222222222,0.08333333333333333,3,1,2024-06-01,2602607
1717248600000000,0.002412784721738086,9.966681624950214,0.6436249358558355,180,0.6437987684645649,0.3522923537250351,0.0014977128069725287,0.016233910527228446,205.72222222222223,0.022222222222222223,3,1,2024-06-01,2602607
1717250400000000,0.0021724583566354663,8.194408938766985,0.5969642440831698,180,0.61828567349837,0.4699979962953996,0.014419792130044629,0.014583381114831928,280.73333333333335,0.03888888888888889,3,1,2024-06-01,2602607
1717252200000000,0.0010169385346958477,3.965845540481697,0.4283650960791232,180,0.5981639282333675,0.30331680559505614,0.0008093247846425733,0.0018562824162304814,516.125,0.05555555555555555,3,1,2024-06-01,2602607
1717254000000000,0.001663151495749022,8.88259731700874,0.46224693696431374,180,0.527339450765483,0.3936904314299444,0.0016358629910584455,0.0001816357922164169,285.89722222222224,0.07222222222222222,3,1,2024-06-01,2602607
1717255800000000,0.0024704957298403458,9.567533753076976,0.6110008065474679,168,0.6251276583372536,0.5219192083139879,0.0005205510894807919,0.009620241661756568,244.23511904761904,0.08333333333333333,3,1,2024-06-01,2602607
1717257600000000,0.002739296172075399,8.629627013076828,0.5512942799769776,168,0.5543580459814209,0.37204996776769483,3.6386287956768903e-05,6.142690779209481e-05,218.95833333333334,0.10119047619047619,4,1,2024-06-01,2602607
1717259400000000,0.0032699099141395857,12.040137990798092,0.6502307853134042,180,0.6567942971379485,0.4581708002853645,0.008137349060446941,0.005706922470051667,149.67222222222222,0.06666666666666667,4,1,2024-06-01,2602607
1717261200000000,0.003211029936588371,19.512523387327068,0.6990591629571661,180,0.705202572893681,0.4608569501748897,0.008419987374372773,0.005204974045920796,165.64444444444445,0.07222222222222222,4,1,2024-06-01,2602607
1717263000000000,0.003341481651946008,17.454662398172378,0.7379164901503223,180,0.7415650421091674,0.43723103597962354,0.016268749994563514,0.0008974484534804983,186.7722222222222,0.03333333333333333,4,1,2024-06-01,2602607
1717264800000000,0.0012897713960121219,3.711305706374487,0.4594979625174639,180,0.660004575668615,0.2996003749155032,0.005213408062821445,0.0005458130716637921,318.06388888888887,0.06111111111111111,4,1,2024-06-01,2602607
1717266600000000,0.0018964647812743478,7.7884511650709385,0.7263616780497439,180,0.7827424708786241,0.309825980312573,0.0004233895073125771,1.4992218257958712e-06,332.68055555555554,0.0,4,1,2024-06-01,2602607
1717268400000000,0.0014038562988108881,8.818341519935254,0.5165035168957184,180,0.5404250405308724,0.32298431937324035,0.007827591969502778,0.00244590599557859,466.27777777777777,0.011111111111111112,4,1,2024-06-01,2602607
1717270200000000,0.0017310913756212088,15.89795610132983,0.7766215618730525,180,0.7861226980908345,0.5684828708686226,0.000333962763819029,0.004977802576304757,347.8722222222222,0.016666666666666666,4,1,2024-06-01,2602607
1717272000000000,0.002024918147231443,17.731519313004018,0.7988988160424931,180,0.8070537125682716,0.6105492750366994,0.0007806042762360521,0.0009001339461074398,334.81944444444446,0.005555555555555556,5,1,2024-06-01,2602607
1717273800000000,0.002135981140882267,13.099330493858517,0.7483743575529653,180,0.770223304878496,0.5532246509625549,9.249744126671455e-05,0.0030412813625769752,293.68055555555554,0.011111111111111112,5,1,2024-06-01,2602607
1717275600000000,0.001031782864636238,4.57661076987258,0.4466665489908799,180,0.6285885970123708,0.44195031687794195,0.034497659785338586,0.019814072434858887,519.5138888888889,0.027777777777777776,5,1,2024-06-01,2602607
1717277400000000,0.0006555367307851205,3.0936076195794286,0.1749148458361287,180,0.38509025369146443,0.2211448303750554,0.012868147452990475,0.002381394241654178,455.64444444444445,0.07777777777777778,5,1,2024-06-01,2602607
1717279200000000,0.0020624187745927596,11.740685161200421,0.6556194280664775,180,0.7093444569153762,0.504465222206428,0.011033281941531525,0.0006498824654324054,196.05277777777778,0.016666666666666666,5,1,2024-06-01,2602607
1717281000000000,0.0016732757139584756,7.744403781258895,0.5273190679800615,180,0.577097196091976,0.3406100698698009,0.0026833467012268297,0.021493235298577273,289.35,0.016666666666666666,5,1,2024-06-01,2602607
1717282800000000,0.0017999037648785325,8.111600135305588,0.516017332284307,180,0.53446952240811,0.3262179991535673,0.010206580652864061,0.00513251412908966,231.74722222222223,0.022222222222222223,5,1,2024-06-01,2602607
1717284600000000,0.0013275472142883025,4.992777654354837,0.4657028680387735,168,0.6081531970934165,0.18356142550357502,0.017850343372002087,0.001894537598678414,430.20238095238096,0.005952380952380952,5,1,2024-06-01,2602607
1719792000000000,0.0007908317539105722,14.813017681627729,0.7298040492896556,168,0.7512972526614495,0.45832414946451416,0.002070051507877424,0.011829264409802365,409.80357142857144,0.26785714285714285,0,0,2024-07-01,3841968
1719793800000000,0.00043180851852753774,3.5710644459619676,0.515766893967638,180,0.767332493198943,0.3566954907742954,0.0005796779449406264,5.006657952000282e-06,505.4861111111111,0.15555555555555556,0,0,2024-07-01,3841968
1719795600000000,0.0006996752268801823,4.895143078027642,0.37524704489393934,180,0.507432249501288,0.30682379318694475,0.00023134253084422518,0.02257227031907716,400.10555555555555,0.5055555555555555,0,0,2024-07-01,3841968
1719797400000000,0.0011809559974234134,7.677981039702665,0.5536541574501345,180,0.6494616360173431,0.40134957497658075,0.01811959304566002,0.000652203916804095,192.30833333333334,0.45,0,0,2024-07-01,3841968
1719799200000000,0.0003393638701117182,4.881812505909009,0.2784228963349191,180,0.47191775303685557,0.3084530548756771,0.00022693238916970948,0.0029745416145406933,278.19444444444446,0.46111111111111114,0,0,2024-07-01,3841968
1719801000000000,0.0010038715526046401,12.687162299477956,0.7085988712708311,180,0.7092831308260306,0.5406497214657962,0.0004935951631392932,0.00041850538770227264,328.44166666666666,0.3277777777777778,0,0,2024-07-01,3841968
1719802800000000,0.0008361231262951254,7.690699465325293,0.605010846660553,180,0.7027444199808003,0.5024354934508514,0.0004900440738430101,0.005237073300054629,303.84444444444443,0.3111111111111111,0,0,2024-07-01,3841968
1719804600000000,0.0005906779027947367,5.0898663601748435,0.47277274436346584,180,0.5804214756413484,0.4186486106788776,6.107716840841881e-06,0.005956817228917943,470.8722222222222,0.22777777777777777,0,0,2024-07-01,3841968
1719806400000000,0.0008779169056370572,13.04406468031513,0.7296926236795118,180,0.7380679999284804,0.45256767247024865,0.002079925152594364,0.002040343493098562,482.06388888888887,0.2611111111111111,1,0,2024-07-01,3841968
1719808200000000,0.0003878137836634758,2.9350352191553064,0.22013772852285152,180,0.4491012787088603,0.5386693655412689,0.03395267833274129,0.011013421153670211,364.5888888888889,0.42777777777777776,1,0,2024-07-01,3841968
1719810000000000,0.0005258496391969666,4.259221096345804,0.31557841434917544,180,0.407348381748429,0.5001447768840899,0.00013516677881708627,0.013344961961207713,360.35833333333335,0.4166666666666667,1,0,2024-07-01,3841968
1719811800000000,0.0008383255652833197,12.358923190523283,0.46625338645461145,180,0.4670788652961382,0.5480484333307305,0.011962828352656385,0.004803033067094953,439.7055555555556,0.45,1,0,2024-07-01,3841968
1719813600000000,0.000619558447414852,9.051382537690248,0.5932276400956611,180,0.648271037181068,0.4939433217862459,0.0006651572878741963,0.0007636594888099646,508.8611111111111,0.3388888888888889,1,0,2024-07-01,3841968
1719815400000000,0.0007311764182764412,11.157910678970401,0.5758514685036573,180,0.5916674887064663,0.6844104715215895,3.103035298579471e-05,0.00752009724844982,385.43333333333334,0.23333333333333334,1,0,2024-07-01,3841968
1719817200000000,0.0006650557569832507,9.880348312024129,0.5699350541743484,180,0.6089855857896932,0.36270288719622135,0.0010063551699053264,0.014043354534793773,477.86944444444447,0.24444444444444444,1,0,2024-07-01,3841968
1719819000000000,0.0006839885859740707,11.046916820708486,0.5921880094229786,168,0.6133574513472462,0.38691640118247783,0.00021487114823481868,0.002053148145280126,448.4702380952381,0.16071428571428573,1,0,2024-07-01,3841968
1719820800000000,0.0003338626146880935,8.270420655081582,0.322416724212506,168,0.3376547640012141,0.44666481905179467,0.0010959815714483012,0.008250183239597142,666.7559523809524,0.35119047619047616,2,0,2024-07-01,3841968
1719822600000000,0.00032896879254600627,5.414979442672679,0.3554104066855306,180,0.41967859945154273,0.5159016522338347,8.652249846696769e-05,0.032667766566932155,419.0416666666667,0.4388888888888889,2,0,2024-07-01,3841968
1719824400000000,0.0002898421720270877,2.4475740524022807,0.3438592912896836,180,0.5252581056500986,0.47064257219922334,6.886428783359211e-05,0.0037659689662835616,475.7388888888889,0.4111111111111111,2,0,2024-07-01,3841968
1719826200000000,0.0003987775491796884,4.859828299787322,0.47558431083579455,180,0.6042398801330571,0.4420807246101508,0.006009331682829466,7.791202684148679e-05,597.4138888888889,0.34444444444444444,2,0,2024-07-01,3841968
1719828000000000,0.0001987272849403242,6.998244964333339,0.42852083920258466,180,0.5714967444998585,0.4319998005350232,0.018517017054332174,0.05482149639293499,538.0027777777777,0.28888888888888886,2,0,2024-07-01,3841968
1719829800000000,0.0004689633093294775,5.237109228302922,0.5069173874005688,180,0.5892998211993388,0.4663796653564336,0.0025696706817326387,0.024220008549245553,439.65555555555557,0.3,2,0,2024-07-01,3841968
1719831600000000,0.0005737286029388894,15.753753831648922,0.6454576406235344,180,0.6510388646534391,0.45861002791297323,0.0012873453957069625,0.0009432916010442272,509.76666666666665,0.2777777777777778,2,0,2024-07-01,3841968
1719833400000000,0.0005529165157579026,8.547034007662312,0.4043334927153832,180,0.42773855686543083,0.4865146823975113,0.0017498060749067124,0.004597037597139364,540.9055555555556,0.34444444444444444,2,0,2024-07-01,3841968
1719835200000000,0.00023772217649019718,3.846886124011402,0.3620766954232647,180,0.5124021468860629,0.49573223116449083,0.004512942547975518,0.00039776444686123735,780.2194444444444,0.28888888888888886,3,0,2024-07-01,3841968
1719837000000000,0.00043371347150773456,9.997184558334073,0.5215303683839579,180,0.5730287526479163,0.4147507015704385,0.0011050609038366632,0.013612017365472129,476.56111111111113,0.29444444444444445,3,0,2024-07-01,3841968
1719838800000000,0.000532894128452363,13.33127365980645,0.6767355423937402,180,0.6903542636791893,0.48538518326470914,0.009621996419636791,0.006406492998759394,441.09166666666664,0.28888888888888886,3,0,2024-07-01,3841968
1719840600000000,0.00043818083117958483,4.73074422739712,0.2854926696139163,180,0.34095474484750254,0.36588335905283775,0.005087560967103388,0.021250157433019723,339.9472222222222,0.40555555555555556,3,0,2024-07-01,3841968
1719842400000000,0.000659861956697805,7.928082426777815,0.49464789911955,180,0.5838191524200684,0.38241422296281025,0.006747555683187079,0.0022633094926294284,316.7916666666667,0.46111111111111114,3,0,2024-07-01,3841968
1719844200000000,0.0006025490610151545,6.9405457991342026,0.523786297218627,180,0.5379299347845075,0.43897483196864795,0.0036126141269373635,7.470123346464685e-05,403.39722222222224,0.37777777777777777,3,0,2024-07-01,3841968
1719846000000000,0.0004905523062741858,8.11627210581293,0.3754887037316956,180,0.38622123927389695,0.4262254067551591,0.0001130513598370797,0.00379929269717616,410.94166666666666,0.40555555555555556,3,0,2024-07-01,3841968
1719847800000000,0.0005086238174724848,7.4880509668588315,0.550818370031595,168,0.6295743409216514,0.5054057643063605,0.004504491776617381,0.0028588480912414838,480.30357142857144,0.40476190476190477,3,0,2024-07-01,3841968
1719849600000000,0.0006632167083736118,14.267263299873617,0.5811348900677827,168,0.593755940660708,0.48240614751739397,0.0002438763297255564,0.005036720178027809,484.5208333333333,0.39285714285714285,4,0,2024-07-01,3841968
1719851400000000,0.0006947936083703069,9.17596839328712,0.47854799295558503,180,0.499509988935385,0.5109292268020533,1.021607773421529e-05,2.820419061289048e-05,343.73333333333335,0.4444444444444444,4,0,2024-07-01,3841968
1719853200000000,0.0006716233432941396,4.35446189185605,0.46625625642315427,180,0.4709796623076715,0.7360200247906115,0.01099060952077846,8.056498789021926e-05,438.8611111111111,0.46111111111111114,4,0,2024-07-01,3841968
1719855000000000,0.00050535552214234,8.058365106021125,0.4803290277210087,180,0.5565499916590932,0.2838481904439891,0.08186862724093946,0.0002040292202106775,385.3611111111111,0.3277777777777778,4,0,2024-07-01,3841968
1719856800000000,0.00048454574833269027,7.6603995003518595,0.5524104949619677,180,0.6198954359499427,0.5379958598439052,0.0003095934598249528,0.002008491544291724,424.9916666666667,0.23333333333333334,4,0,2024-07-01,3841968
1719858600000000,0.0005423274420639522,9.461039560070027,0.5813527002440275,180,0.6442026426919021,0.5032027880407086,0.004037040188769159,0.006696863200957304,769.7777777777778,0.12222222222222222,4,0,2024-07-01,3841968
1719860400000000,0.0007700236881820778,20.782076247955526,0.7671177351990808,180,0.7671415602384931,0.5089662195862832,0.0002773584691920794,0.012735082799923303,516.4305555555555,0.18333333333333332,4,0,2024-07-01,3841968
1719862200000000,0.000395051840693597,7.30110113930795,0.42642354938804394,180,0.46753458027982553,0.4289995029065614,3.183666928274764e-05,0.004522733753298813,517.075,0.19444444444444445,4,0,2024-07-01,3841968
1719864000000000,0.0005114546383328587,12.783149750463792,0.6790100008856058,180,0.757060533808694,0.5142649276590543,0.008067823182870804,0.009462596090192399,804.1861111111111,0.1388888888888889,5,0,2024-07-01,3841968
1719865800000000,0.0006620935332930754,19.038205746864563,0.7666466531643816,180,0.7673495140223929,0.5272625895613146,0.005758832935468083,0.013629537107193945,633.4305555555555,0.08888888888888889,5,0,2024-07-01,3841968
1719867600000000,0.0004952320080224941,9.153155092484006,0.5878442462773545,180,0.6273706603491267,0.6675643903027636,0.003589591413066584,0.006895791724162215,947.1166666666667,0.06666666666666667,5,0,2024-07-01,3841968
1719869400000000,0.0004031963507093939,4.509250736640895,0.6273022784470144,180,0.6445313497505301,0.6897827124971799,4.773279327352498e-09,0.005037165802697086,1317.15,0.06666666666666667,5,0,2024-07-01,3841968
1719871200000000,0.0004960759611870036,11.821225307765356,0.5704286932214475,180,0.5930842786942392,0.4830016261364265,0.004657642257507311,0.013559848432553756,760.0472222222222,0.1111111111111111,5,0,2024-07-01,3841968
1719873000000000,0.0004268018355134555,7.3579284512801415,0.4539045814869411,180,0.5265186234010875,0.34781092815476866,0.0029110547030537504,0.006068049941815645,578.9055555555556,0.14444444444444443,5,0,2024-07-01,3841968
1719874800000000,0.000448248009853964,6.084992944535577,0.43639978057313034,180,0.5014829718945983,0.4780235290966016,0.00010580672912363642,1.1614890559674684e-05,594.7222222222222,0.08333333333333333,5,0,2024-07-01,3841968
1719876600000000,0.00022735146839864695,2.5252653472776814,0.26965301815118525,168,0.5173676233556966,0.4689361534021692,0.0035845587774333554,0.020091402705914807,530.7857142857143,0.19642857142857142,5,0,2024-07-01,3841968
1722470400000000,0.00044319682878551177,24.41764306044521,0.8149227256125416,168,0.8255050113431608,0.3478076420578855,0.01222523919558971,0.0015390428439995274,739.139880952381,0.011904761904761904,0,0,2024-08-01,7326866
1722472200000000,0.0003788181458002056,16.57226071816949,0.7808198062756315,180,0.7923545036581405,0.28120315491688674,0.022001996204553342,0.01856208827005712,716.9861111111111,0.0,0,0,2024-08-01,7326866
1722474000000000,0.0004602060160091359,16.17961580096849,0.8173558878191358,180,0.8226535089475523,0.41331879948175554,0.010741772604000666,0.0009410649139933724,842.0916666666667,0.011111111111111112,0,0,2024-08-01,7326866
1722475800000000,0.00038393680808578457,9.691188243936532,0.7172394277559511,180,0.759848452178054,0.18684389328392237,0.0005372293609245959,1.574267529425022e-05,846.5611111111111,0.005555555555555556,0,0,2024-08-01,7326866
1722477600000000,0.00046049430824996265,18.90355517030948,0.7832067249599826,180,0.785447068127263,0.43509171171964034,0.005322712191544898,0.003311583351140124,739.6916666666667,0.005555555555555556,0,0,2024-08-01,7326866
1722479400000000,0.00047705142207267914,26.889992652599847,0.8538580710471547,180,0.8578791116845564,0.15239450047039493,0.007780403232219402,0.01914042811989669,733.7944444444445,0.0,0,0,2024-08-01,7326866
1722481200000000,0.00046999607030777737,21.67152860011074,0.7932851516657747,180,0.7981994382499003,0.23710571394929003,0.008846277422472903,0.000992709233001543,715.0305555555556,0.005555555555555556,0,0,2024-08-01,7326866
1722483000000000,0.0004416469637249454,22.17953169931181,0.8160115405376989,180,0.8261055150892473,0.16549312501267832,0.00016711610602826443,0.0015366921336682493,748.2361111111111,0.005555555555555556,0,0,2024-08-01,7326866
1722484800000000,0.00040738838181455774,13.526317445110031,0.754889304311726,180,0.7548905582299693,0.27852530270690445,0.023453418441017004,0.02498390329315603,883.575,0.0,1,0,2024-08-01,7326866
1722486600000000,0.0003930439298310131,16.18967022633391,0.6620450846801242,180,0.6625429651140964,0.3583833437246623,0.00023936718477812757,0.0036312983655718556,1217.6527777777778,0.044444444444444446,1,0,2024-08-01,7326866
1722488400000000,0.0003976846657732639,16.383324266985994,0.6952268279066147,180,0.6962272119319266,0.3115474304952095,0.0003667508088841531,0.0028826912129995552,831.8472222222222,0.016666666666666666,1,0,2024-08-01,7326866
1722490200000000,0.00041471795195915803,8.738069021920577,0.7250887413938321,180,0.7693857856588849,0.38867335902679845,0.0009300722054423893,0.0019505627092553102,754.3416666666667,0.016666666666666666,1,0,2024-08-01,7326866
1722492000000000,0.00045194940467062957,17.32031785857653,0.7990310458437486,180,0.7990585522023401,0.39863267680113956,0.002626169237395559,0.012578070948939035,778.3055555555555,0.011111111111111112,1,0,2024-08-01,7326866
1722493800000000,0.0004134724158229852,20.695798444116832,0.78897597867995,180,0.7935322876413324,0.4979294083579223,0.0012033175349183134,0.0002753870100854483,809.8138888888889,0.005555555555555556,1,0,2024-08-01,7326866
1722495600000000,0.0003715659185886317,13.269422196709451,0.7445886135360273,180,0.7789569039225641,0.3999403687777343,0.0038656065054069044,8.35133528998e-09,933.5222222222222,0.0,1,0,2024-08-01,7326866
1722497400000000,0.00043113758187392963,28.248047467872805,0.7582818269031555,168,0.7607383653367726,0.30562454428258157,0.0023212462249877497,0.004501094407302841,981.4970238095239,0.005952380952380952,1,0,2024-08-01,7326866
1722499200000000,0.0004740554904921585,17.146373815122438,0.8286234121224959,168,0.8313679685763387,0.4128149425031127,0.044626653717926734,0.04369870378127938,747.1428571428571,0.005952380952380952,2,0,2024-08-01,7326866
1722501000000000,0.0003782436861372745,21.549430572620793,0.8116468055451984,180,0.8176353976596659,0.4347002898847391,0.00021059022383784765,0.0006253272380991604,995.0305555555556,0.0,2,0,2024-08-01,7326866
1722502800000000,0.0004296325693518953,20.302010223313278,0.7784998825645114,180,0.7785908571055458,0.5232443322358769,0.007153260295144737,0.004416234287417997,989.1861111111111,0.0,2,0,2024-08-01,7326866
1722504600000000,0.0004162689057945386,11.881133457537025,0.6954783373512109,180,0.695719338071197,0.4288601344370724,1.3085708844284838e-06,0.017514251224043154,1024.2388888888888,0.0,2,0,2024-08-01,7326866
1722506400000000,0.00029945030521764157,6.352949995631024,0.6305973420209274,180,0.7143315302323101,0.42496486806493006,0.0010428824923613966,0.003095995928008244,1484.5833333333333,0.005555555555555556,2,0,2024-08-01,7326866
1722508200000000,0.00042695117697757264,25.990994446311866,0.8733966729055631,180,0.8843292819286271,0.4708122222068576,0.0009838261306267526,0.0011724346582371314,904.2,0.0,2,0,2024-08-01,7326866
1722510000000000,0.00042744549375839716,15.767511663012712,0.7529483801168895,180,0.7695423207836496,0.2917919860342424,0.00024584184889409055,0.008779286981395296,755.7583333333333,0.0,2,0,2024-08-01,7326866
1722511800000000,0.0005212924717316477,20.60843067732978,0.8053210329172071,180,0.8066412730027026,0.35383588619286255,0.0033491500137378116,5.167549929596671e-05,669.6138888888889,0.0,2,0,2024-08-01,7326866
1722513600000000,0.0003195541558462516,4.510835956491523,0.5518181349250196,180,0.7018395340669287,0.40655640690110695,0.009340836099328897,0.008153467003630288,885.2472222222223,0.011111111111111112,3,0,2024-08-01,7326866
1722515400000000,0.0005063167850310115,17.87861247683401,0.7888060062143021,180,0.7981349657485682,0.3818585915551572,3.277509063182027e-05,4.230360546086942e-06,621.0416666666666,0.016666666666666666,3,0,2024-08-01,7326866
1722517200000000,0.0003593976414859524,3.922133502326578,0.5080003792661821,180,0.7499405731377546,0.3200298874913635,0.0021508380055650367,0.0004475018997519564,747.0055555555556,0.0,3,0,2024-08-01,7326866
1722519000000000,0.0002226731465258521,3.539819224598659,0.41004682603380327,180,0.611702115871303,0.3523403869335605,0.007572282193856639,5.088509978012912e-05,1219.4416666666666,0.005555555555555556,3,0,2024-08-01,7326866
1722520800000000,0.0003710134839588603,7.6272681022495865,0.4736991884468629,180,0.4993347277627326,0.4120050912727431,0.00022049759053810458,0.017603757375010853,674.0333333333333,0.03888888888888889,3,0,2024-08-01,7326866
1722522600000000,0.00042170414929593674,14.527919251578707,0.5851271894983303,180,0.5908332516450505,0.40708501866971303,0.005699623116732555,0.0024091480922086017,1039.9916666666666,0.027777777777777776,3,0,2024-08-01,7326866
1722524400000000,0.0005115432211433163,19.79220159076347,0.7843245858561391,180,0.7962328187483816,0.36388694135546706,0.002458645330780773,0.007658234090839433,866.8111111111111,0.027777777777777776,3,0,2024-08-01,7326866
1722526200000000,0.00038822351049741543,7.71305767699101,0.6479177826351182,168,0.7027452234141958,0.3107008236504796,0.007162436830651431,0.006281730259087959,689.3779761904761,0.023809523809523808,3,0,2024-08-01,7326866
1722528000000000,0.0005162249541920483,10.699627408375731,0.6676223819410412,168,0.6679121370848955,0.4598347927097568,0.0025053676209266795,0.00038304137128075677,718.6696428571429,0.07142857142857142,4,0,2024-08-01,7326866
1722529800000000,0.0004449463004314116,9.621265600241772,0.6995106994196802,180,0.7022308212333404,0.3270701988031056,0.00020679678588231276,0.01770001749458594,648.0833333333334,0.05,4,0,2024-08-01,7326866
1722531600000000,0.00047182459323426035,25.747341259284738,0.8289418296458261,180,0.8322801090904868,0.4125131998977881,0.009287304437773147,0.011561554141740982,621.9027777777778,0.016666666666666666,4,0,2024-08-01,7326866
1722533400000000,0.0005389254346137877,15.44214256752078,0.7059980559068205,180,0.7138495721182203,0.4257083936291316,0.00038816439297606475,0.0038399156868053064,548.3861111111111,0.03333333333333333,4,0,2024-08-01,7326866
1722535200000000,0.0005016974178380447,11.473362478873437,0.5484480045942057,180,0.5516443798701214,0.4100478869448475,0.020566013573980246,0.00516965089069521,1212.1694444444445,0.044444444444444446,4,0,2024-08-01,7326866
1722537000000000,0.0005363344280045803,15.665605749740706,0.7495155114674475,180,0.7733379544864234,0.2884648942561957,0.00039177069256202124,0.0024216534641793297,508.7388888888889,0.011111111111111112,4,0,2024-08-01,7326866
1722538800000000,0.0004354622491969243,15.72661429440441,0.7284714813820072,180,0.7368578274081367,0.20914679754256504,0.005867908788633858,0.0019877022618356444,651.7611111111111,0.011111111111111112,4,0,2024-08-01,7326866
1722540600000000,0.00039550017358478686,16.38466275284325,0.7897394538244511,180,0.8197652646408204,0.3603278211067482,0.04047650644321932,0.024284176618180275,713.6666666666666,0.011111111111111112,4,0,2024-08-01,7326866
1722542400000000,0.0004313867431981065,14.1965471663589,0.7316145402729949,180,0.7370312500375165,0.43068380547821006,0.038473678161076164,0.0018419794588034888,682.6944444444445,0.005555555555555556,5,0,2024-08-01,7326866
1722544200000000,0.000349864837912451,10.96438375534835,0.6601104724457181,180,0.7126592022254966,0.3362682407419868,0.01883630066382669,0.002122932599444405,756.8305555555555,0.027777777777777776,5,0,2024-08-01,7326866
1722546000000000,0.0005252076469091414,26.591190351150917,0.8032830124679601,180,0.8035692940757008,0.47397421402329654,0.0003366005326710386,0.009727143200912614,734.0361111111112,0.016666666666666666,5,0,2024-08-01,7326866
1722547800000000,0.0005498313866564276,9.91287565373223,0.7051506129333327,180,0.7063402813496309,0.620911104344571,0.00032948396168741567,0.0003359728650123017,1028.0861111111112,0.03888888888888889,5,0,2024-08-01,7326866
1722549600000000,0.0005514698837639424,15.997600341086349,0.7509310698915757,180,0.7682023701953471,0.37804666163687517,0.000529220539444597,4.5803372307862134e-05,636.1333333333333,0.027777777777777776,5,0,2024-08-01,7326866
1722551400000000,0.00048144578088959913,7.848680356660205,0.6389734864281993,180,0.6675112271465358,0.3522255577372938,0.021766221314398426,0.02368409543915595,656.6444444444444,0.011111111111111112,5,0,2024-08-01,7326866
1722553200000000,0.0004917844458265026,14.521025684768285,0.7073560133042006,180,0.7251748399628628,0.33919213546492744,0.005790670527619057,0.0015148069791418584,695.4583333333334,0.011111111111111112,5,0,2024-08-01,7326866
1722555000000000,0.0004429610343672682,6.74520963676563,0.6864411409999985,168,0.7598800843948512,0.38864688664998437,0.003711141691607023,2.2010607897637868e-05,930.1815476190476,0.0,5,0,2024-08-01,7326866
1725148800000000,0.00033256785696104485,17.73060719170094,0.8793211930622502,168,0.8865223292718875,0.40871213195169487,0.00650843215703889,0.005890685419580932,1168.357142857143,0.0,0,1,2024-09-01,3920101
1725150600000000,0.00034411218807495854,20.92350384267464,0.8430424942050927,180,0.8435841904738488,0.38314318761423805,5.406829824594617e-05,6.073071642864747e-05,1156.9972222222223,0.005555555555555556,0,1,2024-09-01,3920101
1725152400000000,0.00032113164849181396,24.916486687012835,0.8643900532418063,180,0.8796273609803054,0.294221852305698,0.00527587161277665,0.002769855288091705,941.8416666666667,0.011111111111111112,0,1,2024-09-01,3920101
1725154200000000,0.0002568950939934591,9.264580772357577,0.7701136756358241,180,0.8101489696431892,0.2821072256471633,0.0006154769587540798,0.0006996320541690082,1157.7555555555555,0.005555555555555556,0,1,2024-09-01,3920101
1725156000000000,0.00025552466146519883,17.50040623331985,0.8100912647223817,180,0.812051274514723,0.4250825557608576,0.0027540736192750437,0.00021459270376145145,1437.5277777777778,0.016666666666666666,0,1,2024-09-01,3920101
1725157800000000,0.00028664887386478644,17.66626231070284,0.84564215493822,180,0.8652659376192169,0.3087328366751113,0.0007441093848348235,0.0003247048480984338,1233.6916666666666,0.011111111111111112,0,1,2024-09-01,3920101
1725159600000000,0.00030037248189466954,29.071616030793308,0.8551136352054989,180,0.8551568055175581,0.434476450527014,0.00042516147584892305,8.17633195164813e-05,1467.625,0.022222222222222223,0,1,2024-09-01,3920101
1725161400000000,0.00027852085970549997,32.268979267913544,0.8635720265859214,180,0.8692761551008756,0.36532373832898934,0.00035438086054029316,0.0012566001947439398,1331.15,0.0,0,1,2024-09-01,3920101
1725163200000000,0.0003022084638914875,20.29146491940854,0.8785838596422034,180,0.8786543672505892,0.5313383604919846,0.0015758442543136741,0.0003714161013055328,1370.6861111111111,0.0,1,1,2024-09-01,3920101
1725165000000000,0.0002973940888817254,17.56374739182427,0.8429316031447128,180,0.8513202619943929,0.5203267201672406,0.0013042956063782363,0.002730125905057279,1096.65,0.016666666666666666,1,1,2024-09-01,3920101
1725166800000000,0.00034777557643814546,17.043337977585907,0.8150756297844488,180,0.8157106610872844,0.47585514931273365,0.005689331651495766,0.0001279506466892455,1041.3972222222221,0.016666666666666666,1,1,2024-09-01,3920101
1725168600000000,0.0003720494226432682,14.671564954741708,0.6936091775280431,180,0.6938934055433923,0.45472596211104876,0.01485217043690401,0.006182818962830239,1172.5916666666667,0.027777777777777776,1,1,2024-09-01,3920101
1725170400000000,0.0003458133737624769,26.290276710934776,0.8831965468896492,180,0.8832084462838048,0.32847815269161085,0.0004584592124744491,0.000250488281320016,1139.411111111111,0.011111111111111112,1,1,2024-09-01,3920101
1725172200000000,0.00031148399421496804,17.423237299486857,0.831098936587944,180,0.8597913857004659,0.21588948138692043,0.019326190663031317,0.008999233401802753,962.1027777777778,0.005555555555555556,1,1,2024-09-01,3920101
1725174000000000,0.00039074656762039066,25.71599290182775,0.8794124218150926,180,0.8809757243946128,0.35852982092665786,0.0056520916947950806,0.015167952010217589,845.1416666666667,0.0,1,1,2024-09-01,3920101
1725175800000000,0.0003284826695168421,27.69140379435573,0.8900873712350142,168,0.890095135488179,0.5287226617831888,0.0018450664933978844,0.00786611026658146,956.5654761904761,0.023809523809523808,1,1,2024-09-01,3920101
1725177600000000,0.00030158434042686685,22.67915514699353,0.8404387625584786,168,0.8451966732351108,0.43034981638369185,0.0028489579549410005,0.0013376995466408692,1085.3154761904761,0.023809523809523808,2,1,2024-09-01,3920101
1725179400000000,0.0003531001445412032,26.648570098170023,0.8442167295512906,180,0.8450071983164233,0.33536007275406743,0.0015977208404629462,0.0055939548995590505,1027.3972222222221,0.005555555555555556,2,1,2024-09-01,3920101
1725181200000000,0.0002888345768640529,16.5385161644474,0.8017977696432655,180,0.8018990911808361,0.3017712262354808,0.011041560447813459,0.02547925458933986,1481.5444444444445,0.027777777777777776,2,1,2024-09-01,3920101
1725183000000000,0.0002776283693123038,13.711621798812036,0.7623721646105737,180,0.7749111791810268,0.43385261486967297,0.0007916078807594928,0.0022079773636365374,1105.4611111111112,0.03333333333333333,2,1,2024-09-01,3920101
1725184800000000,0.000277553873698594,15.727577300277586,0.75848046463206,180,0.7627781756763915,0.3189366183812824,0.0012865389239336,2.1162178714617674e-05,1262.0527777777777,0.027777777777777776,2,1,2024-09-01,3920101
1725186600000000,0.0002792770721483428,17.651219843684533,0.7786414000598962,180,0.7796245754179427,0.31101802308946813,0.0008894439959510336,0.0008184014683859653,1232.0722222222223,0.011111111111111112,2,1,2024-09-01,3920101
1725188400000000,0.0002845406576394322,29.704454818163878,0.8794592501060962,180,0.8796777337835099,0.5190961407232693,6.383197121984097e-06,0.002710529173822196,1310.9527777777778,0.005555555555555556,2,1,2024-09-01,3920101
1725190200000000,0.0002540854569370576,7.510406796082088,0.8161291451013324,180,0.864091000564253,0.5100940485693585,0.005441518755225139,0.017809802842424727,1214.7388888888888,0.027777777777777776,2,1,2024-09-01,3920101
1725192000000000,0.0002649111892177248,16.955096825263375,0.8468147234355439,180,0.8654730774052298,0.45438702589260405,0.0007712983789390782,0.0032319855740754466,1128.5583333333334,0.022222222222222223,3,1,2024-09-01,3920101
1725193800000000,0.00025127748142752117,19.597678838678792,0.8460554770343482,180,0.8484351705230868,0.2738055485704717,0.00016880126247642568,2.811471958574785e-07,1160.7,0.022222222222222223,3,1,2024-09-01,3920101
1725195600000000,0.00028457201399691075,19.441469118587786,0.84075305046239,180,0.8431639657066127,0.4002013591844775,0.010436825879501233,0.00818760222333692,1248.0166666666667,0.022222222222222223,3,1,2024-09-01,3920101
1725197400000000,0.00029521506520430304,20.626623475773698,0.8491674392869322,180,0.8497471239894024,0.45033121329917125,0.0006021772811175552,0.0005374669964702816,1126.5722222222223,0.03888888888888889,3,1,2024-09-01,3920101
1725199200000000,0.0002885962748868749,19.06688380506467,0.8454952415274366,180,0.8454984556794971,0.32795216585146836,0.0009563071581250027,0.0076049797233122,1329.9388888888889,0.027777777777777776,3,1,2024-09-01,3920101
1725201000000000,0.0002672791807228768,25.171094480183772,0.8789260571263076,180,0.8790903026716133,0.37906701977380286,0.004009067692471002,0.007676102470964841,1341.911111111111,0.03333333333333333,3,1,2024-09-01,3920101
1725202800000000,0.00024976765879954115,30.935616141320544,0.8863355317899185,180,0.888821450392209,0.28329799482662177,0.008402272147510326,0.022003286602925498,1427.1416666666667,0.027777777777777776,3,1,2024-09-01,3920101
1725204600000000,0.0002558817711491531,26.071822038737448,0.8850334996285839,168,0.889323672817797,0.36870555143420847,0.0002694289663509597,0.007126198995057287,1396.5982142857142,0.03571428571428571,3,1,2024-09-01,3920101
1725206400000000,0.0002247853068319861,30.515399690145244,0.8814637527029175,168,0.8850453836195913,0.30466693252833965,0.00986547122815451,0.008141258580348976,1610.220238095238,0.02976190476190476,4,1,2024-09-01,3920101
1725208200000000,0.00021120680225957434,27.289140920782994,0.8256415282592802,180,0.8278867735565778,0.32317308464907746,0.003357739056679465,0.0007695075777602867,1713.6555555555556,0.022222222222222223,4,1,2024-09-01,3920101
1725210000000000,0.00019313281551865217,27.776167156687094,0.8422216515666513,180,0.8482242026847501,0.32731248818029757,0.001579780320925761,0.0036407223708563308,1670.9277777777777,0.022222222222222223,4,1,2024-09-01,3920101
1725211800000000,0.00017922588194891324,9.893326128271031,0.8312067186838568,180,0.8669705438910176,0.2609502295651228,0.0023236033717436433,0.002654334458600305,1922.486111111111,0.016666666666666666,4,1,2024-09-01,3920101
1725213600000000,0.00023005723217992582,19.81637384631159,0.8583911220461573,180,0.8661798133432567,0.4100110719448996,0.00016179627863743828,0.006054250036660824,1932.236111111111,0.011111111111111112,4,1,2024-09-01,3920101
1725215400000000,0.0002248586980637835,36.384059498649556,0.8920615124311108,180,0.8923811042161084,0.2394537402712763,0.004371422487541188,0.031625387373241054,1811.4361111111111,0.027777777777777776,4,1,2024-09-01,3920101
1725217200000000,0.0002518972868847705,40.381053389985134,0.888718033224272,180,0.8891010220431051,0.17153571005841417,0.001310913522806878,0.0015274213891011135,1533.6361111111112,0.03333333333333333,4,1,2024-09-01,3920101
1725219000000000,0.0002492280185175017,46.701390124493194,0.9031668664197202,180,0.9034398697583734,0.39186510830537635,0.012326353837294524,0.030128352647528667,1607.1777777777777,0.027777777777777776,4,1,2024-09-01,3920101
1725220800000000,0.000199447403490996,7.621303833288454,0.7616749341671644,180,0.8184299396249323,0.14611158557986947,0.0002493005161565698,0.008323144111176961,2103.7527777777777,0.016666666666666666,5,1,2024-09-01,3920101
1725222600000000,0.00015016159286349387,12.858365331067052,0.7390796489791636,180,0.7700651601003456,0.2551093071972562,6.674250200289222e-06,0.00033088096068134565,2189.5444444444443,0.005555555555555556,5,1,2024-09-01,3920101
1725224400000000,0.00020541096420096262,25.52171633803049,0.8351187787090983,180,0.849557534737609,0.2059975934583218,0.0005509272887316286,0.001531045359853045,1710.1916666666666,0.011111111111111112,5,1,2024-09-01,3920101
1725226200000000,0.00022281943251893123,9.887997973198454,0.7391717172106236,180,0.7796819472090984,0.3207889022240197,0.006448958989400011,0.004775610162811916,2195.9166666666665,0.027777777777777776,5,1,2024-09-01,3920101
1725228000000000,0.0002763821929438921,8.366476064939556,0.7656625952778235,180,0.8416016297809477,0.3658781276679933,0.00010696597828407928,0.00177334684750996,1126.1777777777777,0.016666666666666666,5,1,2024-09-01,3920101
1725229800000000,0.000291989439366937,12.73623025573371,0.773008056746968,180,0.8047218386527355,0.3956306912923164,0.0007431697968318662,0.0040640584197372265,1088.7027777777778,0.044444444444444446,5,1,2024-09-01,3920101
1725231600000000,0.0003024864969301135,15.566367259782057,0.7707521824197382,180,0.7852392917479937,0.18780547115495205,0.00016804574164908104,0.019256480670337917,1261.075,0.027777777777777776,5,1,2024-09-01,3920101
1725233400000000,0.0003142001232940188,29.736106617313485,0.8860881532585391,168,0.8875862587368843,0.36621641417072437,0.0034044992547345165,0.0035002079477175485,1156.1190476190477,0.011904761904761904,5,1,2024-09-01,3920101
1727740800000000,0.0005842218361171688,10.9609397278958,0.7081175287460117,168,0.7126155670268418,0.4623089632510591,0.00107774933932836,0.0035414467944548944,660.1607142857143,0.2261904761904762,0,0,2024-10-01,4876936
1727742600000000,0.0006240263836363036,14.845317922841945,0.7768348095553114,180,0.7905769966674452,0.521394785002409,0.01001436191720595,0.010637802228527282,494.72222222222223,0.15,0,0,2024-10-01,4876936
1727744400000000,0.0005336682754693841,14.432935637136893,0.6881243021884603,180,0.6918265254038904,0.4854238209204602,0.011033158187600867,0.010007147466185251,503.225,0.16111111111111112,0,0,2024-10-01,4876936
1727746200000000,0.000571211944051983,19.561942454753297,0.8304884348811932,180,0.837067263032511,0.5389421756072044,0.002049554564954814,0.0007355278258333042,600.9833333333333,0.10555555555555556,0,0,2024-10-01,4876936
1727748000000000,0.0003727794469675381,6.086942644513559,0.5618571445540336,180,0.7247741920287476,0.3593917689922592,0.00487333911360166,0.00047018761676065335,642.9333333333333,0.16111111111111112,0,0,2024-10-01,4876936
1727749800000000,0.0005464624753200791,10.565495579920222,0.7573117058351181,180,0.7997220752976405,0.52211630994651,0.003259391382476884,0.00045265750308809416,603.8583333333333,0.17222222222222222,0,0,2024-10-01,4876936
1727751600000000,0.000437406109758081,13.709737956781655,0.7143615576026872,180,0.7465086000009704,0.3482235702367764,2.0287570734467408e-07,0.0027402588267469996,717.1722222222222,0.10555555555555556,0,0,2024-10-01,4876936
1727753400000000,0.00035630427743486674,6.345499663958702,0.5924215949944331,180,0.6530563223902972,0.5408972355051493,0.0008891447002223885,0.003260015023652807,587.1055555555556,0.1111111111111111,0,0,2024-10-01,4876936
1727755200000000,0.0005056348966232688,6.385742456619789,0.6931768270309284,180,0.7851433519649177,0.33794290678767314,0.004236365142627041,0.002207724574783132,528.7222222222222,0.11666666666666667,1,0,2024-10-01,4876936
1727757000000000,0.0006205488773524505,14.012285393817983,0.717751743653617,180,0.7181127282475241,0.5349630034533156,0.0016973144876324398,0.0005750563410340526,470.14166666666665,0.1388888888888889,1,0,2024-10-01,4876936
1727758800000000,0.00029628832036684895,9.126512555506993,0.6902065156306764,180,0.7616165889186675,0.3911555547719445,0.00365971657672437,0.0035493780239711503,766.8166666666667,0.08888888888888889,1,0,2024-10-01,4876936
1727760600000000,0.00039440785552600057,9.424448809446766,0.7306562061441104,180,0.7789274833313655,0.3067903554426935,0.003444473452413277,0.005783457773600009,680.1555555555556,0.07777777777777778,1,0,2024-10-01,4876936
1727762400000000,0.0004814154344322773,10.736904903175182,0.7222091952656753,180,0.7542459625029925,0.39034998641022756,0.0022557278595565222,0.0015327562078784052,627.8111111111111,0.1,1,0,2024-10-01,4876936
1727764200000000,0.0005577685423645681,13.350863763951123,0.7215269078397879,180,0.7580088498283308,0.31651349280144125,0.003702455212958644,4.066271228619911e-07,492.2861111111111,0.16666666666666666,1,0,2024-10-01,4876936
1727766000000000,0.0004991463699212886,10.15396519246703,0.6642567687868082,180,0.740658622729556,0.31123101811993814,0.00027708945430049425,0.0015532330363614566,530.3055555555555,0.17222222222222222,1,0,2024-10-01,4876936
1727767800000000,0.0005987776928360142,12.963221241816676,0.789088448607101,168,0.8298072858994583,0.5546337012634144,6.39177314739614e-05,0.0038457640456699416,554.1755952380952,0.21428571428571427,1,0,2024-10-01,4876936
1727769600000000,0.0005723424240588872,14.080080241806312,0.7919753524897466,168,0.8242072146052798,0.2726038621491559,4.21690612839587e-06,0.00021943943363755825,506.23809523809524,0.11904761904761904,2,0,2024-10-01,4876936
1727771400000000,0.0005262669748497568,11.6777547098347,0.7856902573574932,180,0.8105319944735452,0.3733368902169525,0.0036786307872674895,0.005799814116374424,528.1444444444444,0.11666666666666667,2,0,2024-10-01,4876936
1727773200000000,0.00010281146789526693,1.239243966171612,0.15750848352018543,180,0.6644453535784259,0.5165758227205972,0.005875797647086456,0.0008403350911541096,548.9138888888889,0.13333333333333333,2,0,2024-10-01,4876936
1727775000000000,0.0004650295950823117,6.204270600207598,0.7478176699110046,180,0.8364173427516344,0.43709032656179736,0.005151878068257676,0.007752002243247236,582.0583333333333,0.1111111111111111,2,0,2024-10-01,4876936
1727776800000000,0.0005763227676896202,20.52493605596795,0.8430689041045079,180,0.8471863189729139,0.384512748270717,0.010098016146413258,0.040391291766849746,528.6333333333333,0.08888888888888889,2,0,2024-10-01,4876936
1727778600000000,0.0005114306197444401,11.897227910678374,0.8052804128262512,180,0.8259261932641064,0.4350545797834596,0.017940962156088647,0.021216969167018984,529.5027777777777,0.05,2,0,2024-10-01,4876936
1727780400000000,0.0005927725517500018,17.803905079151246,0.8289714722085553,180,0.8510383030309383,0.4809564361291323,3.1247040498061374e-05,0.00960879009657023,555.1833333333333,0.13333333333333333,2,0,2024-10-01,4876936
1727782200000000,0.00020805973284557786,2.937256786416651,0.4839241198266633,180,0.7343046184777564,0.3818847719850056,0.03531771874982115,0.0199749411913952,576.3583333333333,0.11666666666666667,2,0,2024-10-01,4876936
1727784000000000,0.0003013299793524862,3.2750640124802755,0.5196046722344732,180,0.7747720349888856,0.3507840681047415,0.01967534126691517,0.019885356458334003,633.5527777777778,0.10555555555555556,3,0,2024-10-01,4876936
1727785800000000,0.0002088843859307294,3.003111149532956,0.41428643890333994,180,0.779087649222263,0.23926380489818067,0.005777439500903814,0.054159821745429215,738.475,0.1388888888888889,3,0,2024-10-01,4876936
1727787600000000,0.0003228863956986523,11.11691282143627,0.6221269388863455,180,0.6780614507950937,0.3280336911473253,1.8054301840209064e-06,0.0021197249933196938,639.675,0.16111111111111112,3,0,2024-10-01,4876936
1727789400000000,0.000316358082927762,3.9021440928436633,0.5367465904157958,180,0.7224792934165907,0.36851718053843585,0.0014027205398321474,0.001936722710403127,559.2638888888889,0.16111111111111112,3,0,2024-10-01,4876936
1727791200000000,0.0005754067071115638,19.667598665453,0.8025170954774913,180,0.8091332457156599,0.2858154444868791,0.0059239845713719985,0.016459240818146426,495.18055555555554,0.15555555555555556,3,0,2024-10-01,4876936
1727793000000000,0.0004441366265792885,8.945582076234501,0.7145357219323403,180,0.7595334068515285,0.3338654430941831,0.0019911755081356564,0.009379851752798096,550.0027777777777,0.20555555555555555,3,0,2024-10-01,4876936
1727794800000000,0.000481482481939099,6.767944009293067,0.5975469521459558,180,0.6262385284762273,0.4188784111692557,0.010847372981184988,0.0017294474084410538,1223.8833333333334,0.4777777777777778,3,0,2024-10-01,4876936
1727796600000000,0.00045057292597373995,6.418749275929114,0.7450558369980518,168,0.84291899990802,0.38820650747096874,9.584545048979543e-05,0.010689052886068029,669.3809523809524,0.30357142857142855,3,0,2024-10-01,4876936
1727798400000000,0.000491954751240991,12.109104977571413,0.7496322539784965,168,0.7758773485665535,0.3713320900803605,0.0011065733771529196,0.007403648324983525,606.6220238095239,0.23214285714285715,4,0,2024-10-01,4876936
1727800200000000,0.0005532649715055284,17.041324335685296,0.7659320555470605,180,0.773960870129935,0.47729435855282176,0.0003823610514951392,0.0013744034911079561,741.8888888888889,0.3111111111111111,4,0,2024-10-01,4876936
1727802000000000,0.00043135094818185535,4.974529878476684,0.5688643940891821,180,0.6522993084542638,0.3639030296469865,0.0020135019575215907,0.029330321703949003,604.9361111111111,0.3388888888888889,4,0,2024-10-01,4876936
1727803800000000,0.0002803263869505653,1.849714459547469,0.34155040549137294,180,0.7405641210240319,0.3625947091318751,0.010495080715199223,0.004066746097529217,700.5777777777778,0.36666666666666664,4,0,2024-10-01,4876936
1727805600000000,0.000360193985851691,7.993751046042027,0.6799380629885672,180,0.7455473100116923,0.47564527316778626,0.0005645085847025832,0.0002911933845272108,796.0027777777777,0.24444444444444444,4,0,2024-10-01,4876936
1727807400000000,0.0005046504426364281,20.84615582325343,0.8454776634646544,180,0.852005474058897,0.4867796385505234,0.00023712064307301883,0.007368038581381686,580.3972222222222,0.2722222222222222,4,0,2024-10-01,4876936
1727809200000000,0.00019206487752712996,1.3994932427159987,0.2623872256010814,180,0.8161971610428075,0.36997529187440314,0.008329801536657078,0.00307406050714798,657.0666666666667,0.2222222222222222,4,0,2024-10-01,4876936
1727811000000000,0.0005497173568065826,21.609410576226434,0.8767890537403064,180,0.8818533575079092,0.3556352866315231,0.00034562531782766914,0.0004803965810994404,568.4555555555555,0.23333333333333334,4,0,2024-10-01,4876936
1727812800000000,0.00045612611261072235,7.619840693488149,0.7240559670660272,180,0.787966477144125,0.42552577192883156,0.00570603314557927,0.011994311849090167,681.4583333333334,0.29444444444444445,5,0,2024-10-01,4876936
1727814600000000,0.0005991250590809031,8.853001879045555,0.7915840327500625,180,0.8486625112964937,0.49099843114354347,0.01657164886405338,0.009036355856261058,453.5388888888889,0.31666666666666665,5,0,2024-10-01,4876936
1727816400000000,0.00012506328327676144,1.91466991350263,0.26215976849136646,180,0.7459216775019291,0.4145299912021422,0.01525051197764582,0.025382980768849706,619.0944444444444,0.3055555555555556,5,0,2024-10-01,4876936
1727818200000000,0.00039618105894053773,10.428334657258752,0.7365405864976851,180,0.7558049307747776,0.3841856228309386,0.005301380122708976,0.0021314733299387933,1572.6277777777777,0.20555555555555555,5,0,2024-10-01,4876936
1727820000000000,0.0004697005318622735,16.921404678621922,0.8152121345013885,180,0.8170010173956406,0.5578923200612091,1.7276965023405033e-05,0.0008428615945617057,554.6222222222223,0.2,5,0,2024-10-01,4876936
1727821800000000,0.0005180667866095476,12.701632831765467,0.8112058668231744,180,0.8285397583691185,0.47811915660078486,0.006939512904379219,0.010024583552561528,585.8,0.2111111111111111,5,0,2024-10-01,4876936
1727823600000000,0.00048319780258441385,15.76157309127472,0.8161699515708303,180,0.8262270894623728,0.47585044884138294,0.0005788077587647322,0.0032306141941176314,453.5083333333333,0.15555555555555556,5,0,2024-10-01,4876936
1727825400000000,7.595641547185266e-05,0.985834151276205,0.09497283123686318,168,0.7234897359241954,0.22710630612255067,0.0027004057557468153,0.00012974395582876497,481.1577380952381,0.2857142857142857,5,0,2024-10-01,4876936
1730419200000000,0.00041403082872077984,27.824994633731016,0.8611898532886326,168,0.8664513551081641,0.4222071246609873,0.010278839604932477,0.01251933550548534,893.4583333333334,0.011904761904761904,0,0,2024-11-01,4499736
1730421000000000,0.0003779637269136212,17.73199559830716,0.8149372233638026,180,0.8200010398927311,0.26729918408000575,0.0005711241898582742,0.0003702019935607481,771.2111111111111,0.005555555555555556,0,0,2024-11-01,4499736
1730422800000000,0.00037101914375298314,19.376387781234328,0.8021682220751344,180,0.8099008973431315,0.3716153290861187,0.0018446435029034758,0.0009410404734198075,869.7972222222222,0.011111111111111112,0,0,2024-11-01,4499736
1730424600000000,0.0005155444657489751,17.213560507891,0.8630984473806665,180,0.8635922678834878,0.3631036467612464,0.0024888417993933487,7.126964034953609e-05,665.1944444444445,0.011111111111111112,0,0,2024-11-01,4499736
1730426400000000,0.0004051696650023225,9.779879837120392,0.7414046645491612,180,0.8001149306925844,0.29163144547572617,0.009957726845940429,0.005815324538971378,638.55,0.03888888888888889,0,0,2024-11-01,4499736
1730428200000000,0.00040696949957820094,26.655934336264576,0.8364161530318317,180,0.8374960045862012,0.33935249657610855,0.005678308128824416,0.003943577442472201,802.4638888888888,0.005555555555555556,0,0,2024-11-01,4499736
1730430000000000,0.000341065693344563,12.889605556273187,0.7752670545436066,180,0.8025964370972853,0.4066631167939794,3.4257478757626636e-05,0.0005766914144238466,1095.7166666666667,0.0,0,0,2024-11-01,4499736
1730431800000000,0.00039915624218314475,17.191208856030137,0.7991043885340836,180,0.8063293944202252,0.27898009411785063,0.011276020192775071,0.003707065608852811,761.9416666666667,0.0,0,0,2024-11-01,4499736
1730433600000000,0.0003912013340813229,14.592797996007006,0.8558091962671419,180,0.8609597164726942,0.37393083047018283,0.028098921471766958,0.02116420597929669,864.9166666666666,0.011111111111111112,1,0,2024-11-01,4499736
1730435400000000,0.00040317038184158293,26.610924064682276,0.8587819814667699,180,0.8636400058060943,0.29424799479234165,0.00412257541469041,0.009255066120116728,745.3333333333334,0.011111111111111112,1,0,2024-11-01,4499736
1730437200000000,0.00036407458091312005,21.416083285804902,0.8352744126514468,180,0.8431431977721011,0.48255280675970225,0.00017213160926032867,0.00034160381622405644,917.7444444444444,0.005555555555555556,1,0,2024-11-01,4499736
1730439000000000,0.00037537843868595746,10.89910214053283,0.7754276939287155,180,0.8056328607137461,0.43430143480003747,0.0007390899435704146,0.00019855659485745747,810.6583333333333,0.0,1,0,2024-11-01,4499736
1730440800000000,0.0003634116079857465,23.1525738030889,0.8228271761627177,180,0.8370533509353,0.2056096729240663,0.00014446459761596753,0.0059920553632538676,1080.4305555555557,0.011111111111111112,1,0,2024-11-01,4499736
1730442600000000,0.0004206332986943545,24.199152881030138,0.8406688798062157,180,0.8408514253338536,0.4007013882075422,0.006149708106887086,0.002467236186114774,763.7722222222222,0.011111111111111112,1,0,2024-11-01,4499736
1730444400000000,0.0003377272121462303,13.167051427820866,0.7868303406470254,180,0.8212123488303851,0.29523829110946453,0.004292727434489274,0.0030072412646535707,870.3861111111111,0.027777777777777776,1,0,2024-11-01,4499736
1730446200000000,0.00028848438956113166,13.564880014778032,0.7717903201889342,168,0.7934556253916512,0.33107504616746364,0.0033159695045935633,3.9382463161374837e-05,1039.392857142857,0.011904761904761904,1,0,2024-11-01,4499736
1730448000000000,9.808332867008521e-05,2.8915203310382167,0.3443955349051142,168,0.7391756656470021,0.09574763241400452,0.00017146521414379556,0.0008376012145188128,1617.8005952380952,0.0,2,0,2024-11-01,4499736
1730449800000000,0.00032569643829469556,19.220344661227834,0.8365548416824841,180,0.8381414823381171,0.37229640550139886,0.007642830900478903,0.0019621482362716103,1010.1972222222222,0.005555555555555556,2,0,2024-11-01,4499736
1730451600000000,0.00028146828489784733,8.19798815052818,0.8070313261819152,180,0.8866580339561468,0.4290964358716235,0.0005810245808233194,0.003915626808214667,972.5194444444444,0.005555555555555556,2,0,2024-11-01,4499736
1730453400000000,0.00036917127518953246,34.715404309618194,0.9045842729573755,180,0.904594136343134,0.40679537390652154,0.0014828480800948007,0.002685585524018208,902.4916666666667,0.011111111111111112,2,0,2024-11-01,4499736
1730455200000000,0.00022374192251632365,3.1625255797881033,0.562397808905247,180,0.7879223051936921,0.3399449042832785,0.011501230717185229,0.0035604376366531465,1015.0,0.011111111111111112,2,0,2024-11-01,4499736
1730457000000000,0.0001165346730710114,2.3709379822045102,0.4565421768180531,180,0.8948689625828066,0.5473954675293277,0.0005952668816970874,0.0004776403884444447,995.6916666666667,0.011111111111111112,2,0,2024-11-01,4499736
1730458800000000,0.0002779458319423782,7.834342394793893,0.727408843119361,180,0.7823021573110547,0.4486858859474909,6.547626620856395e-05,0.00200038076637743,768.9555555555555,0.022222222222222223,2,0,2024-11-01,4499736
1730460600000000,0.0003042852324980824,10.37969046609624,0.6853895359611273,180,0.7171405219243907,0.31636918054456076,0.0007831669021003407,0.001851608142495853,986.9888888888889,0.016666666666666666,2,0,2024-11-01,4499736
1730462400000000,0.00020539632124778694,3.264313175878543,0.4685204594197617,180,0.7692258228008105,0.28145245905833793,0.0048873267187020675,0.012567313461811946,900.0277777777778,0.022222222222222223,3,0,2024-11-01,4499736
1730464200000000,0.0004388569873003301,26.47281009600009,0.8608320118272399,180,0.8648928783646801,0.31465664976554963,0.012094061042431159,0.006946524218112038,780.6861111111111,0.05,3,0,2024-11-01,4499736
1730466000000000,0.00021747994634929284,6.828663688759482,0.6512037913224673,180,0.8056948382486913,0.16646602521779463,0.0012467074364610475,0.0007050510355000039,1092.5111111111112,0.022222222222222223,3,0,2024-11-01,4499736
1730467800000000,0.0003855022745885236,15.26444061186504,0.7679599100293787,180,0.7840275632348963,0.45435216864032724,0.0042784509566369255,3.518954017067699e-09,828.0916666666667,0.03333333333333333,3,0,2024-11-01,4499736
1730469600000000,0.00046047806378695624,19.63234098014649,0.8086517672622658,180,0.8113737662070444,0.23857209279536118,0.003870874546366365,0.0008262924387949511,610.9666666666667,0.07222222222222222,3,0,2024-11-01,4499736
1730471400000000,0.00048478142410228345,23.83983693238104,0.8251497293078521,180,0.8271326155163794,0.45102684075249044,0.007329896669265201,0.0011338535005098738,662.0388888888889,0.05,3,0,2024-11-01,4499736
1730473200000000,0.000392020812499413,13.537575871671791,0.7347696866241142,180,0.7465593179759988,0.21628294276004256,3.5243028000842e-05,0.0007219860362570607,913.6944444444445,0.06111111111111111,3,0,2024-11-01,4499736
1730475000000000,0.0004144695256396645,12.038246856409367,0.7664021583200429,168,0.7889866758096277,0.4202034726358378,0.009310309107518733,0.0005156568108091175,1078.6369047619048,0.125,3,0,2024-11-01,4499736
1730476800000000,0.00039455376960654035,19.875763251114268,0.8560480114080182,168,0.8596371424183751,0.34064473734676803,0.02830971378364544,0.04389374912560773,900.8690476190476,0.11904761904761904,4,0,2024-11-01,4499736
1730478600000000,0.0003755050162952626,16.663019693553682,0.8649008618701791,180,0.877758667050114,0.32986908252498603,0.006327085117289077,7.474995518896854e-05,990.6083333333333,0.07222222222222222,4,0,2024-11-01,4499736
1730480400000000,0.0004048567845025341,22.950882824541747,0.8946880985598905,180,0.8947455133903772,0.4881250340805007,0.0035517213468542197,0.0018680597723851333,835.3972222222222,0.044444444444444446,4,0,2024-11-01,4499736
1730482200000000,0.00036943252848690587,18.744567319400854,0.8428567405038395,180,0.8501842753592763,0.30150651275016105,0.00027090158452958146,0.0008697675598533516,784.3194444444445,0.027777777777777776,4,0,2024-11-01,4499736
1730484000000000,0.0003219487983173966,8.14910547324995,0.5942383328630874,180,0.647839096636831,0.25786931572121086,0.008578198472241505,2.0240021855411072e-05,778.3,0.03888888888888889,4,0,2024-11-01,4499736
1730485800000000,0.00030155232939062314,14.544867501456071,0.8088224509344251,180,0.8140691232541871,0.381610946061389,0.010356718252728103,0.007161753127174153,1011.4666666666667,0.011111111111111112,4,0,2024-11-01,4499736
1730487600000000,0.00035530696367997507,5.94642375751767,0.7969215950365869,180,0.8714601697373323,0.29991457678223343,0.008111962939848616,0.04526399356952804,695.3083333333333,0.03888888888888889,4,0,2024-11-01,4499736
1730489400000000,0.000448330079048696,37.77893385289429,0.8737853766418278,180,0.8737895968770716,0.35221284025965793,2.278459094884333e-05,0.0011084719608467353,620.2416666666667,0.03333333333333333,4,0,2024-11-01,4499736
1730491200000000,0.0004072193808918192,20.71529268618869,0.8781403837668025,180,0.8997552502387953,0.38807596026520885,0.004381859631806151,0.001091014652230382,782.0027777777777,0.03888888888888889,5,0,2024-11-01,4499736
1730493000000000,0.00037482287401486105,20.11387546985806,0.8027253398230366,180,0.8030265106293316,0.45435384773939946,0.004048450505519496,0.019896314203258658,884.9416666666667,0.016666666666666666,5,0,2024-11-01,4499736
1730494800000000,0.0003759645350600889,10.083664216219,0.6902869014100415,180,0.717213413648504,0.43216108415241516,0.002077871962577249,0.0007363572619534242,755.5,0.07777777777777778,5,0,2024-11-01,4499736
1730496600000000,0.00025784955985293955,6.86194989349516,0.660466986158327,180,0.7096932864861785,0.5325416994359845,0.010910899199843671,0.012037310312192795,1392.0555555555557,0.022222222222222223,5,0,2024-11-01,4499736
1730498400000000,0.00035864033640753965,7.19697926185101,0.6457862385044342,180,0.6765144935704193,0.3591478977138687,0.0003918633031101404,0.005669927427975896,735.6722222222222,0.03888888888888889,5,0,2024-11-01,4499736
1730500200000000,0.00038757404060936625,19.71953319653194,0.8001368168663914,180,0.8085400567213226,0.31169337196916813,0.012866422385015786,0.019402684272453063,771.9861111111111,0.016666666666666666,5,0,2024-11-01,4499736
1730502000000000,0.00038413747229855215,12.8537502710559,0.770309629179411,180,0.7964329470329371,0.41970494472154163,0.004986544281021743,0.002935863884021228,1134.9222222222222,0.03333333333333333,5,0,2024-11-01,4499736
1730503800000000,0.00038040253803392694,5.528352601934562,0.6637716816132843,168,0.7775671071784466,0.19986911390375084,0.0038114866216915066,0.0034299137782761724,758.2767857142857,0.017857142857142856,5,0,2024-11-01,4499736
1733011200000000,0.0011658536004549073,15.231766754024276,0.7114595460631654,168,0.7187972961755162,0.43753947608264887,0.0018998341163040111,0.001276422612729644,370.3125,0.3273809523809524,0,1,2024-12-01,6808434
1733013000000000,0.0006174694652684488,6.583149870605539,0.5096575599239583,180,0.5673734508807395,0.3539630972263442,0.005072415116754603,0.0004498018126182224,1335.2472222222223,0.3333333333333333,0,1,2024-12-01,6808434
1733014800000000,0.0008229520340764056,12.546298519131838,0.5649965738008413,180,0.5960342364339782,0.3464915561999594,0.00015273300079521324,0.003374333410338659,738.6611111111112,0.2222222222222222,0,1,2024-12-01,6808434
1733016600000000,0.0003061458785058967,1.8716654136477475,0.22239061474481714,180,0.6822564023303956,0.34392582348826595,0.023097368631429083,0.030143520369482646,722.7222222222222,0.11666666666666667,0,1,2024-12-01,6808434
1733018400000000,0.000842525282114843,13.62766389010279,0.6497097265893399,180,0.6748735847472636,0.2199880543227114,0.006286918947755904,0.0002531490206247877,518.75,0.18888888888888888,0,1,2024-12-01,6808434
1733020200000000,0.0006265125997445522,10.41307690944127,0.513922794486452,180,0.5255549461732185,0.37738799248068366,0.010436788543159325,0.00017028626303927652,656.8888888888889,0.18888888888888888,0,1,2024-12-01,6808434
1733022000000000,0.0005960353650955857,11.360640096685247,0.6667512461352523,180,0.7090290053029864,0.3831884335107506,0.001039620935815777,0.005287733960357088,790.2777777777778,0.03888888888888889,0,1,2024-12-01,6808434
1733023800000000,0.0007016307250758444,14.996960866193271,0.7823268861668536,180,0.789984984117353,0.3619867247803391,0.010377529627826898,0.003363000190559462,869.7416666666667,0.022222222222222223,0,1,2024-12-01,6808434
1733025600000000,0.0005859608301711928,11.69154677662414,0.7246341556300624,180,0.7553430924722502,0.4402388869986278,0.00016590526223858593,0.004057384534281061,1074.036111111111,0.06111111111111111,1,1,2024-12-01,6808434
1733027400000000,0.0006051650918401383,6.715023486533325,0.6137654618291192,180,0.6859161698388,0.309198155422188,0.00503523785667126,0.004478833914958513,817.0666666666667,0.06666666666666667,1,1,2024-12-01,6808434
1733029200000000,0.0008306755418465603,5.697498597635841,0.5195644570237876,180,0.5987939240550834,0.6239169487173728,0.013381068596064805,0.01874151556567316,583.6777777777778,0.06666666666666667,1,1,2024-12-01,6808434
1733031000000000,0.0007433120784891558,3.2768009057773684,0.4986189328368751,180,0.6440575056599596,0.5227240561432258,0.029498058715731634,0.00029285151731417436,518.8722222222223,0.08333333333333333,1,1,2024-12-01,6808434
1733032800000000,0.0006667426488598147,6.890221209198475,0.66478867567569,180,0.7721684134630626,0.3127259131386769,0.004048125421478699,0.0024000319985142404,696.6416666666667,0.044444444444444446,1,1,2024-12-01,6808434
1733034600000000,0.0006897228420126918,7.916895744124702,0.5898675806895468,180,0.6797809299922584,0.31198789461183285,0.0002899305660102325,0.010743492575441826,660.8055555555555,0.016666666666666666,1,1,2024-12-01,6808434
1733036400000000,0.0008556923872249092,9.818232647463383,0.7159785483736549,180,0.7605769164498188,0.3550367194661994,0.00016622054631298955,0.002685492531507294,430.8888888888889,0.016666666666666666,1,1,2024-12-01,6808434
1733038200000000,0.00042263455421282826,4.6636390395919864,0.5198566283777125,168,0.684003378618915,0.3240010198021813,0.0006160857430912436,0.0067327152331698725,753.375,0.047619047619047616,1,1,2024-12-01,6808434
1733040000000000,0.0006185798046632547,8.454092000184842,0.5600042018549046,168,0.5872663234635986,0.5763669246141156,1.7491688945048267e-06,0.01140040148330157,1625.6220238095239,0.10714285714285714,2,1,2024-12-01,6808434
1733041800000000,0.0007295869372041518,10.103748157825134,0.70163561755477,180,0.7242455044755387,0.43293247789310885,0.00040746213450326696,0.0016529192776388868,894.675,0.08888888888888889,2,1,2024-12-01,6808434
1733043600000000,0.0006656462864002061,5.567709385166271,0.5193059703354239,180,0.5968072411531087,0.4104594056126569,0.003896327476131556,0.00033957515269256167,520.2583333333333,0.1,2,1,2024-12-01,6808434
1733045400000000,0.000762249947442147,7.947797742580225,0.678450252879371,180,0.6801281428492397,0.4808987048992468,0.007811350779392212,0.005812780318081079,723.3055555555555,0.06666666666666667,2,1,2024-12-01,6808434
1733047200000000,0.0008179753286084348,21.250198961126944,0.7774674906753258,180,0.7813522452378869,0.14432581424057234,0.00550469973314982,0.0009567600218254313,585.3555555555556,0.044444444444444446,2,1,2024-12-01,6808434
1733049000000000,0.0007212435764585268,17.44582571777752,0.7257457715090722,180,0.7745823035793833,0.3632034704095811,0.0013053020210844757,0.004144977290483576,633.5666666666667,0.03888888888888889,2,1,2024-12-01,6808434
1733050800000000,0.0007711928455689031,11.869025701957876,0.6519099905032364,180,0.6957417047657344,0.5146522279910318,0.0032122183507721225,0.0013858564255476713,584.5888888888888,0.06111111111111111,2,1,2024-12-01,6808434
1733052600000000,0.0007644250501187794,13.15676226865694,0.747453234724099,180,0.7692526201864215,0.2960275408919575,0.005353611427417859,0.012589236483956934,637.0111111111111,0.05555555555555555,2,1,2024-12-01,6808434
1733054400000000,0.0008465032169717173,14.684091307230425,0.7497242078040018,180,0.7704517756628677,0.3562380263887751,0.00031153914047366005,0.005315806775149978,581.575,0.011111111111111112,3,1,2024-12-01,6808434
1733056200000000,0.0010300291524604926,15.289076236604975,0.7173252461569295,180,0.7177321393972611,0.5591078004249999,0.000247149501705235,0.02146879752250519,592.1833333333333,0.06666666666666667,3,1,2024-12-01,6808434
1733058000000000,0.0010043143700940158,19.53073594854004,0.775130750642646,180,0.789154675012646,0.5239376052494368,0.00032987076846213714,0.0034654203419457463,461.93611111111113,0.1388888888888889,3,1,2024-12-01,6808434
1733059800000000,0.0008471703489362596,7.566160524644682,0.625554060748017,180,0.7189834194207828,0.42580572319955234,0.005831850103350078,0.012540625616290879,467.50555555555553,0.13333333333333333,3,1,2024-12-01,6808434
1733061600000000,0.0009683109605735443,14.971190877744041,0.6988933141960156,180,0.7168895133287446,0.31460642621867174,0.00015578311055963745,0.00543204505154149,565.6555555555556,0.07222222222222222,3,1,2024-12-01,6808434
1733063400000000,0.000979303527026323,5.33814244229244,0.7085252371422248,180,0.8187830667071099,0.4256315422315491,0.0008223697378145767,5.235892354016336e-06,470.59166666666664,0.06666666666666667,3,1,2024-12-01,6808434
1733065200000000,0.0005353272260688735,6.111493290325687,0.5280331044883724,180,0.6792164712168115,0.33163954517098615,0.001564950936798648,0.0001033098175781122,483.5388888888889,0.06111111111111111,3,1,2024-12-01,6808434
1733067000000000,0.0009922398845468954,10.750040111755165,0.6462262248994772,168,0.6607287613394749,0.3662996991795625,0.015906596651559246,0.019652301071406142,344.3065476190476,0.08333333333333333,3,1,2024-12-01,6808434
1733068800000000,0.0007817953715497264,5.89030628553513,0.6140429511451969,168,0.6339949547810058,0.4675212630367125,0.009679750001436505,0.0015131741539272658,451.07738095238096,0.09523809523809523,4,1,2024-12-01,6808434
1733070600000000,0.0009005762621673854,6.908180320241783,0.5831928970432294,180,0.6617723058415081,0.37333759895873597,0.004993487429415855,0.04085120786400198,394.6138888888889,0.05,4,1,2024-12-01,6808434
1733072400000000,0.0009161564758308751,12.157537929201508,0.731937109567873,180,0.7569971508859541,0.1976209067628657,0.0034101631169709545,0.008282340979615999,475.7638888888889,0.07222222222222222,4,1,2024-12-01,6808434
1733074200000000,0.0007526368453549623,4.857563696929424,0.616642166196876,180,0.7753461537152186,0.44912236670442585,0.0005700974194110531,0.010185556599210277,586.4222222222222,0.027777777777777776,4,1,2024-12-01,6808434
1733076000000000,0.0010213432517096532,19.484056127759764,0.8140966083473713,180,0.8195243580491425,0.45609732168654793,0.01262545337142884,0.0019933981212607588,653.3777777777777,0.027777777777777776,4,1,2024-12-01,6808434
1733077800000000,0.000984411638132516,14.029285188264328,0.8047664195832128,180,0.8132432768108362,0.5034134301427251,0.00537411097884255,0.004762008476618784,503.2611111111111,0.03333333333333333,4,1,2024-12-01,6808434
1733079600000000,0.0007755481239098863,6.008949391497507,0.579109973862335,180,0.6697584222624342,0.5030319503419942,0.0004596303092966325,0.007822079927924719,571.1972222222222,0.03333333333333333,4,1,2024-12-01,6808434
1733081400000000,0.0005518571255467683,3.142998155828205,0.5390690370842312,180,0.8162324172849809,0.4187007895315006,0.005880721311882664,0.01017384076800898,463.65833333333336,0.05,4,1,2024-12-01,6808434
1733083200000000,0.0007271077113022279,12.55322380176477,0.7604685383298687,180,0.7985641414113002,0.35410798705938773,0.00018486056306943333,0.0017000049769685388,547.6972222222222,0.09444444444444444,5,1,2024-12-01,6808434
1733085000000000,0.0007245477457712161,9.196297471912509,0.6743572991409352,180,0.730047523137197,0.308787359432831,0.00027638896833537263,0.00029124556852788697,568.0694444444445,0.027777777777777776,5,1,2024-12-01,6808434
1733086800000000,0.0008443906628324417,11.463957200082628,0.7744253741507962,180,0.8077399520366759,0.3520759997756405,0.007103945860673977,0.008404254951912327,558.0638888888889,0.022222222222222223,5,1,2024-12-01,6808434
1733088600000000,0.000724083560614363,10.481447531626975,0.7202841571233185,180,0.7807101691570465,0.3365387514514878,0.008376896152905045,0.0062373054692872465,602.4555555555555,0.027777777777777776,5,1,2024-12-01,6808434
1733090400000000,9.568870458057609e-05,1.9582026913400288,0.15611853555190913,180,0.40037987243586715,0.32888598514789635,0.0053681851928545354,0.0035194629434726066,716.2666666666667,0.03333333333333333,5,1,2024-12-01,6808434
1733092200000000,0.0007117111837597541,11.104964123700327,0.5851738703917453,180,0.6173593464767518,0.3191658113192436,3.947056583175623e-05,0.00020286039763628416,1379.0333333333333,0.07777777777777778,5,1,2024-12-01,6808434
1733094000000000,0.0007381989746401856,7.29192157075699,0.6030932777723225,180,0.7170333145791387,0.25569418390809284,0.0005535111822412286,2.358482849240673e-05,423.56388888888887,0.06111111111111111,5,1,2024-12-01,6808434
1733095800000000,0.0009758304529048437,7.133135305922426,0.6599836883152972,168,0.674494268813195,0.33391641487113066,0.026208387982199155,0.03307447225362026,484.6904761904762,0.07738095238095238,5,1,2024-12-01,6808434
1735689600000000,0.00038893846371516503,12.773673643858285,0.7719945558138759,168,0.7890101715006201,0.2683923272729286,0.00795337765769255,0.008669959139341543,984.8184523809524,0.0,0,0,2025-01-01,4002377
1735691400000000,0.00041040078050899424,20.729094160006213,0.8209728702915482,180,0.8392301849540106,0.33173810010387295,0.0035941103804932872,0.00018876827949099173,849.2416666666667,0.005555555555555556,0,0,2025-01-01,4002377
1735693200000000,0.00042695591719512803,14.25000889062024,0.7920287644407487,180,0.8165627472536567,0.31733558322410327,0.0034702045348329325,0.0040676963348569295,730.4694444444444,0.0,0,0,2025-01-01,4002377
1735695000000000,0.0003448949320126653,6.595978650355541,0.7182321295344773,180,0.8319528779795827,0.21467076143814423,0.004922072557786206,0.01367603821833896,1161.5527777777777,0.0,0,0,2025-01-01,4002377
1735696800000000,0.00039792592933788435,7.894105290022189,0.7492072941054606,180,0.821697651300938,0.13098837174124867,0.005463618517757229,0.0007978712704818092,852.3444444444444,0.011111111111111112,0,0,2025-01-01,4002377
1735698600000000,0.0003820369203256778,12.178039278137767,0.8806370323046833,180,0.902855746700742,0.42809401785971957,0.000341141348537799,8.953821531954009e-05,791.4611111111111,0.011111111111111112,0,0,2025-01-01,4002377
1735700400000000,0.0003798346666485696,6.837460933164074,0.8083683241711412,180,0.8892293360643826,0.1978862534557294,0.02166401213228064,0.055510834916927765,854.8888888888889,0.005555555555555556,0,0,2025-01-01,4002377
1735702200000000,0.000296531363203293,12.294297987392692,0.8085889394066952,180,0.860512150460131,0.2745700408850097,0.0006688544957738074,6.041834111902844e-07,1164.263888888889,0.0,0,0,2025-01-01,4002377
1735704000000000,0.00037601315233979943,22.938811553966033,0.8671590161448443,180,0.8694517403812835,0.3343023245367399,0.00015809923996390474,0.00923939614867153,838.9055555555556,0.005555555555555556,1,0,2025-01-01,4002377
1735705800000000,0.0003773140330145607,28.290440559072426,0.8472614187115388,180,0.8480292875795366,0.3559592749780348,0.00850947194312901,0.0009155167568482003,987.6083333333333,0.005555555555555556,1,0,2025-01-01,4002377
1735707600000000,0.00028202122662772486,6.42961606268252,0.6639489123666846,180,0.8067181203877656,0.24031692455423848,0.0009613133827170994,5.4730777013234366e-05,1089.775,0.0,1,0,2025-01-01,4002377
1735709400000000,0.00038510148330272423,16.845254168708834,0.7889018669995227,180,0.8093035103738648,0.1746163425612809,0.011207323576587935,0.016441562565149614,808.1944444444445,0.011111111111111112,1,0,2025-01-01,4002377
1735711200000000,0.00040727647745812396,28.3104164223475,0.8947539007574901,180,0.895006193189534,0.3758540219130543,4.068471907148208e-07,4.488648279266094e-05,765.1722222222222,0.0,1,0,2025-01-01,4002377
1735713000000000,0.0004080652686279158,23.28905369914507,0.8476524147748162,180,0.8502383164037907,0.28609058526847986,9.410218865668618e-05,9.763960533804017e-05,830.2027777777778,0.0,1,0,2025-01-01,4002377
1735714800000000,0.00043135228002958917,23.016034570369346,0.8090132254918686,180,0.8113665926871017,0.296293979119745,0.0095721662891054,0.005802260402279158,816.5138888888889,0.0,1,0,2025-01-01,4002377
1735716600000000,0.00024053484330738653,8.342138631593686,0.726645578635654,168,0.8459714839985117,0.13490079713067726,0.008829833150703514,0.009083102087668271,1258.0833333333333,0.005952380952380952,1,0,2025-01-01,4002377
1735718400000000,0.00034574736083828604,10.455279815114391,0.8301630579580617,168,0.8815884551285538,0.2661934203796844,3.4792975830755246e-05,0.00015611058588127502,1015.0892857142857,0.005952380952380952,2,0,2025-01-01,4002377
1735720200000000,0.00037811786587067136,11.844747752156627,0.8233520879918803,180,0.835699617738756,0.3466313541550621,0.005084138412226991,0.019585795702543818,1007.1611111111112,0.011111111111111112,2,0,2025-01-01,4002377
1735722000000000,0.00038440774421793383,28.34655042051029,0.8248417896874843,180,0.8255848928511186,0.21472889026987707,0.00037503392823978743,0.00017978141533236958,1140.4166666666667,0.011111111111111112,2,0,2025-01-01,4002377
1735723800000000,0.00017995809429926374,4.750138167786671,0.531847061373676,180,0.7878501236718065,0.06621723508215815,0.0013151243221878328,0.0019014780027428735,1940.0805555555555,0.016666666666666666,2,0,2025-01-01,4002377
1735725600000000,0.00033447850255086586,16.942603230611102,0.7885222834113378,180,0.8061821224620991,0.19046546392128583,6.260639563659964e-06,7.483330104407493e-05,1318.911111111111,0.011111111111111112,2,0,2025-01-01,4002377
1735727400000000,0.0003267355453269638,9.278837022505428,0.7795912588971718,180,0.8370501768938918,0.20215530471760823,0.0024177646182229617,0.002392039155269976,1274.7777777777778,0.005555555555555556,2,0,2025-01-01,4002377
1735729200000000,0.00035999012190427707,17.26743982674993,0.827266308342363,180,0.8422387477025497,0.3260726393128216,0.00443762594397723,0.004819029574359646,938.8472222222222,0.011111111111111112,2,0,2025-01-01,4002377
1735731000000000,0.00028223620405306736,8.300483183902728,0.658501206080101,180,0.6984714737470943,0.40907618484180575,0.005760745012461932,0.003609040933991836,1596.7611111111112,0.005555555555555556,2,0,2025-01-01,4002377
1735732800000000,0.00016289087713159916,2.597350265670892,0.495775026192655,180,0.799767852287838,0.2572723838048624,6.938748365503677e-05,0.0014474451201208494,995.8388888888888,0.005555555555555556,3,0,2025-01-01,4002377
1735734600000000,0.000361049242668076,19.718779869787745,0.8020364188423535,180,0.8147677096029898,0.14912099464401518,0.0054985928251040095,0.007583961649247017,1049.4055555555556,0.016666666666666666,3,0,2025-01-01,4002377
1735736400000000,0.00030528874595680145,7.00210200220032,0.7324431283689808,180,0.8190791025443395,0.33373581206884795,0.013289104676661112,0.0015854143185168867,1160.0861111111112,0.022222222222222223,3,0,2025-01-01,4002377
1735738200000000,0.0003368582537617343,11.88534237096767,0.7630169649005665,180,0.7789394316960716,0.14823441689382966,0.0023352740331583632,0.004965284304876971,1006.5638888888889,0.005555555555555556,3,0,2025-01-01,4002377
1735740000000000,0.0003736975855303466,30.34260341217001,0.8690764725078715,180,0.8692803461014827,0.2518469426852571,0.018354546733099553,0.024221315861178483,1052.5111111111112,0.005555555555555556,3,0,2025-01-01,4002377
1735741800000000,0.0003569840687107696,24.70984369760863,0.8075247344545827,180,0.8080475280693967,0.21610158013391823,0.00028604000536358587,0.003989847596522211,1169.013888888889,0.011111111111111112,3,0,2025-01-01,4002377
1735743600000000,0.0003953805967855052,35.10867564687477,0.8526467176146514,180,0.8582892158253391,0.19742885134973043,0.03718207380230376,0.01826804808483984,921.4555555555555,0.0,3,0,2025-01-01,4002377
1735745400000000,0.000404655821547058,31.951833763944894,0.8895232691795794,168,0.8899252916975419,0.210247822173255,0.0013667457324560983,0.0008589490844093106,903.4047619047619,0.005952380952380952,3,0,2025-01-01,4002377
1735747200000000,0.0003497626089795214,19.242407907355044,0.8414293466123641,168,0.8556598688780415,0.31709772359955146,0.0006540338123285361,0.00022928835597191277,862.4255952380952,0.0,4,0,2025-01-01,4002377
1735749000000000,0.00040734682883282664,31.432195934516958,0.8444350680440538,180,0.84495323064329,0.19084676002731482,0.009781260026708871,0.005291715723434343,884.4638888888888,0.022222222222222223,4,0,2025-01-01,4002377
1735750800000000,0.00037624154937745784,22.537632804370652,0.849569508670158,180,0.8520278371868253,0.26092084753218747,0.0005072496882017052,0.0034911593056389245,808.9861111111111,0.011111111111111112,4,0,2025-01-01,4002377
1735752600000000,0.0003938387414857853,19.089400209045156,0.841773936620315,180,0.8594399209450966,0.3572389925813819,0.00797500753369107,0.00378909870355415,865.0305555555556,0.0,4,0,2025-01-01,4002377
1735754400000000,0.00045308160585628217,18.537724675537294,0.8565057732080255,180,0.8721340076295557,0.2096859914910345,0.001223255177623006,0.0016450118707684869,763.1666666666666,0.005555555555555556,4,0,2025-01-01,4002377
1735756200000000,0.00020668717024170013,3.6831751098916934,0.4301328680009645,180,0.7521556491657871,0.14967556950464023,0.01728312671544563,0.0018569251468730785,852.6722222222222,0.0,4,0,2025-01-01,4002377
1735758000000000,0.0005613345989721004,26.167020240190293,0.8222344584987753,180,0.8233701511158719,0.25478391806257683,0.00014628954614670509,0.007667433105155053,571.4277777777778,0.016666666666666666,4,0,2025-01-01,4002377
1735759800000000,0.0005279454753028571,21.791482331692468,0.8399530869771533,180,0.8408727935651725,0.12148050681457889,7.18616296768726e-06,0.0004302572188129572,631.5361111111112,0.011111111111111112,4,0,2025-01-01,4002377
1735761600000000,0.000552668545138277,27.697211805926827,0.882815739187269,180,0.8839451645861112,0.2327755284902654,0.0008472532938678112,0.001716945613379317,696.2083333333334,0.011111111111111112,5,0,2025-01-01,4002377
1735763400000000,0.0005582524861465684,25.270463773218893,0.8594836982618484,180,0.8619228515642531,0.3216674624123178,2.9473875820529294e-05,0.0002855966662610454,670.3888888888889,0.005555555555555556,5,0,2025-01-01,4002377
1735765200000000,0.0004898180381885345,15.862046469457106,0.8102462485011822,180,0.8351626172565711,0.21665573624784507,0.0005937708720755719,0.00019183566714009448,853.3694444444444,0.0,5,0,2025-01-01,4002377
1735767000000000,0.0004733263437855421,15.243399165638108,0.8146338155746049,180,0.8357310120585286,0.45215229088283215,0.004201745540956647,0.004371792026079957,648.6416666666667,0.0,5,0,2025-01-01,4002377
1735768800000000,0.0005991151933821845,15.945459650708775,0.8207186939803578,180,0.830803194231183,0.4036882634747949,0.009436018764097276,0.005701566023097904,893.6,0.005555555555555556,5,0,2025-01-01,4002377
1735770600000000,8.480807505808963e-05,5.889133682887202,0.09515602763465003,180,0.0965848794956814,0.7553361445981488,0.0003321971319060202,0.005377657330811747,1867.7972222222222,0.005555555555555556,5,0,2025-01-01,4002377
1735772400000000,0.0002596717505894493,7.4878228951448875,0.7073085088568027,180,0.7765596149732942,0.11348372856058853,0.02144116202833002,9.237968955833065e-05,1980.7333333333333,0.0,5,0,2025-01-01,4002377
1735774200000000,0.00037057545407755317,22.86580236638237,0.8465310487551991,168,0.8470657149058525,0.3577499325986251,0.018611041497854308,0.004444316580284213,1247.0267857142858,0.0,5,0,2025-01-01,4002377
1738368000000000,0.0003028768220077404,3.2977893895131296,0.5280562863062734,168,0.8692584222753245,0.30580053158557363,0.008038929697695707,0.0010726126151623383,627.2589285714286,0.0,0,1,2025-02-01,3678390
1738369800000000,0.0004185057924910918,8.763042529683629,0.6882766682715793,180,0.7558442903176039,0.17530514147147314,0.0007490404692040986,0.0005733400500022023,874.5,0.005555555555555556,0,1,2025-02-01,3678390
1738371600000000,0.0004718585307568752,16.640840289667995,0.7975503727378385,180,0.8085200578781819,0.3191499928028173,1.9554644088426443e-06,0.0001242702914402427,798.8638888888889,0.005555555555555556,0,1,2025-02-01,3678390
1738373400000000,0.0004902717120581408,12.888265625168007,0.7606196625338102,180,0.8182900219023597,0.17826242839415096,0.0025455098100085616,0.0005974818774613366,738.5888888888888,0.011111111111111112,0,1,2025-02-01,3678390
1738375200000000,0.0005469946236119402,11.606399953044274,0.7556970392659098,180,0.7832494227582465,0.16283878068846247,0.009794537665327785,0.00784053661947981,689.4111111111112,0.005555555555555556,0,1,2025-02-01,3678390
1738377000000000,0.000598964133458872,15.424046333830022,0.8287368763624268,180,0.8525396834044375,0.3718575504119568,0.0027006338331257984,0.01121972362994006,582.7027777777778,0.005555555555555556,0,1,2025-02-01,3678390
1738378800000000,0.0004967838317155182,10.484251526504643,0.7370217297628974,180,0.803856108988928,0.2089564892935296,0.007609538805363747,0.0017992477502919435,745.0361111111112,0.0,0,1,2025-02-01,3678390
1738380600000000,0.00022327603487451463,2.8153199354214355,0.2794436761541551,180,0.41978817738438,0.27230155282943946,0.00016795247727485751,2.915487800525529e-05,860.9055555555556,0.005555555555555556,0,1,2025-02-01,3678390
1738382400000000,0.0005451456483348499,13.122118748419693,0.7882904617421984,180,0.8084464168447849,0.3755731256713881,0.0037249270878784158,0.0017149505109229635,686.2861111111112,0.011111111111111112,1,1,2025-02-01,3678390
1738384200000000,9.248523278104396e-05,2.4946445889857083,0.24681625798820062,180,0.6344769804108935,0.3095261512035409,0.000523235406643785,0.003537012798664363,720.85,0.0,1,1,2025-02-01,3678390
1738386000000000,0.0005424327819262454,13.076774675192139,0.7771598312644975,180,0.808492192041195,0.14865907636460252,0.00035395939225402184,8.128336805990344e-05,578.6555555555556,0.0,1,1,2025-02-01,3678390
1738387800000000,0.0005978114971763079,17.020941488213204,0.8418431799703575,180,0.8566888870954221,0.3572233593464622,5.9973823809178484e-05,0.00013082426702792915,606.7611111111111,0.0,1,1,2025-02-01,3678390
1738389600000000,0.0004923711622834522,16.813393456804377,0.828489036219178,180,0.8379020849777197,0.21417833225920668,0.00015338447970625335,0.00039333082441883604,821.7444444444444,0.0,1,1,2025-02-01,3678390
1738391400000000,0.00039624214804889117,10.141175543842962,0.7552909361726152,180,0.7851958416077117,0.21766765792292952,0.0007255429234869215,1.8705397381024724e-06,703.0277777777778,0.005555555555555556,1,1,2025-02-01,3678390
1738393200000000,0.0003940577355777497,7.347757415627411,0.7083043383869138,180,0.7928126064704502,0.19242683130301375,0.000555516415846502,0.0042658625362204106,700.2111111111111,0.0,1,1,2025-02-01,3678390
1738395000000000,0.0003220084223818301,8.160019414768891,0.7751360648588623,168,0.8727041746883113,0.40959442263320245,0.0244028408340613,0.023315187734417875,789.5892857142857,0.0,1,1,2025-02-01,3678390
1738396800000000,0.0001980285083775171,4.436631765661532,0.5007263990068749,168,0.642913334992737,0.21207672625961027,0.00046929029353970364,0.00880774402412643,924.6220238095239,0.017857142857142856,2,1,2025-02-01,3678390
1738398600000000,0.00032328565478974606,6.931907198788726,0.7003116308457958,180,0.7711006027025259,0.21720481135687542,2.96212539238061e-05,0.0005493303573753661,946.8472222222222,0.027777777777777776,2,1,2025-02-01,3678390
1738400400000000,0.0002692818448215789,8.030251094807987,0.659440130914216,180,0.8071425130334764,0.21963646838015827,0.010704671106189112,0.009226118083903945,1203.3861111111112,0.0,2,1,2025-02-01,3678390
1738402200000000,0.0003139750891600307,9.980078433751066,0.6743946860456939,180,0.700032122746534,0.35602945933286434,0.002207041616161809,0.022693225893496427,927.0194444444444,0.03333333333333333,2,1,2025-02-01,3678390
1738404000000000,0.0003268202895531996,10.352617817642543,0.7407568779099094,180,0.7806927387193606,0.45959322194005003,0.015212116987264102,0.0010099482033010254,1280.0333333333333,0.011111111111111112,2,1,2025-02-01,3678390
1738405800000000,0.0003150677856074468,26.392219700462142,0.8240870760858106,180,0.829226977923241,0.30056999523359884,0.011335529945807998,7.571809906514737e-06,1473.0027777777777,0.016666666666666666,2,1,2025-02-01,3678390
1738407600000000,0.00034668703440426723,17.62916384966142,0.8357660758164299,180,0.8527720696475738,0.2512187889881169,7.608410209636318e-07,0.001258944593224065,1059.036111111111,0.011111111111111112,2,1,2025-02-01,3678390
1738409400000000,0.00033967636252969026,14.83380720963292,0.8164489104162501,180,0.8311469954088142,0.40276316393142875,0.010834314304332682,0.004603879688682144,964.0166666666667,0.011111111111111112,2,1,2025-02-01,3678390
1738411200000000,0.00036753463684949397,21.73677213494088,0.805525491704895,180,0.8168437454183839,0.2909154629024914,0.0003238485492729204,0.0003276394343449951,950.4888888888889,0.005555555555555556,3,1,2025-02-01,3678390
1738413000000000,0.0004037027417467487,13.466421230693088,0.8314363724241098,180,0.8314847140101098,0.34128009439129703,5.520716898432809e-05,0.00396406482158107,963.0583333333333,0.0,3,1,2025-02-01,3678390
1738414800000000,0.0003504979498324945,22.61176508951746,0.8601789890191884,180,0.860412571193966,0.4537374387853339,8.999409150367566e-05,0.0007755271250621254,1090.1638888888888,0.005555555555555556,3,1,2025-02-01,3678390
1738416600000000,0.00025502084933995444,9.390639787287725,0.5423730237164427,180,0.5801430192452582,0.36801413953022377,0.002085950620574817,1.798308196709897e-05,1206.161111111111,0.011111111111111112,3,1,2025-02-01,3678390
1738418400000000,0.0003159678994524024,17.493633971527366,0.8023567425748415,180,0.8152221948216322,0.2812382559900616,0.015584649435101294,0.008754017057113872,1009.3027777777778,0.005555555555555556,3,1,2025-02-01,3678390
1738420200000000,0.00019388270890537243,2.2704412825089837,0.43192084681386955,180,0.7309259896149876,0.3733463414593984,0.00025531486869478925,0.010597896379847871,895.5916666666667,0.03333333333333333,3,1,2025-02-01,3678390
1738422000000000,0.0002468194929657559,13.481212065187037,0.7017905764916466,180,0.7244771842406912,0.3253111374985249,0.010785030701117249,0.007338076594663567,1451.1555555555556,0.022222222222222223,3,1,2025-02-01,3678390
1738423800000000,0.00029647447779867467,24.486016650889614,0.8380800179679075,168,0.8434552072895857,0.2645912683070538,0.003414916837408244,0.001272938391314593,1027.9345238095239,0.005952380952380952,3,1,2025-02-01,3678390
1738425600000000,0.0002965367491836841,19.865795050083495,0.8447472955061437,168,0.8520771708813818,0.3299508911925523,4.678917220124479e-05,0.0003332709525960542,986.952380952381,0.005952380952380952,4,1,2025-02-01,3678390
1738427400000000,0.00032415807146336047,26.55511358347811,0.8455084332775938,180,0.8499978243404821,0.2646947827899364,0.001313224462953344,0.011444015704934474,946.1111111111111,0.0,4,1,2025-02-01,3678390
1738429200000000,0.0003153283065220361,19.86555433028799,0.8766096326655674,180,0.8831924445121446,0.4716345575699893,0.010190291359579495,0.010625356667353092,1036.9194444444445,0.005555555555555556,4,1,2025-02-01,3678390
1738431000000000,0.00031464631397942516,29.673213304668693,0.8696000347332713,180,0.8755167177480199,0.31897877583538736,0.010274329977450591,0.015288674155577775,1045.8444444444444,0.011111111111111112,4,1,2025-02-01,3678390
1738432800000000,0.0002805410255505395,26.935110326587115,0.8642666455005454,180,0.864384248632672,0.31731130549895736,0.013836491143771057,0.0014132593715177055,1188.3583333333333,0.005555555555555556,4,1,2025-02-01,3678390
1738434600000000,0.00025132457575934806,17.15121171498904,0.79175699513122,180,0.8047843643802443,0.2456578634397002,0.0008121553959652417,0.007229739122449064,1162.6361111111112,0.016666666666666666,4,1,2025-02-01,3678390
1738436400000000,0.0002610451872828027,15.49858338713109,0.759407322624561,180,0.7675608989357952,0.17211911003125768,0.00048649041838377816,8.636299704134487e-05,1182.6888888888889,0.022222222222222223,4,1,2025-02-01,3678390
1738438200000000,0.0002843816416605832,25.13092382620862,0.8006718832906116,180,0.8007497310318991,0.2329230433906676,0.00099642859110316,0.0034627123472984467,1101.9194444444445,0.016666666666666666,4,1,2025-02-01,3678390
1738440000000000,0.000228565672870946,14.900756267908141,0.7500338786491166,180,0.7704903108528387,0.20262829422382755,0.0016726451455021385,0.00018927615202979364,1381.8638888888888,0.03888888888888889,5,1,2025-02-01,3678390
1738441800000000,0.00030933229516013055,15.67687381349066,0.7898303573655349,180,0.7933954943432021,0.3429839076424571,0.03067501769306491,0.012439992298368452,1116.025,0.016666666666666666,5,1,2025-02-01,3678390
1738443600000000,0.00025641022946028757,24.961492289246856,0.7028785060602888,180,0.7033420328227602,0.19906738371387667,0.00049274328158877,4.073768245516085e-05,1521.5722222222223,0.011111111111111112,5,1,2025-02-01,3678390
1738445400000000,0.0003056479485941913,13.079208905515621,0.7714860108250947,180,0.7750925573460036,0.3684046440256692,2.053177503569259e-07,0.000774463451011953,1117.3972222222221,0.016666666666666666,5,1,2025-02-01,3678390
1738447200000000,0.00026648738917835625,9.477566690855536,0.7278325935032439,180,0.7717054354335463,0.22357268601670965,0.000841971409615061,0.00037333876809342303,1298.4944444444445,0.03333333333333333,5,1,2025-02-01,3678390
1738449000000000,0.00039510869400594735,16.637840464548862,0.7713673902231883,180,0.7713827051323772,0.40235644937854975,0.0010656274535388865,0.01911536612573006,1019.7527777777777,0.07777777777777778,5,1,2025-02-01,3678390
1738450800000000,0.0001626545561483802,4.1493038112617695,0.4176255942022301,180,0.5582101787831676,0.17285975124753106,0.0004464213838395459,1.0476648678481304e-05,1177.3333333333333,0.03333333333333333,5,1,2025-02-01,3678390
1738452600000000,0.0004789431678810249,9.166734187359287,0.6452467067471608,168,0.7207756133391041,0.34931817679181465,0.004958606154543577,0.005477902720827821,559.4107142857143,0.017857142857142856,5,1,2025-02-01,3678390
1740787200000000,0.00014484346070689876,24.81121103481877,0.8839997885920569,168,0.8891107063722565,0.3741633537117135,0.03786240398392504,0.03445670664720024,2224.1815476190477,0.0,0,1,2025-03-01,3914782
1740789000000000,0.00011772710989735731,16.872006950271466,0.6862004882935757,180,0.7099417414028767,0.29452470840016565,0.00014108581293059697,0.003821351643149007,2465.836111111111,0.0,0,1,2025-03-01,3914782
1740790800000000,0.00014639558620639518,19.136189785836372,0.8182712729097381,180,0.8255072729754818,0.2995960525876944,3.1373726402939006e-05,0.008824120558553639,2079.05,0.0,0,1,2025-03-01,3914782
1740792600000000,0.00013382392857903705,6.049479408580128,0.7893370351296785,180,0.8824727971887286,0.2514062649502655,0.00036899685571534224,0.002514907034718017,2021.2083333333333,0.0,0,1,2025-03-01,3914782
1740794400000000,0.00012709816869350287,8.405715874459469,0.7615652073361869,180,0.8095612225800344,0.25806911435923263,0.002106561208095825,0.012660109283510579,2539.7833333333333,0.0,0,1,2025-03-01,3914782
1740796200000000,0.0001516978274518567,18.91982103240464,0.8232988638300458,180,0.8235974018831976,0.2883407682843968,0.010104971058301104,0.0335235001741212,2267.7305555555554,0.0,0,1,2025-03-01,3914782
1740798000000000,0.0001509874815390233,16.69369472862009,0.8458390022061175,180,0.85313630507322,0.21823639096901826,0.007600031768433713,0.00027010033673324774,2289.5555555555557,0.0,0,1,2025-03-01,3914782
1740799800000000,0.00014955520026240532,15.693221072125693,0.8442244360496124,180,0.8446215441514788,0.38265272485517976,0.00018911053026726687,0.0029972669569549026,2405.9,0.0,0,1,2025-03-01,3914782
1740801600000000,0.00015177248004261639,27.476674074337932,0.8868061678159496,180,0.8885140525679728,0.34524950802341914,0.00023996206883725169,0.0012212437564474987,2613.6111111111113,0.0,1,1,2025-03-01,3914782
1740803400000000,0.00012838787582945078,11.321073728537218,0.6910219363272783,180,0.716153474054279,0.4114901011957408,0.00027054806085113903,0.00025101010859474027,2837.15,0.005555555555555556,1,1,2025-03-01,3914782
1740805200000000,0.00013761514611012723,9.995076493859688,0.7976527537233326,180,0.8305041954536776,0.39656993273688634,0.0015840064204610815,0.012521403346951954,2332.825,0.005555555555555556,1,1,2025-03-01,3914782
1740807000000000,0.0001701642947299307,17.88734547928353,0.8853047398998057,180,0.900097471336606,0.3494687659611123,0.00018109105093111477,0.00015475222608929418,2228.2,0.0,1,1,2025-03-01,3914782
1740808800000000,0.0001053702697947761,18.84241750273799,0.8055809937097391,180,0.8231242438076302,0.40931643789265415,0.022395098338598873,0.0038605461298346633,2992.636111111111,0.0,1,1,2025-03-01,3914782
1740810600000000,0.000130067582387163,18.917865701213195,0.8829945711906948,180,0.896230203561752,0.2622248156865309,0.00229338472085705,0.001622998335590764,2699.927777777778,0.005555555555555556,1,1,2025-03-01,3914782
1740812400000000,0.00010837758206278834,25.952058416125126,0.8962904441719992,180,0.9021512753083982,0.4010429821382504,1.0136189374287952e-05,0.0036546229246946504,4002.438888888889,0.005555555555555556,1,1,2025-03-01,3914782
1740814200000000,5.229695285332618e-05,6.073346482056048,0.40741452008602996,168,0.4620833102641788,0.48159384743205047,0.017761926096322322,0.046918606436175514,3626.2559523809523,0.005952380952380952,1,1,2025-03-01,3914782
1740816000000000,0.00012018180145079315,11.512052358486649,0.7459782403620332,168,0.7630309993788562,0.4385758542218119,0.004720277036589837,0.0002468200339642568,2947.7738095238096,0.005952380952380952,2,1,2025-03-01,3914782
1740817800000000,0.0001766466211135379,16.57551136504548,0.8662840211847117,180,0.8722077753865585,0.44021223675426246,0.004561927348817996,0.006060764432917032,2252.572222222222,0.0,2,1,2025-03-01,3914782
1740819600000000,0.00016016605664579493,15.467374935866188,0.8052958524973373,180,0.8311085751941821,0.35146367760187747,0.003145795594368006,0.0022945628075378144,2096.4777777777776,0.0,2,1,2025-03-01,3914782
1740821400000000,0.00018381379200388848,21.394770786458807,0.8574841418920772,180,0.8584701378086176,0.3808553719101967,0.001962800798270048,0.0007688544943099673,2292.2,0.0,2,1,2025-03-01,3914782
1740823200000000,0.00016769192407160383,13.648871861587818,0.7425600968548809,180,0.7623013890690465,0.42842425438277576,0.03725043818359908,0.008126242722060195,2170.483333333333,0.005555555555555556,2,1,2025-03-01,3914782
1740825000000000,0.00017672494201307167,15.477515454220228,0.8207754608352213,180,0.8264182358536709,0.4249462186952233,0.0013477575865046276,0.0028811270651027954,2021.1555555555556,0.005555555555555556,2,1,2025-03-01,3914782
1740826800000000,0.0001340612359541981,6.134631094620116,0.6964713806100393,180,0.815076787883467,0.2424144436307759,0.0023220990735639546,0.011120781071755181,2077.1916666666666,0.005555555555555556,2,1,2025-03-01,3914782
1740828600000000,0.00018731912491799319,14.836758632611666,0.7918100311099034,180,0.8229493461626756,0.2417089230478765,0.0043088451536188455,0.013812762316009586,1755.611111111111,0.0,2,1,2025-03-01,3914782
1740830400000000,0.00018707207598208481,25.13571200261276,0.8709012489968171,180,0.8709562193031244,0.3573148386853102,0.00011615279624832553,5.601720701253754e-05,1870.9944444444445,0.0,3,1,2025-03-01,3914782
1740832200000000,0.00013697855221002337,4.8012827624041075,0.7017414493959246,180,0.8468615042464576,0.31708313273245115,0.006563528727531409,0.00030929356577069633,1970.2833333333333,0.0,3,1,2025-03-01,3914782
1740834000000000,0.00020584563057335218,14.673059524773468,0.8002949827731978,180,0.8081863661563173,0.4896480657241261,0.0016244013405583013,0.022193298331914857,1964.7694444444444,0.011111111111111112,3,1,2025-03-01,3914782
1740835800000000,0.00021303822263080957,21.879906026800423,0.8702311129746375,180,0.8808957046181904,0.11127892097610759,0.0010851663369405573,0.0017187748309028805,1633.9666666666667,0.005555555555555556,3,1,2025-03-01,3914782
1740837600000000,0.00019348151611441814,9.529596762173234,0.7893936955136343,180,0.8503270741128245,0.23333590429960305,6.003852772229479e-05,1.7306217923174216e-06,1590.5277777777778,0.005555555555555556,3,1,2025-03-01,3914782
1740839400000000,0.00019901390466004168,33.56369277539364,0.879645612199401,180,0.8817073975338233,0.16940909137176152,0.004415903686278422,0.011734584404529347,1658.2055555555555,0.011111111111111112,3,1,2025-03-01,3914782
1740841200000000,0.00018137899215937427,29.174464483124723,0.8715390207659319,180,0.8754040206046374,0.37635993008740276,0.00033683102923764974,0.0012797209789491282,1927.388888888889,0.005555555555555556,3,1,2025-03-01,3914782
1740843000000000,0.00021339336603564847,26.401249330921775,0.8217565821484203,168,0.8223205595028235,0.23432381415362036,0.024486061994977604,0.05561559984720987,1697.7559523809523,0.0,3,1,2025-03-01,3914782
1740844800000000,0.0001721104096851149,11.874476223165198,0.8138181771034116,168,0.8498993681092226,0.19615127414492117,0.001241930176801631,0.005252910545983647,1771.5029761904761,0.0,4,1,2025-03-01,3914782
1740846600000000,0.0001717868291954629,14.654988399571437,0.8706958911869442,180,0.8783860765789445,0.3983881309384273,0.0001365737862623062,0.0013281785304940508,1798.0944444444444,0.0,4,1,2025-03-01,3914782
1740848400000000,0.00016782000867556765,8.56224483804186,0.8144222967449419,180,0.8371795829083087,0.289454814660587,0.015229735989078397,0.035381106083260394,2177.4083333333333,0.0,4,1,2025-03-01,3914782
1740850200000000,0.00018948588159487157,29.147146191522022,0.9105571500320817,180,0.9130381453147921,0.34881505335796315,0.000887092738158124,4.978454458681725e-06,1888.213888888889,0.0,4,1,2025-03-01,3914782
1740852000000000,0.00020011941851559822,24.79926650872143,0.8871666818857962,180,0.8871847549967973,0.42345488548908894,0.01205207129926067,0.003877699741266838,1741.55,0.005555555555555556,4,1,2025-03-01,3914782
1740853800000000,0.00019350264075840095,30.606504027934438,0.9206925123907355,180,0.921343826095662,0.3789843478333853,0.004072856356869159,0.004835739223215563,1827.4722222222222,0.0,4,1,2025-03-01,3914782
1740855600000000,0.0001962216927301804,30.48250571372014,0.8775185442320161,180,0.8782381772209501,0.36032061593136966,0.00011363546586318218,0.00026241246563540876,1703.8916666666667,0.0,4,1,2025-03-01,3914782
1740857400000000,0.00018223999851933108,21.803138286220257,0.862830492151512,180,0.8631656660567459,0.2613931007388869,0.0005786082180555541,0.0013563737759602068,1895.4361111111111,0.005555555555555556,4,1,2025-03-01,3914782
1740859200000000,0.00017048076622251814,30.555638085438606,0.8853053316872556,180,0.8860224806799966,0.29702211240913046,0.007720321018259035,0.0036640207072563546,2091.838888888889,0.005555555555555556,5,1,2025-03-01,3914782
1740861000000000,0.00018030262657250443,30.835770457731428,0.8868683784612545,180,0.8876637976114053,0.13809179020668694,0.0006778125741927488,0.0035287046959565638,2045.3277777777778,0.0,5,1,2025-03-01,3914782
1740862800000000,0.0001623521129866663,27.873408608757273,0.9065112430129367,180,0.9096045878684136,0.2949660102266122,0.0006924931513601074,0.0022311570549373716,2181.0,0.0,5,1,2025-03-01,3914782
1740864600000000,0.00016773426692641733,15.411350264560852,0.8468687165316213,180,0.847993541961402,0.37824259610037825,0.0009445671740596628,0.011738687125703251,2369.963888888889,0.005555555555555556,5,1,2025-03-01,3914782
1740866400000000,0.00015173943052341945,29.44818644677717,0.877284680379089,180,0.8819462756934255,0.3950316215583545,0.009244138256807144,0.0002732390302416787,2754.2194444444444,0.0,5,1,2025-03-01,3914782
1740868200000000,0.0001856276387082322,23.817693127236765,0.7984092462673039,180,0.7993528998615593,0.3508400887369584,0.00019921720444748825,0.001119376404876915,1824.0027777777777,0.005555555555555556,5,1,2025-03-01,3914782
1740870000000000,0.0002177342976387765,27.454901800299673,0.8449837225348497,180,0.8469440318705214,0.33609646267004534,0.0005064703865169662,0.0007181531212500092,1503.7972222222222,0.005555555555555556,5,1,2025-03-01,3914782
1740871800000000,0.00021705914913381467,25.124953634863612,0.84800587739709,168,0.8511858882095594,0.15666872374236895,0.000175658005438728,0.0005534208944583119,1488.547619047619,0.0,5,1,2025-03-01,3914782
1743465600000000,8.293954612024324e-05,24.05490044728993,0.9109653135968958,168,0.9138893057048179,0.3340392914904874,3.932319544175389e-05,0.0027691295724372456,3455.7678571428573,0.0,0,0,2025-04-01,3571495
1743467400000000,9.541556712208866e-05,17.443891351847395,0.8747808325736184,180,0.8814059155080964,0.28542590443860827,1.7786945864517456e-05,2.1309885665399264e-05,2909.711111111111,0.011111111111111112,0,0,2025-04-01,3571495
1743469200000000,9.50962774304306e-05,32.63152662649447,0.9054188110573386,180,0.9058339640151147,0.18385627196318666,0.005085639538984443,3.384961685393151e-07,2660.358333333333,0.0,0,0,2025-04-01,3571495
1743471000000000,9.31448775620936e-05,40.660468311402205,0.9128765013812131,180,0.9162619888494236,0.3163563304024538,0.0037719134369063045,0.0008536508335513782,2727.675,0.005555555555555556,0,0,2025-04-01,3571495
1743472800000000,7.320067353246246e-05,20.3327554779404,0.8493363591378342,180,0.8493533188417222,0.1401209973844616,0.00812364331400195,0.019564892594041372,3453.125,0.011111111111111112,0,0,2025-04-01,3571495
1743474600000000,6.618671186164275e-05,24.06216915226604,0.8361002067162397,180,0.8370454247346104,0.4453996840938864,0.012935195925019238,0.014340574763503922,4421.988888888889,0.0,0,0,2025-04-01,3571495
1743476400000000,6.0615096124231894e-05,8.977029857421474,0.7099988052440405,180,0.747613305272698,0.3046091127219349,0.012331537462838105,0.009048642877911961,3674.5472222222224,0.0,0,0,2025-04-01,3571495
1743478200000000,5.706474617430177e-05,15.172721167786737,0.8063681353493677,180,0.8088077176350036,0.3359740416836643,0.0057106860794448044,0.0005808113674860005,3737.8944444444446,0.0,0,0,2025-04-01,3571495
1743480000000000,6.208828016015547e-05,23.685247336671488,0.8926572471613193,180,0.9055862417903968,0.3994409486845695,0.0005285341061151971,7.430040565581386e-06,4010.7527777777777,0.0,1,0,2025-04-01,3571495
1743481800000000,6.114637948533401e-05,25.48975226141722,0.8911643555318078,180,0.8966498223331552,0.2837854323955178,0.047888551671788404,0.033542418743243374,4223.066666666667,0.0,1,0,2025-04-01,3571495
1743483600000000,5.3899442452007195e-05,16.78413474875074,0.773870244225583,180,0.7780950529142061,0.2967504125784288,0.007541669780072202,0.015896904513463705,4470.397222222222,0.0,1,0,2025-04-01,3571495
1743485400000000,6.377372506254713e-05,30.914461289234183,0.8844376301192631,180,0.8860409098159517,0.29397792505594444,0.005623869001840864,0.013494092851339734,3905.8944444444446,0.0,1,0,2025-04-01,3571495
1743487200000000,6.008935864121082e-05,25.315364381098906,0.8858958285701686,180,0.8875381102136533,0.249507550850534,0.0002649676241237575,0.001151950841985716,4493.144444444444,0.0,1,0,2025-04-01,3571495
1743489000000000,6.129787423181416e-05,16.144969082532214,0.8004506449654709,180,0.8112759146423567,0.2951223297847013,0.009323958978111557,0.000953257208879843,4795.238888888889,0.0,1,0,2025-04-01,3571495
1743490800000000,6.433022228892799e-05,14.812705385725568,0.8413322204081091,180,0.8456999543918324,0.22926665965949844,0.00024298900150732106,0.00018306789049227223,4286.975,0.005555555555555556,1,0,2025-04-01,3571495
1743492600000000,7.126098632198027e-05,21.10125749771575,0.846931412812304,168,0.8472313668366942,0.387951428702244,4.3536705013336174e-05,0.0005444850296647541,3910.8988095238096,0.0,1,0,2025-04-01,3571495
1743494400000000,6.281744955150809e-05,12.106789640808287,0.7381276206606799,168,0.7473773897744848,0.20802977228956732,6.561952390105041e-05,0.0015979366066808387,4370.9375,0.0,2,0,2025-04-01,3571495
1743496200000000,7.650130434671868e-05,23.800333232271925,0.8432646552803233,180,0.8458452768227137,0.5093815040375167,0.0008902805402697389,8.009821893084634e-06,3859.6055555555554,0.005555555555555556,2,0,2025-04-01,3571495
1743498000000000,8.046524254384275e-05,36.05806643243616,0.8787838822607041,180,0.8800202383322411,0.3402923416692436,0.00023515624531289525,4.206678423546162e-05,4007.9222222222224,0.0,2,0,2025-04-01,3571495
1743499800000000,7.322347982315088e-05,20.193212300005666,0.8407242772291104,180,0.8493523427138686,0.1340102177681387,0.01746323406130068,0.02067967306562546,4053.7833333333333,0.0,2,0,2025-04-01,3571495
1743501600000000,5.5600205772482884e-05,10.387829118935434,0.7540659420657719,180,0.8228522124102973,0.03120259108529655,0.0007592312747878305,0.0003474705312100923,4404.469444444445,0.0,2,0,2025-04-01,3571495
1743503400000000,6.306338150107253e-05,31.64214751969535,0.8985232833839757,180,0.8994150523943268,0.18443258877706048,5.382476866544472e-06,0.005892979582475144,5317.638888888889,0.0,2,0,2025-04-01,3571495
1743505200000000,5.5855027942086185e-05,14.260780582998107,0.8380943325286034,180,0.8685946761271011,0.19895706756125864,0.018199684576343467,0.008171362588199282,4632.094444444445,0.0,2,0,2025-04-01,3571495
1743507000000000,6.204639518721063e-05,24.55919346495243,0.9065904929461254,180,0.9157164613970088,0.21871946961202648,0.00033452372566444843,0.0014073392648055183,4573.85,0.0,2,0,2025-04-01,3571495
1743508800000000,6.471371357769277e-05,41.00764910814641,0.8983336864587617,180,0.8987044793052743,0.2871818568824053,0.01879342387414873,0.008915431760590176,4970.85,0.0,3,0,2025-04-01,3571495
1743510600000000,5.59588342595666e-05,22.52657258576844,0.8646971129762473,180,0.8731810007435186,0.15485615787629525,1.6429491100922178e-09,0.0013885128163177995,5351.352777777778,0.0,3,0,2025-04-01,3571495
1743512400000000,5.659952377076694e-05,16.19645105435234,0.8656373587029462,180,0.8765730798724054,0.2404092088200962,0.002101345316970704,0.0026921692731174396,4755.711111111111,0.0,3,0,2025-04-01,3571495
1743514200000000,6.3555446651127e-05,23.433877006902616,0.8433954786721511,180,0.8443257631385535,0.2685261593701169,0.002056447415663465,0.012164815500428805,5387.4,0.016666666666666666,3,0,2025-04-01,3571495
1743516000000000,8.034434667844629e-05,24.156429834868767,0.8577170314382374,180,0.862014548807327,0.24365760297957184,0.0015757811165284519,5.829518951638857e-05,4085.8944444444446,0.0,3,0,2025-04-01,3571495
1743517800000000,8.274071787297216e-05,30.03161448888196,0.8284172968400288,180,0.8289002512923836,0.546255157408218,0.0002860301427480838,0.0007002557891211403,4286.0888888888885,0.005555555555555556,3,0,2025-04-01,3571495
1743519600000000,8.409969063879113e-05,23.91928990050822,0.8368374409012517,180,0.8369868652447134,0.39999188602407076,0.004729144237181959,0.0066202520583813484,3754.0944444444444,0.011111111111111112,3,0,2025-04-01,3571495
1743521400000000,8.30671142089697e-05,35.40562724606411,0.8116046880195259,168,0.8116386731379922,0.3039304868891217,0.023287186399001847,0.012231571985317546,3879.4761904761904,0.005952380952380952,3,0,2025-04-01,3571495
1743523200000000,6.657989606197714e-05,9.250829805932847,0.6892678817384608,168,0.7820886235907285,0.250956410986658,0.01891120021471293,0.025153822043939233,4046.223214285714,0.005952380952380952,4,0,2025-04-01,3571495
1743525000000000,8.436552694264666e-05,13.114706123200813,0.8518103073211867,180,0.8714840506926387,0.1884614617697672,0.00021557021721174685,0.0002851742624160325,3608.488888888889,0.0,4,0,2025-04-01,3571495
1743526800000000,8.498629061957666e-05,37.17580768048349,0.9157216437069126,180,0.9171381429490366,0.3292349768290832,0.004505112373754061,0.0003006191365944044,3691.0583333333334,0.0,4,0,2025-04-01,3571495
1743528600000000,9.098071625211629e-05,38.14055662168903,0.8965623634715606,180,0.8969388379453859,0.33394323452442576,0.022365972853537586,0.02086279215416109,3379.7916666666665,0.0,4,0,2025-04-01,3571495
1743530400000000,6.533976704174271e-05,6.663491512606127,0.734558325330398,180,0.850405224087292,0.29390005114486994,0.004166603537009594,0.0006935957294676998,3828.125,0.0,4,0,2025-04-01,3571495
1743532200000000,7.568805896761083e-05,37.24416050126635,0.8666594524424989,180,0.8670419795853961,0.426150850521161,0.0184228059040773,0.024759696623936844,4183.288888888889,0.0,4,0,2025-04-01,3571495
1743534000000000,7.423989733532942e-05,23.79517728029057,0.87802836739329,180,0.8785656156757043,0.21067734212170963,0.013181801401277338,0.00014985982592741198,4037.4083333333333,0.011111111111111112,4,0,2025-04-01,3571495
1743535800000000,6.842673972814523e-05,12.500559046729073,0.8539158219409027,180,0.8658679988087981,0.23970192323664707,0.00014430824318800717,0.00038946225841929305,4027.813888888889,0.0,4,0,2025-04-01,3571495
1743537600000000,7.085455131322239e-05,20.24203103132981,0.8804253190997633,180,0.8816453254704141,0.4242301375083366,0.0017106607019696796,0.012683712621998522,4450.688888888889,0.0,5,0,2025-04-01,3571495
1743539400000000,7.174279400680816e-05,20.19803387928322,0.8881346982514513,180,0.8881352462891292,0.31389532778934415,0.008817271316772457,0.012270917260001846,4603.622222222222,0.011111111111111112,5,0,2025-04-01,3571495
1743541200000000,7.021173090084322e-05,37.77733093963074,0.9129927325444955,180,0.9130073850856804,0.4375213094351399,0.015257590266581689,0.025259925779046455,4994.047222222222,0.0,5,0,2025-04-01,3571495
1743543000000000,9.916799078838647e-05,11.589336776606403,0.7375565286240171,180,0.7676380357265407,0.517035101042448,6.368087346331208e-08,0.0003289162470564433,2833.866666666667,0.0,5,0,2025-04-01,3571495
1743544800000000,0.00010551269533521884,15.96370683733599,0.8301609981836168,180,0.8400043093737228,0.2602055937118607,5.489806107872308e-05,0.0015475496494834484,2758.2722222222224,0.0,5,0,2025-04-01,3571495
1743546600000000,8.734249236299284e-05,11.980037701938011,0.8129986393740932,180,0.853603325732702,0.2032198103478179,0.00018291143052506786,0.01432379636304082,2889.561111111111,0.0,5,0,2025-04-01,3571495
1743548400000000,8.259482444197277e-05,13.43809381968739,0.8119141561240798,180,0.8415488373049634,0.38111959541182694,8.876556491732579e-06,0.007951692296936264,3725.2027777777776,0.0,5,0,2025-04-01,3571495
1743550200000000,9.456855332427989e-05,25.934979743317175,0.8895450533750389,168,0.8908172113528211,0.4298764504219029,2.553372026226075e-05,0.0014900596386949738,3310.901785714286,0.0,5,0,2025-04-01,3571495
1746057600000000,0.00037005153233133443,3.722138331014163,0.5114602611162362,168,0.711807662229606,0.40211981720331313,0.022593576058695386,0.0054687293504559475,520.6071428571429,0.041666666666666664,0,0,2025-05-01,5207259
1746059400000000,0.0004777649261180646,5.898789697228145,0.604638638909678,180,0.6994115030833312,0.3526327839228912,0.00850925527631552,0.002338380070999846,518.1944444444445,0.05,0,0,2025-05-01,5207259
1746061200000000,0.0002299095785258463,3.1300470620627987,0.2755089532138886,180,0.32736869746749586,0.28816906342308657,0.0017191970074325047,0.006309395914721572,652.9722222222222,0.07777777777777778,0,0,2025-05-01,5207259
1746063000000000,0.00028720652115307314,8.260731643785112,0.6091625247695294,180,0.6526257666878945,0.4172546995708598,0.0004292073360113724,0.002885776621272207,547.5055555555556,0.03888888888888889,0,0,2025-05-01,5207259
1746064800000000,0.00023363270733067385,4.6982018035710915,0.23451389764159614,180,0.24991263390775498,0.5888890626429304,0.0069483938391106115,0.0006405925376904431,879.8694444444444,0.17777777777777778,0,0,2025-05-01,5207259
1746066600000000,0.00019783123691667788,3.268682721732631,0.14542512009539665,180,0.16348904932937047,0.7035877785437681,0.00016542482938330938,0.012125804581201494,1012.4861111111111,0.07777777777777778,0,0,2025-05-01,5207259
1746068400000000,0.00024303259135747266,5.346630550627691,0.377045377751698,180,0.4352021916546269,0.26994890773975044,0.005147115528352675,0.004828827195904051,653.7277777777778,0.05,0,0,2025-05-01,5207259
1746070200000000,0.00019500870581334927,4.2100200105684795,0.30850528444154224,180,0.45181644072267435,0.4015903982472765,0.00406198087216314,0.03589358416242727,555.9833333333333,0.11666666666666667,0,0,2025-05-01,5207259
1746072000000000,0.00022061443558449165,3.8481681701032318,0.42084680653148965,180,0.5591690352552618,0.2881366464402031,0.02133877342018231,0.012711966654974982,627.1166666666667,0.044444444444444446,1,0,2025-05-01,5207259
1746073800000000,0.00010973933621932327,2.7859162335660987,0.37757807591581394,180,0.621575869424857,0.24606846545474204,0.012910295894294266,1.2060632690213957e-05,839.2055555555555,0.022222222222222223,1,0,2025-05-01,5207259
1746075600000000,0.00020667485136776693,4.64695835115723,0.4048937222472141,180,0.5072649977158463,0.21457878787001694,0.022704738698273497,0.011690407787517954,548.6916666666667,0.027777777777777776,1,0,2025-05-01,5207259
1746077400000000,0.00017301483261228249,3.3196715258279053,0.3924243427799895,180,0.5932641429787562,0.4142039064402866,0.00960343059427382,0.00026908340031606137,484.6972222222222,0.005555555555555556,1,0,2025-05-01,5207259
1746079200000000,0.00034059826990912544,4.8621439627207685,0.5976209506656849,180,0.6839443873559394,0.5912379164460461,0.0016934741338530124,0.003113612722226211,499.35,0.005555555555555556,1,0,2025-05-01,5207259
1746081000000000,0.0003430442346799904,9.253483787393233,0.6168224398831323,180,0.6321219284952009,0.5255744391842103,0.001347122456354155,0.0007971830285276038,641.2583333333333,0.03888888888888889,1,0,2025-05-01,5207259
1746082800000000,0.00024030808221731022,7.278720652012138,0.5182770320023085,180,0.6218663273746619,0.37894315420576763,0.0008172570143690772,0.0008714239269790314,613.125,0.016666666666666666,1,0,2025-05-01,5207259
1746084600000000,0.00011703760261095277,2.9948283287838198,0.4139037006636024,168,0.6477899670416638,0.33659557781443783,0.0036988657158035787,0.0003288986273850547,1160.8958333333333,0.005952380952380952,1,0,2025-05-01,5207259
1746086400000000,0.0003600093427090477,12.762529420176367,0.6669499154379352,168,0.6913944558303423,0.36962855432689956,7.579203621865815e-05,0.00032645661232766354,717.7172619047619,0.011904761904761904,2,0,2025-05-01,5207259
1746088200000000,0.00019552946763728296,4.243803115183483,0.48783512227069437,180,0.6871905165304026,0.3601633881352493,0.001547313878519585,0.028199120486286033,988.3027777777778,0.005555555555555556,2,0,2025-05-01,5207259
1746090000000000,0.00019807838803501547,3.715124211693518,0.4347063878988131,180,0.5770244714250876,0.2546442485188368,0.0033183027328000936,0.000746910500037834,1044.9527777777778,0.03888888888888889,2,0,2025-05-01,5207259
1746091800000000,0.00029761783502458856,7.873744196272112,0.5322244848153956,180,0.5886668716475751,0.3954894756186179,0.03876288175890452,0.029472873540418165,624.1416666666667,0.027777777777777776,2,0,2025-05-01,5207259
1746093600000000,0.00022608463331158057,5.300659900006656,0.45256348277483804,180,0.5646296717004887,0.27189177964862954,0.006501974441303848,0.0006319282800960613,790.5694444444445,0.06666666666666667,2,0,2025-05-01,5207259
1746095400000000,0.00010848690201352032,5.429841616330866,0.25017251471414337,180,0.36279572917949465,0.252924588973127,0.027466883496338634,0.00014538047656398323,718.325,0.06111111111111111,2,0,2025-05-01,5207259
1746097200000000,0.000308581045925217,7.506351246447383,0.5864377876479758,180,0.6839896270663932,0.3404747713817736,2.396657115244505e-05,9.231409602739049e-06,618.1611111111112,0.044444444444444446,2,0,2025-05-01,5207259
1746099000000000,0.00034068751096197314,3.784399487527969,0.512348325426883,180,0.7559058850805055,0.28418224680642956,0.002264998998085299,0.0035678865318387043,495.8861111111111,0.011111111111111112,2,0,2025-05-01,5207259
1746100800000000,0.00038555058928121407,12.379440647786693,0.5791037736793393,180,0.5882700107990693,0.35032923844050434,0.004363225862113351,0.004411210143937194,531.3583333333333,0.03333333333333333,3,0,2025-05-01,5207259
1746102600000000,0.00022451599072858159,2.4893951961828713,0.3866193914585092,180,0.669587849244925,0.3840845970646445,0.0017278420359758684,0.002143424150734874,488.1166666666667,0.011111111111111112,3,0,2025-05-01,5207259
1746104400000000,0.00039668966351226345,9.793553854595165,0.6305987354141858,180,0.6883162491034467,0.23257032377079667,0.002401846307707678,0.042764976694552925,550.2611111111111,0.022222222222222223,3,0,2025-05-01,5207259
1746106200000000,0.00014821503783442945,2.0467867381281324,0.1637336901695039,180,0.4392422636590667,0.3061873119307401,0.0022544551134499047,0.0006802659845840386,626.25,0.1111111111111111,3,0,2025-05-01,5207259
1746108000000000,0.0002867939711236223,7.546153351262361,0.4948554359498233,180,0.5632513620991224,0.24307249848225565,0.00977034587787351,0.01577551117965814,639.8555555555556,0.05555555555555555,3,0,2025-05-01,5207259
1746109800000000,5.938040522334736e-05,3.5472521807596102,0.2086939202706255,180,0.42455376957772994,0.0795340088520402,0.016659392469684953,0.0007827870187265829,626.25,0.05,3,0,2025-05-01,5207259
1746111600000000,0.00029401269097265145,10.811962532962221,0.5515157834295195,180,0.6193453062263656,0.058864139533567617,0.003485612218901313,2.895540074343561e-05,537.4972222222223,0.10555555555555556,3,0,2025-05-01,5207259
1746113400000000,0.000159294367534208,2.8851754775885525,0.2882453619889981,168,0.3968883096914654,0.2591630305800926,0.020559141748381138,0.0009018702753008645,498.95238095238096,0.041666666666666664,3,0,2025-05-01,5207259
1746115200000000,0.0004295126612621225,17.22739521531067,0.6834553859126786,168,0.7004115582391186,0.3513000253834607,0.0009157875378446034,0.010941171488976331,531.0625,0.02976190476190476,4,0,2025-05-01,5207259
1746117000000000,0.0002706184822836867,6.7154253034629985,0.46984571526045504,180,0.4947469765294318,0.33268500305646476,0.0006638423228907397,0.0033673510012686148,619.3527777777778,0.016666666666666666,4,0,2025-05-01,5207259
1746118800000000,0.00020098330731405968,5.907117663651949,0.5765219806998978,180,0.5829136661733925,0.516282467052565,0.016857843141932283,0.018733317609400002,486.1694444444444,0.06111111111111111,4,0,2025-05-01,5207259
1746120600000000,0.0003453709915614377,9.777664047500398,0.5974454750753233,180,0.6546290523930733,0.2005259180363098,0.0030308677294057507,0.0035206531769607086,510.52777777777777,0.022222222222222223,4,0,2025-05-01,5207259
1746122400000000,9.794938171172166e-05,3.114493206763325,0.4337122385098916,180,0.6471898770174446,0.22043976942943588,6.665406338002278e-05,0.0006157489449080122,1619.3305555555555,0.011111111111111112,4,0,2025-05-01,5207259
1746124200000000,0.0003536413406398596,16.209908471722912,0.6971849498942504,180,0.7168019215619883,0.28734682969606784,0.0019238556432644716,0.0018449168748958522,595.4638888888888,0.016666666666666666,4,0,2025-05-01,5207259
1746126000000000,0.0002294015709367322,4.612073704416732,0.5572502498565548,180,0.7380637105513006,0.25050729316634057,0.00011026869333308209,0.00033020347615475565,1127.1333333333334,0.011111111111111112,4,0,2025-05-01,5207259
1746127800000000,0.00022456056001460766,5.965504507709934,0.573043946794723,180,0.716641360172827,0.23160095985721862,9.104565962125832e-05,0.0011995523670579322,928.1611111111112,0.005555555555555556,4,0,2025-05-01,5207259
1746129600000000,0.00021249889875529145,3.656090561378358,0.5086492155418334,180,0.7297526628987847,0.23956646299569506,0.000757376855056946,0.005121132640757642,1008.9277777777778,0.011111111111111112,5,0,2025-05-01,5207259
1746131400000000,6.939783893012658e-05,3.703364015623949,0.5126163710505276,180,0.655675420680378,0.6305004053644903,0.001359364129799312,5.9415637849502545e-05,1573.2444444444445,0.016666666666666666,5,0,2025-05-01,5207259
1746133200000000,0.0003069148518481915,7.582297116800206,0.6654305269200814,180,0.7058807037636623,0.4602256250235921,0.0025172421983179483,0.007327781078674156,890.4944444444444,0.011111111111111112,5,0,2025-05-01,5207259
1746135000000000,0.0003760019901233484,12.431952248099702,0.6961681045493554,180,0.7055697006119364,0.5317274998813515,0.0049452337559222626,0.0011385868856704784,844.6555555555556,0.0,5,0,2025-05-01,5207259
1746136800000000,0.00023810007048196625,7.672616158225555,0.6241680162643981,180,0.7251760956553643,0.18796701169866792,0.007316028537858954,0.00026438245706661423,1129.9055555555556,0.016666666666666666,5,0,2025-05-01,5207259
1746138600000000,0.00018373954782957682,5.80819640529986,0.44513745747446787,180,0.5242502366172257,0.47431728933347894,0.00036166350343147524,0.001648893138597174,1083.8166666666666,0.005555555555555556,5,0,2025-05-01,5207259
1746140400000000,0.0002233815837532528,14.553608175542742,0.6473546962473078,180,0.6537987857347157,0.4826785418739765,0.0032775067720719475,0.0036488644732031172,1348.3305555555555,0.0,5,0,2025-05-01,5207259
1746142200000000,0.00020405617462221072,9.949525392424539,0.5287296943557519,168,0.5551432339888065,0.42534913283480746,0.01632988830845805,0.003602662200370199,1247.7559523809523,0.005952380952380952,5,0,2025-05-01,5207259
1748736000000000,0.00013735245463300473,21.782599597900262,0.8062129105903921,168,0.8086660392948996,0.2857336502945469,0.0002343711384450442,7.947944535957596e-06,2272.6488095238096,0.0,0,1,2025-06-01,4349614
1748737800000000,0.00012254325764450374,19.09709981115514,0.7946474798843668,180,0.8105789340197345,0.3789515233792995,0.0013903308952095683,0.016629272802189066,2475.6055555555554,0.0,0,1,2025-06-01,4349614
1748739600000000,0.00012561067833299943,26.28110567576921,0.8151012105773996,180,0.8154577133175295,0.29554253011578446,0.00110730836215589,0.00039186899576781897,2142.9333333333334,0.0,0,1,2025-06-01,4349614
1748741400000000,0.00012807705419890265,17.30003010133957,0.8145226729221602,180,0.8301979075958521,0.37116950087418177,0.0003088760567659943,7.828500109552383e-05,2441.8555555555554,0.005555555555555556,0,1,2025-06-01,4349614
1748743200000000,0.0001180899342827439,19.921263059473684,0.8058716189572985,180,0.8123490134790555,0.205242479481626,7.341295452989449e-06,0.0009123663283491235,2189.9694444444444,0.005555555555555556,0,1,2025-06-01,4349614
1748745000000000,0.00014537110645141234,25.18663870390916,0.8291065062026106,180,0.8291092764972925,0.20653838225699916,0.0013415071838582815,0.011326349977479944,2074.538888888889,0.005555555555555556,0,1,2025-06-01,4349614
1748746800000000,0.00011480631392190258,21.769822733905865,0.8301333346530899,180,0.8334978880857044,0.1395635384541174,0.0034475267641066454,0.015682024299390918,2189.7277777777776,0.0,0,1,2025-06-01,4349614
1748748600000000,0.00011494207650511587,22.990454504230527,0.7948404344071969,180,0.7962045450575179,0.20656490753814138,0.003932416299510133,0.024439140824243033,2125.4222222222224,0.0,0,1,2025-06-01,4349614
1748750400000000,0.00011465036142350563,29.06384826276736,0.7963268012264788,180,0.7999216000087308,0.2805515330405921,0.026032983014846356,0.028876873602454056,2291.3277777777776,0.0,1,1,2025-06-01,4349614
1748752200000000,0.00014060749151057367,22.36644494254451,0.8239699853618481,180,0.8242903275531214,0.4451914703637888,9.808603513472569e-05,0.005295724114455114,2433.5555555555557,0.0,1,1,2025-06-01,4349614
1748754000000000,0.00011308420817771782,18.22114362205569,0.8070520196072873,180,0.8159070945652078,0.21361473909263196,0.006940806051256132,0.006930799142943145,2400.961111111111,0.0,1,1,2025-06-01,4349614
1748755800000000,0.000128627074435183,25.196623132002866,0.8454737205090733,180,0.8456232882372792,0.23609534773416163,0.0005369394607305233,0.000684137618957581,2316.8722222222223,0.0,1,1,2025-06-01,4349614
1748757600000000,0.00010895995178012964,24.673851849639522,0.8764338429468737,180,0.8765853139453872,0.39648670162185173,0.00013502284093058758,0.0009611898405325059,2542.713888888889,0.0,1,1,2025-06-01,4349614
1748759400000000,0.00011911126902376123,28.17875482976586,0.8543451057079688,180,0.8545898070179192,0.19862524491378808,0.0030665706147300353,0.0001506883008743909,2360.766666666667,0.0,1,1,2025-06-01,4349614
1748761200000000,0.00011077293694825032,24.363811594296312,0.8408040125234362,180,0.8409820450839908,0.2730654795901294,0.0009385547448931275,0.00014158503759920116,2480.0333333333333,0.0,1,1,2025-06-01,4349614
1748763000000000,7.072959579347983e-05,10.682822657231892,0.7038646982565702,168,0.7341837978313662,0.299361402067298,0.003408303229273324,2.809796025404765e-06,3115.964285714286,0.005952380952380952,1,1,2025-06-01,4349614
1748764800000000,9.697125738249103e-05,11.697569000027595,0.7373050536106149,168,0.7772573954373145,0.3246246845970018,0.005032804238567445,0.012400896910702897,2605.5386904761904,0.0,2,1,2025-06-01,4349614
1748766600000000,0.00012597429064981527,24.202498565561974,0.8416190038838379,180,0.8419224234318938,0.3158425224424367,0.0019952337076457605,4.403895130500324e-05,2402.108333333333,0.005555555555555556,2,1,2025-06-01,4349614
1748768400000000,0.00012980206674000907,21.24135508674135,0.7447048149053344,180,0.7480331885053053,0.24548522034952158,0.0076041785501203,0.00011145749847474296,2288.847222222222,0.005555555555555556,2,1,2025-06-01,4349614
1748770200000000,0.00010875759877981779,18.703674898976864,0.7273312259080835,180,0.7305179047685455,0.22378152938175278,0.00010016734195139598,0.003751847469732006,2738.7277777777776,0.005555555555555556,2,1,2025-06-01,4349614
1748772000000000,0.00011323410673678157,38.81501775351821,0.8625709164211393,180,0.8627596858333146,0.21012569027000882,6.272804584683822e-05,0.0049894579839796505,2498.5222222222224,0.005555555555555556,2,1,2025-06-01,4349614
1748773800000000,9.238915267049312e-05,12.494288813372641,0.7337501950525367,180,0.769878243147136,0.17181791734487828,0.003956959981194386,0.005366853776299307,2926.722222222222,0.005555555555555556,2,1,2025-06-01,4349614
1748775600000000,9.682115508121285e-05,25.517342079682603,0.8422723099790996,180,0.8436966249009615,0.32630556061063565,9.064087336141391e-06,0.0010100943152797637,2726.9055555555556,0.005555555555555556,2,1,2025-06-01,4349614
1748777400000000,0.00011049889078994868,17.614054297077654,0.8274142504593447,180,0.8276574818451892,0.21249088631482826,0.0009842093988912115,0.004524002369449609,2620.5916666666667,0.0,2,1,2025-06-01,4349614
1748779200000000,0.0001076240759144701,25.52448878459949,0.8519565028700339,180,0.8566202024075307,0.23256712431612458,0.002319624800343978,0.0163600422449508,2611.8166666666666,0.005555555555555556,3,1,2025-06-01,4349614
1748781000000000,0.00014574268231578954,16.982500930033037,0.8035532021577302,180,0.8038113870120547,0.2557451522269839,5.3507015841280925e-05,0.0007507199344455318,2127.141666666667,0.005555555555555556,3,1,2025-06-01,4349614
1748782800000000,0.0001458905536326718,37.02902608415506,0.8794092325265996,180,0.8794106830440254,0.0925454568530174,0.009893402615939184,0.005669693107560603,2156.163888888889,0.005555555555555556,3,1,2025-06-01,4349614
1748784600000000,0.00011781125455060155,6.497082829898384,0.7362019983491241,180,0.8341621833584778,0.08001490109453702,0.00022311279248066196,0.00026536176960201274,2138.65,0.005555555555555556,3,1,2025-06-01,4349614
1748786400000000,0.00014155800351832714,27.812665207652337,0.852308321128267,180,0.8549472998091106,0.2632020870650491,0.004089512862180844,0.0003661019134749699,2250.7916666666665,0.0,3,1,2025-06-01,4349614
1748788200000000,0.00013542521292626955,14.752633428528233,0.7976752002126966,180,0.8116411804751401,0.17092847532961308,0.002003788502640047,0.006406182576969344,2282.3555555555554,0.0,3,1,2025-06-01,4349614
1748790000000000,0.00013940643738575247,22.641198247282574,0.8376928544171335,180,0.8399860271054281,0.13385022745266562,7.262703253685387e-05,0.000311496738708672,2318.5666666666666,0.011111111111111112,3,1,2025-06-01,4349614
1748791800000000,7.306046828539444e-05,3.1627056916900522,0.4227458638222603,168,0.7022750062369256,0.01832693495276627,0.007722223150869789,0.00821274526587834,2213.4910714285716,0.0,3,1,2025-06-01,4349614
1748793600000000,0.00015478628006902425,22.98377890252343,0.8445910238342369,168,0.8446038723573912,0.2736316024511659,0.0014047858213566133,0.007417613099727105,2412.4464285714284,0.017857142857142856,4,1,2025-06-01,4349614
1748795400000000,0.00014982052774290742,26.661782236495743,0.8222015566800064,180,0.8306346292882257,0.23294809867664645,0.0010204348864683022,0.00844760483291851,2303.8944444444446,0.005555555555555556,4,1,2025-06-01,4349614
1748797200000000,0.000135882704109814,32.0140987402406,0.8603689417819251,180,0.8609036646124019,0.23676959863653402,0.00043087462111690567,0.001448160130047449,2524.113888888889,0.0,4,1,2025-06-01,4349614
1748799000000000,0.0001390107933393273,33.684096604773735,0.8874165124679478,180,0.8879039109194534,0.13633494243700417,0.007781220502884989,0.007268145806975546,2281.258333333333,0.0,4,1,2025-06-01,4349614
1748800800000000,0.00013285525108208684,24.732184011603614,0.8250549834693699,180,0.8258087115398286,0.30270666575874816,0.002588495540951641,0.00915334150798075,2343.8527777777776,0.005555555555555556,4,1,2025-06-01,4349614
1748802600000000,0.00013135248040646558,26.67527179708211,0.7870249166380313,180,0.7880267431339336,0.2657986271172018,5.443050361508828e-05,1.6291972703919022e-05,2303.0944444444444,0.005555555555555556,4,1,2025-06-01,4349614
1748804400000000,0.00013806478854913514,22.317300299214384,0.7869639450507636,180,0.7872656252246522,0.30976662418850687,0.009163177007724732,0.01981230166090675,2215.0805555555557,0.011111111111111112,4,1,2025-06-01,4349614
1748806200000000,0.00013997746905911252,33.784694161201976,0.8983986397306509,180,0.8993972216130757,0.2895378541776813,0.005091713557178634,0.013285009879417942,2298.358333333333,0.0,4,1,2025-06-01,4349614
1748808000000000,0.0001296881814221026,20.453043122847504,0.840144271093543,180,0.8453254447631462,0.32154964596634183,0.00028543041905648714,0.0016042305894182762,2270.508333333333,0.0,5,1,2025-06-01,4349614
1748809800000000,0.00012859846151365014,19.55021811098582,0.8031979983070776,180,0.809799307960601,0.42798892023594615,0.005860934724319589,0.009965080909674628,2106.3333333333335,0.005555555555555556,5,1,2025-06-01,4349614
1748811600000000,0.00013134546908352823,24.438504393086852,0.8308879349269347,180,0.8310008711140227,0.2629922309727909,0.003115024982771941,0.00310198638487047,2047.9416666666666,0.005555555555555556,5,1,2025-06-01,4349614
1748813400000000,0.00014752016803423187,4.850095874686177,0.4054844151993747,180,0.43667189857400956,0.4433247187295629,0.0008864576147097347,0.0006462777722755497,1333.225,0.011111111111111112,5,1,2025-06-01,4349614
1748815200000000,0.00017741756129468946,14.251357477777196,0.779109212853262,180,0.7852323768979323,0.28797908606425693,0.0011242845586362238,0.011584932490283029,1759.9222222222222,0.0,5,1,2025-06-01,4349614
1748817000000000,0.0001345417880372071,23.997288470652812,0.8112831000457053,180,0.8126349840783148,0.27559151988985653,0.0022668101323198853,0.004587572884023672,2346.461111111111,0.0,5,1,2025-06-01,4349614
1748818800000000,0.00013505115673279142,20.255089274659593,0.7927497976462652,180,0.7944285929835164,0.30552475071450114,0.00037260952210582676,0.00789151701719848,2222.2722222222224,0.005555555555555556,5,1,2025-06-01,4349614
1748820600000000,0.00012867666498881603,18.971294803501163,0.7487473978021093,168,0.76215152500359,0.3141624259957432,0.0006715499549868609,0.008452831717325027,2259.6458333333335,0.0,5,1,2025-06-01,4349614
1751328000000000,5.148993654990518e-05,30.511576848816674,0.8841222962252868,168,0.8843313503667148,0.30725490507895337,0.01795944719055098,0.016497039613815212,6473.663690476191,0.0,0,0,2025-07-01,2679603
1751329800000000,4.842520524503386e-05,21.983386955393037,0.8806140266209445,180,0.8823685688201264,0.3228340167108614,3.350375484489909e-05,0.0011139992485670325,7060.475,0.0,0,0,2025-07-01,2679603
1751331600000000,4.4923340631924173e-05,35.06649087009012,0.9034863910035245,180,0.907072725488408,0.2517738582389376,0.0018984986860627329,0.0012585982224784242,7182.727777777778,0.0,0,0,2025-07-01,2679603
1751333400000000,4.481220721845675e-05,34.68675774046768,0.920104727956866,180,0.921392498403578,0.18512636922748815,2.0704858705533624e-05,0.00017458729126174077,7330.975,0.0,0,0,2025-07-01,2679603
1751335200000000,4.701472510046281e-05,25.518165674393245,0.9074185327444748,180,0.9094998188407847,0.2754049643251466,0.022931209884445525,0.013052679647120535,6895.833333333333,0.0,0,0,2025-07-01,2679603
1751337000000000,4.836742660297722e-05,23.173023776328357,0.8896556426213921,180,0.8896558136515108,0.20083035928219495,0.005588352480533021,0.002774937822000445,6203.297222222222,0.0,0,0,2025-07-01,2679603
1751338800000000,4.460264989722932e-05,11.604695952320741,0.8600890201686318,180,0.886572873776664,0.17355644938166892,0.003146670787254613,0.00012360939543187843,6756.422222222222,0.0,0,0,2025-07-01,2679603
1751340600000000,5.387203273166283e-05,33.17425991447195,0.903076396482952,180,0.9048333357708715,0.2865964219240966,0.0003576521489790929,0.001968014046230371,5746.208333333333,0.0,0,0,2025-07-01,2679603
1751342400000000,5.444430282952697e-05,12.791455515330977,0.740048975632742,180,0.7431849098840535,0.3562168950559249,0.032964684579056436,0.017061774266797447,6186.894444444444,0.005555555555555556,1,0,2025-07-01,2679603
1751344200000000,4.469509510431916e-05,12.984026910504625,0.7124049317565353,180,0.7181976856419894,0.23019951452709853,0.004552978189251156,0.004878407433055121,6895.638888888889,0.0,1,0,2025-07-01,2679603
1751346000000000,4.714501686324458e-05,14.321118062918384,0.8390023206920931,180,0.8686771204098938,0.22387664131699214,0.0015848670032180268,0.00017954536891118256,6081.433333333333,0.0,1,0,2025-07-01,2679603
1751347800000000,4.884930019091098e-05,37.04226084396755,0.8958882657836262,180,0.8960416756578897,0.11388674988201053,0.001868987388394805,9.289168897796962e-05,6266.147222222222,0.0,1,0,2025-07-01,2679603
1751349600000000,5.853858176335445e-05,11.341339370616863,0.8685611068854604,180,0.9083781691579902,0.5507034068890058,0.043054142935173845,0.027274280758654013,6187.636111111111,0.0,1,0,2025-07-01,2679603
1751351400000000,4.200925105059695e-05,8.234101784007905,0.6985951768975247,180,0.7402224838070611,0.15261636601836137,0.0009618814155737399,0.0005908581558176085,6664.388888888889,0.0,1,0,2025-07-01,2679603
1751353200000000,3.988851216453183e-05,15.964401031797705,0.8247013329752566,180,0.8630181817153418,0.23734495751500972,0.007164553667620921,0.0019300084627680292,7342.3388888888885,0.0,1,0,2025-07-01,2679603
1751355000000000,4.679084621371427e-05,28.884794333782164,0.8726432060758867,168,0.8735726637533775,0.28825815158688195,0.0005145679207851916,0.038738906757327496,7072.202380952381,0.0,1,0,2025-07-01,2679603
1751356800000000,4.073221396917039e-05,27.88765651760788,0.8451631449109005,168,0.845528279651877,0.3560769472471528,2.5007113471975373e-05,0.003322985545989754,7723.791666666667,0.0,2,0,2025-07-01,2679603
1751358600000000,3.9978367132457996e-05,27.9392768567881,0.8933828086993577,180,0.8961798980693146,0.3378272120116522,0.006328265409329181,0.00471872301190801,7681.447222222222,0.0,2,0,2025-07-01,2679603
1751360400000000,4.019078507286658e-05,31.294073088567227,0.9032500410153625,180,0.9047705406317528,0.23566699549871473,0.00889273040304095,0.017113327369575382,8056.747222222222,0.0,2,0,2025-07-01,2679603
1751362200000000,3.658920559804859e-05,22.271750839017415,0.8042731966383427,180,0.8092584026535472,0.15878283797403758,0.0009809369298104942,0.0007981260920848499,8693.694444444445,0.0,2,0,2025-07-01,2679603
1751364000000000,3.454709364372118e-05,34.23231699322097,0.888019140197731,180,0.8896033359950843,0.24115741792614187,0.021558854534067917,0.010415460430513668,8666.669444444444,0.0,2,0,2025-07-01,2679603
1751365800000000,4.122768488956725e-05,28.832956441807646,0.8528471580312933,180,0.8529665135443876,0.33050024440074044,0.007481874835150504,0.002020563011074783,7553.016666666666,0.0,2,0,2025-07-01,2679603
1751367600000000,3.658560012479605e-05,11.404615689809738,0.7120894780512962,180,0.718998445325631,0.10086380048147559,0.014777268083345563,0.000627553951842108,7646.3,0.0,2,0,2025-07-01,2679603
1751369400000000,3.907677834010606e-05,24.39914190982616,0.8681258730516717,180,0.868246019837372,0.40577256573938625,0.009462809360366586,0.0020774434422546895,8325.91111111111,0.0,2,0,2025-07-01,2679603
1751371200000000,3.532204451596779e-05,30.944474721723743,0.8784419271175398,180,0.878489304044969,0.10019756591563056,0.0009137494187503314,0.0186819113891874,8403.147222222222,0.0,3,0,2025-07-01,2679603
1751373000000000,2.8841828383031377e-05,21.92136476972791,0.867194358453465,180,0.8703402359417748,0.18393481283556234,0.0004008535812306535,0.002331542422613464,10400.230555555556,0.0,3,0,2025-07-01,2679603
1751374800000000,3.163968172020352e-05,24.165730689582247,0.9005757319862717,180,0.9079260443074663,0.14119139272170345,0.01227380825211466,0.018179560378040693,9468.033333333333,0.0,3,0,2025-07-01,2679603
1751376600000000,3.5220290374231955e-05,16.394838213714802,0.8641663557546355,180,0.8802200196575444,0.11215217982590131,0.008120755463079443,0.0020902283935182453,9353.763888888889,0.0,3,0,2025-07-01,2679603
1751378400000000,4.27417427571158e-05,39.260222255595295,0.8963115888223949,180,0.8975865825417434,0.19114963823078623,0.008024162626764086,0.003918299876354614,8116.477777777778,0.0,3,0,2025-07-01,2679603
1751380200000000,3.981581696389039e-05,36.067924015483456,0.9045468451960448,180,0.9045721025930208,0.15075415116462476,0.004833159448706104,0.004314424564102359,8498.991666666667,0.005555555555555556,3,0,2025-07-01,2679603
1751382000000000,3.720345634362672e-05,27.877581525318277,0.9009159109066195,180,0.9038499669177269,0.2423262988390178,0.011595982259211435,0.004325358928198408,9015.230555555556,0.0,3,0,2025-07-01,2679603
1751383800000000,4.202257962508949e-05,32.252923004476116,0.8688567987176247,168,0.8691634286878114,0.20413032200573378,0.010179590580351672,0.0008798044099090907,8082.818452380952,0.0,3,0,2025-07-01,2679603
1751385600000000,4.21721929720613e-05,35.48146085080669,0.9072814881115769,168,0.9079234524260283,0.22019897966845192,0.00011348421251167196,0.0056428462520141665,7841.684523809524,0.0,4,0,2025-07-01,2679603
1751387400000000,4.017173981011888e-05,26.427867958952422,0.8653741132548629,180,0.86545593086144,0.13827157784947197,0.0006891702499863817,0.00021925285624213586,7552.366666666667,0.0,4,0,2025-07-01,2679603
1751389200000000,4.376544358641833e-05,28.898323323253983,0.8895577727870048,180,0.8950410739621305,0.13112865775456517,0.014427620614523406,0.0029773789106932735,7396.602777777778,0.0,4,0,2025-07-01,2679603
1751391000000000,4.0901187929388204e-05,19.130567367334738,0.8877140427204555,180,0.9021135781288074,0.13507739653714435,0.014153325994381238,0.022504671892668693,7236.608333333334,0.0,4,0,2025-07-01,2679603
1751392800000000,4.022055515879536e-05,15.555122392821486,0.8514828960188258,180,0.8658512127462648,0.17070152816389972,0.0003212997947671381,0.003537503496520489,7169.716666666666,0.0,4,0,2025-07-01,2679603
1751394600000000,4.1490451184274326e-05,38.80765005681102,0.9127964657672556,180,0.9145824537373723,0.11746135705266925,0.003451050059406824,0.001638960538861256,6826.738888888889,0.0,4,0,2025-07-01,2679603
1751396400000000,4.187036401449406e-05,17.864557899177083,0.7261050481033967,180,0.739408838386687,0.21944881967205643,0.013432958900510661,0.0039149891454760555,7089.702777777778,0.0,4,0,2025-07-01,2679603
1751398200000000,4.1179111801356984e-05,31.29421239364093,0.9039567487126409,180,0.9046611923163075,0.20235481005431477,0.0007393809509808058,0.0001607156791686437,7386.605555555556,0.0,4,0,2025-07-01,2679603
1751400000000000,3.4443603718020205e-05,15.816107878547234,0.8443853069519807,180,0.8617312528051009,0.2257689684062799,0.0021631424275727618,0.0008079719232857441,8871.513888888889,0.0,5,0,2025-07-01,2679603
1751401800000000,2.6895638231361945e-05,14.443278389814385,0.6994153400752767,180,0.7090718097754471,0.35188798427394397,0.00018671873471898248,0.0011766467947067483,11032.994444444445,0.0,5,0,2025-07-01,2679603
1751403600000000,3.674841287852733e-05,15.291319904495868,0.8419851984244752,180,0.8438496799413759,0.33479505196216386,0.0025515262630121383,0.012443421594063642,8690.388888888889,0.0,5,0,2025-07-01,2679603
1751405400000000,6.116870557686886e-05,15.261095043580902,0.7963010897035669,180,0.8291723996264466,0.30829561677434436,0.014554193040161922,0.03768672508288262,4549.305555555556,0.0,5,0,2025-07-01,2679603
1751407200000000,5.765010751319587e-05,24.20695230188032,0.8937928081015684,180,0.8943063768224541,0.3277671985801659,0.006182956186189803,0.006889335335849345,6248.108333333334,0.005555555555555556,5,0,2025-07-01,2679603
1751409000000000,4.8271619104233265e-05,33.12712037757827,0.8887749396099816,180,0.8887810377744931,0.47773258093854165,0.0024099696060985165,0.001955998822707805,7008.969444444445,0.0,5,0,2025-07-01,2679603
1751410800000000,5.015190161145828e-05,31.987772447266707,0.8641289712744707,180,0.8652459108140431,0.38856024244438825,0.021481595033713607,0.016752754869724495,6945.805555555556,0.0,5,0,2025-07-01,2679603
1751412600000000,4.202837712363253e-05,20.53936601456096,0.837644695425932,168,0.8383527263301757,0.39437215468778486,1.320094147883033e-06,0.00022128367744567168,7403.651785714285,0.0,5,0,2025-07-01,2679603
1754006400000000,9.653065478434602e-05,17.113785005573508,0.8040729729907574,168,0.8072059386127913,0.05205277370574091,0.0025836920014861153,0.0006147241652311175,3072.5714285714284,0.02976190476190476,0,0,2025-08-01,4993286
1754008200000000,0.00011850548180789984,21.781629922928698,0.8055662677521614,180,0.8091064823332319,0.23253243983780347,0.0017469033408626933,0.0003351076833268962,2939.152777777778,0.05555555555555555,0,0,2025-08-01,4993286
1754010000000000,0.0001313151274063444,23.680208433025236,0.8722683386331034,180,0.8749394011065146,0.16682754952272227,0.0013373062792002566,0.004830810696578314,2622.383333333333,0.011111111111111112,0,0,2025-08-01,4993286
1754011800000000,0.000124430046082926,27.19787162831763,0.8531222809066479,180,0.854129202380743,0.1317146271757932,0.003052277808530568,0.0020237130507427814,3002.436111111111,0.005555555555555556,0,0,2025-08-01,4993286
1754013600000000,0.00011428451248197394,21.5543722903827,0.8113128615183524,180,0.8118002412604024,0.19401227196299653,0.008196853689554473,0.01672695904885957,3791.527777777778,0.0,0,0,2025-08-01,4993286
1754015400000000,0.00011569683926346551,20.43514871170653,0.8031601626812608,180,0.8035653962729692,0.13374325501763495,0.0033296242852572933,1.2181295223623323e-06,3152.6111111111113,0.005555555555555556,0,0,2025-08-01,4993286
1754017200000000,9.534536457475847e-05,7.454192751882763,0.7392102859147589,180,0.7465622657253769,0.35749637991842975,0.012142824055594081,0.01590290127378835,3336.45,0.0,0,0,2025-08-01,4993286
1754019000000000,0.00011471108245905459,35.93651898105024,0.8838697272687509,180,0.8839641901156072,0.22741468962219158,0.004629299421754163,0.005080168193529189,2912.913888888889,0.0,0,0,2025-08-01,4993286
1754020800000000,0.00010230068787343897,15.260018507903407,0.8348728129593317,180,0.8531821344972779,0.20565664548073515,0.008813018866558053,0.0025348533589044653,2921.386111111111,0.005555555555555556,1,0,2025-08-01,4993286
1754022600000000,0.00010740122945068916,25.877133474011394,0.8599649527676816,180,0.8599656356468974,0.21493804308527087,0.003795730635817618,0.002288865531042461,3427.325,0.0,1,0,2025-08-01,4993286
1754024400000000,0.00010970325720849107,31.681441337696505,0.8595192715260277,180,0.8596959936824529,0.05807522069134752,6.286420686851812e-05,2.049087458932952e-06,3721.4694444444444,0.005555555555555556,1,0,2025-08-01,4993286
1754026200000000,0.0001154956387690682,30.070628317057018,0.8479368688765406,180,0.8483704686809921,0.1992285483647539,0.007447133672274009,0.0061340641515481575,2929.95,0.011111111111111112,1,0,2025-08-01,4993286
1754028000000000,0.00011132799490725989,24.136752600075617,0.8530911904944868,180,0.8537469303236173,0.3478449219068984,0.0016111246156094161,0.003132001857218736,2923.402777777778,0.0,1,0,2025-08-01,4993286
1754029800000000,0.00011410182555920842,29.28276622839669,0.8617337240319602,180,0.8617339657037201,0.16450690930116174,0.009526053784197575,0.007080662366344748,3122.4083333333333,0.011111111111111112,1,0,2025-08-01,4993286
1754031600000000,0.0001257183804602121,32.41832377126761,0.8935627548594707,180,0.8950169771395396,0.2890351822049838,0.004787680615176426,0.0030085204558516487,2966.7972222222224,0.005555555555555556,1,0,2025-08-01,4993286
1754033400000000,0.00010572940964976626,20.368005047503782,0.8934255599702209,168,0.8942628524244621,0.18567358568527925,2.011943259994098e-05,0.0007926363909901424,3158.2589285714284,0.0,1,0,2025-08-01,4993286
1754035200000000,0.00010818491285327625,20.756704117323064,0.8520890715321001,168,0.8538866286706127,0.2867117752767445,0.004485957010237129,0.002979936625124413,3403.657738095238,0.011904761904761904,2,0,2025-08-01,4993286
1754037000000000,0.00011420970902082872,19.788214355917454,0.8662506536054744,180,0.8662634303950982,0.27750729084497194,0.001084661106329432,0.0004046370168671043,3311.2972222222224,0.016666666666666666,2,0,2025-08-01,4993286
1754038800000000,9.304489395378232e-05,10.183292013550277,0.6352387091085052,180,0.6382716304873178,0.3575956743447718,0.017819551763283314,0.0011390171985633524,3985.9527777777776,0.011111111111111112,2,0,2025-08-01,4993286
1754040600000000,6.502716789921143e-05,2.361112844230282,0.4747086500725768,180,0.8191617551205781,0.009300723454822912,0.00013784288810647638,0.010173838092355059,3205.188888888889,0.0,2,0,2025-08-01,4993286
1754042400000000,0.00011922875172629832,27.80559527916068,0.8651623737566604,180,0.8685443572925607,0.18256608190418067,0.0006117459096902644,0.001039624860976751,2646.575,0.005555555555555556,2,0,2025-08-01,4993286
1754044200000000,0.0001402359236990149,22.550970830430085,0.8199336608722924,180,0.8199436638831357,0.10020846196048439,1.2568888584807425e-05,0.0009688047504152753,2505.838888888889,0.011111111111111112,2,0,2025-08-01,4993286
1754046000000000,0.0001102188420231923,15.404204505861413,0.8231136941041693,180,0.8316490048415952,0.18079734687915683,0.009438776291057938,0.006845569975922561,2652.052777777778,0.0,2,0,2025-08-01,4993286
1754047800000000,0.0001175038647609837,26.205796578788846,0.8647708355079967,180,0.8648528590025057,0.2558989009665744,0.0044106367321891105,0.0058279209791036735,3084.725,0.0,2,0,2025-08-01,4993286
1754049600000000,9.952996227736988e-05,21.512868367421536,0.8462220721260362,180,0.8480047155552164,0.24596633606019835,0.0029142229274152776,0.00034721084727118434,3436.1916666666666,0.005555555555555556,3,0,2025-08-01,4993286
1754051400000000,0.0001310208918436709,8.235615524201451,0.7791831554415702,180,0.8060612671651438,0.2330347165818194,3.7148548407750503e-05,0.01969952395754937,2648.2277777777776,0.027777777777777776,3,0,2025-08-01,4993286
1754053200000000,0.0001073768056343162,31.31887901790971,0.8176361916439621,180,0.8194137681428452,0.13461074662644879,0.0008330040036468311,0.0015462505301899743,3361.5805555555557,0.011111111111111112,3,0,2025-08-01,4993286
1754055000000000,0.00011003873477428468,22.612380578149214,0.8720364780736087,180,0.8722862406849801,0.23741026579966384,0.004639142351210768,0.011150246028534427,2993.572222222222,0.03888888888888889,3,0,2025-08-01,4993286
1754056800000000,9.991246023676442e-05,8.708706781515072,0.7629465359583225,180,0.7842114700424931,0.26051926186167895,0.0008478366324663478,0.00011123642615762375,3367.8,0.03888888888888889,3,0,2025-08-01,4993286
1754058600000000,9.644306948313166e-05,22.943900968348434,0.8602644207334782,180,0.8668174817999597,0.1956099790633019,0.04130876742195211,0.033725857911501955,3947.1583333333333,0.011111111111111112,3,0,2025-08-01,4993286
1754060400000000,9.479436123740502e-05,24.325461684445433,0.8538139176638232,180,0.8559545193518346,0.20826106932372979,0.007723802903429666,0.005125421294887134,3664.4194444444443,0.011111111111111112,3,0,2025-08-01,4993286
1754062200000000,8.779365929320651e-05,24.62613412384064,0.8455675121413784,168,0.8473373119072485,0.2645854784738778,2.7761556060990067e-05,0.0028675658723736897,3840.282738095238,0.0,3,0,2025-08-01,4993286
1754064000000000,9.564836230594508e-05,35.81097140407632,0.8813041187544502,168,0.8821983930904747,0.2090727425248411,0.0005691779519264584,0.0020796025430470655,3444.9910714285716,0.005952380952380952,4,0,2025-08-01,4993286
1754065800000000,9.517889144571034e-05,37.02633874648552,0.8713463288949814,180,0.8733075349501299,0.2665106123894757,0.003890993639856455,0.0017040851458809403,3848.722222222222,0.022222222222222223,4,0,2025-08-01,4993286
1754067600000000,9.124960735424129e-05,28.87568788750179,0.8587332724082899,180,0.8589741368830283,0.22358380123512533,0.0005243279777435994,0.004345012660788905,3718.4416666666666,0.016666666666666666,4,0,2025-08-01,4993286
1754069400000000,9.737409487649057e-05,31.091197396293662,0.8762697902184777,180,0.8775071919710878,0.3436825274813905,0.008699217851743213,0.0017037586982224795,4343.183333333333,0.011111111111111112,4,0,2025-08-01,4993286
1754071200000000,9.605312896547594e-05,37.84153203654335,0.8521613737458529,180,0.853554472358758,0.29687668068963635,0.001145733328997478,5.0983246131397486e-05,3766.2027777777776,0.011111111111111112,4,0,2025-08-01,4993286
1754073000000000,8.723546798987232e-05,8.906150925333211,0.7818014234011618,180,0.8442644996638441,0.3938271409094053,0.00031904937153692803,0.004392539969594322,3773.8777777777777,0.011111111111111112,4,0,2025-08-01,4993286
1754074800000000,9.829281135989804e-05,20.05241681836405,0.8699533782586026,180,0.8754847304322118,0.18808342259973565,0.005747174469197813,3.421048557739059e-05,3201.9416666666666,0.011111111111111112,4,0,2025-08-01,4993286
1754076600000000,9.980203210817145e-05,22.444937834410297,0.8289312999418725,180,0.8313884740981619,0.32754942286112,0.010005856019199455,0.002566948906099209,3701.636111111111,0.005555555555555556,4,0,2025-08-01,4993286
1754078400000000,9.463162845418201e-05,25.769884767853583,0.8359692684607661,180,0.8374223451478165,0.2237338640913642,0.012618651377706791,0.022782142587249088,4240.055555555556,0.011111111111111112,5,0,2025-08-01,4993286
1754080200000000,8.97741928527265e-05,40.10175890603491,0.8962214358211947,180,0.8962262471548066,0.28568379578956427,0.007124096253398382,0.010101716820027473,4170.311111111111,0.005555555555555556,5,0,2025-08-01,4993286
1754082000000000,8.836547710813449e-05,20.377919220009076,0.8548733066605811,180,0.8595934447544846,0.21225638665956803,0.01187755951819236,0.024171801919982694,4098.847222222223,0.011111111111111112,5,0,2025-08-01,4993286
1754083800000000,8.432621005146173e-05,5.111184844757101,0.6426285319629641,180,0.8070173519678532,0.1606370353120795,0.00632561046072766,0.0011493226968278814,2826.625,0.0,5,0,2025-08-01,4993286
1754085600000000,0.00015490168406908365,32.00839600704214,0.8708934541569988,180,0.8770943830204723,0.3497871553688866,0.00399930936305859,0.002293086080013773,1898.263888888889,0.03333333333333333,5,0,2025-08-01,4993286
1754087400000000,0.0001774797483354145,22.966476150370273,0.8272435260535421,180,0.8273103316939417,0.20725223953006744,0.01815053063298433,0.03997735867579988,1812.0805555555555,0.03333333333333333,5,0,2025-08-01,4993286
1754089200000000,0.00014340387216101106,15.326388506520258,0.7786205958600445,180,0.7877600047286816,0.15026134396680435,0.0020048712654500145,0.002820816465788356,2324.2805555555556,0.011111111111111112,5,0,2025-08-01,4993286
1754091000000000,0.00012038576586888131,22.620874723987537,0.8267986134063421,168,0.8269421064783855,0.24360273330769944,0.007769739468522885,0.007021715701221787,2787.1041666666665,0.0,5,0,2025-08-01,4993286
1756684800000000,4.546939535650228e-05,20.616439875746813,0.8370952830726246,168,0.8382362604292853,0.28996026182296675,0.011552328406778778,0.00010635958291826952,7044.7797619047615,0.0,0,0,2025-09-01,3448983
1756686600000000,4.311074356177446e-05,19.985495477091163,0.8732030503379158,180,0.8823810685576459,0.178503062359622,0.0006798318499880995,0.00015850824421104193,8153.030555555555,0.0,0,0,2025-09-01,3448983
1756688400000000,6.413041865076825e-05,28.983838672576272,0.9065942859398844,180,0.9066499119643288,0.14926113837074928,0.0007490508188247036,0.0008897360110083907,5056.702777777778,0.0,0,0,2025-09-01,3448983
1756690200000000,5.790793412125531e-05,40.31276919177527,0.9167699666062833,180,0.91725475283771,0.3149884664336623,0.0011804888786192125,0.0002484277831323878,6031.972222222223,0.0,0,0,2025-09-01,3448983
1756692000000000,5.125033085148067e-05,24.99727283314122,0.8709354248886442,180,0.8762898469466405,0.19671317609120553,0.0025279526429744514,0.0009010883254245705,5841.769444444444,0.0,0,0,2025-09-01,3448983
1756693800000000,3.540356359527604e-05,30.978691841916255,0.841730571214688,180,0.8435250884586254,0.3622096810312301,0.013637571451271424,0.0279832988607156,10124.516666666666,0.0,0,0,2025-09-01,3448983
1756695600000000,3.497011077045784e-05,19.16281992099606,0.8492055611467137,180,0.8558369365725768,0.12101684459166584,0.012850252302391674,0.020728629953426836,10153.408333333333,0.0,0,0,2025-09-01,3448983
1756697400000000,3.874775754559425e-05,28.78827408447838,0.8865280140313085,180,0.886535660205836,0.2155274842068503,0.0007111314407525215,0.000387011890205069,9365.1,0.0,0,0,2025-09-01,3448983
1756699200000000,2.9157113170521862e-05,33.97021899937968,0.9128295031417831,180,0.9166739550550693,0.1267246119932256,8.415050436627602e-05,0.0003922013672085223,12190.288888888888,0.005555555555555556,1,0,2025-09-01,3448983
1756701000000000,3.265909628829602e-05,29.477406123987848,0.8998283461505338,180,0.8998284298285595,0.13015015919269846,0.01345195956058487,0.003151201148531513,11389.236111111111,0.0,1,0,2025-09-01,3448983
1756702800000000,3.1210420297060306e-05,31.82951483731189,0.9042474234418774,180,0.905615116041534,0.14396036152320357,0.0006305427615234116,0.0004997051877672076,10898.877777777778,0.0,1,0,2025-09-01,3448983
1756704600000000,4.1657468391645576e-05,34.895021785236324,0.889564380397315,180,0.8895991088918449,0.1579440693473727,0.0003629309674408887,0.003086628973171135,7607.747222222222,0.0,1,0,2025-09-01,3448983
1756706400000000,4.4998021200975076e-05,34.512719112472986,0.8925213259009284,180,0.8977458680456949,0.2431429692311754,0.005085886260778105,0.014016224156114587,6746.55,0.005555555555555556,1,0,2025-09-01,3448983
1756708200000000,4.3744728420433766e-05,33.94267677116543,0.9135492481579204,180,0.9136272823035463,0.31913187479207683,0.005749933462524615,0.0015974245917351748,7377.175,0.0,1,0,2025-09-01,3448983
1756710000000000,4.0760414880255336e-05,35.84233162328,0.9099567055156137,180,0.9103305532433238,0.1475395733523851,0.004859243534528157,5.95698725043281e-05,8209.96388888889,0.005555555555555556,1,0,2025-09-01,3448983
1756711800000000,5.5865688591135224e-05,22.30346489882678,0.8437235918188377,168,0.8439848592219518,0.25446464367624844,0.0032536914645604487,0.0010792634064570317,6336.473214285715,0.011904761904761904,1,0,2025-09-01,3448983
1756713600000000,2.9978088521521856e-05,4.968449286379973,0.5551028248125046,168,0.669485121005611,0.28879973707944573,4.33184383363816e-06,5.139077132410019e-05,8265.422619047618,0.005952380952380952,2,0,2025-09-01,3448983
1756715400000000,5.1505691808203974e-05,31.639652063369553,0.9213675233140748,180,0.9215140996484056,0.21769908852258946,0.001904111835596467,0.0012510925026467667,6529.936111111111,0.011111111111111112,2,0,2025-09-01,3448983
1756717200000000,4.791915387971264e-05,27.655930330069037,0.9014365565228544,180,0.9034259692672564,0.10600117679593846,1.9469873799971005e-05,0.001100300245113539,7244.669444444445,0.0,2,0,2025-09-01,3448983
1756719000000000,4.111541792921999e-05,30.739041758617798,0.883795635053749,180,0.8838031724917628,0.24744320781192386,0.003401211332761389,0.007872928282392166,8043.4,0.005555555555555556,2,0,2025-09-01,3448983
1756720800000000,3.965932953274869e-05,25.60371386219862,0.8873736984210915,180,0.8875845172018982,0.08389863438581857,0.02829913579062937,0.011618101344619935,8406.127777777778,0.0,2,0,2025-09-01,3448983
1756722600000000,3.760349208890482e-05,34.54679066182555,0.9124244671606454,180,0.9124793902204789,0.26550406893056466,0.010486036347591488,0.0033941075808251453,10456.991666666667,0.0,2,0,2025-09-01,3448983
1756724400000000,3.862983667094425e-05,30.73438563172065,0.8856294110844192,180,0.886752648346234,0.23902753361283957,0.0011308285836928444,0.0011040908919293102,8916.283333333333,0.0,2,0,2025-09-01,3448983
1756726200000000,3.9161647839749416e-05,26.267620406966415,0.9044161566756395,180,0.9052556057207537,0.27204228857214174,0.004417169169903534,1.2634872028627342e-05,8829.080555555556,0.0,2,0,2025-09-01,3448983
1756728000000000,3.577676451293587e-05,38.58565710012602,0.923824256233323,180,0.9241446634066767,0.2259211428265251,0.0018965236949298747,0.0006408463334439674,9651.919444444444,0.0,3,0,2025-09-01,3448983
1756729800000000,2.5598971324398224e-05,4.595544440907361,0.7084667424633684,180,0.891312710707217,0.07835599540732818,0.003131701743153248,0.00727974750025373,9392.525,0.005555555555555556,3,0,2025-09-01,3448983
1756731600000000,3.9882590180115765e-05,39.11972644276675,0.930872305319393,180,0.9322031923368962,0.2202054823489884,8.923885569422918e-05,0.00020410270617088333,9601.847222222223,0.0,3,0,2025-09-01,3448983
1756733400000000,3.8266400450325585e-05,32.77922729793853,0.9003266006273583,180,0.9003934524158059,0.3277056986276289,0.007083575899934136,0.0029062058721839312,8408.347222222223,0.0,3,0,2025-09-01,3448983
1756735200000000,4.8954798632705235e-05,33.68655545861049,0.9217183325372174,180,0.9258630700165325,0.29417806753798914,7.7250160343878e-05,9.693250846487533e-05,7227.841666666666,0.0,3,0,2025-09-01,3448983
1756737000000000,4.3593413328395925e-05,29.223812741761886,0.897636724847722,180,0.8987063159521977,0.10738564690325114,0.003978469128367079,0.010756735164125564,8563.733333333334,0.0,3,0,2025-09-01,3448983
1756738800000000,4.402619488702876e-05,29.59338788251124,0.8943537082414208,180,0.9005228872038302,0.22211331898602116,0.007734866518538386,0.025598769649231468,7430.480555555556,0.0,3,0,2025-09-01,3448983
1756740600000000,4.5750069837591026e-05,19.212061504748814,0.8689585196493697,168,0.876737987582326,0.13844384459803616,0.0003936596883855614,0.00010719690830129913,6979.7827380952385,0.0,3,0,2025-09-01,3448983
1756742400000000,3.829745821740164e-05,40.52647135672199,0.9225178760722457,168,0.9229825777630053,0.1560103415170735,0.00415006188462308,0.0009964555286712251,8479.005952380952,0.005952380952380952,4,0,2025-09-01,3448983
1756744200000000,3.884509610972437e-05,30.269658070066928,0.9105641044454518,180,0.9111184353665387,0.27474481136903306,9.26682315303129e-05,3.6396952989292686e-06,9251.238888888889,0.0,4,0,2025-09-01,3448983
1756746000000000,3.7817919607743214e-05,40.53357976881261,0.9287026638197847,180,0.9293998356740761,0.21532900871799565,0.002099591758648156,6.692388975104713e-06,9138.991666666667,0.005555555555555556,4,0,2025-09-01,3448983
1756747800000000,3.596692384062691e-05,28.797700778809844,0.8937220319947152,180,0.8970444119272689,0.23060942072907642,7.844385462407732e-05,0.0021577034177484578,9372.944444444445,0.0,4,0,2025-09-01,3448983
1756749600000000,4.234881525189433e-05,27.583353234338244,0.8778473069415873,180,0.8795746293512245,0.2800137996660602,0.01074656421280018,0.012818234402074524,8850.625,0.0,4,0,2025-09-01,3448983
1756751400000000,3.8390452269862406e-05,30.879877873188025,0.9122985971750079,180,0.9124198426946517,0.21949097690098185,0.003657764820343967,0.0050548358376639735,8919.783333333333,0.005555555555555556,4,0,2025-09-01,3448983
1756753200000000,3.4361266637566754e-05,27.96314705644382,0.8857767606913161,180,0.8922897288769422,0.14050595830002421,0.002549402442445725,1.4849429121888136e-05,9011.647222222222,0.0,4,0,2025-09-01,3448983
1756755000000000,3.857146200033132e-05,40.035068507771506,0.9202361116650198,180,0.921385038859901,0.27538815084980006,0.0009928849414237995,0.0017041099920607206,7848.813888888889,0.0,4,0,2025-09-01,3448983
1756756800000000,3.808430313180509e-05,25.52113536004776,0.8941251625749107,180,0.907481294282486,0.3816559283305615,9.330366423354608e-05,9.776122637117357e-05,8026.983333333334,0.0,5,0,2025-09-01,3448983
1756758600000000,4.8797524325010764e-05,14.27268452141336,0.7442701368426103,180,0.7458277490054377,0.4695878783855941,0.014304441362990694,0.0178130932354027,7643.477777777778,0.03333333333333333,5,0,2025-09-01,3448983
1756760400000000,3.858807560784011e-05,15.905745554336209,0.7975608697723822,180,0.8033613290738242,0.16449910970029913,0.0022408869423644617,4.444100095912784e-05,9007.136111111111,0.005555555555555556,5,0,2025-09-01,3448983
1756762200000000,7.2087669786695e-05,8.819464353402237,0.8461683195833206,180,0.8472222270431106,0.5484786553004578,0.0045811849353474265,0.006906284113204708,5500.7555555555555,0.027777777777777776,5,0,2025-09-01,3448983
1756764000000000,6.206288165264751e-05,12.71029166988282,0.8132885035825074,180,0.8354789199316869,0.12636173405566398,0.0017704553622320818,0.00040625656534232224,5129.975,0.005555555555555556,5,0,2025-09-01,3448983
1756765800000000,6.633788667951323e-05,21.073964103139765,0.8420960820614113,180,0.8422872367320642,0.22124359968626706,0.0020368766913869685,0.002976253635277204,5412.955555555555,0.0,5,0,2025-09-01,3448983
1756767600000000,5.946848358795331e-05,24.52577778591162,0.8458274809347215,180,0.8465346045009671,0.20236892474647328,0.006276772249043994,0.0021070918344794354,5397.083333333333,0.005555555555555556,5,0,2025-09-01,3448983
1756769400000000,5.539754960174869e-05,20.633571396621072,0.9044408805451658,168,0.9132307097753615,0.16618669578088596,0.000893534998084311,0.0007438012426262963,5392.333333333333,0.0,5,0,2025-09-01,3448983
1759276800000000,0.00010216429964099848,20.190103521872835,0.8553597498870538,168,0.8616521448192265,0.4749261526005992,0.0017793614732680707,0.00010553421185810485,3528.1994047619046,0.011904761904761904,0,0,2025-10-01,3016988
1759278600000000,0.00010130397722719797,21.02771186203336,0.8675158710354062,180,0.8731474255433596,0.343122712527143,0.002188701070966803,0.0012379514815161752,3062.5555555555557,0.0,0,0,2025-10-01,3016988
1759280400000000,0.00010120978643493126,9.213515864150576,0.7588112707258872,180,0.8133959124762447,0.24928732293177724,0.00040395328644182715,6.0531488930593014e-05,2774.2305555555554,0.011111111111111112,0,0,2025-10-01,3016988
1759282200000000,0.00013168407693075595,21.88426371736753,0.8655843383203408,180,0.8696280835699841,0.26457440949912514,0.001960804259879656,0.000394406922248125,2514.4861111111113,0.0,0,0,2025-10-01,3016988
1759284000000000,0.00010932254348522446,9.583456799031598,0.8213063813523448,180,0.860456394922915,0.32125771647700774,0.0018396165829657196,0.00034037870768854894,2341.1833333333334,0.005555555555555556,0,0,2025-10-01,3016988
1759285800000000,0.00010951480953839707,15.712967791249588,0.8787099894233039,180,0.8905694502447691,0.4721981893972701,0.021238228308001372,0.005200539506882151,3143.1444444444446,0.005555555555555556,0,0,2025-10-01,3016988
1759287600000000,0.00012413782159715987,22.585248090642402,0.8821764897067297,180,0.882543104347398,0.41214772001564337,0.012397229806264787,0.02061801307865674,2451.027777777778,0.0,0,0,2025-10-01,3016988
1759289400000000,0.00010733322375298941,14.899683958124186,0.8463746878458343,180,0.8869650327656575,0.368112059226116,0.013303504070409033,0.000644060849030681,2425.7944444444443,0.0,0,0,2025-10-01,3016988
1759291200000000,0.0001119059888517921,9.15545899908763,0.7931316948708209,180,0.8634011289980197,0.28012131295768905,0.013467369130006679,0.01042927728056886,2881.766666666667,0.0,1,0,2025-10-01,3016988
1759293000000000,9.058181779076419e-05,7.141395591098364,0.7246654956609226,180,0.8078324209402189,0.3457419859744715,0.0011181111679835487,0.0002808449279638747,2502.3527777777776,0.005555555555555556,1,0,2025-10-01,3016988
1759294800000000,6.563684364182946e-05,3.9447351211944106,0.5154226654940197,180,0.801256434513376,0.2747749954103842,0.002511059504967994,0.00041945591650560665,2032.7916666666667,0.005555555555555556,1,0,2025-10-01,3016988
1759296600000000,9.84989686920796e-05,3.850324417532926,0.5549473046570064,180,0.8086335042319169,0.11853281810706906,0.007446472630824319,0.03045786500669212,1809.3083333333334,0.0,1,0,2025-10-01,3016988
1759298400000000,0.0001027117677993574,4.070921087641148,0.6934896952857633,180,0.8683686885564134,0.0717615077901066,0.00017389014190571928,0.005183478597139635,1777.0722222222223,0.011111111111111112,1,0,2025-10-01,3016988
1759300200000000,4.861983436764391e-05,3.5560934986879675,0.3933655668198257,180,0.7417711343513835,0.20657219178992914,0.00041688415627783026,3.228560241674838e-05,1715.9472222222223,0.0,1,0,2025-10-01,3016988
1759302000000000,8.573557264599814e-05,4.2763173313733756,0.5887204075504948,180,0.8849953927534823,0.21468965056765732,0.00901246929610866,0.017817946400004114,1766.0555555555557,0.016666666666666666,1,0,2025-10-01,3016988
1759303800000000,8.668854053253293e-05,5.880675678372227,0.6629118096124553,168,0.857506929645282,0.33131436536714043,0.0026349829273953906,0.0005955994879154325,2225.1458333333335,0.005952380952380952,1,0,2025-10-01,3016988
1759305600000000,8.952071566135976e-05,4.132560920319957,0.5493269972164717,168,0.8254154979960552,0.29221235054284045,0.004398364377166231,0.00011457168478667956,1556.529761904762,0.011904761904761904,2,0,2025-10-01,3016988
1759307400000000,0.00014840793747993063,14.067699099306044,0.7281299892435639,180,0.7385743452728839,0.3543913100200641,0.0008864018450752686,0.0015626823351055918,1530.838888888889,0.06111111111111111,2,0,2025-10-01,3016988
1759309200000000,4.8783444740595083e-05,5.2695604318113265,0.28651440351095026,180,0.41881472409597875,0.3580050673437656,0.0015972978099449975,0.018572612839774183,4580.752777777778,0.05,2,0,2025-10-01,3016988
1759311000000000,8.908340772519672e-05,5.132996643921125,0.5185729010186187,180,0.8043090598334937,0.3162274583261673,0.024853940370277217,0.02626203687161277,2067.4694444444444,0.011111111111111112,2,0,2025-10-01,3016988
1759312800000000,8.12770999166373e-05,6.217056876593385,0.5883224756403236,180,0.7176515013121405,0.28349577630210965,0.0022064329985002074,0.005683865745395922,2229.9444444444443,0.005555555555555556,2,0,2025-10-01,3016988
1759314600000000,8.66530057037078e-05,5.652265543692374,0.5841603005113438,180,0.7754071327603123,0.25288971220295786,0.006870718957254773,0.002382896084828001,1950.4583333333333,0.0,2,0,2025-10-01,3016988
1759316400000000,7.675269881403447e-05,3.632631135787615,0.417007962703544,180,0.6640635753554225,0.42131091128586673,0.002725329171131885,0.016523808984703403,1929.9,0.005555555555555556,2,0,2025-10-01,3016988
1759318200000000,0.00015910873092952874,7.597101648689485,0.7063496200498162,180,0.7882552438675157,0.16799565354210133,0.0036184208377839644,0.0008761145182515362,2123.7722222222224,0.0,2,0,2025-10-01,3016988
1759320000000000,0.00010871360830945317,4.625825020567485,0.559886275966198,180,0.774149425958462,0.4614175256462194,0.0016240999446055504,0.0004152862283850478,1867.4138888888888,0.005555555555555556,3,0,2025-10-01,3016988
1759321800000000,8.262131789264089e-05,4.633923231847483,0.509063478387711,180,0.6911408744101724,0.16790757529662503,0.050393230186415616,5.5883984884097515e-08,1614.2555555555555,0.0,3,0,2025-10-01,3016988
1759323600000000,8.765873220545391e-05,4.32776174369117,0.5467572568043605,180,0.7751337064381809,0.3111325430735319,0.001301085971900262,0.00015465291080496435,2034.4194444444445,0.0,3,0,2025-10-01,3016988
1759325400000000,0.00018311732346483603,22.48158313995653,0.8292070801254168,180,0.843690108712292,0.062475583687511826,0.00046684767751958844,0.004494683154748991,1449.3,0.016666666666666666,3,0,2025-10-01,3016988
1759327200000000,0.0001789756453053659,25.609421435544217,0.8559051244494338,180,0.8613719983657105,0.23202195538439763,0.012625910593172418,0.016233400364556894,1693.4194444444445,0.022222222222222223,3,0,2025-10-01,3016988
1759329000000000,0.00018890064100731424,25.228557390834517,0.8606219482892803,180,0.8637228222399521,0.16369859345955595,0.011542358750978754,0.009151822728542758,1629.8805555555555,0.0,3,0,2025-10-01,3016988
1759330800000000,0.00017266183494648836,22.95713867052124,0.8144851409445062,180,0.8164125412417125,0.1586884798680246,0.007446142586060578,0.0007667391758040543,1983.036111111111,0.0,3,0,2025-10-01,3016988
1759332600000000,0.0001675790791766958,22.35643445466962,0.8055594053177889,168,0.8102000037903861,0.3104198094190105,0.0005693495996064168,0.0016406041683308947,2010.7886904761904,0.0,3,0,2025-10-01,3016988
1759334400000000,0.0001453039330604195,14.850672677473948,0.7791259875246452,168,0.8160091783406311,0.3320776553556356,0.00954053691764234,0.024448538695582833,1953.0684523809523,0.005952380952380952,4,0,2025-10-01,3016988
1759336200000000,0.00013879057745044368,16.973189377374585,0.7384668134142907,180,0.7423571505635134,0.3445515766948085,2.986196565801791e-06,5.557044333359684e-06,2297.483333333333,0.005555555555555556,4,0,2025-10-01,3016988
1759338000000000,0.00011577787858956366,4.686731754807411,0.7553314745254458,180,0.8966720322417944,0.3668583724983414,0.00445844317259847,6.032389583410236e-07,2357.347222222222,0.0,4,0,2025-10-01,3016988
1759339800000000,0.0001450898667375401,9.504364849868361,0.7629296014702959,180,0.8494068499124052,0.31193084996806597,0.017410336289325423,0.006581159848332407,2046.911111111111,0.0,4,0,2025-10-01,3016988
1759341600000000,0.00014939220264021806,9.655796321022018,0.7898752758378988,180,0.8298506834637838,0.11302129262281424,0.029667693691147745,0.023945512712136963,2092.197222222222,0.0,4,0,2025-10-01,3016988
1759343400000000,9.769771542944742e-05,16.57542863701943,0.8181323923340921,180,0.8298024432176553,0.3654753162271075,0.004765230039566526,0.014899893255406305,2575.072222222222,0.0,4,0,2025-10-01,3016988
1759345200000000,0.00012469559882466534,14.094210242680004,0.8521745558707277,180,0.8893665778183495,0.16940232308730718,0.001691580237079604,3.08130663252415e-05,2205.7055555555557,0.0,4,0,2025-10-01,3016988
1759347000000000,0.00012000244703976085,9.350892040351106,0.8491858835638195,180,0.8866982019290022,0.5068417283411317,0.0072110135453659074,0.0020220118350661176,2535.0305555555556,0.0,4,0,2025-10-01,3016988
1759348800000000,0.00012639581026771725,17.202699614758945,0.8086591884470937,180,0.8198380177051497,0.4589881577892956,0.0011899749213182265,1.8200229564557802e-06,2792.238888888889,0.0,5,0,2025-10-01,3016988
1759350600000000,0.00012288495112466983,27.824494225805545,0.8535571641780398,180,0.8587092791525728,0.21866111739673288,0.0134572827371785,0.0031296922229321344,2960.7527777777777,0.0,5,0,2025-10-01,3016988
1759352400000000,9.960942731104014e-05,12.26422058260546,0.8297093959367075,180,0.8525681724739502,0.19848731413444454,0.006499652735651562,0.0026693799279818853,3453.9194444444443,0.0,5,0,2025-10-01,3016988
1759354200000000,0.00010102423570278199,12.250544246253439,0.7570973808415096,180,0.7690827007537483,0.2756249156202316,0.00013279738765159532,0.0037209332739752687,3656.302777777778,0.005555555555555556,5,0,2025-10-01,3016988
1759356000000000,0.00010497311831120007,17.132425094352442,0.844897000698829,180,0.8625879222218924,0.392980062610091,0.007375020390109621,0.021195096585093443,2886.6305555555555,0.005555555555555556,5,0,2025-10-01,3016988
1759357800000000,9.346687090514794e-05,11.546220416188735,0.7903992356188283,180,0.8115205195663249,0.26254461335999435,0.00829494931648267,0.0028250202868207452,3534.302777777778,0.0,5,0,2025-10-01,3016988
1759359600000000,0.00011481538708182063,18.716333158095473,0.8502918605185676,180,0.8738681430874765,0.43981330038866695,0.004461924090596758,0.00527306710760056,2511.6055555555554,0.0,5,0,2025-10-01,3016988
1759361400000000,0.00013136202127128616,12.839505899343004,0.7699481017217993,168,0.7738119979363225,0.3966581996189954,0.0004888513774622405,0.0046795843786441305,2919.4851190476193,0.0,5,0,2025-10-01,3016988
1761955200000000,6.599207033367931e-05,3.9403991298824628,0.6221745352208947,168,0.8420764625963233,0.25874305241525675,0.0007661928009907726,0.0006546518261137946,4162.961309523809,0.0,0,1,2025-11-01,2900011
1761957000000000,8.203044966784564e-05,18.61481841213565,0.8368638882194953,180,0.8400237980160116,0.25723477657528737,0.043097359864712526,0.025992144735127787,4201.736111111111,0.0,0,1,2025-11-01,2900011
1761958800000000,4.231943561231836e-05,3.4875696052505,0.5511988261011158,180,0.8581898922839131,0.28462537055286663,3.3372841795609176e-06,0.0006011825349961919,4433.947222222222,0.0,0,1,2025-11-01,2900011
1761960600000000,2.2945632540289873e-05,2.9403920759954465,0.3378451846167374,180,0.6751150402889461,0.09991980940329082,0.00334656775027653,0.01779776832364688,8200.652777777777,0.0,0,1,2025-11-01,2900011
1761962400000000,6.92403272541825e-05,14.848022029998056,0.7810479334839182,180,0.7810611659409438,0.14096431412585186,0.00422961653750864,0.0014524578945365185,4199.163888888889,0.0,0,1,2025-11-01,2900011
1761964200000000,5.599401123702613e-05,4.270573026056694,0.6140452000898026,180,0.7301289873750881,0.320708729325765,0.0019839550397602324,0.03408718394996124,5151.447222222222,0.005555555555555556,0,1,2025-11-01,2900011
1761966000000000,8.345726232314603e-05,8.837815084838768,0.689878480579456,180,0.7003873503391692,0.5553820462201742,0.02552617604420626,0.0033028756802915282,4335.772222222222,0.0,0,1,2025-11-01,2900011
1761967800000000,7.206918759977297e-05,20.772485560859103,0.8235416977593296,180,0.824826186119072,0.27377423324396954,0.000977340105609792,0.0007327186658809826,4845.983333333334,0.0,0,1,2025-11-01,2900011
1761969600000000,6.529985018295073e-05,5.505434992193108,0.8139292274503639,180,0.9208119780679402,0.36739061600860534,0.0002489019572402551,4.377631485052991e-05,4028.9222222222224,0.0,1,1,2025-11-01,2900011
1761971400000000,8.060453399173851e-05,6.974141867071954,0.7945916150095444,180,0.8703192780490068,0.29952369342783103,0.001682816516555219,0.00014174193489469022,3519.6111111111113,0.0,1,1,2025-11-01,2900011
1761973200000000,0.00010859569873694684,22.910569920493693,0.7868655340883723,180,0.7868833160704999,0.20099433866225536,0.00013825247386534123,0.0038488213989474884,2979.3722222222223,0.0,1,1,2025-11-01,2900011
1761975000000000,0.00010379458854894637,22.54528123443492,0.8521865871959367,180,0.8547638570691014,0.41477237115757715,0.0008012554119892767,0.008592619963979309,3129.0194444444446,0.0,1,1,2025-11-01,2900011
1761976800000000,4.005292824294706e-05,5.7964081433788115,0.5721051029693904,180,0.7438198258628159,0.15544648580475062,0.006621621752916584,0.001213322613533352,6079.941666666667,0.0,1,1,2025-11-01,2900011
1761978600000000,6.761982411285693e-05,12.746828631467059,0.819342358735265,180,0.8437464209983216,0.2384229266526191,0.00789156276198899,0.008728309577292204,4097.772222222222,0.0,1,1,2025-11-01,2900011
1761980400000000,5.253370001808338e-05,6.287188075694655,0.5875542594151314,180,0.6790342779614383,0.2721148127709251,0.0020890988158531743,0.0018563973924732302,4217.4944444444445,0.0,1,1,2025-11-01,2900011
1761982200000000,8.723486131226455e-05,6.5468421189845625,0.6297341206714799,168,0.7702116161494977,0.3003271751910601,0.005867270533827629,0.0020598623579688446,3469.815476190476,0.0,1,1,2025-11-01,2900011
1761984000000000,0.00012113700263775289,10.277360443341859,0.5968738664404665,168,0.652990620625414,0.2979369788977466,0.011074600437387172,0.013018463018577564,2133.3184523809523,0.005952380952380952,2,1,2025-11-01,2900011
1761985800000000,0.00014508888051025198,8.490603473207718,0.6898213529776659,180,0.7384295685896494,0.3798351667029818,0.00114882180937248,0.0011555944933097084,2200.8055555555557,0.005555555555555556,2,1,2025-11-01,2900011
1761987600000000,7.079312135227164e-05,5.294376414279733,0.4773170736233824,180,0.7174366705276429,0.3099037350726648,0.005653668514465138,0.006854475477876432,2513.8805555555555,0.0,2,1,2025-11-01,2900011
1761989400000000,0.00015649325484575724,13.537289777195056,0.8394116895707093,180,0.854227069660716,0.5520293713529361,0.004707176473633057,0.01793412126895011,2288.0027777777777,0.0,2,1,2025-11-01,2900011
1761991200000000,9.463867828397383e-05,6.01858453153398,0.6591286317933575,180,0.7210810918558694,0.26503804354544525,0.015751726359469864,0.0121378143179377,2625.7805555555556,0.0,2,1,2025-11-01,2900011
1761993000000000,0.00012525577230081245,7.299227615086336,0.6867000840486437,180,0.7447890859566471,0.3036027416396776,6.4287123133e-05,0.0006331783339393882,2301.913888888889,0.0,2,1,2025-11-01,2900011
1761994800000000,0.00016003529412288392,8.185498695688343,0.7418660497910101,180,0.7914358109075018,0.2440471782027016,0.0012334637749752408,0.002764639839897609,1786.0277777777778,0.0,2,1,2025-11-01,2900011
1761996600000000,0.00017122710518588,19.413011611337136,0.8284699387626531,180,0.8298503328882751,0.3019613956876429,0.00011242619431639511,0.0014101573430425063,2270.1277777777777,0.0,2,1,2025-11-01,2900011
1761998400000000,0.00015463784290926737,10.394467089107767,0.7412623902400227,180,0.7757565533836319,0.17266444884907117,0.0001585716552626737,0.0010929812573354791,2203.072222222222,0.0,3,1,2025-11-01,2900011
1762000200000000,8.943662820680735e-05,6.76347911447398,0.5102896290955257,180,0.6641348706595107,0.33426956624143234,0.006758875532166142,0.0011133055200387432,2708.2361111111113,0.0,3,1,2025-11-01,2900011
1762002000000000,9.581362493378269e-05,4.210895370903181,0.4836282170174383,180,0.7765373165142595,0.21406244771730842,0.006976680387091427,0.0007431831026656344,2335.6027777777776,0.0,3,1,2025-11-01,2900011
1762003800000000,0.0001530454346473738,12.756869384269907,0.7101536700882336,180,0.7488383607230682,0.33522278546988604,0.0015617584184142164,0.010495931665331804,1810.4055555555556,0.0,3,1,2025-11-01,2900011
1762005600000000,8.801379344210375e-05,5.305149842081494,0.5905501474782721,180,0.64027826545037,0.2128686473180006,0.0012174929524786382,0.005390188600398971,2720.4222222222224,0.005555555555555556,3,1,2025-11-01,2900011
1762007400000000,0.00010310942334460212,4.762395372585052,0.631086889061167,180,0.697827862126084,0.25666694283889724,0.009122403826570924,0.0016374076472590593,1808.5583333333334,0.0,3,1,2025-11-01,2900011
1762009200000000,0.0001641136399171089,15.32014959780222,0.7859686126387954,180,0.7862038345933597,0.34834122229915243,0.012650163839080686,0.006440317803379725,1825.7444444444445,0.011111111111111112,3,1,2025-11-01,2900011
1762011000000000,0.0001077538498329081,8.127788063333725,0.7569804879074856,168,0.8093644166840706,0.45213244984594936,0.014747029741713491,0.022608889922652642,2468.8541666666665,0.005952380952380952,3,1,2025-11-01,2900011
1762012800000000,8.601943800714678e-05,2.4428208250353105,0.530287868481322,168,0.8799763022283498,0.12981625397924546,0.014109153489458848,0.0011160071237805713,1939.5505952380952,0.0,4,1,2025-11-01,2900011
1762014600000000,0.00017348498683715838,22.362943326266087,0.8674469530519654,180,0.8674472541176721,0.2713755521874077,0.005851411018011232,0.0005996826028432656,2107.9583333333335,0.0,4,1,2025-11-01,2900011
1762016400000000,6.403181349726931e-05,2.502484781926734,0.45537599052855826,180,0.7859532114118127,0.1187761158930154,0.0006126598109172932,0.00035203092608993014,2620.8611111111113,0.0,4,1,2025-11-01,2900011
1762018200000000,4.658195022680698e-05,3.248596572904842,0.41402175723001444,180,0.6265836775406504,0.3234221691162368,9.762434846716239e-05,0.01261872765591876,2898.5027777777777,0.0,4,1,2025-11-01,2900011
1762020000000000,8.04703525934927e-05,4.77073233020558,0.47332798919326724,180,0.662772726769391,0.3076822180699912,1.8231197679519084e-05,0.0002910242635733029,2214.4416666666666,0.0,4,1,2025-11-01,2900011
1762021800000000,5.183285491722295e-05,8.268277275738786,0.4883524014587496,180,0.5807633517407007,0.40997904163311505,0.010068420958413427,0.0011671782318287693,3924.5222222222224,0.0,4,1,2025-11-01,2900011
1762023600000000,9.862254671260538e-05,9.33472706297532,0.7468241966944436,180,0.7696930478648404,0.15738402284703945,0.0048418579931167605,1.6627259106893888e-05,3745.7722222222224,0.0,4,1,2025-11-01,2900011
1762025400000000,0.00013028929126971496,18.013987653685085,0.8706065840505782,180,0.8852951707098401,0.24085961547445522,0.0010944190060685477,0.002402756488935953,2395.8611111111113,0.0,4,1,2025-11-01,2900011
1762027200000000,0.00012089219019845003,7.453578613089142,0.7769699610432206,180,0.8434217293204673,0.18244735542333734,0.00018268649105712687,0.0014796281429202418,2175.9972222222223,0.0,5,1,2025-11-01,2900011
1762029000000000,8.140714328912677e-05,6.613771618170592,0.5817612232197704,180,0.7322398994420858,0.13019055600901852,0.02730936581080423,0.009759256499739744,2631.8277777777776,0.005555555555555556,5,1,2025-11-01,2900011
1762030800000000,6.098878335374016e-05,5.195481567272111,0.5131667270420502,180,0.6947218581626555,0.2064497177743173,0.0005426799081783562,0.0004680649296400219,2830.663888888889,0.0,5,1,2025-11-01,2900011
1762032600000000,4.054714244494937e-05,7.303729288100756,0.3651006608802122,180,0.5043485063758963,0.3035981004827787,0.00673249471784565,0.0013403859816836228,3253.1305555555555,0.0,5,1,2025-11-01,2900011
1762034400000000,4.7806232618746405e-05,6.799307127287446,0.5500647839683435,180,0.7085111234969581,0.16834593488689087,6.541683383309849e-05,0.02147748205615052,3858.3277777777776,0.0,5,1,2025-11-01,2900011
1762036200000000,6.691202082157312e-05,7.880197771987575,0.7290017330888698,180,0.7770016484367575,0.31873705538102504,0.0002170095458237098,0.0003246437529725865,4609.647222222222,0.0,5,1,2025-11-01,2900011
1762038000000000,8.28986012173046e-05,7.583905452322786,0.6001560862330622,180,0.613227762270113,0.25900653038021637,0.012205547190362376,0.012395045342248112,3864.2055555555557,0.0,5,1,2025-11-01,2900011
1762039800000000,7.856889456497738e-05,15.978262465612005,0.8660183624386619,168,0.8688204278264963,0.28372624436095795,0.004409340965565889,1.2354274307124768e-05,4379.601190476191,0.0,5,1,2025-11-01,2900011
1764547200000000,9.03167522364896e-05,17.657132788538974,0.8365428096997769,168,0.8436826420310028,0.32134151384493614,0.06128286494218982,0.04526030344957244,2994.0833333333335,0.08928571428571429,0,0,2025-12-01,2580201
1764549000000000,7.714504070409744e-05,28.601463792471414,0.7699068234701797,180,0.7777809529178752,0.26033541772100754,0.006551310422444057,0.0006493750312704938,3113.027777777778,0.03888888888888889,0,0,2025-12-01,2580201
1764550800000000,7.464987762648237e-05,19.655134137065968,0.8512492786974897,180,0.8573494790662235,0.1849920080350934,0.00043373757814491043,1.4569668552288917e-05,4307.547222222222,0.05555555555555555,0,0,2025-12-01,2580201
1764552600000000,6.157893637423554e-05,13.896569213125131,0.7827086090686423,180,0.7897736957833008,0.1315424653587992,0.002840355704466946,0.006012927894058717,4165.45,0.016666666666666666,0,0,2025-12-01,2580201
1764554400000000,5.2804181111009475e-05,13.910046007764638,0.8773141983899545,180,0.9048751337446503,0.30705948837918795,0.0034660540631318293,0.00010686641085266846,4043.3,0.0,0,0,2025-12-01,2580201
1764556200000000,4.045432746485289e-05,8.419941459353538,0.740864417277723,180,0.8063742344056826,0.14689208670851972,0.01044784364059892,0.005766874349719342,5149.977777777778,0.016666666666666666,0,0,2025-12-01,2580201
1764558000000000,4.7514280669078046e-05,17.144378912374417,0.818923922499932,180,0.8319237725029958,0.18525733048259652,0.01333960697365466,0.016500069417512808,4506.752777777778,0.016666666666666666,0,0,2025-12-01,2580201
1764559800000000,4.2803078332540395e-05,25.285510048044646,0.8368032321964981,180,0.8373765593780786,0.10710446573056143,0.0023403168520346185,0.0008177228295069838,4996.011111111111,0.005555555555555556,0,0,2025-12-01,2580201
1764561600000000,4.245687119882672e-05,22.519396142634225,0.8380302142690998,180,0.8426049777368285,0.20533203522980248,0.005215135494855527,0.011246483132898,5127.8694444444445,0.005555555555555556,1,0,2025-12-01,2580201
1764563400000000,3.9794768058261054e-05,24.155685852908114,0.8644116650316737,180,0.8747899849683152,0.15452432306428876,0.0042586876303992716,0.004931942480520757,5333.1,0.016666666666666666,1,0,2025-12-01,2580201
1764565200000000,3.50592062213794e-05,22.86623677013079,0.6038821540675336,180,0.6060432567580898,0.44204585783350747,0.03902059479802722,0.03173892328646,7130.930555555556,0.005555555555555556,1,0,2025-12-01,2580201
1764567000000000,3.0299379996947702e-05,10.990095036930134,0.7908234216699295,180,0.8130368426939473,0.09624839942224372,0.014455272605049974,0.0004241466449169673,7791.5055555555555,0.005555555555555556,1,0,2025-12-01,2580201
1764568800000000,3.597361519819158e-05,18.875329849702105,0.8863012264098553,180,0.8937103390427849,0.3961479287373538,2.296282579195008e-06,0.0006730304228442785,6066.433333333333,0.005555555555555556,1,0,2025-12-01,2580201
1764570600000000,4.574344595985575e-05,11.997445474710855,0.8049791173827188,180,0.8229704918436496,0.4433281322757068,9.776510772563363e-05,0.0003132830414995791,6191.272222222222,0.005555555555555556,1,0,2025-12-01,2580201
1764572400000000,4.402214527230804e-05,34.139329610489014,0.8766551741251709,180,0.8767273204276078,0.2851741399717813,0.0009609567944451891,0.0006423837113957998,5174.225,0.005555555555555556,1,0,2025-12-01,2580201
1764574200000000,4.521108412330311e-05,19.645830494461805,0.8869602440418989,168,0.8995617568593133,0.4347664588313056,0.0057379598169639,0.0007717424152468011,4912.607142857143,0.023809523809523808,1,0,2025-12-01,2580201
1764576000000000,3.221377177407923e-05,11.556891134337041,0.8305454226000948,168,0.8766056639512425,0.32801685395193103,0.0015081906276840362,0.0009798658773082503,7342.883928571428,0.0,2,0,2025-12-01,2580201
1764577800000000,3.8618180253281744e-05,28.590801591689598,0.8915274687679409,180,0.8915681418497253,0.3176895507248608,0.006705864335084688,0.0003498100233551016,5631.438888888889,0.005555555555555556,2,0,2025-12-01,2580201
1764579600000000,3.901168842163965e-05,22.77075449900965,0.8848715983138591,180,0.8854190237491528,0.5184968617375638,0.024105269757963566,0.05270906152984933,5851.958333333333,0.011111111111111112,2,0,2025-12-01,2580201
1764581400000000,3.136629431411019e-05,23.79794225888347,0.8273963179174181,180,0.8279481200892503,0.3717284593779394,7.760338845974601e-07,8.727785382378617e-05,6351.452777777778,0.005555555555555556,2,0,2025-12-01,2580201
1764583200000000,3.414887873887925e-05,18.332256243707064,0.8546380648362435,180,0.8617504387104604,0.2829901119582895,0.05846242660518253,0.026223356730528558,5880.097222222223,0.005555555555555556,2,0,2025-12-01,2580201
1764585000000000,2.5452649552280086e-05,8.588571052458825,0.7226078141721293,180,0.7705347214956719,0.38087862601864764,0.018150840452618278,0.016167442483204564,8933.427777777777,0.0,2,0,2025-12-01,2580201
1764586800000000,3.0623736596942324e-05,13.701384180355248,0.8081148483005318,180,0.8196271326983643,0.16875574782835978,0.004263414986548031,0.0002132696658661004,7408.936111111111,0.0,2,0,2025-12-01,2580201
1764588600000000,3.864682527632917e-05,15.778652110448895,0.8646062686535316,180,0.8675755486447823,0.2702124954621965,8.582091215347809e-06,5.5058700827337326e-05,6042.5361111111115,0.005555555555555556,2,0,2025-12-01,2580201
1764590400000000,4.226145175774328e-05,16.297916127381225,0.8492718029248925,180,0.85127153296004,0.21708231170385417,0.0016730467557036777,0.0001893898062740318,6090.0361111111115,0.0,3,0,2025-12-01,2580201
1764592200000000,4.083484302115055e-05,16.398262658775305,0.7417365716955724,180,0.7417366935866727,0.2771138888754532,0.029267385614254238,0.0013537277425170746,6221.569444444444,0.027777777777777776,3,0,2025-12-01,2580201
1764594000000000,4.729605828408912e-05,19.19341106209011,0.8379441428709304,180,0.8380144284788689,0.21063132879416568,0.0020464888827844696,0.000772074709177617,4941.1305555555555,0.022222222222222223,3,0,2025-12-01,2580201
1764595800000000,3.7786794680298624e-05,29.560773915983166,0.8414762153793095,180,0.8418352369044727,0.1344882254733034,0.00039385788076917727,0.003413066687240507,6130.741666666667,0.005555555555555556,3,0,2025-12-01,2580201
1764597600000000,3.7275186556350024e-05,22.07862801257393,0.8658903370423663,180,0.8862500888655864,0.3540218264713333,0.0029857301484588206,0.003130736459517114,6205.888888888889,0.005555555555555556,3,0,2025-12-01,2580201
1764599400000000,2.624117564426877e-05,2.688129159074577,0.47002490476407466,180,0.6697346175390011,0.1507632151091528,0.001045453994254708,0.00032179971599766155,5352.7555555555555,0.03888888888888889,3,0,2025-12-01,2580201
1764601200000000,3.093905643474149e-05,8.979308112768383,0.750082455427561,180,0.7949769086209338,0.33226600851228383,0.0005122327315039144,0.004195073221882284,6246.847222222223,0.03888888888888889,3,0,2025-12-01,2580201
1764603000000000,5.027675263459986e-05,34.885826912792645,0.8629295704879391,168,0.8634690018768884,0.21522324573301366,0.00462055827474106,0.00011436489533622751,6023.455357142857,0.06547619047619048,3,0,2025-12-01,2580201
1764604800000000,6.519844930423118e-06,4.9295561276922335,0.3704807484938657,168,0.4667851132878864,0.005924219008537346,0.003276081393814856,0.0007741760677162368,6973.791666666667,0.03571428571428571,4,0,2025-12-01,2580201
1764606600000000,4.236054332166593e-05,23.61565758692379,0.8675105979887797,180,0.8682318481278573,0.34403381341461026,0.025852201026008603,0.03399682365816925,6162.711111111111,0.011111111111111112,4,0,2025-12-01,2580201
1764608400000000,4.037330026581582e-05,25.784599746833532,0.8588300610373615,180,0.8677910639933586,0.3389371034385005,0.0003542864387642286,0.00595784730347193,5971.386111111111,0.011111111111111112,4,0,2025-12-01,2580201
1764610200000000,3.0687843698841605e-05,6.511533970581786,0.7329587104827195,180,0.8665393745147563,0.09133921212686658,0.006378948773875792,0.004010221009148496,5835.9111111111115,0.005555555555555556,4,0,2025-12-01,2580201
1764612000000000,3.746992588573882e-05,17.7532004451421,0.806745896364887,180,0.8511849149165344,0.1425962963189229,0.003340436424396409,0.021466133110454644,5931.525,0.016666666666666666,4,0,2025-12-01,2580201
1764613800000000,4.4590468479029236e-05,21.019379669409183,0.8678398798290357,180,0.8687375618362152,0.37800149581714415,0.006645052975406962,0.030733339972117357,5466.8388888888885,0.016666666666666666,4,0,2025-12-01,2580201
1764615600000000,3.5170666764638446e-05,7.12936726009879,0.7648942608215797,180,0.8374418696742073,0.0852242527341851,3.795965077224572e-05,7.821659063411701e-05,5777.583333333333,0.011111111111111112,4,0,2025-12-01,2580201
1764617400000000,2.797137274448596e-05,6.186107880060854,0.6923760558183327,180,0.8565451511500157,0.13396466549660713,0.01572604489417717,0.001341924099613201,6293.566666666667,0.005555555555555556,4,0,2025-12-01,2580201
1764619200000000,4.108120773849093e-05,20.104586481824388,0.8259087237605593,180,0.829975430373317,0.23539070271666962,0.005396703044652895,0.016669221064934736,5849.261111111111,0.011111111111111112,5,0,2025-12-01,2580201
1764621000000000,4.126969543571654e-05,30.859307646519802,0.874594615754734,180,0.8754421332050187,0.312477445603326,0.0051104732411769715,0.005090033028750995,6071.722222222223,0.005555555555555556,5,0,2025-12-01,2580201
1764622800000000,4.572948618726519e-05,27.858978682744354,0.871018239191558,180,0.8712024884001897,0.2717702911234934,0.0008877468502823671,0.0004957494841950627,5872.644444444444,0.016666666666666666,5,0,2025-12-01,2580201
1764624600000000,3.479297206455763e-05,18.532131408616188,0.7584477752317513,180,0.7689878581598146,0.3064653880809055,0.0172747893062839,0.014849354769946865,7030.85,0.005555555555555556,5,0,2025-12-01,2580201
1764626400000000,4.259552870666716e-05,14.764291907928921,0.824823999104121,180,0.8255123793061151,0.33370444961084367,0.002749445908891812,0.004359466007445412,7403.977777777778,0.005555555555555556,5,0,2025-12-01,2580201
1764628200000000,5.631271839913105e-05,13.556615768193275,0.7642350650370635,180,0.7790344704859578,0.4213568776471157,0.025342623828846222,0.009417550019881205,4561.938888888889,0.0,5,0,2025-12-01,2580201
1764630000000000,6.007857375477892e-05,12.687585868271665,0.8162578749472265,180,0.8527805511590711,0.2919955282264086,3.823764323918066e-05,0.008375547429939512,3469.0916666666667,0.0,5,0,2025-12-01,2580201
1764631800000000,5.4854539739973256e-05,21.755795560113384,0.899315619691718,168,0.9077891457426718,0.4919606874373321,0.0007130802073666009,0.0004788930657929624,5006.380952380952,0.0,5,0,2025-12-01,2580201
1767225600000000,1.7183246171024572e-05,5.282325477021409,0.7089206086955377,168,0.8252202947093734,0.1762137149900307,0.001987927990867555,0.0020539204718522663,12576.92857142857,0.0,0,0,2026-01-01,1446018
1767227400000000,2.0223526304726898e-05,12.134846911103581,0.786967695785328,180,0.7983906451804254,0.17395721591322466,0.00027091257510825084,0.009620562274721411,13854.027777777777,0.0,0,0,2026-01-01,1446018
1767229200000000,2.2435041215489044e-05,24.228076889049152,0.8648207066330148,180,0.8649897542240521,0.32274152457498895,0.001534535295249717,0.0007149602575160507,14099.872222222222,0.0,0,0,2026-01-01,1446018
1767231000000000,1.7831579539486895e-05,16.845265360698907,0.7587878124501498,180,0.7641893718883148,0.23598753747859946,0.00013424923734950411,0.008338121071707172,12992.455555555556,0.0,0,0,2026-01-01,1446018
1767232800000000,2.0239849349787266e-05,15.110039831701304,0.8058442128389376,180,0.805913913502086,0.2758730642618995,0.0009254348575019611,6.130443332774682e-05,12694.863888888889,0.0,0,0,2026-01-01,1446018
1767234600000000,2.2691406268692546e-05,23.73898920833423,0.7960973740895294,180,0.796112897339369,0.3185907973608063,0.001317857511054621,1.987924152846432e-06,11556.81388888889,0.0,0,0,2026-01-01,1446018
1767236400000000,1.71181786085899e-05,15.03630476308639,0.7099955511443299,180,0.7259604267217243,0.2180033560289042,0.003235502092600484,0.008639099660953331,14206.875,0.0,0,0,2026-01-01,1446018
1767238200000000,1.63871054615382e-05,9.179938796102139,0.7050985460459684,180,0.7510134082873425,0.3436924466840173,0.009540644670242404,7.093295172166947e-05,14956.691666666668,0.0,0,0,2026-01-01,1446018
1767240000000000,1.7685521249090922e-05,9.043577861182738,0.7268036984699844,180,0.7493695480392666,0.1362696181012748,2.6310816041985596e-05,0.020109749576138758,12294.03611111111,0.0,1,0,2026-01-01,1446018
1767241800000000,2.3075661031722346e-05,17.350604425627516,0.8077140394384964,180,0.808072947485396,0.3695398949552482,0.002877429393862707,0.0020022889731944327,12311.969444444445,0.0,1,0,2026-01-01,1446018
1767243600000000,2.605941075353307e-05,14.455986331874623,0.8170860552688409,180,0.8316213851803407,0.3312639386705175,0.04042766962490696,0.03648617483460581,10869.208333333334,0.0,1,0,2026-01-01,1446018
1767245400000000,1.7989580533180298e-05,16.352933996444172,0.7409119410511498,180,0.7417218549287108,0.3640438540019153,0.009769583305274998,0.0036860790231931784,12451.794444444444,0.0,1,0,2026-01-01,1446018
1767247200000000,1.4561428174234053e-05,5.029658271166931,0.5216854424550994,180,0.5665400016779258,0.38786477126186236,7.3682156921384134e-06,0.0005117824091629419,13226.855555555556,0.0,1,0,2026-01-01,1446018
1767249000000000,1.9221056208756943e-05,18.658308788890423,0.8076339418912748,180,0.811599050633371,0.4338912724509555,4.871369533510084e-05,0.0003395234688509108,12961.43888888889,0.0,1,0,2026-01-01,1446018
1767250800000000,1.888362548358773e-05,13.20998639481622,0.7990976052779915,180,0.8329945141370373,0.3282505219017038,0.0015151189181167313,0.021747657943025134,12887.75,0.0,1,0,2026-01-01,1446018
1767252600000000,1.7442606098320973e-05,11.760983717249418,0.7049906528145633,168,0.7245546466199265,0.39271531403581006,6.010334066031131e-05,0.0019922745347906723,13397.800595238095,0.0,1,0,2026-01-01,1446018
1767254400000000,1.6625717578322125e-05,13.066481316776626,0.7633595366808408,168,0.7637986446229044,0.3129361455107462,9.697199305092052e-05,0.0029490561984080177,15013.752976190477,0.0,2,0,2026-01-01,1446018
1767256200000000,1.33720133073517e-05,7.154050315434123,0.6704458276547076,180,0.7049931983868635,0.24001210514930504,0.003361139763585985,0.0005545757573337529,14347.538888888888,0.0,2,0,2026-01-01,1446018
1767258000000000,2.2078498011895975e-05,14.027049751292264,0.8183998912895974,180,0.8203862562105083,0.3931072646629199,0.004426791194838686,0.012354421530742066,14042.269444444444,0.0,2,0,2026-01-01,1446018
1767259800000000,1.810546896651032e-05,17.106993204549834,0.7577808684438062,180,0.7578731463282817,0.33310495839715804,0.0006195717376068499,0.00014174034276082104,13752.758333333333,0.0,2,0,2026-01-01,1446018
1767261600000000,1.7172267351264293e-05,10.089294520299147,0.8445827732775087,180,0.8804945087365779,0.3663207697317047,2.6051006765226425e-05,0.0043813996129866695,14834.122222222222,0.0,2,0,2026-01-01,1446018
1767263400000000,1.8990056401600478e-05,14.32441370806602,0.7792217242906154,180,0.7871564708334081,0.32712967105310664,0.006158986483364659,0.0011435436407132293,12762.655555555555,0.0,2,0,2026-01-01,1446018
1767265200000000,1.730137331159283e-05,7.888715710327969,0.6650553199472451,180,0.6977552354880084,0.44044104734371825,0.0032497952610026637,0.01707622740204795,19976.13611111111,0.0,2,0,2026-01-01,1446018
1767267000000000,1.579495512779812e-05,15.2253374592191,0.7752224894026466,180,0.7773103781750702,0.13298860447977157,0.0009057237340145408,0.0009183449728371595,18979.402777777777,0.0,2,0,2026-01-01,1446018
1767268800000000,1.4683067944381515e-05,19.816954493932855,0.8329360973409392,180,0.8352727263364689,0.25786334818694334,0.0007873307311515587,0.0015767603967863364,18109.005555555555,0.0,3,0,2026-01-01,1446018
1767270600000000,1.5866994387744008e-05,14.673618435494932,0.7986803835415103,180,0.8085013953495139,0.29807299553043065,0.0014471797025403799,0.0018696332303014263,18148.047222222223,0.0,3,0,2026-01-01,1446018
1767272400000000,1.48819941520413e-05,18.49689073642352,0.7215028556198586,180,0.7229665391591307,0.25498752450117745,0.005310063838674162,0.01353298531582059,19879.416666666668,0.0,3,0,2026-01-01,1446018
1767274200000000,1.849091012371527e-05,21.490059714778997,0.8388199174865245,180,0.8401678318172272,0.16269281582814,0.012287888137407,0.009538672266897308,14823.21388888889,0.0,3,0,2026-01-01,1446018
1767276000000000,2.0041026737528776e-05,25.516858877099356,0.8871986778374898,180,0.8904039102150119,0.25927406754189986,0.005422717378640529,0.006167782997861582,14173.827777777778,0.0,3,0,2026-01-01,1446018
1767277800000000,2.2303604576053615e-05,9.504713941154158,0.8811844430916459,180,0.9179502984320207,0.423043149744458,0.009338012560843545,0.004834808616780983,16897.716666666667,0.0,3,0,2026-01-01,1446018
1767279600000000,2.0469880526997625e-05,22.45805207383195,0.9081816493277667,180,0.911584264955123,0.4308692403754043,0.001723917033011002,0.009002211276735839,14462.18611111111,0.0,3,0,2026-01-01,1446018
1767281400000000,2.7481300140069035e-05,23.17214121868683,0.9076202998425793,168,0.9127930048015371,0.1626636482130549,0.0032552929707325706,0.00017549721497023274,11596.220238095239,0.005952380952380952,3,0,2026-01-01,1446018
1767283200000000,2.4272876405267024e-05,18.845373157020475,0.7940660060018074,168,0.8067847566925256,0.22479249581109906,8.275182739692077e-05,1.2372209715283411e-05,12627.139880952382,0.005952380952380952,4,0,2026-01-01,1446018
1767285000000000,2.179266810978311e-05,33.20590118537885,0.913355843500963,180,0.9168654489768063,0.34917075401276687,0.038782786663613344,0.05876657653015804,12814.172222222222,0.0,4,0,2026-01-01,1446018
1767286800000000,2.3994960676848098e-05,21.420698671015227,0.9021071865845176,180,0.9059829833222632,0.21547569903910424,0.004658066355521129,0.0031932551738413917,11842.641666666666,0.005555555555555556,4,0,2026-01-01,1446018
1767288600000000,2.080890328572941e-05,6.43043631226786,0.7751021250387945,180,0.788130413924838,0.08217975271678457,0.0003475002678305916,6.541187660413783e-07,13374.333333333334,0.0,4,0,2026-01-01,1446018
1767290400000000,2.278362223256178e-05,24.0473037203781,0.871127400490656,180,0.8728776743217794,0.11949290439265059,0.03100595905940462,0.03286726136097695,13510.183333333332,0.005555555555555556,4,0,2026-01-01,1446018
1767292200000000,1.0426369320391895e-05,3.9729718774813274,0.5916429124020172,180,0.8359878220089607,0.08232340881666023,2.901824949819165e-05,0.0016346546847659793,14430.658333333333,0.0,4,0,2026-01-01,1446018
1767294000000000,1.710649169450086e-05,22.993347813441755,0.8244515887544803,180,0.825252135615061,0.37844051749011,3.18419765512612e-05,0.0012559130202099977,15642.597222222223,0.0,4,0,2026-01-01,1446018
1767295800000000,2.339079387907553e-05,19.452760690892937,0.8486890891863269,180,0.8492768733551227,0.22755528795121216,0.0017764602839639432,0.005874386551258826,12629.994444444445,0.005555555555555556,4,0,2026-01-01,1446018
1767297600000000,2.7513111075749305e-05,10.98515185986296,0.7939285075584608,180,0.8472292239785653,0.37925767336101,0.02080032967268497,0.0044010191734571436,13326.733333333334,0.005555555555555556,5,0,2026-01-01,1446018
1767299400000000,2.220144000586577e-05,19.731519229890587,0.8798780798601966,180,0.8882577757409139,0.38230888880765634,0.00015969650337321895,0.00022198724566924177,12620.369444444445,0.0,5,0,2026-01-01,1446018
1767301200000000,2.1579644075462107e-05,14.586972290407807,0.8552577238294549,180,0.8712878986286741,0.24038461190271854,0.00038610583533560394,0.0026385381284489418,14561.413888888888,0.0,5,0,2026-01-01,1446018
1767303000000000,2.0202139616646797e-05,21.04023253941398,0.8317431277454018,180,0.8324837689390651,0.2362404442959649,0.014662944098761677,0.02065176778702693,13248.002777777778,0.0,5,0,2026-01-01,1446018
1767304800000000,2.5243129659485346e-05,27.74803942660962,0.871094485138027,180,0.8734772132001258,0.23378941849826662,0.010043034202370738,0.005629267986683284,12870.136111111111,0.005555555555555556,5,0,2026-01-01,1446018
1767306600000000,2.8710964802212915e-05,8.884454374278228,0.6869404328546518,180,0.6968323756660383,0.17801448247033025,0.0022159717264063072,0.002819980539532252,9930.975,0.0,5,0,2026-01-01,1446018
1767308400000000,3.4202832501714547e-05,17.616377264683006,0.8474737622742037,180,0.8500174635681647,0.2587408709364144,0.0006433479895980865,0.004143228004705013,9357.466666666667,0.0,5,0,2026-01-01,1446018
1767310200000000,2.892919526479019e-05,25.017873363923417,0.897243941430109,168,0.8972682348310688,0.5472360262527445,0.005361073475119715,0.0011877381619008753,11708.345238095239,0.0,5,0,2026-01-01,1446018
1769904000000000,3.903966976359171e-05,27.245175118196872,0.8766170908299985,168,0.8774080782846208,0.3348725910461722,0.008827010066932539,0.01712474981126544,7453.107142857143,0.0,0,1,2026-02-01,2280649
1769905800000000,4.06325568900576e-05,26.783257518926316,0.8903810205175603,180,0.8903985238469173,0.3871698742612103,0.00014701224325808226,0.00015555847617121366,7438.966666666666,0.0,0,1,2026-02-01,2280649
1769907600000000,1.428290933410635e-05,11.432909382820089,0.6552781915624235,180,0.7440845447640679,0.4052238749916536,0.0004547254139551926,0.00017725939182788863,17223.608333333334,0.0,0,1,2026-02-01,2280649
1769909400000000,3.462961898729372e-05,4.6557670263646385,0.7666824458964401,180,0.924374738707022,0.43409527624081834,0.00014037668519983892,5.0996410213555166e-06,6066.475,0.0,0,1,2026-02-01,2280649
1769911200000000,5.389949242076353e-05,29.784259388707788,0.9244435081600592,180,0.9286356317388094,0.39944794310221343,0.0023493954512728843,0.008225884264446814,4343.152777777777,0.0,0,1,2026-02-01,2280649
1769913000000000,3.9733675780593316e-05,15.589797398018892,0.8658621425435343,180,0.8951027427211662,0.26770463285537394,0.0015245368783255442,0.0024839609327456103,5708.305555555556,0.0,0,1,2026-02-01,2280649
1769914800000000,3.5833710079174564e-05,17.864424431147707,0.8292329528526037,180,0.8373823815542416,0.27369001374640367,0.008654187009665582,4.109454335010643e-05,6886.908333333334,0.0,0,1,2026-02-01,2280649
1769916600000000,3.7308502910040044e-05,21.05593305079203,0.8645431331824907,180,0.8694117370570402,0.38339355116493,0.0036322738811089827,0.015471992778666732,6484.341666666666,0.0,0,1,2026-02-01,2280649
1769918400000000,3.933307186145191e-05,18.821180736651645,0.82162048487409,180,0.8255428967824696,0.23879928851549204,0.011949446334095004,0.005521144145224199,6382.722222222223,0.0,1,1,2026-02-01,2280649
1769920200000000,3.1743391045668744e-05,13.221559940576602,0.8055488646716364,180,0.8235908960674465,0.3114498403047933,0.00014267386546973349,0.0006024124287633548,6605.658333333334,0.0,1,1,2026-02-01,2280649
1769922000000000,3.324280299869699e-05,15.175298154573301,0.8662116176319319,180,0.8942418285202779,0.3828284805031892,0.00020046942461160455,0.0031107315500726873,6813.208333333333,0.0,1,1,2026-02-01,2280649
1769923800000000,2.1939697630191958e-05,14.27030008970684,0.694099530294328,180,0.7006894315286887,0.21431416686766658,0.004706815324153069,0.001825925702683584,8432.280555555555,0.0,1,1,2026-02-01,2280649
1769925600000000,2.4375843651679274e-05,18.450457403920986,0.8897412361757883,180,0.8900053815763866,0.4568702721678526,0.0007071757775161114,0.00041782659355193985,9810.466666666667,0.0,1,1,2026-02-01,2280649
1769927400000000,3.1627823684950704e-05,18.034552712826663,0.7920043323576691,180,0.7920528239210755,0.30796656749442575,0.007205845496522922,0.00234924094572031,8111.497222222222,0.0,1,1,2026-02-01,2280649
1769929200000000,2.7783056951418053e-05,10.937608606253699,0.7764053452932451,180,0.8377080238596643,0.2511883678008431,0.023735308170587333,0.011646741851965792,7944.008333333333,0.0,1,1,2026-02-01,2280649
1769931000000000,3.23913535317741e-05,17.566084803660786,0.9069773151832473,168,0.9096220846974397,0.5388891017172341,0.009352861543324265,0.004728418055783501,7174.211309523809,0.0,1,1,2026-02-01,2280649
1769932800000000,3.174323747511358e-05,15.488202935918256,0.8396033934217564,168,0.8409008966546011,0.2068124210394181,0.005434641305149146,0.00011134170534654597,8566.625,0.0,2,1,2026-02-01,2280649
1769934600000000,2.394362840435016e-05,14.700250695944522,0.8210922873894413,180,0.822249201195503,0.4806995593460236,0.0023129683720252148,0.008644229615735077,9173.855555555556,0.0,2,1,2026-02-01,2280649
1769936400000000,2.1692205179279378e-05,10.295995315916691,0.4766583264232369,180,0.47833229421595236,0.655747932275776,0.002693073651504174,0.004463478685143185,11358.047222222222,0.0,2,1,2026-02-01,2280649
1769938200000000,2.19977919228258e-05,15.679474254662665,0.7108437918881778,180,0.7149715054130132,0.3566762034287049,0.0039029926498987955,0.0001376638371377581,9465.241666666667,0.016666666666666666,2,1,2026-02-01,2280649
1769940000000000,2.305229885979097e-05,15.07319766719933,0.7738362046301576,180,0.8093610746840242,0.24789051052862443,0.008495293878510002,0.0001669482622057572,9862.238888888889,0.0,2,1,2026-02-01,2280649
1769941800000000,2.7239136668725146e-05,12.676284342074972,0.6997136963239486,180,0.7006041924172406,0.342433630263153,0.0015950187267660398,0.001613090314721899,8138.4944444444445,0.0,2,1,2026-02-01,2280649
1769943600000000,3.078893123243588e-05,30.43535326949738,0.8839687359286708,180,0.8843541743349651,0.3422068460885763,0.00756104954794079,0.004082401282562764,7934.0055555555555,0.0,2,1,2026-02-01,2280649
1769945400000000,2.3550379506471404e-05,6.5969302884635725,0.7487290421297194,180,0.7567470927135467,0.35543368813358245,0.0010067981971134676,0.0029827272828583107,10161.319444444445,0.005555555555555556,2,1,2026-02-01,2280649
1769947200000000,2.6634043341091705e-05,18.26076078743656,0.8286220030824346,180,0.8293410062501838,0.3743614716991187,0.015532060908555856,0.001471493869811602,9771.755555555555,0.0,3,1,2026-02-01,2280649
1769949000000000,2.913608476807856e-05,41.47817928532307,0.93778874609786,180,0.9392306369283406,0.44293174056123985,0.00079864369275362,0.0035749499268878937,8583.372222222222,0.011111111111111112,3,1,2026-02-01,2280649
1769950800000000,2.5187412263268697e-05,15.759793804109307,0.830109226787248,180,0.8337625780970874,0.38825244278573656,0.0007868819237940583,2.6851131470606582e-05,9706.433333333332,0.0,3,1,2026-02-01,2280649
1769952600000000,3.0436233775719877e-05,15.743920486633543,0.7894210316751676,180,0.791996844596627,0.238498975474006,0.0009056758070946636,0.00045832692611924575,8009.836111111111,0.0,3,1,2026-02-01,2280649
1769954400000000,2.6110737977955643e-05,12.856012016218815,0.784436708262217,180,0.785197654429224,0.14397566593529454,0.00048078475818302824,0.008246337617319188,8395.291666666666,0.005555555555555556,3,1,2026-02-01,2280649
1769956200000000,2.8843111378307905e-05,22.823537390328475,0.8728777959367039,180,0.8877559499116019,0.3025314940919873,0.023059407339729,0.01719967818279511,6967.008333333333,0.005555555555555556,3,1,2026-02-01,2280649
1769958000000000,3.044231276690077e-05,19.129409946383635,0.8461097038275996,180,0.8468705289611428,0.2175921574414359,0.0024885963402301314,0.0030830044298321146,7958.097222222223,0.016666666666666666,3,1,2026-02-01,2280649
1769959800000000,3.497355323997494e-05,32.99002319448624,0.8955107303817702,168,0.8965055247704227,0.2974447696085637,0.0009933391038707828,0.0053126002739500855,6836.767857142857,0.017857142857142856,3,1,2026-02-01,2280649
1769961600000000,3.306964495155162e-05,27.298096446236748,0.9074206855309069,168,0.91315052439547,0.41910740604724717,0.0013710946059214413,0.0004340964520680446,6324.75,0.0,4,1,2026-02-01,2280649
1769963400000000,3.56011841692205e-05,27.239758824716905,0.8816327720663252,180,0.8856261901537492,0.2872734962800929,0.005906389051810623,0.013672014426844958,6338.772222222222,0.0,4,1,2026-02-01,2280649
1769965200000000,3.5544482033548484e-05,27.78925162424688,0.8985615736003394,180,0.9031116675304638,0.20746169421698157,0.00037671610897538343,0.0009490039389132843,6691.544444444445,0.0,4,1,2026-02-01,2280649
1769967000000000,3.2172698592143175e-05,31.939537392722304,0.9248376560506207,180,0.9303784900889354,0.48583576537621875,0.00020840180469428038,0.0014822862085883681,7057.319444444444,0.0,4,1,2026-02-01,2280649
1769968800000000,3.5635945651326674e-05,13.543353336840022,0.7818291728272988,180,0.7823199057616953,0.15285271982970872,0.01740415414172236,0.02303194790901908,7344.35,0.0,4,1,2026-02-01,2280649
1769970600000000,2.7046425388440827e-05,25.872759660084366,0.865251356876895,180,0.8696609496098445,0.1162287280389428,0.004383574624877373,3.2591890384292554e-06,8036.252777777778,0.0,4,1,2026-02-01,2280649
1769972400000000,2.5668018088129267e-05,28.09007544502076,0.9162506164517564,180,0.9168763267651019,0.4540841875907923,9.421400181619521e-05,0.0021969388368966447,8357.108333333334,0.0,4,1,2026-02-01,2280649
1769974200000000,2.1929278369112913e-05,5.068102000583702,0.6837988362707068,180,0.7844676354120839,0.2911687738892902,0.0003237431079085029,0.003704607151720385,8143.116666666667,0.005555555555555556,4,1,2026-02-01,2280649
1769976000000000,2.3354370697754804e-05,7.384516839426294,0.747681900722059,180,0.8195471838999391,0.24083879627607874,1.6108214913601593e-05,0.007379646655589878,7886.1305555555555,0.0,5,1,2026-02-01,2280649
1769977800000000,3.259802488977591e-05,18.030139437620125,0.8528505084405197,180,0.8528744956949508,0.30181030067945047,4.210494207734783e-06,0.0012927450740041202,6693.447222222222,0.0,5,1,2026-02-01,2280649
1769979600000000,2.7424541759198985e-05,8.57765659296075,0.8213866596689651,180,0.8553788481260987,0.22111416129603112,9.91382427972809e-06,6.671858561679844e-05,6599.8388888888885,0.0,5,1,2026-02-01,2280649
1769981400000000,3.422518434676074e-05,24.519463867303326,0.8551957914275647,180,0.8555580379499542,0.1414054259536831,0.005410772403480979,0.019846579279408694,6861.594444444445,0.005555555555555556,5,1,2026-02-01,2280649
1769983200000000,2.9277562962493514e-05,10.118231436980901,0.7441465109870247,180,0.7654059475557451,0.279030007545102,0.005020748397899344,0.0025808038272926437,6738.969444444445,0.027777777777777776,5,1,2026-02-01,2280649
1769985000000000,5.50323030574222e-05,23.21254235714645,0.8930795265880067,180,0.8947947867874667,0.42936502442613445,0.00012219489215881119,0.0016235090431340193,5328.055555555556,0.0,5,1,2026-02-01,2280649
1769986800000000,5.261576321116226e-05,21.414212192479752,0.817428102854683,180,0.8187213021981372,0.23266217936161815,0.0029194129208126585,0.0010286287028595797,4173.116666666667,0.005555555555555556,5,1,2026-02-01,2280649
1769988600000000,4.0185529289458964e-05,9.427131636785383,0.7691959638312095,168,0.7792010902000452,0.43028651932910567,0.0004899442301531387,0.0005819266548633406,3810.377976190476,0.005952380952380952,5,1,2026-02-01,2280649
1772323200000000,1.8222388129417053e-05,3.0695765857707036,0.5368754902935129,168,0.691558298612234,0.2287079596672047,0.0017380099070137822,0.00490153566492979,8385.392857142857,0.0,0,1,2026-03-01,1479847
1772325000000000,1.1560832503745561e-05,6.164671308996731,0.7117883194894303,180,0.8671691792049026,0.6256118707802628,2.76150394267205e-05,0.0005064938918272199,10694.93611111111,0.005555555555555556,0,1,2026-03-01,1479847
1772326800000000,1.2196971368566996e-05,11.158193396138392,0.7052845732811694,180,0.7295693187475943,0.19403539006339243,0.00014842143384452555,0.006543785547122649,27500.058333333334,0.011111111111111112,0,1,2026-03-01,1479847
1772328600000000,2.8272340290608107e-05,15.280772375285617,0.8043744614823872,180,0.8044861302031157,0.3190849730250279,3.0823684411540597e-06,0.0010588072029493745,8935.81388888889,0.0,0,1,2026-03-01,1479847
1772330400000000,4.788759564543966e-05,26.91344432566024,0.8803072178612041,180,0.881462149103607,0.23014138104585413,8.225384435722738e-05,0.0014713512571462584,5060.325,0.016666666666666666,0,1,2026-03-01,1479847
1772332200000000,4.218723042455607e-05,10.926947813486986,0.7909145003262441,180,0.8090305037531045,0.34246681371342524,0.00522690414482907,0.0024201759352625585,5749.469444444445,0.0,0,1,2026-03-01,1479847
1772334000000000,3.68273144287414e-05,14.270666469657948,0.8271936678169559,180,0.8555257566273243,0.221202507151396,5.585444359357261e-06,0.0003148790897595788,6016.430555555556,0.005555555555555556,0,1,2026-03-01,1479847
1772335800000000,3.4320891248183744e-05,15.769664022300852,0.7904381657340601,180,0.8088072037356401,0.2747599405528568,0.018240209618442638,0.009189577689431294,7546.047222222222,0.0,0,1,2026-03-01,1479847
1772337600000000,1.712506828811766e-05,5.480271688218799,0.5768698508099175,180,0.7273524498980087,0.3338392596582572,3.4480241193901584e-05,0.012749809526844014,9692.491666666667,0.0,1,1,2026-03-01,1479847
1772339400000000,3.086347129636105e-05,26.17250787780767,0.7810138499680686,180,0.7810258763056166,0.28614155888394244,0.005838126428149071,0.005227224918591733,7896.172222222222,0.005555555555555556,1,1,2026-03-01,1479847
1772341200000000,3.0137471727224902e-05,22.16201734390483,0.8691583632965763,180,0.8691684076442137,0.29643253856205043,1.2595570847873105e-05,0.0027779131852793126,7418.180555555556,0.0,1,1,2026-03-01,1479847
1772343000000000,2.8980975878157286e-05,13.299877174285509,0.7914319030566125,180,0.8071652725752576,0.20203112765768894,0.0028806328177081175,0.0020162818805217197,7915.247222222222,0.0,1,1,2026-03-01,1479847
1772344800000000,2.7679884424773608e-05,11.982400742453574,0.7906105313676582,180,0.7906653841845986,0.34300272619250183,0.00651873053668417,0.008804194719995606,10238.555555555555,0.005555555555555556,1,1,2026-03-01,1479847
1772346600000000,3.1275097785838076e-05,9.84640616584407,0.8446523690451537,180,0.8814510752033665,0.5930964566396524,0.01004893239552851,0.001202903189762461,10096.341666666667,0.005555555555555556,1,1,2026-03-01,1479847
1772348400000000,2.219039112764239e-05,8.505644572106728,0.7403917506417479,180,0.7788836911503996,0.2579835315823239,5.665791469056103e-05,0.00034139415672906903,10384.252777777778,0.0,1,1,2026-03-01,1479847
1772350200000000,2.553436360368281e-05,19.45785826558874,0.7596784463406457,168,0.7721779912062637,0.27475058147734954,0.0035733855885560217,0.0017293067814531105,9892.639880952382,0.011904761904761904,1,1,2026-03-01,1479847
1772352000000000,2.5958656685706414e-05,28.096169397975817,0.8807264635955493,168,0.887989568859988,0.3122005761782205,0.005402118887958274,0.00032437014860020597,10962.339285714286,0.0,2,1,2026-03-01,1479847
1772353800000000,2.2658447030948465e-05,21.0559682490058,0.7170993156142946,180,0.7173304129895492,0.22558227159345778,0.0009476157010152031,0.005511431371782782,11883.488888888889,0.011111111111111112,2,1,2026-03-01,1479847
1772355600000000,2.5586690886272575e-05,22.90268176080868,0.9056141979834105,180,0.9056151689907147,0.2735454231719411,0.03698418402162573,0.01819824964361416,9617.477777777778,0.005555555555555556,2,1,2026-03-01,1479847
1772357400000000,2.6449600180820235e-05,12.870625023405715,0.8437945713465601,180,0.8617040706597798,0.2501978951830439,0.003972947797467374,0.000277207587499273,8624.422222222222,0.005555555555555556,2,1,2026-03-01,1479847
1772359200000000,2.732724459625342e-05,18.981073082082947,0.869852924307789,180,0.8711734331641876,0.25792419937303146,0.04115876602965518,0.05310650047083787,8646.655555555555,0.011111111111111112,2,1,2026-03-01,1479847
1772361000000000,2.6233643058505294e-05,29.432861431301774,0.8311169972638368,180,0.832559349275181,0.29578008416187085,0.005181377024168654,0.0032088159286104423,9979.097222222223,0.0,2,1,2026-03-01,1479847
1772362800000000,2.4608986646498977e-05,22.321940760334815,0.791428654372789,180,0.793290264670827,0.14581044293784673,0.006193255129539277,0.0013322861609030845,9583.172222222222,0.005555555555555556,2,1,2026-03-01,1479847
1772364600000000,2.676468977676288e-05,22.923789318523113,0.8359153781687924,180,0.8364363493322582,0.40466186473210675,0.0010572755070049622,0.0009777224535034712,9152.922222222222,0.005555555555555556,2,1,2026-03-01,1479847
1772366400000000,2.1263123622586644e-05,6.78205505289101,0.7523644539802398,180,0.8117821459407164,0.1380344105082847,0.023508657026897528,0.014386984501251532,9942.472222222223,0.0,3,1,2026-03-01,1479847
1772368200000000,2.7571308138528654e-05,21.906306717077804,0.8265992658255283,180,0.828808652875167,0.2951780454626983,0.01397271329725247,0.00802073765745337,9678.380555555555,0.005555555555555556,3,1,2026-03-01,1479847
1772370000000000,2.8363408025932807e-05,24.459406965881964,0.9150037753802585,180,0.9205048570697747,0.23003246002828237,0.0022572731913875765,6.964089281247254e-06,10770.56388888889,0.011111111111111112,3,1,2026-03-01,1479847
1772371800000000,3.380702169636789e-05,15.076202414363857,0.8936371208682499,180,0.8981737579997243,0.4360850849499752,0.005282959309253599,0.003110099875477834,10028.477777777778,0.0,3,1,2026-03-01,1479847
1772373600000000,3.391449559690356e-05,26.454208063843765,0.8693973943964879,180,0.873950341637,0.2511275300314253,0.005677110657595907,0.002989844137885167,8344.375,0.005555555555555556,3,1,2026-03-01,1479847
1772375400000000,2.8976177150812145e-05,17.17129324451131,0.8811084060147434,180,0.8811680973507093,0.26182224360707884,0.015331300866157305,0.0160044378968498,8381.508333333333,0.011111111111111112,3,1,2026-03-01,1479847
1772377200000000,2.6387509371761377e-05,20.256879457861864,0.8619020803255381,180,0.8623614662190056,0.2829576289045923,0.0013259635108533452,0.0009162926959475071,9397.261111111111,0.0,3,1,2026-03-01,1479847
1772379000000000,2.8457422233636044e-05,23.700540728181693,0.8619712676829003,168,0.8645808728676125,0.1313330367379072,0.002368680175337534,2.0566380264930295e-05,9165.708333333334,0.005952380952380952,3,1,2026-03-01,1479847
1772380800000000,2.7530542297070082e-05,20.42050810704052,0.8603423755911588,168,0.8610233437328241,0.2987115053868965,0.011098707673675379,0.029763545755311482,9781.294642857143,0.011904761904761904,4,1,2026-03-01,1479847
1772382600000000,3.038158848883576e-05,23.927650262052815,0.8711620298968472,180,0.8755848447507046,0.33039448953333284,0.00014482236815938077,0.0012035685476997626,9710.06388888889,0.044444444444444446,4,1,2026-03-01,1479847
1772384400000000,3.1208057727479504e-05,16.471474378252907,0.8645109899617427,180,0.8739142164180356,0.2676557967237633,0.01339863043952949,0.03592468074540445,9548.047222222222,0.011111111111111112,4,1,2026-03-01,1479847
1772386200000000,2.5365085114258146e-05,23.060737098069477,0.8527530046243104,180,0.8537665589049552,0.278755510948117,8.386796182646705e-06,0.003936583765955182,9650.602777777778,0.005555555555555556,4,1,2026-03-01,1479847
1772388000000000,2.9818721887633768e-05,14.4227133668069,0.834355915526657,180,0.8481751718591104,0.3917760702688773,0.0016891500783113855,0.007950721296546726,8066.466666666666,0.005555555555555556,4,1,2026-03-01,1479847
1772389800000000,2.7528820863301937e-05,20.32980229104887,0.7871826279614508,180,0.7900540272151833,0.4346179638011628,0.005164867959350561,0.0105134474238191,9462.255555555555,0.0,4,1,2026-03-01,1479847
1772391600000000,2.739513272157302e-05,20.787285539696203,0.8126279619125818,180,0.8135378663427858,0.22424696775130226,0.009280122115862155,0.009372699331427925,10088.002777777778,0.011111111111111112,4,1,2026-03-01,1479847
1772393400000000,2.2724144971293157e-05,13.635137878851697,0.693878122502783,180,0.7000896241810706,0.45722893015699806,0.0006734932604915977,0.0018116035616699833,10782.586111111112,0.005555555555555556,4,1,2026-03-01,1479847
1772395200000000,2.562561052510403e-05,20.33085451747088,0.8535737630052447,180,0.8599755504815462,0.31710737144159484,0.00558508572609151,0.019820766680783697,10425.827777777778,0.011111111111111112,5,1,2026-03-01,1479847
1772397000000000,2.743815909475367e-05,31.78501022223132,0.8821114654928113,180,0.8833098691894775,0.2721607895369953,0.02765710886490569,0.031212008062240226,9458.736111111111,0.0,5,1,2026-03-01,1479847
1772398800000000,2.358193984161409e-05,17.097441984562234,0.7294350575563329,180,0.7298068633845456,0.14610470103525708,0.0020983093338159398,4.784072655250604e-06,10392.96388888889,0.0,5,1,2026-03-01,1479847
1772400600000000,2.251883642560944e-05,20.115681853006294,0.780292064325889,180,0.7829614874148776,0.23132959200159242,0.012126991115745889,0.007229887037469185,11414.902777777777,0.0,5,1,2026-03-01,1479847
1772402400000000,3.9237986591604756e-05,9.559735714814815,0.8719373240485729,180,0.900046792833693,0.6442587284826258,0.0005786275755670367,0.0016591690319980312,11418.455555555556,0.016666666666666666,5,1,2026-03-01,1479847
1772404200000000,3.352592788625103e-05,22.80030008908598,0.8616122253103855,180,0.8659417696047524,0.40397457925349833,0.010989285718801978,0.005712114283503822,7280.263888888889,0.005555555555555556,5,1,2026-03-01,1479847
1772406000000000,3.9727764520077854e-05,29.385553753730647,0.9005662457551961,180,0.9010506786350756,0.1908962090151215,0.0065829334287401675,0.0017347559253941824,6348.666666666667,0.011111111111111112,5,1,2026-03-01,1479847
1772407800000000,3.402594721137337e-05,17.364659576070764,0.8706188438594288,168,0.8779948406447757,0.37834805680050576,0.012887632199823473,0.007097973709078831,6632.675595238095,0.0,5,1,2026-03-01,1479847
