window,beta,t_nw,r2_ofi,n,r2_quad,r2_ti,r2_plc_p5,r2_plc_m5,depth_mean,frac_spread_gt1,block,weekend,day,events
1693526400000000,0.02287722429635702,19.583768786340876,0.5061983208631268,1680,0.509600359069466,0.42783831841087083,0.00024166915868284455,0.0020503752779829076,76.49382797619047,0.0005952380952380953,0,0,2023-09-01,6700418
1693528200000000,0.01996256201966608,16.904459552836606,0.5039417141203779,1800,0.5273363289135357,0.39558390481209327,3.6595189849553122e-06,4.582812289299909e-05,67.33215694444445,0.0011111111111111111,0,0,2023-09-01,6700418
1693530000000000,0.022244854794524097,16.08824747551745,0.4988133847274622,1800,0.5222777137245526,0.48249718045267864,0.00323824800760375,0.0005331637158192404,86.79869333333333,0.0,0,0,2023-09-01,6700418
1693531800000000,0.019745446776531398,16.264052111163192,0.6080963030297895,1800,0.6120525947456453,0.41771773388509814,0.0002607123280342627,4.5161773390978155e-06,95.42561916666666,0.0,0,0,2023-09-01,6700418
1693533600000000,0.019793154216859874,14.654620463656878,0.5941481594968541,1800,0.5945263942077234,0.610739742733398,0.0024622093075465923,0.0002465051092269688,96.43467055555556,0.0,0,0,2023-09-01,6700418
1693535400000000,0.020090710690240817,14.832900475400848,0.5309331816573744,1800,0.5431660489026503,0.6074333268269236,0.00013853148623366174,0.0005525006862185933,78.14558222222223,0.0,0,0,2023-09-01,6700418
1693537200000000,0.016026729075416017,10.649599134243394,0.4138543467903171,1800,0.42677113312873904,0.47736711119644015,3.991873891473485e-05,8.581140812413679e-05,99.10795777777777,0.0,0,0,2023-09-01,6700418
1693539000000000,0.020538816555868037,8.377829277384462,0.3142842687638566,1800,0.32480556187422527,0.6007763405758664,0.0004909329723599143,0.001669125921019976,72.58489805555556,0.0,0,0,2023-09-01,6700418
1693540800000000,0.01943077884497335,14.781827429382215,0.5463026186374954,1800,0.5516118362584155,0.4348780759476065,0.0014100365359894784,0.00026059320637861205,66.23694166666667,0.0005555555555555556,1,0,2023-09-01,6700418
1693542600000000,0.018786955265159937,14.111761950269086,0.5532862876471565,1800,0.569985604277167,0.4476158025268949,3.523953007966707e-05,0.00034252942337953396,80.50036833333333,0.0,1,0,2023-09-01,6700418
1693544400000000,0.015122023118740793,7.145501677887192,0.5146999993356196,1800,0.6081511596295368,0.4575466946919151,1.0438093627440637e-05,0.001038836582790137,81.67885055555556,0.0,1,0,2023-09-01,6700418
1693546200000000,0.018604910814616835,10.083992083165846,0.4090590128462963,1800,0.4192902673716735,0.5836965702791521,0.0015271682805503284,8.464885105230469e-05,94.06145083333334,0.0005555555555555556,1,0,2023-09-01,6700418
1693548000000000,0.01725400592477515,9.145082463299623,0.43273795554363237,1800,0.451771024771058,0.48079168822844054,0.0031185773024352548,0.00404394627999527,79.54793305555556,0.0,1,0,2023-09-01,6700418
1693549800000000,0.021591023227618873,18.307342451051746,0.5079140692121453,1800,0.5255656062669954,0.3440993647321585,0.0017257734646380918,0.0013677700393313064,84.34515694444444,0.0011111111111111111,1,0,2023-09-01,6700418
1693551600000000,0.020519420077527804,8.529177059097117,0.25705658912738194,1800,0.2632767424771246,0.7124094916363743,0.0004375486194728717,0.00038098849374335053,97.5920125,0.0005555555555555556,1,0,2023-09-01,6700418
1693553400000000,0.02159038202429074,12.841497023108515,0.6419354821877291,1680,0.6438099305325585,0.5173833820874614,0.004413510466662274,0.00024083093333981953,84.19528303571428,0.0,1,0,2023-09-01,6700418
1693555200000000,0.0137821166738964,10.35591035448056,0.37510745468214335,1680,0.3874906055408386,0.37458072806116616,8.329994054723233e-05,0.0003243672230218708,163.67281160714285,0.0005952380952380953,2,0,2023-09-01,6700418
1693557000000000,0.017317771790583306,10.858677775862388,0.5857564290551925,1800,0.6213587279934916,0.4745452047810932,2.976787677300141e-05,3.1184526995131634e-05,95.48251416666666,0.0,2,0,2023-09-01,6700418
1693558800000000,0.020625055454766908,18.254783754213225,0.4889776841908512,1800,0.5005112906224515,0.5109851260544884,0.0015061724665056397,0.0002122818492619194,92.18231111111112,0.0,2,0,2023-09-01,6700418
1693560600000000,0.01777681736279924,9.374060151009894,0.5550249149093942,1800,0.5766436871917838,0.5177281939768102,0.0016821486695757226,0.0014916525103710887,109.7648288888889,0.0016666666666666668,2,0,2023-09-01,6700418
1693562400000000,0.016679003510136996,6.65783877534219,0.541070361526337,1800,0.5410928523161768,0.5800443093714136,5.722578576072834e-05,3.363933951794351e-05,127.43092722222222,0.0,2,0,2023-09-01,6700418
1693564200000000,0.017626088389458224,10.736329866247841,0.5213444095998079,1800,0.5377041844075565,0.5404164265039646,0.004204935074117899,0.0003102250712665455,97.01804833333333,0.0,2,0,2023-09-01,6700418
1693566000000000,0.019199832722136993,21.24577332165633,0.6079871515841498,1800,0.6081037165298511,0.35315942314574467,0.0015850292981035574,0.0006671101007488245,94.72626916666667,0.0,2,0,2023-09-01,6700418
1693567800000000,0.020758952538020556,12.311939560770506,0.49236848870023764,1800,0.520917813530684,0.350503537989482,2.0676705626332392e-05,7.291774417950148e-05,76.72975749999999,0.0,2,0,2023-09-01,6700418
1693569600000000,0.026854241449459988,7.674168198457145,0.3822090079944449,1800,0.4248678300295319,0.5401447432570122,8.209186343821617e-05,3.563703961040332e-05,64.9808225,0.0016666666666666668,3,0,2023-09-01,6700418
1693571400000000,0.022234040099879428,18.03169767113687,0.42965575819298496,1800,0.4801184680561257,0.3451253301773298,5.5784237010580995e-05,0.00011251055510919095,60.123153888888886,0.0033333333333333335,3,0,2023-09-01,6700418
1693573200000000,0.013952834109104075,18.871806867990887,0.6385022040950611,1800,0.6432337883070951,0.32736940748877186,3.3498085374450426e-05,1.5253780872859224e-06,94.77196111111111,0.0,3,0,2023-09-01,6700418
1693575000000000,0.02788261805853315,19.202550376401373,0.45359144067744794,1800,0.4678327380276621,0.25933999055123746,8.599018505695e-05,0.0002577603385276461,63.42212361111111,0.0038888888888888888,3,0,2023-09-01,6700418
1693576800000000,0.021960658107476105,26.86524611498222,0.547896752184392,1800,0.5745125349496782,0.2557965054586824,0.00021857933706992405,2.7801811175454105e-07,55.2283075,0.0022222222222222222,3,0,2023-09-01,6700418
1693578600000000,0.030775733264224163,17.488771833095612,0.33218518642680783,1800,0.3626108392570562,0.31395041528409906,0.0003865035955962215,0.0017736891839776892,44.692395,0.015555555555555555,3,0,2023-09-01,6700418
1693580400000000,0.02381702724756641,13.76535339964836,0.4650093499104381,1800,0.48913772478185413,0.22042310141770716,0.0007611111755859712,0.000233270061363533,68.37410083333333,0.0077777777777777776,3,0,2023-09-01,6700418
1693582200000000,0.020209831592084518,23.14311203491881,0.6022841505246115,1680,0.6183783529197231,0.307315498815087,0.0018055293810033124,0.00010830186550037091,66.13701160714285,0.002380952380952381,3,0,2023-09-01,6700418
1693584000000000,0.02459081950162131,27.150322736738627,0.5272854205123385,1680,0.5404005650021126,0.350316652967241,0.0013472690749792848,7.61721574581431e-05,56.49108273809524,0.0035714285714285713,4,0,2023-09-01,6700418
1693585800000000,0.024752747642229362,23.781951106821694,0.5861045600649235,1800,0.6153485812896031,0.47060373350544205,3.7522796528688396e-05,0.0002587648588302516,54.21490722222222,0.0033333333333333335,4,0,2023-09-01,6700418
1693587600000000,0.046878074362213466,18.460245398373726,0.44999280216633775,1800,0.49069622037611293,0.3745449389286618,6.962620206130143e-05,0.0001064268023437398,35.932450277777775,0.034444444444444444,4,0,2023-09-01,6700418
1693589400000000,0.03136578534623048,33.03253225651746,0.5642165508479033,1800,0.5929215819452796,0.27495044153088655,7.876369491033319e-05,0.0012471905715321085,44.176023055555554,0.0077777777777777776,4,0,2023-09-01,6700418
1693591200000000,0.024418402236535543,31.34882883266845,0.6476493302734774,1800,0.6686511318189802,0.45016165867408064,0.00020555815567191438,0.00014562450010602301,61.65521666666667,0.0022222222222222222,4,0,2023-09-01,6700418
1693593000000000,0.028888689654946186,10.879691142861295,0.3154221898873608,1800,0.3661638010747226,0.5115473654726264,5.0680666792590756e-05,0.0007204772043603036,53.556554444444444,0.011666666666666667,4,0,2023-09-01,6700418
1693594800000000,0.023233659585544103,24.991400508060934,0.5351305837675345,1800,0.5540619695431556,0.4523412769462143,0.0036861993593844122,0.001201844297454846,64.97041527777778,0.0011111111111111111,4,0,2023-09-01,6700418
1693596600000000,0.019850356182665133,18.894473422925604,0.5453726377707008,1800,0.5644935341019804,0.48723611619953344,0.0003138352351759188,0.0003213737302788511,74.38677472222223,0.0005555555555555556,4,0,2023-09-01,6700418
1693598400000000,0.023689258808506777,22.534359354312766,0.4998750282743879,1800,0.5087089664453059,0.3727298021097485,0.0008513718522610292,3.0163394063698057e-05,76.54753333333333,0.0022222222222222222,5,0,2023-09-01,6700418
1693600200000000,0.03568341384171432,18.428300700977978,0.43836831380627483,1800,0.46997968882423735,0.3577013836844475,1.8567369883371043e-05,0.0029823021826625995,51.15592916666667,0.005,5,0,2023-09-01,6700418
1693602000000000,0.024394026966564012,19.491574356722385,0.49751586027297645,1800,0.5140370512608321,0.46628075071642117,0.0035253793432938885,0.0014760891831165912,71.50043666666666,0.0022222222222222222,5,0,2023-09-01,6700418
1693603800000000,0.02097570014953803,11.647107925316512,0.36727808086132296,1800,0.38548317097033713,0.4780793393381093,0.0037719856291426046,0.0034394893008670158,86.0818788888889,0.0005555555555555556,5,0,2023-09-01,6700418
1693605600000000,0.016302072960655417,16.29002704736059,0.543664696174655,1800,0.565067221225207,0.4241978927415072,0.0036758880216977152,0.0032979744696768343,91.55096638888888,0.0,5,0,2023-09-01,6700418
1693607400000000,0.014626569317828554,11.204172824657393,0.5517036227792985,1800,0.5726062730870101,0.45955679336174315,0.0002919223776053359,0.0012300850403880181,95.97279472222222,0.0,5,0,2023-09-01,6700418
1693609200000000,0.014695032630036391,11.188437792184493,0.6015849555091015,1800,0.603526108632785,0.48612663507429477,0.00014440061623965939,0.00012917314409721659,130.65824805555556,0.0,5,0,2023-09-01,6700418
1693611000000000,0.018134226596805206,12.976683313344077,0.516620802650152,1680,0.5295006114285186,0.6038142497985761,0.00021687231702671728,7.770582189814412e-06,95.37455654761905,0.0005952380952380953,5,0,2023-09-01,6700418
1696118400000000,0.016554302654251847,15.963061102163499,0.6023031105271721,1680,0.6024859626317812,0.4759914897375064,0.0004762806271713105,1.6607599500395587e-05,82.38382648809524,0.0,0,1,2023-10-01,5825031
1696120200000000,0.014177333995956476,19.04480404031119,0.6865089263376773,1800,0.688079716122978,0.4208834020066875,3.174900982183537e-05,0.0008414580598290478,83.42638555555556,0.0,0,1,2023-10-01,5825031
1696122000000000,0.015873251041278614,9.696725169174373,0.2371166029130145,1800,0.23712465429268326,0.8016646404747301,0.000984103269732195,0.0008571682751676857,79.30724027777778,0.0011111111111111111,0,1,2023-10-01,5825031
1696123800000000,0.018916230988001072,16.57760719260735,0.7141974973374299,1800,0.7217320215489069,0.472382287525674,0.006697784935910001,0.006674589553573362,100.72733444444444,0.0,0,1,2023-10-01,5825031
1696125600000000,0.012688610706609729,20.59888518545012,0.7140214286669473,1800,0.7149931054614369,0.28224687361585676,1.2841545951491895e-05,5.117148042088626e-05,97.10076222222223,0.0005555555555555556,0,1,2023-10-01,5825031
1696127400000000,0.014730270525071287,11.338688557339,0.43960769092668894,1800,0.4482149882666203,0.5110199103113766,0.0017641598335700337,0.0007744154311191132,82.99181861111111,0.0,0,1,2023-10-01,5825031
1696129200000000,0.014326043810738239,12.113687093713454,0.38425200524980196,1800,0.4032243662027265,0.4984064338285191,4.7653110568646184e-07,0.0017534770724209059,71.29064972222223,0.0005555555555555556,0,1,2023-10-01,5825031
1696131000000000,0.015636535641303878,16.8638855202023,0.6662885806717558,1800,0.6666298536647031,0.39647351484849547,0.0021889880901890812,9.533101431902224e-05,69.61254027777777,0.0,0,1,2023-10-01,5825031
1696132800000000,0.014257703704314943,14.572177260687184,0.7605441592027173,1800,0.779328785475401,0.37331702516147236,5.675152214157375e-05,2.303029529304723e-06,100.46488777777779,0.0005555555555555556,1,1,2023-10-01,5825031
1696134600000000,0.015357936482678837,14.57568583264386,0.5621447047297445,1800,0.5667478606798826,0.43391665832320536,0.00012167608716318057,2.0939420719567892e-07,71.48569444444445,0.0,1,1,2023-10-01,5825031
1696136400000000,0.017916023605663203,16.46455113990852,0.5524032174391853,1800,0.5677754203267309,0.3860408451369419,0.003468705082695811,0.007158800466512738,103.11901555555556,0.0005555555555555556,1,1,2023-10-01,5825031
1696138200000000,0.015832112140653703,22.55047513520225,0.6971624295004015,1800,0.6990505154569058,0.37760908973137164,0.00013383785300402629,0.0006709635318437046,77.06695611111111,0.0,1,1,2023-10-01,5825031
1696140000000000,0.014053378076396806,10.86496520027971,0.4779057728478522,1800,0.507170084898727,0.5035191935865246,0.0003501478631714461,0.00016193838162303908,72.42226666666667,0.0,1,1,2023-10-01,5825031
1696141800000000,0.013380066725712552,15.27472009551183,0.4294460435736912,1800,0.4370511259343717,0.5190973472293804,0.00013981383826089377,0.000157853969500521,83.6396875,0.0005555555555555556,1,1,2023-10-01,5825031
1696143600000000,0.012203407300164374,12.479871956518544,0.5174732567118039,1800,0.5216114734967882,0.42935132717783664,0.00206795130903481,0.0007447916990916958,95.33754138888888,0.0,1,1,2023-10-01,5825031
1696145400000000,0.013172827866991685,17.152003812167663,0.6566915480389772,1680,0.6594341815450938,0.4328604649494855,0.0017669104747033426,0.0013311711893290168,82.57459732142857,0.0,1,1,2023-10-01,5825031
1696147200000000,0.01331527762092712,10.219296741554826,0.5380193694270883,1680,0.5432570621467951,0.49425621219102733,0.0001236840797944616,0.00011755954787717737,104.79566696428572,0.0,2,1,2023-10-01,5825031
1696149000000000,0.014664744153748948,13.605109270275303,0.3289249878489481,1800,0.33441390834128903,0.6100849106571491,0.0016175831736593427,4.6704361839622344e-05,65.33519277777778,0.0,2,1,2023-10-01,5825031
1696150800000000,0.015872941186495227,19.56496424727396,0.558181289784035,1800,0.5669086696547938,0.44585915685419963,0.0013983395125162223,0.0025844165976911526,74.22942888888889,0.0005555555555555556,2,1,2023-10-01,5825031
1696152600000000,0.015488195117623837,19.525910328973218,0.4679713304818639,1800,0.5021450920671,0.25318730981609505,0.0018006330773576718,0.005181189443936751,61.13889222222222,0.0011111111111111111,2,1,2023-10-01,5825031
1696154400000000,0.016759073410590224,21.273887672676885,0.4291578717886281,1800,0.4368141350249134,0.34910287348329094,0.00016808324501005334,0.0005351718305788289,78.97659861111111,0.008333333333333333,2,1,2023-10-01,5825031
1696156200000000,0.013331245027098553,17.709649642040823,0.5382132807353889,1800,0.5653986809047868,0.2952110747034311,8.325815514376167e-05,8.201686026698685e-05,83.03341611111111,0.0011111111111111111,2,1,2023-10-01,5825031
1696158000000000,0.012162131615878551,16.595322843053978,0.6143130151506353,1800,0.6368370534586203,0.3693227199478043,0.0046931361211344225,0.0011608451024719413,88.79,0.0,2,1,2023-10-01,5825031
1696159800000000,0.013851149232198991,17.898529893672826,0.4199073972516326,1800,0.4490008759239812,0.44249243824288464,0.002378891580074649,0.00023334043346012745,74.43691583333333,0.0016666666666666668,2,1,2023-10-01,5825031
1696161600000000,0.012340320556900063,20.516523945114333,0.48609694423020444,1800,0.5067744116224431,0.40942601187273053,0.0014773042472849829,0.00023396359844929382,79.07340916666666,0.0,3,1,2023-10-01,5825031
1696163400000000,0.011088838559645063,19.773163031617813,0.5965937884949291,1800,0.6141003641687426,0.4213109569808967,0.0013286907730930553,0.0007543242407492823,94.39288027777778,0.0,3,1,2023-10-01,5825031
1696165200000000,0.014924565654410218,21.29585418169306,0.6942475007855053,1800,0.6986990756282534,0.423500321157132,7.146760504506133e-07,1.3695200296814924e-05,71.68643027777777,0.0005555555555555556,3,1,2023-10-01,5825031
1696167000000000,0.011607164697722952,17.193119574980187,0.6608848408233996,1800,0.682365859171043,0.28628183298123033,0.006214676138909581,0.0022148475918091215,87.47527583333334,0.0,3,1,2023-10-01,5825031
1696168800000000,0.0114472349573103,14.078120142314752,0.48233327963877415,1800,0.5206963011155485,0.33970781905339276,0.004678496635422302,0.000513413112410599,67.82344833333333,0.0,3,1,2023-10-01,5825031
1696170600000000,0.017991317221633274,20.78813115985906,0.43342584442912835,1800,0.46013786911482135,0.3627059070492351,0.00040653416727531866,0.0028602827717062462,59.831188611111116,0.005,3,1,2023-10-01,5825031
1696172400000000,0.012851474206348669,24.193708107006774,0.5681341499241677,1800,0.5939025336644874,0.4021160946767647,0.00015964887329611432,4.075734825825794e-05,69.71459888888889,0.0005555555555555556,3,1,2023-10-01,5825031
1696174200000000,0.011973319682499909,25.41198198352332,0.7065638558729335,1680,0.7078345797977015,0.46517037447471055,9.393733151175088e-05,0.0027213347754044825,98.4475357142857,0.0,3,1,2023-10-01,5825031
1696176000000000,0.01209782518242305,13.386645721463147,0.5666374425421613,1680,0.5812307033594698,0.4442318321994254,0.00487851933689909,0.0014058565082418761,127.14477708333334,0.0,4,1,2023-10-01,5825031
1696177800000000,0.012876818713120705,11.395040036309606,0.4894154354445638,1800,0.5227073572685292,0.24351859613605709,0.0027170110651028034,0.00020612715923684632,187.71377805555557,0.0005555555555555556,4,1,2023-10-01,5825031
1696179600000000,0.015459092133211418,15.009831054318921,0.44568653812729697,1800,0.45242915579125265,0.4584256868666916,0.0009252597978112176,0.0011291949826390812,80.86993611111112,0.0005555555555555556,4,1,2023-10-01,5825031
1696181400000000,0.016118261110205097,22.847442953492163,0.529304993098578,1800,0.554396282396574,0.2681074812562336,4.1988724128749766e-05,3.477428360154633e-05,74.30701944444445,0.0033333333333333335,4,1,2023-10-01,5825031
1696183200000000,0.014144982670568247,20.263729955612877,0.5751509273329907,1800,0.5966082363586686,0.3946500075657632,1.030819909764169e-05,4.725299196484123e-06,74.70915194444444,0.0,4,1,2023-10-01,5825031
1696185000000000,0.014243789172510932,18.007804959862614,0.6019642169790154,1800,0.6047497382731808,0.37636750742382263,0.0017194514962382001,0.00044034139874205014,87.6006175,0.0005555555555555556,4,1,2023-10-01,5825031
1696186800000000,0.012417369014728986,17.873191877313346,0.5959298621599907,1800,0.606259304418183,0.3209649202279946,0.0005259376282784611,0.0013142242065420362,68.5459788888889,0.0011111111111111111,4,1,2023-10-01,5825031
1696188600000000,0.01213416407562969,14.39202888890199,0.6094215379027814,1800,0.6469268429026784,0.5130445649976868,0.001540350910012589,0.0003432079698030277,92.9701788888889,0.0,4,1,2023-10-01,5825031
1696190400000000,0.01563389125841504,15.068439218306066,0.2656361905373945,1800,0.2800199710733685,0.556671897787558,6.976086621146571e-06,0.0007050805469098753,69.61224527777779,0.0044444444444444444,5,1,2023-10-01,5825031
1696192200000000,0.01505465921038811,18.22364235810514,0.4562363636691047,1800,0.4877398418698935,0.4846854228659486,0.00018733226118905488,0.0004457384186913327,63.248758888888894,0.0011111111111111111,5,1,2023-10-01,5825031
1696194000000000,0.014581318112915171,23.161674539137362,0.6409105495567933,1800,0.6473780724753597,0.34024157385465414,9.072233157481069e-05,2.2352408645121002e-06,66.92128416666667,0.0011111111111111111,5,1,2023-10-01,5825031
1696195800000000,0.013889707197464287,6.285126838412296,0.3385952289317795,1800,0.36318773902727475,0.5966050999180166,5.1753241875340805e-06,0.0003135488060546088,71.26977194444444,0.0,5,1,2023-10-01,5825031
1696197600000000,0.07641777246744778,5.950305575738634,0.12983941470086346,1800,0.15533929681713976,0.14073209129638142,0.004126025345122408,0.0006951267761443614,43.30837666666666,0.09333333333333334,5,1,2023-10-01,5825031
1696199400000000,0.05171015324875363,25.955163733287954,0.4475275290208601,1800,0.4781763215042416,0.4061694131592378,0.0010871157797499587,0.0005055354796016376,29.252314722222224,0.01,5,1,2023-10-01,5825031
1696201200000000,0.03631434358614851,22.117992697236232,0.4122145868708982,1800,0.448493236298657,0.42035972775565056,0.0006783250765767246,0.0005434023934471899,37.910698611111115,0.007222222222222222,5,1,2023-10-01,5825031
1696203000000000,0.03592273467503677,25.972643833005414,0.5413996546680748,1680,0.5513758530604649,0.4685545121753163,0.00042404968259535103,0.0006168571111377918,39.68251279761905,0.002380952380952381,5,1,2023-10-01,5825031
1698796800000000,0.031517788632236955,8.092931211410672,0.5221132346694929,1680,0.5789980893060463,0.30599410513951364,0.003919468448276731,0.0016303298188315996,45.35652916666667,0.004761904761904762,0,0,2023-11-01,9517076
1698798600000000,0.03981134408639936,31.917563202291877,0.6015590600588085,1800,0.6230922332720041,0.47445804949721304,7.585790363029421e-05,0.0007199400609765316,45.6467625,0.0033333333333333335,0,0,2023-11-01,9517076
1698800400000000,0.03099156949370247,21.562698560488858,0.5859906905567754,1800,0.5979460609173928,0.5200041555655421,0.0011443085159903443,0.00033145394634648273,56.7392475,0.0016666666666666668,0,0,2023-11-01,9517076
1698802200000000,0.029269623657984623,15.956435456034319,0.5135374525651175,1800,0.5186111191138028,0.5163311589699089,9.161168577886958e-05,0.0008775358913092335,59.85839583333333,0.0022222222222222222,0,0,2023-11-01,9517076
1698804000000000,0.027877982589844297,23.636482939396114,0.5442724631869544,1800,0.5494400143145942,0.34400558895853994,0.004515795679053025,0.0005423885686658414,59.383050000000004,0.0016666666666666668,0,0,2023-11-01,9517076
1698805800000000,0.020925557295986705,18.69358547135629,0.5323904235246946,1800,0.5425196898199656,0.41079325773546727,0.0011287909645234517,8.143213677669348e-05,68.7132163888889,0.0005555555555555556,0,0,2023-11-01,9517076
1698807600000000,0.024347203396162462,12.080354064407128,0.5471794399049239,1800,0.5809079825437069,0.2381938833316425,2.635407316819993e-07,4.234743623887649e-05,53.698435277777776,0.002777777777777778,0,0,2023-11-01,9517076
1698809400000000,0.02907497914493191,32.18918468556037,0.7032707309310274,1800,0.7063787388571279,0.3855554009688018,0.0007588485815600565,4.69508327248791e-05,50.118568611111115,0.0,0,0,2023-11-01,9517076
1698811200000000,0.025190598604912563,24.541191512631844,0.6698403153739548,1800,0.6741164253338534,0.3412288957308306,0.0038798099953720744,0.0008682940823758756,59.69717083333333,0.0005555555555555556,1,0,2023-11-01,9517076
1698813000000000,0.025600544296897267,17.67308899863338,0.6297425226236618,1800,0.6343900007550952,0.3823196166312093,0.0013541781169214007,0.00030372149206570054,54.86602583333333,0.0,1,0,2023-11-01,9517076
1698814800000000,0.028493465951516632,24.277311734512324,0.519286411212502,1800,0.5225286866315277,0.5073920280120425,0.00020285774382000632,0.0005255291122510108,51.129047222222226,0.0005555555555555556,1,0,2023-11-01,9517076
1698816600000000,0.03077717987043575,20.217376064796785,0.5095783311155304,1800,0.5178962514470806,0.4461842656496685,0.0003128605600507539,8.373135857919767e-05,51.887571666666666,0.0005555555555555556,1,0,2023-11-01,9517076
1698818400000000,0.026496307941832747,19.57170878861079,0.5344656962615383,1800,0.5362297494795317,0.35829946605405016,0.001207022479284725,7.416264302950726e-05,60.96047305555556,0.0005555555555555556,1,0,2023-11-01,9517076
1698820200000000,0.019699048942093067,24.57881189947424,0.5903382106304798,1800,0.599914567933318,0.33136663717844106,0.000821983946890148,0.000824923180951509,73.52880916666666,0.0,1,0,2023-11-01,9517076
1698822000000000,0.0222753986305519,13.370999124410753,0.537153759629811,1800,0.5457508719170114,0.4501914301000759,0.002762040831698953,4.433428402950135e-06,78.60979833333333,0.0,1,0,2023-11-01,9517076
1698823800000000,0.024003134024762656,19.098523019224494,0.5369576068489641,1680,0.5520145039344959,0.47670018422198834,0.006462823072454826,0.002226799812530378,68.58802648809524,0.0011904761904761906,1,0,2023-11-01,9517076
1698825600000000,0.024101467296685768,22.20875552563704,0.6059590506223922,1680,0.6407657488482059,0.4201708828165297,0.00023159162023644875,0.0006951980777125666,58.74039255952381,0.002380952380952381,2,0,2023-11-01,9517076
1698827400000000,0.023720035175446626,23.41613771394585,0.71846603388083,1800,0.7271422095053186,0.430466758366686,0.00037138831473892964,0.00010143308473187229,61.65137138888889,0.0005555555555555556,2,0,2023-11-01,9517076
1698829200000000,0.025299396494363278,16.488546273737548,0.6182001467386328,1800,0.6185989843619106,0.425060288331348,0.0001607574741404605,0.00022753206293113504,58.961555833333335,0.0011111111111111111,2,0,2023-11-01,9517076
1698831000000000,0.01909514647211419,18.014128764992435,0.38554884336924633,1800,0.3923057899523321,0.5636490919793045,0.0003167084250649266,2.82541876073239e-06,78.98382555555555,0.0011111111111111111,2,0,2023-11-01,9517076
1698832800000000,0.019611326899600757,17.524440907087268,0.6328066920922971,1800,0.6338897635280559,0.4996738621401864,0.0004254747354974775,2.4999955710258703e-05,72.54693472222222,0.0005555555555555556,2,0,2023-11-01,9517076
1698834600000000,0.023212505649421893,16.943051362314616,0.4824856034327646,1800,0.5079281435722768,0.45161101433727824,0.0006617141627029977,0.00370323088077662,51.880221388888884,0.0033333333333333335,2,0,2023-11-01,9517076
1698836400000000,0.02234768467272797,13.06711668127685,0.465850382308435,1800,0.5014503962280366,0.4642866724498781,0.001281748821190365,0.00011769771337677426,56.10031055555555,0.0011111111111111111,2,0,2023-11-01,9517076
1698838200000000,0.020965795002241005,18.969502587592313,0.4153200574536332,1800,0.4248310329577901,0.49876790734739584,0.0005339692172627863,5.718399729293111e-07,58.831007500000005,0.0011111111111111111,2,0,2023-11-01,9517076
1698840000000000,0.02150977198994929,26.32048936823185,0.4686431501048979,1800,0.4780572110403951,0.4428984266465241,2.14406693104241e-05,2.1648540425300844e-05,55.82066805555556,0.0005555555555555556,3,0,2023-11-01,9517076
1698841800000000,0.033027937921506226,17.855443176552345,0.42370680809576267,1800,0.4404391727629239,0.2998573311967476,0.00019082725223273922,0.0007349500365426698,55.214959722222225,0.013333333333333334,3,0,2023-11-01,9517076
1698843600000000,0.029724563222238203,6.50209462686741,0.36383666205446963,1800,0.4455228468960625,0.23408335227704913,0.0006285179900367144,3.6957143774829504e-05,45.430907499999996,0.02277777777777778,3,0,2023-11-01,9517076
1698845400000000,0.0449359481396542,23.683764178348,0.42628107718451724,1800,0.46257550677541037,0.2825363822589001,0.0014521642510030297,4.477244140654868e-06,34.694406666666666,0.03611111111111111,3,0,2023-11-01,9517076
1698847200000000,0.029625271668034508,22.47324672276005,0.44732335224059294,1800,0.4729100339604245,0.3457089739722935,0.000627801727509425,0.00037385521668975574,47.69701138888889,0.006666666666666667,3,0,2023-11-01,9517076
1698849000000000,0.046603453694948,17.372187563498198,0.4004792010874083,1800,0.4359521669937757,0.26720625233201134,0.001294139618774559,0.001635470044109244,39.25948888888889,0.024444444444444446,3,0,2023-11-01,9517076
1698850800000000,0.03073424313310341,23.886300254250386,0.5474726873779863,1800,0.5820242243449122,0.3405820818390416,1.5169421829108742e-05,0.00047323955529254835,44.968218888888885,0.006111111111111111,3,0,2023-11-01,9517076
1698852600000000,0.02354283361126682,29.008338505846822,0.5588996731210865,1680,0.5810610625195587,0.32118062295847605,0.0010126633859816048,0.000517359214899038,56.506552380952385,0.0005952380952380953,3,0,2023-11-01,9517076
1698854400000000,0.01976204618710783,10.360906308587975,0.5270818331783915,1680,0.590807925687058,0.11272149642865881,7.018624126742257e-05,0.0010014783532906746,68.5089744047619,0.0011904761904761906,4,0,2023-11-01,9517076
1698856200000000,0.024652943104559837,21.93279952849703,0.5027188103841362,1800,0.5201658517107781,0.3420504027553397,0.0017259808511597141,0.0007657231707527412,57.36635666666666,0.0033333333333333335,4,0,2023-11-01,9517076
1698858000000000,0.02085158164704296,21.92239795897378,0.5618310795500223,1800,0.5820795549713154,0.3950015479939679,0.0019930686394875607,0.001054212427867962,62.44066111111111,0.0016666666666666668,4,0,2023-11-01,9517076
1698859800000000,0.031192827927122666,17.02106588660068,0.358694880943796,1800,0.37244151610468756,0.48191475310838383,7.234029109282059e-05,5.179741818528427e-05,52.84988472222222,0.007222222222222222,4,0,2023-11-01,9517076
1698861600000000,0.04175981827359378,24.296057351107763,0.5108559553898664,1800,0.5363499749897866,0.29015458735002986,6.0029500412728254e-05,0.0007330692129339234,46.134595555555556,0.013888888888888888,4,0,2023-11-01,9517076
1698863400000000,0.05019591507109567,21.585487383207585,0.369923909317749,1800,0.3925173354339977,0.33542531375341844,0.002928329329816459,0.0029125818382306212,34.86436722222222,0.022222222222222223,4,0,2023-11-01,9517076
1698865200000000,0.04918526877068428,22.406025306748553,0.44430839482900275,1800,0.4775133714441602,0.3332579028974676,0.0005411491787944422,0.0006371682830886849,37.84653222222222,0.01611111111111111,4,0,2023-11-01,9517076
1698867000000000,0.06209641018864623,23.795233400394267,0.49456552417437105,1800,0.519173383671661,0.4324409791992705,0.000755052511851817,0.0006878886562375897,33.055231944444444,0.021111111111111112,4,0,2023-11-01,9517076
1698868800000000,0.04992440503200739,23.63464343399948,0.48910283870187854,1800,0.5169762582495978,0.23976231811180726,8.034004300028208e-05,0.00018512339887966078,38.40218888888889,0.015,5,0,2023-11-01,9517076
1698870600000000,0.04952406237050023,21.273942226115686,0.43377783503626166,1800,0.47795898472727094,0.28400461472837013,6.077075596078174e-07,0.00022428350763070704,38.552951388888886,0.016666666666666666,5,0,2023-11-01,9517076
1698872400000000,0.06373833430502726,14.854063266659606,0.45864269383650025,1800,0.49562645648595594,0.2865820789810176,0.0010252991093547825,0.00017880881017906525,30.290045555555558,0.01888888888888889,5,0,2023-11-01,9517076
1698874200000000,0.04375414443566929,15.22339560631452,0.5096960465167937,1800,0.51111756425849,0.44380718206689707,0.0010766149204382014,8.198792490365925e-06,54.01394611111111,0.002777777777777778,5,0,2023-11-01,9517076
1698876000000000,0.0470347550450821,30.98372956285072,0.601495932640997,1800,0.622635324015625,0.3048549825655563,8.072790324331613e-06,0.00013034841281600595,43.57940305555555,0.006666666666666667,5,0,2023-11-01,9517076
1698877800000000,0.037681194809617444,26.952068437969643,0.6054926240711547,1800,0.6246894779253183,0.3045329645453191,0.0011291004428277684,0.0014788584152637396,44.72447194444444,0.0033333333333333335,5,0,2023-11-01,9517076
1698879600000000,0.037363824660244925,37.23805516707758,0.6785338858821174,1800,0.6979503231930091,0.37611170571514285,1.3801831132531639e-05,0.00014994850626592893,48.00745222222223,0.005,5,0,2023-11-01,9517076
1698881400000000,0.03123134858004144,31.07397448530173,0.6769607112023405,1680,0.7082405302197572,0.3223961451089894,4.550161967731281e-05,4.904754517021104e-05,46.48342053571429,0.004166666666666667,5,0,2023-11-01,9517076
1701388800000000,0.029628230969169066,15.247401374233347,0.4815165812232324,1680,0.4931353485965607,0.4853404036124951,0.0003399276000071172,0.0002168512991810312,49.70223482142857,0.0005952380952380953,0,0,2023-12-01,12010090
1701390600000000,0.029850784182714758,20.97425678397969,0.6113297437095958,1800,0.6304966931862502,0.4419972456206832,0.0024120054429959126,0.000244654246610132,50.140754722222226,0.0005555555555555556,0,0,2023-12-01,12010090
1701392400000000,0.0438372871954184,17.49518558845438,0.4632796453190282,1800,0.477040866834034,0.4445110707160067,0.0005220637876850454,0.0005442315716339685,46.18138944444445,0.005,0,0,2023-12-01,12010090
1701394200000000,0.053004555477975494,31.276995061231574,0.5770565726178288,1800,0.5889687832684476,0.3872852941161169,0.00312918366988979,0.0022076016469336768,41.88398222222222,0.0022222222222222222,0,0,2023-12-01,12010090
1701396000000000,0.03740247076658497,20.15735223596671,0.49090330311125696,1800,0.5076478260753325,0.47120288322983683,0.0002818956789754079,0.001074712446341941,46.497465000000005,0.0022222222222222222,0,0,2023-12-01,12010090
1701397800000000,0.03486531532561267,22.048022989904126,0.5782516929413131,1800,0.5959119990832198,0.408008926873472,0.0015773312427018737,2.818610988319925e-05,53.12039055555555,0.0005555555555555556,0,0,2023-12-01,12010090
1701399600000000,0.03406542308407681,25.690907398123354,0.5841258143208639,1800,0.5917050485647017,0.40858045824527234,5.953091642973973e-06,3.929895013565776e-05,46.09996666666667,0.0011111111111111111,0,0,2023-12-01,12010090
1701401400000000,0.0317495740740788,21.022449142415706,0.5716306168268224,1800,0.5846765409568839,0.47803815630572155,0.0007120713347532615,0.0005867907685914719,54.8551525,0.0,0,0,2023-12-01,12010090
1701403200000000,0.037625754781135494,22.496283703982517,0.5272546412250505,1800,0.5374175305554234,0.35545691351452813,6.041892122721215e-06,0.00038013852416818317,46.0741775,0.002777777777777778,1,0,2023-12-01,12010090
1701405000000000,0.03917452942682292,27.494902652002587,0.6113287338125792,1800,0.6243209120799598,0.34690494578705333,0.0010908200750159303,0.0004290557225444802,45.029745,0.0005555555555555556,1,0,2023-12-01,12010090
1701406800000000,0.031675442815059886,16.718684586326038,0.570367336466528,1800,0.5943428173064841,0.3446515564958148,0.0010831267319261206,0.0005098066486608488,52.20951194444444,0.0016666666666666668,1,0,2023-12-01,12010090
1701408600000000,0.03167531705684556,19.285561611051218,0.5594725656480672,1800,0.5610903394913547,0.45837599690600983,0.00016902787711003953,0.0007373057928042881,52.98238333333333,0.0011111111111111111,1,0,2023-12-01,12010090
1701410400000000,0.029560911942752816,17.044979077442083,0.4914283453494277,1800,0.5041602169381185,0.5347197900764363,0.00019237134199101558,1.9882313969654675e-05,58.623083055555554,0.0016666666666666668,1,0,2023-12-01,12010090
1701412200000000,0.03012729938773702,24.426555400613132,0.5619047422571619,1800,0.5683764689398538,0.5006371157437817,0.0005181254199185803,0.0001227793935609789,51.47413166666667,0.0005555555555555556,1,0,2023-12-01,12010090
1701414000000000,0.04612847540677933,18.47716068260845,0.4610578075853823,1800,0.46794361088057346,0.46022219753014804,8.747902731642831e-06,0.0016239545961649338,52.193171388888885,0.005555555555555556,1,0,2023-12-01,12010090
1701415800000000,0.03565687669686443,10.438539803426096,0.545457785747011,1680,0.5750949846861109,0.31105810662605404,0.0001499515604681534,0.0024699490432796845,56.290307142857145,0.0005952380952380953,1,0,2023-12-01,12010090
1701417600000000,0.03836234590137637,19.61220135639753,0.575755317801073,1680,0.5841438861481629,0.40694801514326184,2.567771183237255e-06,0.0001465176020419845,50.074611607142856,0.0,2,0,2023-12-01,12010090
1701419400000000,0.03001747488665722,20.136436544835632,0.5004544765657707,1800,0.5071379699411744,0.49962173141340993,0.0003828110256157702,0.0012432196262116557,57.803176388888886,0.0,2,0,2023-12-01,12010090
1701421200000000,0.05087393309068915,12.938611897833708,0.4864908247487144,1800,0.5173788939515931,0.39542386406641483,0.0005026425171138493,2.8477408182236985e-05,43.95525138888889,0.006666666666666667,2,0,2023-12-01,12010090
1701423000000000,0.037750910332056145,24.018441953329503,0.5439723386641846,1800,0.5705060612963204,0.38267927065159013,0.0002851333275634138,0.00028491357033677556,48.98492666666667,0.0022222222222222222,2,0,2023-12-01,12010090
1701424800000000,0.036406759664756934,29.71262255062083,0.560894495755283,1800,0.578143965545074,0.28286873700881,0.00038712105292681986,0.00017531952841143283,47.617917222222225,0.0016666666666666668,2,0,2023-12-01,12010090
1701426600000000,0.02667856415933519,13.85695073451866,0.5225806529870337,1800,0.5642443417005742,0.38798878769939604,2.511523002490801e-05,0.00011277523982200499,59.88598388888889,0.0,2,0,2023-12-01,12010090
1701428400000000,0.034871324860212556,17.530237077749494,0.5969653889982953,1800,0.5970478445855119,0.4613965874133603,0.0011042574460002896,3.2480201919149465e-06,55.32279527777778,0.002777777777777778,2,0,2023-12-01,12010090
1701430200000000,0.02699911398616691,17.41641967943563,0.4815206533944908,1800,0.4879350366184352,0.4044723306731747,1.1085107530894867e-05,1.4602528857210473e-06,61.9839475,0.0005555555555555556,2,0,2023-12-01,12010090
1701432000000000,0.02726045100149821,20.43988003419907,0.5265020461669184,1800,0.5396887635428707,0.4184328252347628,2.713252294506141e-06,8.63361232655846e-05,66.24188416666667,0.0016666666666666668,3,0,2023-12-01,12010090
1701433800000000,0.03244721070722881,26.392087541867863,0.6403082394292117,1800,0.6433620520839876,0.332012295791991,2.8154754222797784e-05,0.00041377655078111975,53.95361166666667,0.0022222222222222222,3,0,2023-12-01,12010090
1701435600000000,0.030161037331766383,34.856206902340254,0.6900365148178382,1800,0.690039002994592,0.36458307353245756,2.0481387354220892e-05,0.00046863845040689966,54.62276111111111,0.0005555555555555556,3,0,2023-12-01,12010090
1701437400000000,0.030447962464824032,6.281691813904527,0.45548573328129416,1800,0.5075601147992188,0.4597016783755703,0.0002820857005275679,0.0012847529466135654,77.75766694444445,0.0022222222222222222,3,0,2023-12-01,12010090
1701439200000000,0.03131592121034911,25.153106698933833,0.5820398098873034,1800,0.596907492038687,0.39164232588152126,0.0005185399277458647,1.0375319651645398e-05,49.336668611111115,0.0016666666666666668,3,0,2023-12-01,12010090
1701441000000000,0.03780500802823888,27.284933916202224,0.5902400825254371,1800,0.6065723838568237,0.350529729358526,0.0005707319390784171,0.002204280885540588,45.711710555555555,0.002777777777777778,3,0,2023-12-01,12010090
1701442800000000,0.034200589207185945,25.02653123621762,0.5465174555123834,1800,0.5643554961332404,0.397137094809772,0.000930175053179938,0.0001248633229338214,46.33889027777778,0.0011111111111111111,3,0,2023-12-01,12010090
1701444600000000,0.03404475849884374,25.6361799161415,0.620499602962971,1680,0.6359687339282281,0.47042385116162533,9.231657005137617e-05,0.00010384883396397093,44.28065892857143,0.0011904761904761906,3,0,2023-12-01,12010090
1701446400000000,0.039306903391340436,15.574295267666171,0.49337938592825115,1680,0.5272854889073777,0.37651013268016753,0.0007323612484144704,1.8853878489877296e-05,45.008316071428574,0.006547619047619048,4,0,2023-12-01,12010090
1701448200000000,0.05170382343453664,20.5068463253505,0.5168593042629877,1800,0.5298038999234964,0.3603258521961612,0.00017147659740901489,0.0001451919633975729,43.2397025,0.013888888888888888,4,0,2023-12-01,12010090
1701450000000000,0.04250541672602471,19.508038506906917,0.5335886789553925,1800,0.5582317918239251,0.36513234620270796,0.0003423740172486811,0.000401802518226857,42.08361027777778,0.002777777777777778,4,0,2023-12-01,12010090
1701451800000000,0.03478227174862058,23.608022105544435,0.536972136185593,1800,0.5570696093454991,0.4406768051725273,5.288012246207341e-05,2.0281333529381662e-05,48.07619805555555,0.002777777777777778,4,0,2023-12-01,12010090
1701453600000000,0.033749893363319634,21.894447501058053,0.49655760017546047,1800,0.5164074749390326,0.5439709277844514,0.004108840440675943,0.0010823565958121284,50.606832777777775,0.0022222222222222222,4,0,2023-12-01,12010090
1701455400000000,0.03373443431599228,18.360112299862184,0.5650003374480407,1800,0.5718785011333285,0.4877466807746106,0.0004317483246482068,7.029545797898606e-05,48.63310805555556,0.0011111111111111111,4,0,2023-12-01,12010090
1701457200000000,0.02965013871167785,10.874046658886966,0.5452047772263824,1800,0.5945421524791379,0.5338052253776366,0.0026857191632190247,6.689236220558392e-05,56.140188333333334,0.002777777777777778,4,0,2023-12-01,12010090
1701459000000000,0.032458554100198544,17.926484145948947,0.6445397993785044,1800,0.6445417188237286,0.4024143974830884,0.00039995545044280156,5.260622448766128e-08,63.39377277777778,0.0016666666666666668,4,0,2023-12-01,12010090
1701460800000000,0.02895566881238452,20.713229384210567,0.684319051245994,1800,0.6853942974186069,0.5719834264513138,0.0012603927748845445,0.0002895364057124983,58.34328638888889,0.0016666666666666668,5,0,2023-12-01,12010090
1701462600000000,0.025508912615186674,22.343952514105236,0.565393376266463,1800,0.5728561904667551,0.4224945093189799,0.000696783985641769,0.00023880949283361375,62.78564361111111,0.0011111111111111111,5,0,2023-12-01,12010090
1701464400000000,0.027640503418884528,25.214884089648315,0.6742283105211233,1800,0.6745971206857022,0.46187523224100824,5.036011490933134e-06,0.00011088202581066575,56.013198333333335,0.0,5,0,2023-12-01,12010090
1701466200000000,0.026363672665880945,21.280765646230936,0.49133302485713726,1800,0.4978520868869635,0.5681981369436688,0.0004731248287889178,0.0011478732327216967,61.626422222222224,0.0005555555555555556,5,0,2023-12-01,12010090
1701468000000000,0.0254471319667467,19.52132745772141,0.6463033178913393,1800,0.6478597687825112,0.4941475155207423,0.0009168759874738086,6.832468312267803e-05,61.830732499999996,0.0,5,0,2023-12-01,12010090
1701469800000000,0.02189151329145481,7.745468115325089,0.45819000893858775,1800,0.46930789302649445,0.5954554206959993,0.024568001603246126,0.00297256837353288,117.45966555555555,0.0005555555555555556,5,0,2023-12-01,12010090
1701471600000000,0.023140907705878178,13.08555789147894,0.5872716881067487,1800,0.5943010711791301,0.5609101887488415,0.004385851984965328,0.0014055614820182027,69.12245,0.0,5,0,2023-12-01,12010090
1701473400000000,0.02370666035993166,13.990656815470485,0.47561783169775584,1680,0.4905350554659649,0.6353852671588305,0.000785034802715634,0.0005045944299723049,65.81378244047619,0.0005952380952380953,5,0,2023-12-01,12010090
1704067200000000,0.049844675937438306,26.733157954851418,0.5401593006709254,1680,0.5615229677438833,0.4447670888389893,0.0003872019522028758,0.0006362830833905875,40.824202380952386,0.0011904761904761906,0,0,2024-01-01,7376016
1704069000000000,0.052382163809756035,15.116824705994203,0.513279519100527,1800,0.5199705516640788,0.4915241782809482,0.0013425298798441787,0.0005252996270654897,49.39343333333333,0.0005555555555555556,0,0,2024-01-01,7376016
1704070800000000,0.04275117966195829,14.45764880730897,0.6175902903296444,1800,0.6248833314246112,0.3888170201915193,5.767818948454462e-06,0.00024450951050536407,59.449359722222226,0.0005555555555555556,0,0,2024-01-01,7376016
1704072600000000,0.05068824853058827,17.117600147823406,0.5358715267212777,1800,0.5580221907744531,0.4892674685403593,3.6082430170392144e-06,2.3983822803663735e-05,38.173630833333334,0.0011111111111111111,0,0,2024-01-01,7376016
1704074400000000,0.038811337957628256,20.929880581234695,0.5083046385566158,1800,0.5159782497809717,0.4572693007664841,4.232929282044218e-05,6.404684665206606e-05,43.710592222222225,0.0005555555555555556,0,0,2024-01-01,7376016
1704076200000000,0.04256049515285995,16.799308389978343,0.5436956015347814,1800,0.5684966130586292,0.4599273223738142,0.0013632828246512574,0.0028340353430109655,43.69700361111111,0.0,0,0,2024-01-01,7376016
1704078000000000,0.04560705620757709,21.26159704655065,0.548282708277557,1800,0.552236689992321,0.35380590457682204,0.0001951651872886817,0.0009790230382105136,40.21284333333333,0.0016666666666666668,0,0,2024-01-01,7376016
1704079800000000,0.051812823700760874,24.977732887573197,0.5892889658746834,1800,0.595806245420434,0.3584794750783251,0.0011463606859649644,0.00019981416933068097,46.24588222222222,0.0005555555555555556,0,0,2024-01-01,7376016
1704081600000000,0.05149007934746577,25.855908162197924,0.6180685717667682,1800,0.6296258381612058,0.30054742677829116,0.0004155845783018197,0.0007047188046824804,44.174237777777776,0.0016666666666666668,1,0,2024-01-01,7376016
1704083400000000,0.04783429320922826,14.102987711509627,0.652782915617021,1800,0.6799488172141861,0.2589488683086416,0.00014564009330342298,0.00031640357023221544,47.05724611111111,0.0011111111111111111,1,0,2024-01-01,7376016
1704085200000000,0.04988336958584664,21.97460149450057,0.5157266337106379,1800,0.5215842887702826,0.32287772064418296,0.004218788688034825,0.0008708408698464565,45.81386361111112,0.0011111111111111111,1,0,2024-01-01,7376016
1704087000000000,0.04539121035017184,27.99444857211282,0.6817603268033975,1800,0.6893820268741565,0.41363471293247045,1.4967249537978233e-05,0.0007341190479146498,40.59974833333334,0.0005555555555555556,1,0,2024-01-01,7376016
1704088800000000,0.047856361715992515,18.334430769965202,0.5110711630087337,1800,0.5299182546990772,0.6136144125283988,6.911179636759357e-05,0.0001932441382770378,39.728184999999996,0.0011111111111111111,1,0,2024-01-01,7376016
1704090600000000,0.03401511553681088,6.834617892956348,0.445143894190389,1800,0.524399742340455,0.1409107425284618,7.918057448941251e-05,5.730652881830167e-05,45.208375555555556,0.0,1,0,2024-01-01,7376016
1704092400000000,0.044024151805821955,16.349973373366833,0.5535565859107716,1800,0.5537358677334772,0.5540448241858635,0.0008409602772865288,5.9838282272406396e-05,38.85574638888889,0.0005555555555555556,1,0,2024-01-01,7376016
1704094200000000,0.03655502376849783,19.297044258220563,0.5484435760267412,1680,0.5578699577665398,0.45237398937310724,0.000918328454574735,7.82258100301414e-05,51.88292797619048,0.0005952380952380953,1,0,2024-01-01,7376016
1704096000000000,0.047995489486697386,8.477017181327867,0.5863536957487837,1680,0.6312919000950709,0.5395567584832333,4.7385689860846014e-07,9.764235772036223e-05,42.39093303571428,0.0,2,0,2024-01-01,7376016
1704097800000000,0.03841497716744653,12.453359809204485,0.4636944924372337,1800,0.49254501178613364,0.520916556005131,0.0007365405761822208,4.468106922195236e-05,42.46682388888889,0.0005555555555555556,2,0,2024-01-01,7376016
1704099600000000,0.04600438177635605,19.441084295401836,0.42867486145678324,1800,0.44967219436689965,0.4932598963236644,4.547126170040272e-07,1.428294038596789e-09,36.57955833333333,0.0,2,0,2024-01-01,7376016
1704101400000000,0.0444692363709442,22.492775033765703,0.46757753468074637,1800,0.47295982671564174,0.4104364929332379,9.552004166857309e-06,7.87937151036644e-06,41.34790194444445,0.0,2,0,2024-01-01,7376016
1704103200000000,0.04945571346808272,22.5190231656332,0.5953212750049978,1800,0.6085770748550605,0.4560790235729172,0.0026536188609687095,0.000842516691543338,41.63762555555555,0.0005555555555555556,2,0,2024-01-01,7376016
1704105000000000,0.03863196529594087,16.062158826482825,0.614574808624691,1800,0.6450040562172787,0.4557413165045947,0.0011506881020146853,0.0010700679266377744,45.625280277777776,0.0011111111111111111,2,0,2024-01-01,7376016
1704106800000000,0.034073944014482,10.01626994701015,0.5422020837793826,1800,0.5774313848772449,0.23201008024297132,0.0002386592970572421,1.6817393012402704e-05,45.80184777777778,0.0,2,0,2024-01-01,7376016
1704108600000000,0.0375684261194151,19.206305449344576,0.5881450107638688,1800,0.5943853660289007,0.4566142622050011,0.0007066650735538804,0.0003891312866804997,52.564071111111105,0.0005555555555555556,2,0,2024-01-01,7376016
1704110400000000,0.044030563067141835,20.57733076109547,0.6012195404611413,1800,0.6115002274472076,0.42655440665017086,0.0009631616713968727,0.00041859408247990615,44.66596777777778,0.0,3,0,2024-01-01,7376016
1704112200000000,0.04206233646479613,19.019838736737523,0.5430924521635816,1800,0.571220213550405,0.42712304331326634,0.0011765599848677644,0.0002774057986529854,44.956650555555555,0.0005555555555555556,3,0,2024-01-01,7376016
1704114000000000,0.040284402757709836,20.27786315453661,0.6254393860921638,1800,0.6438263059103053,0.3124883538804888,0.0019233130189594272,0.0002400069661173676,49.38447222222222,0.0,3,0,2024-01-01,7376016
1704115800000000,0.04447758790300911,28.63405520206866,0.6639591972919245,1800,0.6663976660136015,0.40650861494264146,0.0004278447279335573,0.0003724795806361314,45.57559916666667,0.0005555555555555556,3,0,2024-01-01,7376016
1704117600000000,0.0459431639187668,18.355052247435875,0.4903035015073268,1800,0.5140677720090912,0.3741880417683301,8.182209445872779e-06,0.0005498408938480193,38.687505,0.0022222222222222222,3,0,2024-01-01,7376016
1704119400000000,0.043001377719531886,26.206013814414412,0.622112549070307,1800,0.6329663495287566,0.2673893165538339,0.0009896774103196337,0.0004224645499369961,40.19331555555555,0.0022222222222222222,3,0,2024-01-01,7376016
1704121200000000,0.03880194193046374,21.607389450800184,0.5847069935530758,1800,0.5915263444648886,0.3553554862975705,0.0015038727427565401,0.0014958028384376432,40.39785583333333,0.0005555555555555556,3,0,2024-01-01,7376016
1704123000000000,0.05713765104500457,20.368524867728375,0.5094842467999385,1680,0.524212999931866,0.5038603916798237,0.0009187300118682629,0.003169895714013493,35.24957023809524,0.0035714285714285713,3,0,2024-01-01,7376016
1704124800000000,0.04819646544914636,29.344201126609168,0.5832652485511978,1680,0.6032242309796831,0.32006908919181687,0.0015875471725728119,0.001883002651989485,37.94034166666667,0.0005952380952380953,4,0,2024-01-01,7376016
1704126600000000,0.012807457212630328,3.575664642065414,0.26697417279197866,1800,0.642782764531102,0.37613057941747186,3.052202580877683e-05,7.459235640905337e-05,43.59846722222222,0.0016666666666666668,4,0,2024-01-01,7376016
1704128400000000,0.013645055117005981,2.6186050204397144,0.22152270756309222,1800,0.5920781690443712,0.34448819364344463,0.003889940637094691,0.0007072399422433095,44.311904444444444,0.0011111111111111111,4,0,2024-01-01,7376016
1704130200000000,0.04833820567369182,18.041572333164268,0.5819864931939156,1800,0.5853291421616167,0.46988755744334687,0.0005565736057702164,6.416179465951188e-05,44.613776666666666,0.0005555555555555556,4,0,2024-01-01,7376016
1704132000000000,0.043610581663289454,4.711364654334738,0.41075255416473233,1800,0.5063638434317216,0.06085468238773384,0.000400486623484575,0.0006354652361608704,37.71688833333334,0.0011111111111111111,4,0,2024-01-01,7376016
1704133800000000,0.02958765353167999,2.838501693504193,0.4321827812422663,1800,0.6578369781998252,0.3455591104402521,0.0020868914049739784,0.00030396131237886426,43.629224722222226,0.0011111111111111111,4,0,2024-01-01,7376016
1704135600000000,0.04490940621360026,20.825932609308328,0.6316808258274381,1800,0.6453371629202619,0.3950696389507874,9.853949208771251e-05,1.4694266798009892e-05,45.85559527777778,0.0016666666666666668,4,0,2024-01-01,7376016
1704137400000000,0.045198833884300085,21.68974482817603,0.5577030387042221,1800,0.5804188647908136,0.2907860462599515,0.0001546905805478449,0.00012551487057155253,43.784297499999994,0.0016666666666666668,4,0,2024-01-01,7376016
1704139200000000,0.058232680050368905,21.83693638071346,0.5149219786463145,1800,0.5355779026363205,0.4120249019192127,0.004622601943827798,4.278396019496977e-05,35.92171444444445,0.002777777777777778,5,0,2024-01-01,7376016
1704141000000000,0.04913305403778463,24.36715587875422,0.6096103912788468,1800,0.6275189415054978,0.35942263929460316,0.0015807707058344,0.002238215938617283,40.98117777777777,0.0011111111111111111,5,0,2024-01-01,7376016
1704142800000000,0.04720796048894454,14.802267024596597,0.4460097497164889,1800,0.45790746359319057,0.5716792656764336,0.0005655176160697106,0.004043844779246908,44.99372527777778,0.0011111111111111111,5,0,2024-01-01,7376016
1704144600000000,0.044978086837894435,21.44467823326651,0.5632843601147106,1800,0.579054550916,0.36107623725389426,0.00017046300720569008,5.003992714924799e-05,42.613639444444445,0.0005555555555555556,5,0,2024-01-01,7376016
1704146400000000,0.04805073060338114,15.462568938023827,0.49364258836737185,1800,0.5283051264259702,0.5078725415634346,0.001691315535427007,0.0011284960426841684,45.30361472222222,0.0011111111111111111,5,0,2024-01-01,7376016
1704148200000000,0.04048393044275299,14.124027561248404,0.4308620613829388,1800,0.43089351289511113,0.6341389265009398,0.0035301226417622233,4.167048128889128e-06,40.45295,0.0,5,0,2024-01-01,7376016
1704150000000000,0.04885044635623907,19.348102755688092,0.5236153151157484,1800,0.5342958235379214,0.3216252190591772,0.0012641001849880151,0.00018426604295118665,44.27683722222222,0.0011111111111111111,5,0,2024-01-01,7376016
1704151800000000,0.04210745972611439,19.78821351028111,0.5360455189271092,1680,0.5623019162011756,0.3931647981435994,0.0025316276658238213,0.0009643589859110735,41.41735148809524,0.002380952380952381,5,0,2024-01-01,7376016
1706745600000000,0.038356492432644516,13.091799819429594,0.5090106078641308,1680,0.5484089201591867,0.39481210555209656,0.0006212848587022757,6.73476388305394e-05,58.14648601190476,0.0005952380952380953,0,0,2024-02-01,24694551
1706747400000000,0.03814095962510823,17.139212526519216,0.5207946551092195,1800,0.5607346609160198,0.31759347341363153,0.005492365855792047,5.5012698877310307e-05,58.07662694444444,0.0,0,0,2024-02-01,24694551
1706749200000000,0.06073916325550771,17.094043079127367,0.44059439109048126,1800,0.44060900412515225,0.35062430330491123,9.931535648333156e-05,0.0022188384429038255,46.533852777777774,0.015,0,0,2024-02-01,24694551
1706751000000000,0.0512621525660818,36.2852054504248,0.6229012517335311,1800,0.6389207021154307,0.23720034199149576,1.6942112973650225e-06,0.0005503797493314755,37.99862944444444,0.0033333333333333335,0,0,2024-02-01,24694551
1706752800000000,0.04301315614254653,21.79229385327915,0.5897138049579574,1800,0.6122859934312954,0.2664132393916645,0.0003345347361398687,0.0001586773211034176,48.68093944444445,0.0016666666666666668,0,0,2024-02-01,24694551
1706754600000000,0.04234687277777002,22.946706227422254,0.563157509637074,1800,0.5661014191874718,0.427786245986303,0.00043948489831402426,2.000696857362705e-05,45.27409833333333,0.0011111111111111111,0,0,2024-02-01,24694551
1706756400000000,0.033765911883164246,20.149970263104546,0.5264475484173419,1800,0.5390278462200595,0.3417040608756232,0.0008523503109955088,0.0019631267941355723,53.21469333333334,0.0,0,0,2024-02-01,24694551
1706758200000000,0.035383509410073066,27.962426207140894,0.6495754206953491,1800,0.6585855482723721,0.35204901403429834,0.0053487571760341135,0.004143424412043184,48.16818,0.0,0,0,2024-02-01,24694551
1706760000000000,0.03497464587816902,17.39947298185197,0.7068961429569088,1800,0.7212940956991014,0.19651014793289368,9.298851939321118e-05,2.981424360581908e-05,56.61201666666667,0.0022222222222222222,1,0,2024-02-01,24694551
1706761800000000,0.04971416006301167,16.108385701949537,0.42944155063519607,1800,0.45412498987216243,0.4811261507170582,0.0003123574474723778,0.0020359180504873065,49.051675833333334,0.0038888888888888888,1,0,2024-02-01,24694551
1706763600000000,0.04109534626485581,15.749304423477072,0.5512274273681145,1800,0.5721756677575623,0.4212142125274717,1.126033914566893e-05,0.0006227419889579533,44.55012222222222,0.0011111111111111111,1,0,2024-02-01,24694551
1706765400000000,0.032645255448847874,22.590012730268423,0.6523582581208764,1800,0.6536949691524836,0.26541737456088077,0.00011054493715600966,0.0005874950838705706,44.82429222222222,0.0,1,0,2024-02-01,24694551
1706767200000000,0.037932477882044374,18.605885814784255,0.5301090482462716,1800,0.5384650394690531,0.5271589367537417,0.0011484079129394642,0.0005152459660662245,60.148210000000006,0.0005555555555555556,1,0,2024-02-01,24694551
1706769000000000,0.037202148175175816,18.44849848981307,0.6263848142532713,1800,0.6380600536889609,0.34670819647582085,0.0010056840396609479,0.00024962059882194243,43.92901527777777,0.0011111111111111111,1,0,2024-02-01,24694551
1706770800000000,0.03499789183072974,19.003026218888056,0.5563373120879245,1800,0.5614970366756071,0.3937626005416738,0.00040868011431915985,0.00026663935299298114,44.036190833333336,0.0,1,0,2024-02-01,24694551
1706772600000000,0.03162966241041286,16.530363205255657,0.5391917361097398,1680,0.5398999287192042,0.437400713588992,0.006024981688734221,0.0008670705067410633,59.28731904761904,0.0005952380952380953,1,0,2024-02-01,24694551
1706774400000000,0.034854303188525504,20.6835892502847,0.6042627861056256,1680,0.6075064112499415,0.46279207274416023,0.0002225284379335779,0.0006155133593772621,70.96279642857144,0.0,2,0,2024-02-01,24694551
1706776200000000,0.023884770460540185,6.4147330757721175,0.5745623071508545,1800,0.681691675143925,0.23734632673817735,0.0008028069256145187,0.001786379485479106,172.7918163888889,0.0011111111111111111,2,0,2024-02-01,24694551
1706778000000000,0.028528476049341334,19.941163177401346,0.57369759715629,1800,0.5912001664576124,0.1763257904158585,0.0022413045250214703,0.0013042927324320441,58.45868777777778,0.0011111111111111111,2,0,2024-02-01,24694551
1706779800000000,0.036495366867837525,26.287461331739255,0.6292540419880563,1800,0.6297537455950318,0.41114384737904464,0.00031751177686578647,0.0015123088464564782,56.21695027777778,0.0,2,0,2024-02-01,24694551
1706781600000000,0.035647001213899236,25.32572831359751,0.5539687663799331,1800,0.5543657065230564,0.33896754123235695,2.4982189400390986e-05,0.00265165287374447,54.79915722222222,0.0,2,0,2024-02-01,24694551
1706783400000000,0.036582623137373683,26.992377438823553,0.49263853526466317,1800,0.4971274940505257,0.4252714499367688,0.0054671368983671975,0.000250787602510516,51.6350975,0.0,2,0,2024-02-01,24694551
1706785200000000,0.031417628141464086,11.52515603928325,0.6071643488562326,1800,0.6389596066396928,0.29186504982138095,8.70484800319371e-06,0.000304012148421684,51.240198888888884,0.0005555555555555556,2,0,2024-02-01,24694551
1706787000000000,0.035945176681358194,19.946439721950846,0.5711909565123632,1800,0.574827160654084,0.29145201772976015,0.0008857596179748795,1.0148904857176788e-05,47.848595277777775,0.0011111111111111111,2,0,2024-02-01,24694551
1706788800000000,0.03847716189280864,19.977564922045055,0.5075866386907619,1800,0.5320092303131587,0.39464273079947887,0.0012248550090054877,0.0001250313196996533,45.60657583333334,0.0022222222222222222,3,0,2024-02-01,24694551
1706790600000000,0.033880817189732654,22.20041826196006,0.6024626579137267,1800,0.624070351046601,0.3440082947419887,0.002608388759937408,0.0001946880606342738,46.19276777777778,0.0,3,0,2024-02-01,24694551
1706792400000000,0.035679109921379966,18.13683273008083,0.46166865061468365,1800,0.4796106208041764,0.408633426612773,3.485497654609482e-06,0.000895264437751786,42.024930277777784,0.0022222222222222222,3,0,2024-02-01,24694551
1706794200000000,0.03409598640904307,14.632009830773056,0.4982306792517729,1800,0.5250097403191285,0.31868269143059147,0.0002955589461304253,0.00021064600603015737,46.655995555555556,0.0011111111111111111,3,0,2024-02-01,24694551
1706796000000000,0.03517403774797089,22.357019390268935,0.40450835153891573,1800,0.41890096181325664,0.30598087425639464,1.144604167002683e-08,0.0003772017253114157,51.17760305555556,0.0011111111111111111,3,0,2024-02-01,24694551
1706797800000000,0.0672141990563274,9.429509205152408,0.405453800729206,1800,0.4090816490239694,0.5791721793451324,0.0003993646565404463,0.0007397045317384388,44.64717527777778,0.005,3,0,2024-02-01,24694551
1706799600000000,0.05979804231684694,28.0874176578038,0.5623866788683073,1800,0.5783478065300018,0.3437853318790477,4.772992443502488e-06,0.0011109865725588142,35.399861111111115,0.0016666666666666668,3,0,2024-02-01,24694551
1706801400000000,0.044864033010705746,20.847661331556946,0.5598794474549649,1680,0.5871256701518793,0.1953395054219832,0.0015549330880548773,0.004524393477374877,39.86218363095238,0.0005952380952380953,3,0,2024-02-01,24694551
1706803200000000,0.045422288117517834,20.519921246653965,0.5967764663519398,1680,0.6167996266922728,0.31177780068286964,0.0004052294820029445,2.324842800949245e-05,40.53157470238095,0.002976190476190476,4,0,2024-02-01,24694551
1706805000000000,0.047111302993280146,21.288351159867585,0.48101348899832264,1800,0.49016776216360125,0.3585725076626567,0.00011427033700983635,0.0006580742939240602,55.247708055555556,0.0033333333333333335,4,0,2024-02-01,24694551
1706806800000000,0.04348909599343519,19.04436194123048,0.5966569663741614,1800,0.6269317848779148,0.1797146632204485,0.0009930857052875552,1.1077837237305488e-05,52.89811805555556,0.0016666666666666668,4,0,2024-02-01,24694551
1706808600000000,0.04292559364171185,9.842599655357592,0.5047189449401871,1800,0.5868929786110011,0.28396085421515427,0.0017612162770693773,8.228030886703319e-05,39.32211222222222,0.0005555555555555556,4,0,2024-02-01,24694551
1706810400000000,0.046546666413066796,15.982110929799925,0.580530778409885,1800,0.5813892044841305,0.2966396799721367,1.3154831719486282e-06,0.0005614668311263449,55.36970222222222,0.0016666666666666668,4,0,2024-02-01,24694551
1706812200000000,0.04202772417734291,36.1787870793475,0.6113209075962416,1800,0.620056710179967,0.2991179726647277,0.0009175677089142686,0.0003478576966085001,45.05241722222222,0.0011111111111111111,4,0,2024-02-01,24694551
1706814000000000,0.03809346113697161,22.74695814734109,0.6181777560138945,1800,0.6412385440533697,0.2407250233970768,0.0004139710664584628,0.00020370129289226657,47.53065138888889,0.0,4,0,2024-02-01,24694551
1706815800000000,0.05102209729672215,28.511468433390466,0.6689571650470547,1800,0.6711928571437626,0.3143829808469918,5.835182417590623e-06,0.0004562002221789596,42.09340111111111,0.005,4,0,2024-02-01,24694551
1706817600000000,0.04280609650942265,26.418476553944718,0.665519518296847,1800,0.6890298293308201,0.20755973208744716,0.001203207125018202,0.0015684121250008065,45.23610472222222,0.0016666666666666668,5,0,2024-02-01,24694551
1706819400000000,0.04148570480380657,18.450682742556356,0.6740469493421795,1800,0.7033154981695283,0.1482438612209852,0.002756322695580793,0.0024062544100632577,42.01323166666666,0.0016666666666666668,5,0,2024-02-01,24694551
1706821200000000,0.03743704753639264,19.882922069362888,0.551707361157185,1800,0.5941472939522627,0.22255062763879263,1.871421698274034e-06,5.3023677747954245e-05,47.61439222222222,0.0011111111111111111,5,0,2024-02-01,24694551
1706823000000000,0.049239481114019,24.46494192401828,0.7235900043149379,1800,0.7254617129514362,0.3181146998911335,0.00021851061742439448,1.286823918889013e-05,38.87438916666667,0.0,5,0,2024-02-01,24694551
1706824800000000,0.03993310519449815,15.823297411775902,0.6282262560437066,1800,0.6408821417460175,0.25835764222940594,0.002581626666361525,0.0008209376369772148,46.468159166666666,0.0011111111111111111,5,0,2024-02-01,24694551
1706826600000000,0.04194870018080695,10.638395369154486,0.29478547398366794,1800,0.30233751104248907,0.6307258115921837,0.01571242441724907,0.009496655156617795,64.75504611111111,0.0005555555555555556,5,0,2024-02-01,24694551
1706828400000000,0.0395852582653516,21.359922466345125,0.6308687913798234,1800,0.6387129966527463,0.280236166603804,7.297102453729387e-06,0.0003170895516555472,52.900056666666664,0.0005555555555555556,5,0,2024-02-01,24694551
1706830200000000,0.03730991902043263,23.246801798738968,0.5693791099776688,1680,0.569389059672734,0.3319604043956027,0.00019736245056567459,0.0009035252029294671,57.183872916666665,0.0005952380952380953,5,0,2024-02-01,24694551
1709251200000000,0.11086298464619394,7.9458011850052,0.33539728059474083,1680,0.35460637370665204,0.6648673602721908,0.0006259997816695506,3.7626082999286936e-06,36.76508244047619,0.0035714285714285713,0,0,2024-03-01,38096171
1709253000000000,0.07069613931314214,17.074418633318057,0.46546740511492724,1800,0.5188908468363929,0.46860955255450654,0.0003765607330473708,0.0012305908975946966,52.750589444444444,0.0022222222222222222,0,0,2024-03-01,38096171
1709254800000000,0.07749698284051017,25.199015190019654,0.5431199234536196,1800,0.5813831517771577,0.3972211446125993,0.0009255607710597635,0.003060368240294542,32.33150666666667,0.0022222222222222222,0,0,2024-03-01,38096171
1709256600000000,0.085141180190815,31.197939381232256,0.5871018994605159,1800,0.6090594212225853,0.3893964869625711,0.00013680143341743278,0.0001952594039402733,31.21413,0.0033333333333333335,0,0,2024-03-01,38096171
1709258400000000,0.07984419477241105,21.278301591157973,0.5746121427363959,1800,0.6214777624102706,0.29340060965751336,0.0007008172771176824,4.595796766926341e-06,34.94215805555555,0.0011111111111111111,0,0,2024-03-01,38096171
1709260200000000,0.08694772377661857,30.753587006469328,0.7126332643917297,1800,0.7321979168687447,0.308435199256194,7.573209905487044e-05,0.00025962978284466143,27.9312225,0.0038888888888888888,0,0,2024-03-01,38096171
1709262000000000,0.0895773431935715,26.118965411345965,0.6742528936161475,1800,0.6871695428929561,0.3343765686459139,0.002431942354770289,0.0009630163239907619,27.480751944444442,0.0022222222222222222,0,0,2024-03-01,38096171
1709263800000000,0.08578895106609252,33.6527872694682,0.664268467248422,1800,0.6848859755164572,0.28155627505573577,0.0008828165993319814,0.0007790945442781583,33.89915305555556,0.0011111111111111111,0,0,2024-03-01,38096171
1709265600000000,0.07573243416891035,18.274800645182186,0.5676031613512931,1800,0.616306736919142,0.3078256164611044,0.0006014999548148436,6.681521853779682e-05,29.453634722222223,0.0016666666666666668,1,0,2024-03-01,38096171
1709267400000000,0.08140266431493605,20.835034018542952,0.5011674603684584,1800,0.5074227180277351,0.4812606040200341,4.1282807283771206e-07,0.0004620202965177622,28.743587222222224,0.0011111111111111111,1,0,2024-03-01,38096171
1709269200000000,0.08300673273897531,20.691399280684113,0.5363904704040272,1800,0.5901444026463347,0.38451266200349576,0.003552563350133542,0.0034910373305994113,30.48896611111111,0.002777777777777778,1,0,2024-03-01,38096171
1709271000000000,0.07839081685141952,29.19629230693795,0.691690882505688,1800,0.7137703287843364,0.3052712370238082,0.002588915439113215,0.0030070816452119065,32.952085555555556,0.0016666666666666668,1,0,2024-03-01,38096171
1709272800000000,0.08621876145669632,19.441560843796594,0.5825081793853626,1800,0.6208056474037134,0.4226245318512487,3.444152768539155e-05,4.458076364144414e-05,34.03003527777778,0.0016666666666666668,1,0,2024-03-01,38096171
1709274600000000,0.08285947812456779,24.90044710074481,0.6245108885671475,1800,0.6484761465491141,0.3793985652700551,5.266689075711373e-05,0.000361211449558585,38.910815,0.0,1,0,2024-03-01,38096171
1709276400000000,0.08256183721624229,26.154094806437318,0.5761833379780015,1800,0.6069037141626218,0.37331772330373914,3.778317789426833e-05,0.0001847264218191036,32.59150111111111,0.0011111111111111111,1,0,2024-03-01,38096171
1709278200000000,0.09476753188181912,22.844620427601466,0.5424002804556853,1680,0.5806986496109086,0.37293687697873323,0.0033346738386610397,0.0005959614488526555,28.661426785714287,0.0035714285714285713,1,0,2024-03-01,38096171
1709280000000000,0.10934799482126456,12.547573454321414,0.44653375075797874,1680,0.4537006069183399,0.5856237531006443,0.0015084158830597216,0.0005348369961754029,32.54749345238095,0.008333333333333333,2,0,2024-03-01,38096171
1709281800000000,0.12789255326070456,22.05447159615044,0.38856639181940944,1800,0.4159026384139408,0.47790812881270794,0.002149628157455785,0.0005721385308606886,26.91611611111111,0.011111111111111112,2,0,2024-03-01,38096171
1709283600000000,0.09329418070810215,20.94338532013275,0.541338964566093,1800,0.5751742530331377,0.49167020908873793,0.0003701948744805339,0.0003818630734646611,30.67864861111111,0.005555555555555556,2,0,2024-03-01,38096171
1709285400000000,0.09235135839456568,22.292001313273346,0.6802718154542228,1800,0.7013656474512626,0.4229236522532168,0.00025391551126952017,0.0005243907823256899,30.076750555555556,0.0016666666666666668,2,0,2024-03-01,38096171
1709287200000000,0.0696124298385632,8.510565410125723,0.5634513639479534,1800,0.6574391367000968,0.11205719120962676,1.8883478465347991e-06,2.5101996111054348e-05,39.522238333333334,0.0005555555555555556,2,0,2024-03-01,38096171
1709289000000000,0.0950020690074354,20.575966929410615,0.5775897069311395,1800,0.6051751363436486,0.3351725452951576,0.0001555435572160313,0.00012165117975893036,28.36691638888889,0.002777777777777778,2,0,2024-03-01,38096171
1709290800000000,0.0932373011014716,29.690035351091648,0.6418252692171724,1800,0.6691021485432724,0.3367979991547443,0.0003249551143004181,0.00014637348768020697,29.56038611111111,0.0005555555555555556,2,0,2024-03-01,38096171
1709292600000000,0.08443516221193839,6.332166111786961,0.5332082936692908,1800,0.6479925672585425,0.29034104324943455,0.00024442803614155295,0.0007129322869359189,26.314237777777777,0.0005555555555555556,2,0,2024-03-01,38096171
1709294400000000,0.08492422220286906,20.433325341663362,0.5704634679953118,1800,0.6127888048939676,0.37419770686418885,0.00022065709997898253,3.2648217644037913e-05,30.241440833333336,0.0005555555555555556,3,0,2024-03-01,38096171
1709296200000000,0.09641172464609134,30.57986092189712,0.5815352801880258,1800,0.5913233360001549,0.35622138591124963,0.00012264514932758264,3.951088201836761e-05,30.058559166666665,0.002777777777777778,3,0,2024-03-01,38096171
1709298000000000,0.10193516406059329,24.89160965820253,0.5488464261255817,1800,0.5738791058701256,0.2805127089321682,0.0005330203909197362,0.0012109014592183165,30.427370555555555,0.002777777777777778,3,0,2024-03-01,38096171
1709299800000000,0.09193543598309391,19.9146370139016,0.5880452901920263,1800,0.6341536432758602,0.2908779935147149,0.0001446404015238434,0.0002451294697334294,27.451988055555557,0.002777777777777778,3,0,2024-03-01,38096171
1709301600000000,0.08791201251758068,18.72001718463994,0.5086112804229636,1800,0.5715115565501634,0.42549100131033835,0.00011379764248276025,0.0001783305572110594,37.497215555555556,0.0022222222222222222,3,0,2024-03-01,38096171
1709303400000000,0.20983155607424533,8.453887535960805,0.43533771246211117,1800,0.4475585983566104,0.44935576011220124,0.003520163348942895,0.0017695703597848667,19.853014722222223,0.025555555555555557,3,0,2024-03-01,38096171
1709305200000000,0.15338707624762066,32.08961267002964,0.6308835789611209,1800,0.6628032501821663,0.2809461521023302,0.00019923894613504967,5.497012844912774e-10,21.797185833333334,0.0038888888888888888,3,0,2024-03-01,38096171
1709307000000000,0.13104603907049064,33.72734312079188,0.6265702326191178,1680,0.6419685676323192,0.25174436268211087,0.00022757274083728962,6.359550382639689e-05,24.154604464285715,0.005357142857142857,3,0,2024-03-01,38096171
1709308800000000,0.1188555019224694,24.483834273699706,0.6095465352767873,1680,0.6416728852561786,0.43412704503898836,0.00038320655541190796,3.892843725628037e-05,26.474740476190476,0.0035714285714285713,4,0,2024-03-01,38096171
1709310600000000,0.09559490312716641,9.592988602972792,0.5891645095209823,1800,0.6703700498231362,0.12798178026893337,0.0006868485348859865,0.000507195693273399,45.70227666666666,0.0033333333333333335,4,0,2024-03-01,38096171
1709312400000000,0.09190899673145593,10.735678468524968,0.4143859917563302,1800,0.4492616055972971,0.48350162965324117,0.00029152284814626395,0.003747908181370607,49.55702111111111,0.005,4,0,2024-03-01,38096171
1709314200000000,0.09690077861723755,31.59077318316975,0.5904717601176577,1800,0.6099488554318183,0.4231951713708555,0.0008888800062301083,0.0001280637081411129,31.19870388888889,0.002777777777777778,4,0,2024-03-01,38096171
1709316000000000,0.0863181760920076,29.46680812019027,0.6268418688500987,1800,0.6467419845850111,0.326769453194828,0.002267995299582548,0.0010105595156664204,30.420161944444445,0.002777777777777778,4,0,2024-03-01,38096171
1709317800000000,0.09584611066376157,26.738567117101802,0.6393356138989894,1800,0.6596862120725797,0.31324660513139446,0.0018634690332672843,0.0012468072048623657,30.65355888888889,0.0011111111111111111,4,0,2024-03-01,38096171
1709319600000000,0.08869064018213908,31.393676995767983,0.6368409006757415,1800,0.6511020340042966,0.38781725372859055,0.0015888043763219173,2.3089229324257943e-05,33.798920555555554,0.0044444444444444444,4,0,2024-03-01,38096171
1709321400000000,0.08168330548200414,27.428285127955544,0.6931859308976001,1800,0.7027199275982494,0.4255078880879687,3.88864252658383e-05,7.499165078728165e-05,32.71285555555556,0.0011111111111111111,4,0,2024-03-01,38096171
1709323200000000,0.07821915334757311,22.66062611835351,0.6288705538511532,1800,0.676644780848033,0.37463162253619975,7.237651816693891e-05,0.0010337775712504493,36.65267555555556,0.0033333333333333335,5,0,2024-03-01,38096171
1709325000000000,0.09022209570151159,14.78641393161512,0.6225570635263071,1800,0.6225571383597979,0.4147513313270663,0.00030017618845479266,0.00046047188130493577,32.6956375,0.0033333333333333335,5,0,2024-03-01,38096171
1709326800000000,0.09626982797435134,18.814726612406005,0.5770392815169294,1800,0.6137549859579989,0.34825084634404113,3.1777520499542966e-05,9.534492407259343e-05,36.73288194444444,0.0038888888888888888,5,0,2024-03-01,38096171
1709328600000000,0.08086397391048014,22.49885402794609,0.6087860141394302,1800,0.6373823352507062,0.3056950992571962,0.0003535265541556587,0.00019654421147485834,27.18311111111111,0.0,5,0,2024-03-01,38096171
1709330400000000,0.09922732578999985,15.394929529325168,0.4977401687940288,1800,0.5253936968889572,0.5385225301620057,0.0023958664575548516,0.0009058980128292538,26.159484722222224,0.0022222222222222222,5,0,2024-03-01,38096171
1709332200000000,0.07873763888736239,13.157996015639485,0.4877154688767106,1800,0.5127884455538234,0.3950782859449046,0.016391923830571975,0.005681796555754293,27.990739166666664,0.0022222222222222222,5,0,2024-03-01,38096171
1709334000000000,0.1044655877720551,20.73008840894884,0.6128968661642935,1800,0.633956659861918,0.41559743186351283,2.7650102941700894e-06,0.0005727007148946806,28.734263055555555,0.0038888888888888888,5,0,2024-03-01,38096171
1709335800000000,0.11159995671282619,25.85531103410062,0.638603575239524,1680,0.6524627293233217,0.32037661652610616,0.0009398438034063927,0.001176948833690794,25.64528988095238,0.0011904761904761906,5,0,2024-03-01,38096171
1711929600000000,0.06860676004377726,24.745366014969424,0.5580115689919758,1680,0.5769979664762552,0.28370609523603896,0.0002706443471732767,0.0005589887915528058,42.52720446428572,0.0017857142857142857,0,0,2024-04-01,9411794
1711931400000000,0.05676696813205555,25.574275779051135,0.5768588365571548,1800,0.6014114090620797,0.2629062588453157,0.004511109088086163,0.004911753127973872,58.971361388888894,0.0005555555555555556,0,0,2024-04-01,9411794
1711933200000000,0.06352211777776264,29.661840753505945,0.614176892652861,1800,0.6290741010534923,0.28905779186840963,0.00037964398393752763,0.0008993029530013352,45.342483333333334,0.0022222222222222222,0,0,2024-04-01,9411794
1711935000000000,0.0633120824382788,31.425459358616983,0.702274988258449,1800,0.7193328546375961,0.44026881393311823,0.0027568753422916314,0.001618537335653536,50.01801694444445,0.0022222222222222222,0,0,2024-04-01,9411794
1711936800000000,0.06126347275678056,26.484647575286736,0.7280335204602526,1800,0.7353414319431731,0.2399803392908545,8.570593674850358e-05,7.990933752144436e-06,46.20576166666667,0.0022222222222222222,0,0,2024-04-01,9411794
1711938600000000,0.059156453338355446,22.146141814270408,0.5747568099529211,1800,0.5877833398037193,0.33003427705327193,7.227431408840523e-05,1.2698954707013321e-05,46.51165388888889,0.0005555555555555556,0,0,2024-04-01,9411794
1711940400000000,0.04903449173850051,19.06716553668045,0.5407932824323494,1800,0.559912006738174,0.28207826903294664,0.0024170124356782674,0.001810830515226125,57.772244722222226,0.0005555555555555556,0,0,2024-04-01,9411794
1711942200000000,0.05780029170400467,28.22572270859389,0.613008246968579,1800,0.6269412978438628,0.43914604337900287,0.0028667741353245457,0.005445083505662085,58.34254388888889,0.0,0,0,2024-04-01,9411794
1711944000000000,0.056244845516098846,22.036550723475433,0.6448120515652049,1800,0.6650871166796075,0.4620212917363785,0.0005167821273144302,5.4379394771930656e-05,49.35702,0.0016666666666666668,1,0,2024-04-01,9411794
1711945800000000,0.04837053197828784,32.276974094071385,0.6948227728562191,1800,0.7055020158559655,0.23141171268044314,0.00036821192282443516,0.00044905239504788863,51.993385555555555,0.0011111111111111111,1,0,2024-04-01,9411794
1711947600000000,0.0774570014054988,17.839977417918355,0.35024489884501087,1800,0.36298363663982813,0.5345190033557918,0.0002401153870591477,3.344440849351038e-05,42.300939722222225,0.0044444444444444444,1,0,2024-04-01,9411794
1711949400000000,0.13704322249213824,15.937782259651824,0.2509605685975217,1800,0.30412363869108705,0.3343176079919019,3.7441138298732746e-05,0.00015817568753195843,30.50710666666667,0.1638888888888889,1,0,2024-04-01,9411794
1711951200000000,0.12488430521459475,18.932222877219274,0.4627566934072107,1800,0.5234837590733852,0.2612232564196184,0.00041174837857616,1.4615884309066018e-05,28.52877666666667,0.02722222222222222,1,0,2024-04-01,9411794
1711953000000000,0.07486888819433637,13.976292728241052,0.5501442017306666,1800,0.5934730385252565,0.29933403397470737,0.0003752225358888417,0.0005432436235047744,74.86744416666667,0.005555555555555556,1,0,2024-04-01,9411794
1711954800000000,0.06687309036602204,33.25840438089478,0.598439075017497,1800,0.6115346438497173,0.30357588443131767,0.00011596626593357584,0.002131199145048668,43.56556666666667,0.005,1,0,2024-04-01,9411794
1711956600000000,0.08051115195556979,28.40379258222781,0.618937809190911,1680,0.6374882331906702,0.37415022759364014,0.001633750127739253,0.00203623139547926,41.41638363095238,0.002976190476190476,1,0,2024-04-01,9411794
1711958400000000,0.07063105223271102,8.242188226508478,0.33503766419810854,1680,0.4293314160557681,0.45709349834423274,0.001010081971462462,0.0004155581673427333,43.03478005952381,0.006547619047619048,2,0,2024-04-01,9411794
1711960200000000,0.08771463028192167,29.20373467803126,0.5807743318295864,1800,0.5945532836550689,0.32032493732601364,0.00034188676991198097,7.270378306034608e-05,36.891173055555555,0.008333333333333333,2,0,2024-04-01,9411794
1711962000000000,0.0746133251470799,32.01329609468092,0.6466352005839917,1800,0.6519954504455278,0.3003838489275398,4.371061351937655e-05,6.800398265394136e-05,39.76771,0.0033333333333333335,2,0,2024-04-01,9411794
1711963800000000,0.06757098926480999,31.283896540609405,0.7177042185729265,1800,0.7251052701762348,0.4076675631591863,0.0022059902042720347,0.00031758529454872786,43.702142499999994,0.0005555555555555556,2,0,2024-04-01,9411794
1711965600000000,0.06695288656998756,29.4089183777375,0.6737855557548416,1800,0.6838980484499445,0.39429879461595563,0.00031312524328297453,0.0004825048818053457,46.049904444444444,0.0038888888888888888,2,0,2024-04-01,9411794
1711967400000000,0.06640022161492024,24.260759575934603,0.6474345079343307,1800,0.666039976103843,0.3600860337382308,1.685415162777648e-05,0.0006290982629219011,45.554901944444445,0.0005555555555555556,2,0,2024-04-01,9411794
1711969200000000,0.0626431768023714,23.186605655149297,0.6308669948549195,1800,0.6574778960431903,0.3808070265125999,0.0003460795108795045,4.417217276952989e-06,47.345600833333336,0.0038888888888888888,2,0,2024-04-01,9411794
1711971000000000,0.0591574621943298,29.085674506290932,0.6630463679802066,1800,0.6795286630111876,0.3239182481834785,0.006731358365418605,0.0058723525247608155,50.85021777777778,0.0038888888888888888,2,0,2024-04-01,9411794
1711972800000000,0.07173710765508451,23.96050882319244,0.565621602488169,1800,0.5778014916837364,0.3042620175530425,0.00032732910620836275,0.000562462235869754,46.177869722222226,0.0022222222222222222,3,0,2024-04-01,9411794
1711974600000000,0.06423524794314264,22.384633184056128,0.5626963970011654,1800,0.576244627767355,0.3529275155446694,0.002181469938608238,0.0006241994704065945,44.955059722222224,0.0011111111111111111,3,0,2024-04-01,9411794
1711976400000000,0.07126606235634861,25.377702958539917,0.61918764789225,1800,0.6467607564368776,0.3349771420860935,0.00316333812960512,0.0014735958577222208,44.05723444444444,0.0016666666666666668,3,0,2024-04-01,9411794
1711978200000000,0.08458471513929125,34.17940084144014,0.605454935801535,1800,0.6198057462455928,0.2726758224117575,0.0007194373676441268,0.0007826952312184332,39.33880611111111,0.005,3,0,2024-04-01,9411794
1711980000000000,0.0813560973121366,24.2488768107167,0.6303250129827582,1800,0.6511709728255366,0.23605997995567707,0.000254644129356274,0.00023500160874168063,37.80150416666667,0.006111111111111111,3,0,2024-04-01,9411794
1711981800000000,0.10580304129922834,29.977805713950012,0.5233956293209199,1800,0.551970026292087,0.22721294013904636,0.001252573308525018,2.636142935708019e-05,33.34068361111111,0.023333333333333334,3,0,2024-04-01,9411794
1711983600000000,0.19686728034925793,18.657623601620106,0.40246714384015225,1800,0.4381097056671317,0.2884683919786798,9.156821446421048e-05,1.923604186859773e-05,19.68304138888889,0.07333333333333333,3,0,2024-04-01,9411794
1711985400000000,0.10290859281334906,14.573416494688153,0.45738325307916283,1680,0.4861616867244879,0.23266466515552853,0.0021043590397580303,0.003412311353849118,35.85217172619048,0.016666666666666666,3,0,2024-04-01,9411794
1711987200000000,0.10222314731271963,34.03566016181714,0.6119205819301761,1680,0.6165546249729821,0.2890605095448635,8.72978521350154e-05,0.0005747709852740313,42.88496577380952,0.014285714285714285,4,0,2024-04-01,9411794
1711989000000000,0.08176276174510011,27.044760411632424,0.6242444393320976,1800,0.6335953388726978,0.32152750293030496,0.00015364508768100915,0.0010955443492807193,38.77378777777778,0.008888888888888889,4,0,2024-04-01,9411794
1711990800000000,0.08213600147374764,44.71586491688076,0.5999064279530519,1800,0.6119316340531433,0.29918869786561775,3.166603682003277e-05,9.041738201609473e-05,37.545663888888896,0.0033333333333333335,4,0,2024-04-01,9411794
1711992600000000,0.0942745170203517,22.886565419219046,0.4676554206229635,1800,0.48827220986150377,0.32700665129353335,0.002766533274618177,0.005064639152906225,36.12238277777777,0.015555555555555555,4,0,2024-04-01,9411794
1711994400000000,0.08079647582396055,21.62432807495751,0.6114565595156114,1800,0.6181782667214287,0.3586897600798622,0.00011503759634801103,1.9560933601225905e-05,48.82652388888889,0.006666666666666667,4,0,2024-04-01,9411794
1711996200000000,0.07493809032873952,41.04751448871869,0.6712537792143299,1800,0.678541299338287,0.3059558683340864,0.0015039642389620411,0.002900551244917393,45.06187527777777,0.0016666666666666668,4,0,2024-04-01,9411794
1711998000000000,0.06919842211382135,25.163857016542774,0.5991783846246096,1800,0.6232504496393514,0.3328481828944325,8.137129010854505e-05,0.0001177107929487553,49.15873444444444,0.002777777777777778,4,0,2024-04-01,9411794
1711999800000000,0.0736498717453661,32.83280997649016,0.635027377975693,1800,0.6393729163098208,0.3265498240114044,0.0014304580172478376,0.001178629282953536,50.208398333333335,0.0022222222222222222,4,0,2024-04-01,9411794
1712001600000000,0.06460169736389526,34.724018553095824,0.6769327483725562,1800,0.6817542025456389,0.36118445890726836,0.0010166018657767895,2.2943260369334695e-07,53.42039361111111,0.0022222222222222222,5,0,2024-04-01,9411794
1712003400000000,0.07134619672023804,14.322291632107655,0.5381789173639655,1800,0.5386116511158964,0.29101057065132296,0.0013140399352917775,5.4415271882546357e-05,56.40315388888889,0.0038888888888888888,5,0,2024-04-01,9411794
1712005200000000,0.08217400303087367,20.988934806998248,0.5584052124638124,1800,0.5788295364391041,0.34090435744911074,0.0024930044449121835,0.008261927157332427,37.955291111111116,0.002777777777777778,5,0,2024-04-01,9411794
1712007000000000,0.07675802595748628,15.248021708710896,0.6708804640595598,1800,0.6963115152911221,0.3870274313122468,0.021448367891421016,0.02246517160476158,60.65145555555555,0.0005555555555555556,5,0,2024-04-01,9411794
1712008800000000,0.08601276713824231,24.555625463313635,0.6929610225263336,1800,0.7050884930413575,0.3249739321828974,0.0017637887837318456,0.0004745950491640283,45.03472888888889,0.0022222222222222222,5,0,2024-04-01,9411794
1712010600000000,0.08318603633302643,27.46620253735137,0.668802768122862,1800,0.686322176233159,0.18951384806274496,0.00031110266738898495,7.10804289739686e-05,37.60145027777777,0.0022222222222222222,5,0,2024-04-01,9411794
1712012400000000,0.0757043219622497,23.269004026731512,0.6285970709639271,1800,0.6430068733802969,0.3998240203751269,0.0006247837229367281,2.6685023590489187e-05,39.59241527777778,0.0011111111111111111,5,0,2024-04-01,9411794
1712014200000000,0.07083939444962169,9.808778160567039,0.6371224394963482,1680,0.6764603670296728,0.1737498712834179,2.088611976047705e-05,1.0187986101195534e-05,45.68337083333333,0.0005952380952380953,5,0,2024-04-01,9411794
1714521600000000,0.10483763361035763,39.15666647391449,0.7431685152472768,1680,0.7520476617673795,0.23480720714794834,0.0003696304612100798,0.0006033175678069602,23.53395892857143,0.005952380952380952,0,0,2024-05-01,18813331
1714523400000000,0.11123002413901259,42.62211153190105,0.7175763158928289,1800,0.729412718914958,0.20430872551363177,0.00014777854131897694,1.2001123783633716e-06,24.277807222222222,0.006111111111111111,0,0,2024-05-01,18813331
1714525200000000,0.11971394215342493,48.417995023099856,0.7222767049210406,1800,0.7317281373148918,0.28762481567451437,0.00038593321975755046,0.0011644190971100699,22.35818361111111,0.011111111111111112,0,0,2024-05-01,18813331
1714527000000000,0.11135261146996261,33.85865722459472,0.702698751002943,1800,0.715401100430314,0.28235357847134146,8.299424717095327e-05,0.00036551708357490664,23.0373,0.0044444444444444444,0,0,2024-05-01,18813331
1714528800000000,0.1226425217660531,37.68963822201304,0.6165742988899833,1800,0.6284351565174963,0.2567638522856236,0.0007433812567199105,1.6664479943862e-05,23.79016638888889,0.012222222222222223,0,0,2024-05-01,18813331
1714530600000000,0.10317608980624075,41.81614465767533,0.7709291312740143,1800,0.7867582375709289,0.216684613819917,2.251742083148045e-05,4.069145440166455e-05,23.992239444444447,0.002777777777777778,0,0,2024-05-01,18813331
1714532400000000,0.09060185963585747,38.88663651163549,0.751080181869139,1800,0.7564103032583532,0.30772888443293067,0.002487988661595053,0.0024283603047801083,25.9328025,0.0022222222222222222,0,0,2024-05-01,18813331
1714534200000000,0.08844610851999343,29.500134810110918,0.6537550361367543,1800,0.6730204915832686,0.3033980985458241,6.138667691246713e-05,0.00025686404214531056,23.870963055555556,0.0011111111111111111,0,0,2024-05-01,18813331
1714536000000000,0.08906917665911956,19.52155895090352,0.6814423221148291,1800,0.7133030988025733,0.2779175516966679,0.00018994612783340692,0.0019798913757886893,32.96906638888889,0.005,1,0,2024-05-01,18813331
1714537800000000,0.07643388913396273,21.565481589437283,0.7132988979516879,1800,0.7312790007249612,0.32324614804186347,1.804352563739009e-05,2.1699522614770927e-05,32.35555166666667,0.0016666666666666668,1,0,2024-05-01,18813331
1714539600000000,0.09216472517206616,30.626354227549495,0.7261447964041957,1800,0.7308571166376778,0.2746089488504606,0.0005351062052121325,0.00015990410939337174,28.694470833333334,0.0011111111111111111,1,0,2024-05-01,18813331
1714541400000000,0.10720660755834363,14.589711089981737,0.5953512287039084,1800,0.5964736634662664,0.33881556901407395,0.0004796281120236223,0.0014297128227626077,26.558667777777778,0.005,1,0,2024-05-01,18813331
1714543200000000,0.09167465873216402,29.804207519734227,0.6084606057154174,1800,0.6325601590343066,0.2771713550455057,3.408805152038674e-05,0.0003933911972235915,25.58477861111111,0.0044444444444444444,1,0,2024-05-01,18813331
1714545000000000,0.10068731213521574,8.91754906008323,0.5263762069727761,1800,0.5711097027585844,0.271715889865246,0.00018674682647912277,0.001683795469421212,23.021746944444445,0.011111111111111112,1,0,2024-05-01,18813331
1714546800000000,0.24194501700645135,14.294778179578739,0.27356208882670285,1800,0.29055511732125383,0.20384005884301992,0.0013906879815854811,0.00023948845889643078,17.706749444444444,0.095,1,0,2024-05-01,18813331
1714548600000000,0.2117887456751683,24.71724907400415,0.637902120397966,1680,0.6661670498021149,0.1508292841063027,0.0007618894363520257,0.0003773395015764791,16.697883630952383,0.04345238095238095,1,0,2024-05-01,18813331
1714550400000000,0.1848146941455023,16.10042128725044,0.5632799821667899,1680,0.6128857930799552,0.18105308043749913,0.00011722370771694024,2.35298854678323e-06,18.868964285714284,0.07023809523809524,2,0,2024-05-01,18813331
1714552200000000,0.08415061309244662,11.316122389397567,0.5461980220603186,1800,0.6459942941902849,0.2943736481124103,0.00017148055076310342,2.0564139261658454e-05,33.83829444444444,0.018333333333333333,2,0,2024-05-01,18813331
1714554000000000,0.0979002095989141,16.709338788714838,0.599834636626466,1800,0.6542014628460304,0.25931969140001077,0.0006645209868798574,0.0011004884478398314,26.164264166666666,0.013888888888888888,2,0,2024-05-01,18813331
1714555800000000,0.10263737326798796,39.59797906545365,0.6920401902368143,1800,0.6991829307544981,0.23767536234073616,1.6025561157873014e-05,8.786149238604324e-06,26.80141777777778,0.006666666666666667,2,0,2024-05-01,18813331
1714557600000000,0.11030731183249441,26.910791627251058,0.632410395381306,1800,0.6480421198531476,0.3063496612330203,0.0003828374043202132,0.0032941856077509657,24.430630833333332,0.012777777777777779,2,0,2024-05-01,18813331
1714559400000000,0.0917682196405562,41.58246518592017,0.7287828983367348,1800,0.7380859960875645,0.20362053157935778,0.00045181144654149463,0.0004103088475612138,26.30585138888889,0.0038888888888888888,2,0,2024-05-01,18813331
1714561200000000,0.09621688851662426,31.891398546076786,0.7064960574184197,1800,0.7202163465887439,0.29172734251284127,0.0002941753068994579,0.00037963741530100403,25.405173333333334,0.0022222222222222222,2,0,2024-05-01,18813331
1714563000000000,0.07766183484320285,19.724164960149658,0.5935060687908655,1800,0.5963369123052515,0.2849973321522741,0.000330797558613094,0.0005874566578217832,33.854512222222226,0.0016666666666666668,2,0,2024-05-01,18813331
1714564800000000,0.1100610386130038,34.341460786009314,0.681691632945115,1800,0.7056177690622378,0.17086917682992653,1.637177150537461e-05,2.9969303002919112e-05,23.907815277777775,0.011666666666666667,3,0,2024-05-01,18813331
1714566600000000,0.10051424062781728,20.22576114754234,0.6913235828802533,1800,0.7240915204729881,0.216732073690882,4.430662678089892e-05,0.000729433872428964,25.686590555555554,0.006666666666666667,3,0,2024-05-01,18813331
1714568400000000,0.10018375732969571,36.897822437587116,0.6885051773646724,1800,0.7035858302152862,0.2158823846118132,4.719832619626274e-06,0.000634496683267094,25.076572777777777,0.006666666666666667,3,0,2024-05-01,18813331
1714570200000000,0.13299070114652928,39.94116986820699,0.7212038731641681,1800,0.7318548815586154,0.19447789706657792,9.352943432261451e-05,9.28910746855749e-06,20.658208611111114,0.017777777777777778,3,0,2024-05-01,18813331
1714572000000000,0.10488288486571504,30.191250792625752,0.6365331000508243,1800,0.6669636153937248,0.2167921151088451,1.0761086423949351e-05,9.623229089150698e-07,25.542198055555556,0.009444444444444445,3,0,2024-05-01,18813331
1714573800000000,0.09149001039058326,14.205608442465044,0.687359747591875,1800,0.7361881455284018,0.25725823341887777,8.211666202795342e-06,2.66682710419186e-05,24.939589166666664,0.0038888888888888888,3,0,2024-05-01,18813331
1714575600000000,0.10047237395790093,17.40092180017056,0.5986845795559699,1800,0.6451174907688192,0.20985201278501675,1.0128357373573316e-05,0.00013539149452346244,23.631803055555554,0.014444444444444444,3,0,2024-05-01,18813331
1714577400000000,0.11255744767518365,53.41205577067319,0.7760355238534449,1680,0.7791714070032332,0.18366972951571647,0.00023669348652988198,0.0016666807957667062,19.71960208333333,0.007142857142857143,3,0,2024-05-01,18813331
1714579200000000,0.1080197282081607,40.1644701125587,0.6935318547849997,1680,0.6977418482434397,0.2375927335884731,4.2106857511825524e-07,0.00033079685371451006,23.284922023809525,0.011904761904761904,4,0,2024-05-01,18813331
1714581000000000,0.0981033524853562,46.40473082933044,0.7509532402405655,1800,0.7596345397046079,0.18765389135067967,0.001056154417142574,0.00425911353613595,23.524485833333333,0.005555555555555556,4,0,2024-05-01,18813331
1714582800000000,0.10345553106676295,37.186125662151404,0.7046481781678666,1800,0.7158158359779228,0.20007906001254228,0.0007421398661260348,0.00018508194202093708,22.036383333333333,0.0077777777777777776,4,0,2024-05-01,18813331
1714584600000000,0.12509078448887492,23.36183296188158,0.4996109207283945,1800,0.5166457637240152,0.29220017871890047,0.0010151029094439545,7.387912330292234e-05,22.879179166666667,0.013888888888888888,4,0,2024-05-01,18813331
1714586400000000,0.18810551734036718,15.883886312726766,0.5803057638788339,1800,0.6327938302144669,0.18846843136292668,5.241542691658552e-06,0.0005749776951843311,17.585835833333334,0.03333333333333333,4,0,2024-05-01,18813331
1714588200000000,0.18606193432722395,36.68678157781258,0.6477147769639334,1800,0.6688679573423739,0.1772417398558086,5.758911739706107e-07,0.00014058052366883178,18.336668333333332,0.03388888888888889,4,0,2024-05-01,18813331
1714590000000000,0.15243025373658867,45.81945309198258,0.7316612336601822,1800,0.7448500795231944,0.20580887549574478,0.0003616467959133285,5.158910003677519e-05,19.327737222222225,0.027777777777777776,4,0,2024-05-01,18813331
1714591800000000,0.1560394165809391,24.883896169556067,0.678168736490152,1800,0.7138291705668276,0.17183072909071373,0.0010137633270256297,0.0010785277379827818,22.277343333333334,0.041666666666666664,4,0,2024-05-01,18813331
1714593600000000,0.12552876445210667,37.13708272019605,0.7145508643613867,1800,0.7257255982677622,0.17135208553372183,4.525918770093007e-06,0.0022779139927603387,28.619077222222224,0.012222222222222223,5,0,2024-05-01,18813331
1714595400000000,0.11098464955105965,37.75276765629833,0.735129069313278,1800,0.7450733852097242,0.18540013169082026,0.000918806484627166,0.0006415944413321606,23.747241388888888,0.0033333333333333335,5,0,2024-05-01,18813331
1714597200000000,0.12485185503400925,19.447249318892357,0.4815918281177326,1800,0.4872136655786038,0.4307394468065717,5.405370862021641e-08,8.98089669276736e-06,23.27334972222222,0.006666666666666667,5,0,2024-05-01,18813331
1714599000000000,0.12240450795487959,15.981997395012323,0.5069425227755882,1800,0.5239460693364921,0.3939256140996936,0.015401777126958893,0.013118606856245885,28.444116944444442,0.0033333333333333335,5,0,2024-05-01,18813331
1714600800000000,0.1434638137060821,35.391370490879105,0.7323436629636866,1800,0.733902175507239,0.2405107122296638,0.0009411028760899498,9.721363483783385e-05,21.15374333333333,0.008333333333333333,5,0,2024-05-01,18813331
1714602600000000,0.11025107985107632,32.057811514459196,0.7107646351245649,1800,0.7235259214831016,0.17744013831430439,0.00010505207210298462,0.00010979332964988764,26.55106972222222,0.0044444444444444444,5,0,2024-05-01,18813331
1714604400000000,0.09225971189522755,32.47092315966471,0.7527257785046508,1800,0.768368510993135,0.23033469090048708,0.0007321935429196458,0.0009906788173557057,27.412336111111113,0.0011111111111111111,5,0,2024-05-01,18813331
1714606200000000,0.10039700314785611,20.893881864660067,0.5812925979870865,1680,0.606246494813885,0.2654900116411535,6.436966872758187e-05,0.0003067209069581578,25.69065773809524,0.004166666666666667,5,0,2024-05-01,18813331
1717200000000000,0.06951817532601855,18.48136230273389,0.5328482236521861,1680,0.5359917999757906,0.25447092158904794,0.00018717430710901706,0.00020004832790077032,44.31542678571429,0.002380952380952381,0,1,2024-06-01,6278144
1717201800000000,0.07894614573859124,30.04739650184056,0.6288475535950396,1800,0.6342558941800711,0.266008883030197,7.04802044143582e-05,0.0006030047940244199,34.316000277777775,0.0011111111111111111,0,1,2024-06-01,6278144
1717203600000000,0.07244375376233303,11.590254337247982,0.4540717556480054,1800,0.46513362121241053,0.45592097520915464,0.0006096572801679301,0.00012799831808829598,69.85453277777778,0.002777777777777778,0,1,2024-06-01,6278144
1717205400000000,0.0728488296324969,31.06884613787811,0.7441958056068234,1800,0.7574792256713956,0.21764854872204187,3.816299201098161e-06,6.874009017554528e-08,39.82920583333333,0.002777777777777778,0,1,2024-06-01,6278144
1717207200000000,0.06368001068162234,19.859929140679416,0.5734511131591004,1800,0.5885510983810827,0.3463122098934629,0.00034264649470783226,3.1203899844012284e-05,47.94061416666667,0.0011111111111111111,0,1,2024-06-01,6278144
1717209000000000,0.07724152828986476,16.753166224042236,0.5703490768268387,1800,0.5808400657959665,0.339147507898098,5.313110397453524e-05,3.8604580603562866e-05,33.894684166666664,0.0005555555555555556,0,1,2024-06-01,6278144
1717210800000000,0.060037566862534794,19.134300360934756,0.49188859110164485,1800,0.4969067083051685,0.2668094809037028,0.001137216399720753,0.0008941095866560334,55.84569222222222,0.0011111111111111111,0,1,2024-06-01,6278144
1717212600000000,0.017069303862595284,1.4912052019366921,0.11912422767945996,1800,0.3878222635493842,0.34215460560894395,0.00021197527525984583,7.5051965642281e-08,58.77284111111111,0.0005555555555555556,0,1,2024-06-01,6278144
1717214400000000,0.05365138031649245,20.94072426805144,0.5342085241630263,1800,0.5402152177380333,0.33759832054372474,0.00034787849901640744,0.00024769401258806223,48.6839575,0.0016666666666666668,1,1,2024-06-01,6278144
1717216200000000,0.029426334247383466,2.3316584895873134,0.22533256310716787,1800,0.4116157390737577,0.3235309637073205,0.00011358629793034591,0.0007278186150816435,54.377421111111104,0.0005555555555555556,1,1,2024-06-01,6278144
1717218000000000,0.046009474288879755,4.30446244509359,0.39771598926540663,1800,0.5258704509621774,0.3060701775972692,2.0737333428777482e-05,0.001302088172368765,46.150885555555554,0.0005555555555555556,1,1,2024-06-01,6278144
1717219800000000,0.046807428707209726,13.51809882833103,0.4752620333332632,1800,0.49787233539385,0.19499564734819752,7.931540977268448e-05,4.210994646214328e-05,70.25212777777777,0.0022222222222222222,1,1,2024-06-01,6278144
1717221600000000,0.04177152139505402,19.153831398922854,0.6088240364771851,1800,0.6113082888317445,0.2284825495287537,0.00021050641662268,0.00016413619720878625,60.90983361111112,0.0005555555555555556,1,1,2024-06-01,6278144
1717223400000000,0.04548209096673412,11.23100861006389,0.5826261520904684,1800,0.6086899418111575,0.3025839003441605,0.0006461331553585525,8.134624479960717e-05,86.82678111111112,0.0,1,1,2024-06-01,6278144
1717225200000000,0.04800678606917441,12.898755491615331,0.5028146563418143,1800,0.5074611778691196,0.3601421740255929,0.0007031569441446894,0.0001319998046498405,73.04050527777778,0.0,1,1,2024-06-01,6278144
1717227000000000,0.06749810504568562,15.206367852205178,0.5480161062394879,1680,0.5496485814734713,0.3585065047142335,0.006594530690948397,0.0038214002443843764,45.47596488095238,0.002976190476190476,1,1,2024-06-01,6278144
1717228800000000,0.04491766399713654,15.263673961235146,0.4796215957844281,1680,0.5063426012941177,0.03803711249972208,0.006151476424814506,0.002801550532657293,67.00832619047618,0.0,2,1,2024-06-01,6278144
1717230600000000,0.0444643206690054,8.208479080850847,0.34318911006186514,1800,0.3740275255690906,0.3072527520995705,4.487886534243479e-05,1.3082929574248503e-05,113.79772166666667,0.0005555555555555556,2,1,2024-06-01,6278144
1717232400000000,0.06491913416679099,19.89196985694636,0.49773012182672627,1800,0.5079772117924938,0.2601275926782276,8.65559839976493e-05,0.0007981562086393224,67.91396777777777,0.002777777777777778,2,1,2024-06-01,6278144
1717234200000000,0.06195051773128721,12.143774837458137,0.49644840520014266,1800,0.5357598642495147,0.31697558887047383,0.00037723095995101374,0.00016890902449229195,44.67946444444445,0.0,2,1,2024-06-01,6278144
1717236000000000,0.06019073164775953,15.03513210929093,0.4918015613628496,1800,0.5137940359149384,0.305483283226906,0.004619016576082768,0.002086389551138934,41.21589916666667,0.0,2,1,2024-06-01,6278144
1717237800000000,0.06899696351096503,16.18026141031862,0.38901500488164675,1800,0.4093117139596082,0.3313199687134103,0.0012696234946379947,0.0001879277527230272,34.30830805555556,0.0,2,1,2024-06-01,6278144
1717239600000000,0.04711854189553604,6.26795422452423,0.36763356166311023,1800,0.4581148110854224,0.36695168140537526,6.896634438091631e-05,0.00046875310722493957,64.14489222222223,0.0011111111111111111,2,1,2024-06-01,6278144
1717241400000000,0.05192825920089778,11.675974330771727,0.5258594294604015,1800,0.5497034256466858,0.33110588571337507,6.333789270862589e-05,0.00074283613982562,95.72785999999999,0.0,2,1,2024-06-01,6278144
1717243200000000,0.05779678520045149,15.778456861361368,0.5199816055241211,1800,0.5304068621317722,0.3575627502850831,0.0020861224499291176,7.401844270937818e-05,37.741643055555556,0.0005555555555555556,3,1,2024-06-01,6278144
1717245000000000,0.0670343007024184,11.117224004670037,0.31070329207887115,1800,0.3202611590682508,0.37679842861464596,0.0005076283835024897,7.052977113786163e-06,55.60534583333333,0.0016666666666666668,3,1,2024-06-01,6278144
1717246800000000,0.0202037197059131,2.049555810969986,0.2302197687007368,1800,0.5563520765588141,0.2868458971278467,0.0002329353441949955,4.624408681541681e-06,65.90782055555556,0.0,3,1,2024-06-01,6278144
1717248600000000,0.05948508153068193,21.83011550195693,0.5858619170674637,1800,0.5944007655363104,0.18803476253810647,0.0001827970991254979,0.000790009790456403,70.77627111111111,0.0005555555555555556,3,1,2024-06-01,6278144
1717250400000000,0.06084834928862836,19.659180701164004,0.5053919925322244,1800,0.5202159507647258,0.33835589165787183,0.0036663427189451703,2.451575345430168e-05,39.50378583333333,0.0,3,1,2024-06-01,6278144
1717252200000000,0.08378639205891263,19.67249736020251,0.4434523152109697,1800,0.4445232523910754,0.3828377279752886,0.0013475581064319453,5.864057897286834e-05,40.41469777777778,0.0011111111111111111,3,1,2024-06-01,6278144
1717254000000000,0.04234014261463918,6.748755148829903,0.48218947968409565,1800,0.6295377927684416,0.30260517128166464,0.0001750283823256371,6.252413020602088e-05,66.55201055555555,0.0,3,1,2024-06-01,6278144
1717255800000000,0.058722835298440884,17.749601218074584,0.49581206070992123,1680,0.5091220273835276,0.2593907910103377,7.621627654064156e-05,7.940156482655336e-05,38.26845476190476,0.0,3,1,2024-06-01,6278144
1717257600000000,0.06479173291678496,20.1770470098589,0.48737616233041114,1680,0.49436064862834994,0.21749403470468798,0.0007611754457170772,0.0005231323650592978,53.861732738095235,0.0005952380952380953,4,1,2024-06-01,6278144
1717259400000000,0.0633375595265367,13.400812340233074,0.4325706550419609,1800,0.45123002264468937,0.45456470635045576,8.284205854902638e-05,0.0007553897105648799,47.49813972222223,0.0,4,1,2024-06-01,6278144
1717261200000000,0.07022414279223853,11.27786710585277,0.4083551303785571,1800,0.42531756664200726,0.4559015942971075,0.004558358728345979,0.0016260630100534135,40.109165555555556,0.0005555555555555556,4,1,2024-06-01,6278144
1717263000000000,0.08100332110574711,12.09567505520617,0.3683999825896619,1800,0.3929143023163595,0.49954428492342917,0.0011152974209829303,0.0031166555457540213,39.80412805555556,0.005,4,1,2024-06-01,6278144
1717264800000000,0.07420198860653925,16.779249273681913,0.5729465830178653,1800,0.5889037362491958,0.29512779531157984,0.0016072118706514926,0.0012010707590645042,43.47661,0.0011111111111111111,4,1,2024-06-01,6278144
1717266600000000,0.06458381061931315,16.930210222580662,0.6849406495905915,1800,0.6961882152670285,0.4172818999902297,0.0016814328349326058,0.0028788836135085205,32.99882861111111,0.0,4,1,2024-06-01,6278144
1717268400000000,0.06395727664867396,17.55628307305722,0.6437578333041931,1800,0.6562355999989633,0.39126290938151087,0.0016677152485987667,0.00041441996937074954,40.032109166666665,0.0005555555555555556,4,1,2024-06-01,6278144
1717270200000000,0.06803916223447942,16.41611106925471,0.6265012444975782,1800,0.6377151546193254,0.3446076463008716,0.0007790084654836216,0.00018836089690565938,32.2033075,0.0005555555555555556,4,1,2024-06-01,6278144
1717272000000000,0.06448349463838582,14.730692820833179,0.6122309704205846,1800,0.6177260441770555,0.5285610355381465,0.0007183500813966459,0.00015293833438068116,41.668305833333335,0.0005555555555555556,5,1,2024-06-01,6278144
1717273800000000,0.05612306794866492,18.734982710958754,0.5134505164553682,1800,0.5218206625674249,0.393562881420069,2.233451685484944e-06,3.648853630389137e-05,36.05045833333333,0.0,5,1,2024-06-01,6278144
1717275600000000,0.04806664762249352,14.867884327745996,0.25829582469734225,1800,0.2711343232537572,0.520409800418647,1.140393113507887e-05,0.00045482808434593736,46.3384625,0.0005555555555555556,5,1,2024-06-01,6278144
1717277400000000,0.10893778954024207,11.493074619134704,0.3802382706057219,1800,0.38054865692861106,0.4430663174986943,0.0017459497783213207,0.0005400036920584217,26.429879444444445,0.0005555555555555556,5,1,2024-06-01,6278144
1717279200000000,0.08832826475587041,17.528074743124296,0.4530315871518753,1800,0.47023265134451586,0.3282237192633185,0.0003303729511097142,0.0001824437419144509,32.563163333333335,0.0033333333333333335,5,1,2024-06-01,6278144
1717281000000000,0.029470639243369928,1.7122949705289927,0.24877585217715303,1800,0.600508892690865,0.30760015423874365,1.7531049744778926e-05,0.00011405950849152635,42.66045138888889,0.0,5,1,2024-06-01,6278144
1717282800000000,0.054931182309287716,16.157481858105953,0.4701618511997776,1800,0.4798857496751797,0.2508638016138095,3.149186783313329e-05,0.00015197238708763994,46.71559027777778,0.0011111111111111111,5,1,2024-06-01,6278144
1717284600000000,0.061232284924447704,18.992300374253,0.6575731698841534,1680,0.6610656966316908,0.4084595216785185,1.824412278894627e-05,0.0010299177819247385,46.910977678571435,0.0,5,1,2024-06-01,6278144
1719792000000000,0.02623664885233236,18.769100703706673,0.4393877766187221,1680,0.462577087965641,0.3179433758580278,0.001530077750940273,0.00022580921298587242,105.94753839285714,0.0,0,0,2024-07-01,10691152
1719793800000000,0.027383367022848406,18.965767663353617,0.5648299215857762,1800,0.5770710563968828,0.20746941015771025,0.0010401320080635212,0.0008222176964395311,108.53039916666665,0.0005555555555555556,0,0,2024-07-01,10691152
1719795600000000,0.06274232508534422,10.605587283975282,0.3846260598733122,1800,0.38627256993135506,0.19978436567189672,7.480552189276235e-05,0.0005110788085651574,75.37306305555556,0.01611111111111111,0,0,2024-07-01,10691152
1719797400000000,0.05165078260535401,20.942769802948632,0.5575535403282694,1800,0.573018447330927,0.1694097890686037,3.9489658525293514e-05,0.0003852253952407736,71.75331638888889,0.0033333333333333335,0,0,2024-07-01,10691152
1719799200000000,0.05269407869142549,8.745962597412886,0.10229680251167295,1800,0.11053090621277495,0.7689333673814682,8.902010349975953e-07,0.0003670571748942697,67.62159527777777,0.006111111111111111,0,0,2024-07-01,10691152
1719801000000000,0.03803805718826176,26.366789845675907,0.5386981256925415,1800,0.5470434617632518,0.24315160828909665,0.0012301329020311114,0.00010842595485593964,96.12052,0.0011111111111111111,0,0,2024-07-01,10691152
1719802800000000,0.04105427041748291,18.17629140965099,0.5293689554415932,1800,0.556372041719577,0.3316186484144724,1.5131812353352814e-05,0.0005473464909454551,65.74906527777777,0.0016666666666666668,0,0,2024-07-01,10691152
1719804600000000,0.03115796718633302,16.709441801038626,0.38531441812791445,1800,0.4031790146389044,0.2456376638135056,3.996239875125873e-05,0.00011048982178607503,75.57540055555555,0.0011111111111111111,0,0,2024-07-01,10691152
1719806400000000,0.028917641521613083,17.003771034035374,0.5058488097719076,1800,0.5066797541605591,0.2190214157444279,0.002619985387913082,1.4918530543139852e-06,87.46326888888889,0.0,1,0,2024-07-01,10691152
1719808200000000,0.028153343759569432,19.065217833803732,0.4763774191059157,1800,0.4858862754265816,0.3412094506595639,7.110136997579009e-05,0.0006525533250073545,98.52009944444444,0.0005555555555555556,1,0,2024-07-01,10691152
1719810000000000,0.03197772710913871,15.697844270822088,0.40155989373696255,1800,0.4150471346552017,0.12573062643734045,0.0028641216413219928,1.9456533489004002e-05,71.42594888888888,0.0016666666666666668,1,0,2024-07-01,10691152
1719811800000000,0.023538212025453635,8.474725328181158,0.46610471430581424,1800,0.5357707556284075,0.19127911230476968,8.227379601599694e-05,5.0769682800710925e-05,114.18985111111111,0.0,1,0,2024-07-01,10691152
1719813600000000,0.02423852565483939,13.567242795700887,0.5919327469776553,1800,0.6023184054028178,0.24659266330877117,0.0009159314911331151,0.0015522497298811055,113.91946638888889,0.0005555555555555556,1,0,2024-07-01,10691152
1719815400000000,0.02905946845561911,15.445439657340488,0.41911184269935986,1800,0.42635450993144974,0.4119389605344903,2.6097301272454132e-05,0.0007773291115301673,93.45090277777778,0.0011111111111111111,1,0,2024-07-01,10691152
1719817200000000,0.03337155621396423,15.694143382679114,0.6375051206754483,1800,0.6655767808093079,0.23760877740688913,0.0013352409964721978,0.00018392249587995124,97.836155,0.0005555555555555556,1,0,2024-07-01,10691152
1719819000000000,0.0291513337275041,11.395345049074104,0.5462511791460777,1680,0.5819647249315612,0.25610427342322484,9.033118383838801e-05,0.0005718895336008778,99.2747255952381,0.0017857142857142857,1,0,2024-07-01,10691152
1719820800000000,0.02812065423088465,22.41861814232896,0.5838961076813534,1680,0.5916564715866202,0.25927238104626393,0.00011600504265107947,0.0005266848249159128,102.27135863095239,0.002380952380952381,2,0,2024-07-01,10691152
1719822600000000,0.0349038019126882,21.06405925708337,0.4811696658256437,1800,0.5060385784682451,0.16471553209065704,0.000702100647303916,0.0010699292870711696,73.10347944444445,0.0022222222222222222,2,0,2024-07-01,10691152
1719824400000000,0.031103338289287515,25.89324920978024,0.5974739294126634,1800,0.6012134433116171,0.230304996053886,0.0019502504764918882,0.00017155119775469352,105.31647638888889,0.0,2,0,2024-07-01,10691152
1719826200000000,0.02127244152233909,24.294527059495902,0.634759551360952,1800,0.6415944382924073,0.29568126249053983,0.00231689731289364,0.001332184103463363,129.82987944444443,0.0,2,0,2024-07-01,10691152
1719828000000000,0.023845332507555474,15.848636029521849,0.5147026983091573,1800,0.5367527765974944,0.2658808766595596,0.00041974454549276174,0.0003002819285983227,105.42516083333334,0.0,2,0,2024-07-01,10691152
1719829800000000,0.028960936657887456,21.56253327477518,0.5613564805777971,1800,0.5682559710403086,0.22608424889990497,0.0021046256038670386,0.0001636843450542047,90.37738472222223,0.0005555555555555556,2,0,2024-07-01,10691152
1719831600000000,0.030652808607562955,24.593597381054725,0.6362731031531461,1800,0.65129449868367,0.2297392407340998,0.000556961213968532,0.000938001626847762,91.12869666666667,0.0005555555555555556,2,0,2024-07-01,10691152
1719833400000000,0.029570571267285597,22.83853950171587,0.5604925265222622,1800,0.5636143709340289,0.18260798457667704,0.0014275300172025274,0.0013273596329829163,82.33818805555556,0.002777777777777778,2,0,2024-07-01,10691152
1719835200000000,0.02804760625383073,21.893424278154185,0.5671638647079799,1800,0.5722541330283091,0.2997539223848332,0.00031378762568468055,0.00046337393639750424,99.62829472222222,0.0,3,0,2024-07-01,10691152
1719837000000000,0.023427289694153267,9.523247181550342,0.5297110498662748,1800,0.5836365591376887,0.2232589407276876,0.0006676441383213216,6.501488025389968e-05,113.62162611111111,0.0005555555555555556,3,0,2024-07-01,10691152
1719838800000000,0.03634518637181157,23.330432067615156,0.5672054046836816,1800,0.5776104160445735,0.2798152649060772,0.000611223840840891,0.00023616295823636335,81.90401138888889,0.0011111111111111111,3,0,2024-07-01,10691152
1719840600000000,0.045287544465800175,21.902052140334654,0.49702244242339133,1800,0.523401631667733,0.28414804929808124,0.0002687721574290425,7.211137706342186e-05,71.4908013888889,0.0038888888888888888,3,0,2024-07-01,10691152
1719842400000000,0.042541497441247834,20.27072043421239,0.4899458287709427,1800,0.5266070746366407,0.21825525076253338,0.00028377681649682795,0.0006212887835940206,75.784705,0.0038888888888888888,3,0,2024-07-01,10691152
1719844200000000,0.036580987999155115,31.73616933077621,0.6694421708637264,1800,0.6822271777431603,0.1814345838366196,0.0003192583644243685,0.00011598880902918829,90.51013333333333,0.0005555555555555556,3,0,2024-07-01,10691152
1719846000000000,0.032295013313150385,22.477301104847562,0.5585025328179347,1800,0.5782250194569218,0.15975764462139064,3.0376967823375622e-06,0.0004789491331433915,94.842895,0.0011111111111111111,3,0,2024-07-01,10691152
1719847800000000,0.03892396728316956,28.64303366282903,0.6442247820814635,1680,0.6698933877342927,0.12659329001979747,3.098350139896233e-05,0.00030081977203166854,73.59640297619048,0.0017857142857142857,3,0,2024-07-01,10691152
1719849600000000,0.032368531502460114,26.351174994940678,0.5614719569969678,1680,0.585843119157962,0.16944417427657532,0.002212163963214331,0.0015968291574898208,88.38553630952381,0.002380952380952381,4,0,2024-07-01,10691152
1719851400000000,0.033477275465046016,25.444813630376228,0.596479385005467,1800,0.6100750650746298,0.16236787706794076,0.0005113341167776175,0.0018891373631720887,82.6345463888889,0.0016666666666666668,4,0,2024-07-01,10691152
1719853200000000,0.027517384665019993,23.707355522724626,0.598942494835466,1800,0.6197006161189751,0.2881068333550978,0.0004399536703377782,0.0002446648671720064,94.7943436111111,0.0016666666666666668,4,0,2024-07-01,10691152
1719855000000000,0.029943666784336877,26.43049469672322,0.5515840444008284,1800,0.5700439134009105,0.19150096291460594,0.0013656222526334805,0.0020201921633787867,99.84662305555555,0.0016666666666666668,4,0,2024-07-01,10691152
1719856800000000,0.03405038664282106,26.0396634962912,0.5310160153067331,1800,0.5403638358813183,0.23503261493635286,0.001430927502292012,0.00029486911063891785,111.97279722222223,0.0038888888888888888,4,0,2024-07-01,10691152
1719858600000000,0.038808951497729775,27.861002595537787,0.6219892128192979,1800,0.6436513343442705,0.15384328328110286,9.118461490209562e-06,8.955497007856472e-06,88.44227027777778,0.002777777777777778,4,0,2024-07-01,10691152
1719860400000000,0.03229964490565502,20.2608016190658,0.5556179878019454,1800,0.5710611169611443,0.28374867170483475,0.0038182250492653225,0.0010300132782445903,111.29724083333333,0.0011111111111111111,4,0,2024-07-01,10691152
1719862200000000,0.035253908201441905,19.684454992396354,0.5655144775548491,1800,0.5812647834879667,0.175206602057697,0.000156567731877999,0.0002853795331095865,91.02397944444445,0.0016666666666666668,4,0,2024-07-01,10691152
1719864000000000,0.025040283702583148,19.80326671374997,0.5322049503712678,1800,0.5584656966763558,0.1479058714554481,0.00022755850455502546,0.0007219104667329779,117.02141250000001,0.0005555555555555556,5,0,2024-07-01,10691152
1719865800000000,0.02296638854307636,17.44642923260165,0.5301647162743115,1800,0.5421181981736668,0.2379740075224578,0.0007067455479068396,2.447182658738001e-07,133.51712444444445,0.0005555555555555556,5,0,2024-07-01,10691152
1719867600000000,0.0250641011302939,7.15781032130996,0.4194419035121054,1800,0.430345213634574,0.4343350512996631,0.0008476453280318319,3.990175918344718e-06,116.80246055555556,0.0005555555555555556,5,0,2024-07-01,10691152
1719869400000000,0.07904062913417643,12.638263887135283,0.5424917659083561,1800,0.5425140178194405,0.36944584205495046,0.0019198852599976446,0.007384445755678315,44.83888611111111,0.0,5,0,2024-07-01,10691152
1719871200000000,0.053228432102464404,9.19087226586379,0.289158399821028,1800,0.29703749415289893,0.404521906952239,5.52002075171476e-06,0.00589727895452441,76.31970888888888,0.009444444444444445,5,0,2024-07-01,10691152
1719873000000000,0.04300336832728375,20.245053332633457,0.5975698237866887,1800,0.612729239262519,0.31026276138809805,0.0024956564695417516,6.827138111009656e-05,64.4468125,0.0016666666666666668,5,0,2024-07-01,10691152
1719874800000000,0.03589941297337317,22.76471735098849,0.5634334865131583,1800,0.5725939969837371,0.3905113121483147,0.00021228850537946542,7.148536982748421e-05,80.09802944444445,0.0005555555555555556,5,0,2024-07-01,10691152
1719876600000000,0.04211772203295776,14.753542355600585,0.4599479761721931,1680,0.4726640775764325,0.5156846086914174,3.960750719078643e-05,0.0011986128740599789,65.91478928571429,0.0005952380952380953,5,0,2024-07-01,10691152
1722470400000000,0.06135471813069224,29.008220440102484,0.6738045155901748,1680,0.696194892583426,0.26200988400772796,3.681917654285716e-05,0.00010030742881161903,51.05961011904762,0.004166666666666667,0,0,2024-08-01,18919871
1722472200000000,0.0640454021678477,42.01893390312771,0.7325689256145792,1800,0.7387412768441546,0.1957159320885713,0.0006323993940094974,0.00047635366517984057,51.64884361111111,0.0033333333333333335,0,0,2024-08-01,18919871
1722474000000000,0.060992233146205006,38.19172539059171,0.7153823564355557,1800,0.7350044739951141,0.22454458374799002,0.0003463662029439263,1.7709838032176073e-05,48.686768055555554,0.0077777777777777776,0,0,2024-08-01,18919871
1722475800000000,0.06939276257199593,24.845122359794438,0.5018606685141881,1800,0.5372779854039222,0.27741667701530226,0.0009389204340961577,2.2547289058372222e-05,43.20962055555555,0.005555555555555556,0,0,2024-08-01,18919871
1722477600000000,0.07418554909237969,43.309193606564264,0.6920529010272912,1800,0.716152615466212,0.1441646043060235,0.0014211607379327473,0.000547447391652689,42.061211666666665,0.005,0,0,2024-08-01,18919871
1722479400000000,0.06991726287906909,47.45080012434554,0.7429771161180829,1800,0.7583750592716693,0.1724952256989286,0.0003452569329847055,0.0006645677815536599,45.54254861111111,0.0022222222222222222,0,0,2024-08-01,18919871
1722481200000000,0.06911953921797198,47.8721529779506,0.7466071087402807,1800,0.7622663610455029,0.14561623512078703,0.000166066767884554,0.00015221495117945238,43.30406444444445,0.0077777777777777776,0,0,2024-08-01,18919871
1722483000000000,0.06290142299779829,38.43578694639537,0.7251531093159695,1800,0.7411202503513847,0.15058285114803016,0.00023046604451948394,3.564070428696553e-05,48.55040805555556,0.0022222222222222222,0,0,2024-08-01,18919871
1722484800000000,0.06145268497527039,32.25432666307768,0.6502199385652778,1800,0.6716323711651782,0.16848660265913185,3.446769734072319e-07,0.001687480087476878,47.8636375,0.007222222222222222,1,0,2024-08-01,18919871
1722486600000000,0.06781240319856967,51.73931239871174,0.7489307001610994,1800,0.7616592589299673,0.13190890538711875,3.823945052217059e-05,0.0004011996201981338,46.62238583333333,0.01,1,0,2024-08-01,18919871
1722488400000000,0.06391296004843769,28.737644297864605,0.5511674481560387,1800,0.5607053703472953,0.33637432738901174,2.748651466277785e-05,0.0005048399038156681,48.21015555555555,0.008888888888888889,1,0,2024-08-01,18919871
1722490200000000,0.04605019556650985,26.09188625744629,0.5388229921158914,1800,0.5625996167550434,0.28232448416229206,0.00017433664637211965,0.0001443968058180145,72.09247944444445,0.0022222222222222222,1,0,2024-08-01,18919871
1722492000000000,0.0457797119121647,29.641435877709757,0.6463734839417568,1800,0.6705401889639371,0.29319702694971805,0.00012938475454360443,0.0018647492759210627,63.50616055555556,0.0011111111111111111,1,0,2024-08-01,18919871
1722493800000000,0.05115004782982531,24.90762649461318,0.5717525854715604,1800,0.5888423798970764,0.38102430783781116,0.0023571209711037433,0.0027785753951622416,60.92235222222222,0.002777777777777778,1,0,2024-08-01,18919871
1722495600000000,0.05063475043064655,35.87102802178951,0.7060015703318842,1800,0.7137879605436191,0.25141809434369367,3.8104270193572987e-06,0.00036839684037381915,61.00359805555556,0.0011111111111111111,1,0,2024-08-01,18919871
1722497400000000,0.04968406881226052,30.47540226464426,0.7139922867560281,1680,0.7403260357588961,0.19353568727947223,0.0016681025067082356,0.005006507496980839,55.8391693452381,0.0,1,0,2024-08-01,18919871
1722499200000000,0.04241511720874037,13.797209411736356,0.6357919085116981,1680,0.6837313297021661,0.11111354367249515,8.717569075622489e-05,0.00030406710839403495,145.9678943452381,0.002380952380952381,2,0,2024-08-01,18919871
1722501000000000,0.0487355580802925,31.4770642466692,0.6799699470828382,1800,0.6829741898331807,0.2323253689853857,0.0014325109043067386,0.003306703747510853,54.19222583333333,0.0,2,0,2024-08-01,18919871
1722502800000000,0.04921934597984454,17.728946770883205,0.6316516603496136,1800,0.6549984002022027,0.24106419980130456,4.922431786169579e-05,1.1252462041033695e-06,53.216992777777776,0.0005555555555555556,2,0,2024-08-01,18919871
1722504600000000,0.04840562441959439,31.984884276047026,0.7110339677615805,1800,0.7195071294708835,0.06278110487655975,0.000695005702584961,0.0008558075599650605,55.62551805555555,0.0005555555555555556,2,0,2024-08-01,18919871
1722506400000000,0.050306046306367376,31.113944092641056,0.6435201855198496,1800,0.6512905252762303,0.22472475635084255,0.0005552689780440323,0.00015993336162956062,56.10217666666667,0.0005555555555555556,2,0,2024-08-01,18919871
1722508200000000,0.050605067309725235,31.745199048389363,0.7231010952366599,1800,0.7315401192393368,0.1452705685973833,0.0011710684417424178,0.00040016794264963185,54.657354444444444,0.0005555555555555556,2,0,2024-08-01,18919871
1722510000000000,0.050263886501016666,33.35021338922362,0.7072602603791077,1800,0.7185942241133758,0.17671589288837408,8.792786477140879e-05,0.00011085432599944323,57.43270583333334,0.0005555555555555556,2,0,2024-08-01,18919871
1722511800000000,0.0599365309962021,22.081794490288164,0.5490342694298436,1800,0.5756410020344178,0.3399996671352008,0.00027751130507847055,4.056487655856866e-05,45.98061138888889,0.0,2,0,2024-08-01,18919871
1722513600000000,0.05507119197184258,25.070007882119437,0.6038565511695742,1800,0.6106807712618344,0.2243038310549218,0.00014123391146736441,0.0014681818586843587,48.424907777777776,0.0022222222222222222,3,0,2024-08-01,18919871
1722515400000000,0.0618421371685695,18.479707350263038,0.6079180440274301,1800,0.6148903363649783,0.2824966514729881,8.148474118629956e-05,0.0004006180798672432,54.68496388888889,0.0011111111111111111,3,0,2024-08-01,18919871
1722517200000000,0.052599531175376836,23.78055318044684,0.5573753384853153,1800,0.5778275314815389,0.32780969078850697,1.891751895688465e-05,7.933189173636723e-05,58.70984083333333,0.0022222222222222222,3,0,2024-08-01,18919871
1722519000000000,0.05248689602152394,26.6739246613996,0.6212820866166469,1800,0.6421348428773372,0.2924448797241046,3.545848956920672e-05,3.779167770512348e-05,58.52980611111111,0.0022222222222222222,3,0,2024-08-01,18919871
1722520800000000,0.046901712803110535,29.272005230278985,0.6206658063305449,1800,0.6579171878133675,0.0822843941243504,0.0004426872708904739,0.000156777929575469,98.58030249999999,0.0038888888888888888,3,0,2024-08-01,18919871
1722522600000000,0.05096368955467443,43.5670668832928,0.6920576010413939,1800,0.7140342809847653,0.12319649528257204,2.502540274462728e-05,3.840143428035514e-05,64.46092722222222,0.0033333333333333335,3,0,2024-08-01,18919871
1722524400000000,0.06290362477819235,30.70850367131402,0.5954893159779419,1800,0.6241342635204759,0.24447586720778136,1.250208585501511e-05,0.0005025800965849925,70.6458025,0.01888888888888889,3,0,2024-08-01,18919871
1722526200000000,0.06299293010789121,39.8171622643348,0.6447160638835193,1680,0.658669154361986,0.18293525664188037,0.006323038098658862,0.00493563776707695,56.02551428571429,0.009523809523809525,3,0,2024-08-01,18919871
1722528000000000,0.06371053481209106,44.84851777136031,0.7025131180760005,1680,0.7257073147968628,0.11592842973768214,1.7592896578544348e-05,0.0005738375189789924,48.610283630952374,0.019642857142857142,4,0,2024-08-01,18919871
1722529800000000,0.059961182664550326,38.796051829802366,0.7038504065424811,1800,0.7314354935586203,0.190425524358941,0.0009820476737113504,4.440766130042739e-06,51.07087444444444,0.012222222222222223,4,0,2024-08-01,18919871
1722531600000000,0.059090702420671624,37.711429476913736,0.7329648796753532,1800,0.7700379340512523,0.1437064994118472,0.00018705023613441174,0.0008810099276230776,52.33401722222222,0.0044444444444444444,4,0,2024-08-01,18919871
1722533400000000,0.06760280657263401,31.282551895257896,0.5809783330971774,1800,0.6076588715151363,0.22286152266574155,9.878486230541217e-05,0.0010472329280373227,41.93676138888888,0.010555555555555556,4,0,2024-08-01,18919871
1722535200000000,0.06118218878915753,39.097840752223455,0.7336967423563605,1800,0.7568630344266015,0.14894923981966668,3.534140551320064e-06,8.041871694230984e-05,46.68085222222222,0.01,4,0,2024-08-01,18919871
1722537000000000,0.05532408872602417,40.894140838213175,0.6641386778206654,1800,0.6907629418040262,0.06730803341905578,0.0011038871058012267,0.0003473761306950207,50.00158,0.008333333333333333,4,0,2024-08-01,18919871
1722538800000000,0.043729324095885154,28.017509626246824,0.6989524113282812,1800,0.7334360734674703,0.14963590138145133,0.0005702629957160532,0.0004118752436257367,61.7613125,0.0038888888888888888,4,0,2024-08-01,18919871
1722540600000000,0.04433517687438268,40.840262363487874,0.7307120957618465,1800,0.7522787044427606,0.27366869065573474,9.535775925306744e-05,2.8111461971680463e-05,63.93065555555555,0.0022222222222222222,4,0,2024-08-01,18919871
1722542400000000,0.05283362877728822,37.86401415582483,0.7088263540154343,1800,0.7172965491848389,0.19532713131932333,0.007236367012664058,0.004657243588666371,58.55597416666667,0.0038888888888888888,5,0,2024-08-01,18919871
1722544200000000,0.05363240034850124,16.647505975345823,0.6000401710481783,1800,0.601520558768661,0.33379072335097193,0.00020903188464749256,0.0009411613549865638,59.02592333333333,0.0077777777777777776,5,0,2024-08-01,18919871
1722546000000000,0.051196727329292056,28.069254972082025,0.610528606356154,1800,0.6319971463922778,0.15503880885328702,0.0015282735302917239,0.0007283990241415683,66.05232611111111,0.0044444444444444444,5,0,2024-08-01,18919871
1722547800000000,0.07230498737928928,10.220363942620242,0.4274435242629998,1800,0.43894483814441754,0.47404712184068276,0.00572024724756881,0.0016888646732584611,46.038896944444446,0.002777777777777778,5,0,2024-08-01,18919871
1722549600000000,0.04742108470727275,26.91838141664996,0.5873898887402988,1800,0.6146381488209958,0.2039001080844629,0.0009054862942712294,0.0013770685416231165,60.8682925,0.006111111111111111,5,0,2024-08-01,18919871
1722551400000000,0.049559010670831315,34.24703325375008,0.616269702138964,1800,0.6338359734301181,0.2395658644642238,2.8924828279208725e-06,0.00029444459543914725,58.96105638888889,0.0033333333333333335,5,0,2024-08-01,18919871
1722553200000000,0.0452581234397266,22.734112512380452,0.6331034179220827,1800,0.6648068008533492,0.330742293818293,0.00024927454920065095,6.7968099396464865e-06,72.09494777777778,0.005,5,0,2024-08-01,18919871
1722555000000000,0.04204208491388176,31.21273423260072,0.676788248580954,1680,0.6950476015877997,0.18087290939774392,0.00030601257656570624,0.0008787139049922787,72.07931696428571,0.002380952380952381,5,0,2024-08-01,18919871
1725148800000000,0.03583214641923223,23.334175272358262,0.721595253239234,1680,0.740267757397333,0.3415152774921254,5.374092107324202e-06,0.00042564663988886586,58.99388214285714,0.0011904761904761906,0,1,2024-09-01,15741362
1725150600000000,0.03612266285749821,26.92925960580624,0.7209838847586156,1800,0.7297733562957488,0.33417284866876507,0.0009548233003574547,0.000138510047840823,63.822117777777784,0.0011111111111111111,0,1,2024-09-01,15741362
1725152400000000,0.03742323577361076,19.335885267004887,0.5237289663626921,1800,0.539420198245792,0.26238832203226103,0.011500785166896788,0.0005184457327943592,57.311121944444444,0.0016666666666666668,0,1,2024-09-01,15741362
1725154200000000,0.03826638706296087,37.50019766982209,0.7422288901160143,1800,0.7477659841593036,0.1710129313031391,0.00011319937643905487,0.0001845446413647478,58.1206975,0.0016666666666666668,0,1,2024-09-01,15741362
1725156000000000,0.05409830773124225,24.325204542272015,0.6082738506079197,1800,0.6169927044427692,0.24552569748190978,0.0001341743682222729,0.0009162928500764389,44.838025555555554,0.006666666666666667,0,1,2024-09-01,15741362
1725157800000000,0.03933044528115988,26.210164119433205,0.5971389463445991,1800,0.6230763437789129,0.21345532683611024,0.00023559241552773003,0.0008197504845430803,54.37979111111111,0.0033333333333333335,0,1,2024-09-01,15741362
1725159600000000,0.03434494601720518,21.84215083814393,0.6396758119481277,1800,0.6643864196954988,0.3326054345105053,0.0010687622253026108,0.00031349277271874865,66.89763361111112,0.0011111111111111111,0,1,2024-09-01,15741362
1725161400000000,0.02952522405606328,20.972270403756674,0.6781039292644855,1800,0.6964620282169958,0.24377284550108402,0.0008184622534141983,0.00035087009305834194,73.3219363888889,0.0016666666666666668,0,1,2024-09-01,15741362
1725163200000000,0.02159845963622962,5.383056257227528,0.29543404552118124,1800,0.41629884488353686,0.6267121501409588,0.044062621090160015,0.00019838603132626975,55.849513055555555,0.002777777777777778,1,1,2024-09-01,15741362
1725165000000000,0.03398193055096857,22.87335015764116,0.6527177505129717,1800,0.661409361123559,0.25702089137301753,1.1896083769169508e-06,0.00014052745347981066,60.93873361111111,0.0011111111111111111,1,1,2024-09-01,15741362
1725166800000000,0.045489047890027876,15.913047479426517,0.5340269639602739,1800,0.574288900149201,0.18365587669267525,0.0001799140659691778,0.0012694830698966042,57.90741722222222,0.0038888888888888888,1,1,2024-09-01,15741362
1725168600000000,0.05033284061856421,24.170152283936716,0.58657659094561,1800,0.6027848264776084,0.34988620101741785,0.0029132824221426157,0.00033789320628263564,64.85943222222222,0.0044444444444444444,1,1,2024-09-01,15741362
1725170400000000,0.03678653564937389,24.50632848449536,0.6675976213275634,1800,0.7035509792974304,0.2147327804691035,0.00040465719769633424,0.0004712155612562885,58.8781025,0.0022222222222222222,1,1,2024-09-01,15741362
1725172200000000,0.039985093999253145,19.055802512400472,0.6812723326743846,1800,0.7107866086873871,0.33074654402576176,0.0008821553688332928,0.0030573555460103874,47.93647416666667,0.0,1,1,2024-09-01,15741362
1725174000000000,0.03789723586713547,22.86021185641961,0.6367345651132943,1800,0.6507547801113911,0.27557876037302,0.00011191002937005479,0.00013057096253443756,59.25249916666667,0.0016666666666666668,1,1,2024-09-01,15741362
1725175800000000,0.03855719815265663,25.07738216575297,0.6732252666969032,1680,0.6962468354355922,0.27793680971906454,0.0003132134745635895,0.0019716072273030516,55.005779464285716,0.0017857142857142857,1,1,2024-09-01,15741362
1725177600000000,0.037106691995573995,19.006026853725203,0.5854361045951186,1680,0.5949332766926378,0.1120820779651962,0.0014956711255628141,0.00019319686205909736,56.41914970238095,0.002380952380952381,2,1,2024-09-01,15741362
1725179400000000,0.034589335722261944,23.201063983881763,0.6613418275315224,1800,0.6803103063264317,0.31820076497065974,0.00020672368728003043,0.00011479574201689324,58.793192222222224,0.0005555555555555556,2,1,2024-09-01,15741362
1725181200000000,0.03252564714870247,21.389766216217893,0.716752367807691,1800,0.7352123180294903,0.3640927381123982,0.0005570518544497638,0.0005339071764638437,67.90230916666667,0.0005555555555555556,2,1,2024-09-01,15741362
1725183000000000,0.03386397317935296,21.30564537799519,0.6225993570755088,1800,0.6422091876171726,0.21359245214396694,2.438815136074357e-05,4.5768664058698505e-07,67.36774916666667,0.0033333333333333335,2,1,2024-09-01,15741362
1725184800000000,0.034935007372943555,25.553850721808004,0.6432102866846592,1800,0.6719940889880219,0.2345189828966433,0.0006069979757552524,0.0002656208868390131,60.99366027777778,0.0016666666666666668,2,1,2024-09-01,15741362
1725186600000000,0.037356411037386544,12.857988726002912,0.6130020178081184,1800,0.6815421289466601,0.24908327657245088,0.00140155080886184,0.00019426787649867716,48.62406222222223,0.0038888888888888888,2,1,2024-09-01,15741362
1725188400000000,0.040403633373760316,24.926396830757415,0.6346982307709107,1800,0.6518559286818684,0.23586344650343294,0.00013345330398872868,9.9269492626064e-10,52.08711111111111,0.0005555555555555556,2,1,2024-09-01,15741362
1725190200000000,0.03537263154697999,16.435114345390655,0.6810656502970439,1800,0.6830888336925913,0.19211331392628828,1.6676320071185025e-05,0.0003655577695608203,79.9913038888889,0.0011111111111111111,2,1,2024-09-01,15741362
1725192000000000,0.034692598544645604,31.710505342339772,0.6828877895342311,1800,0.7055644664822378,0.20653756013996438,0.00021391921931046554,0.00015246876702834644,58.93342138888889,0.0005555555555555556,3,1,2024-09-01,15741362
1725193800000000,0.03499392378817338,14.006349163510357,0.5573469794202033,1800,0.5992177176599452,0.2705533630638609,0.0020407387617999984,0.0003824822227119773,54.979973055555554,0.0016666666666666668,3,1,2024-09-01,15741362
1725195600000000,0.037122717527237906,29.781346805482993,0.6712468297504064,1800,0.6819655765450727,0.2239983763193084,0.0010456208054341332,0.00029381362813474254,58.755795,0.0016666666666666668,3,1,2024-09-01,15741362
1725197400000000,0.045071687729442596,30.033279333364295,0.6488915661640013,1800,0.6758013712672986,0.13882088474834064,0.00289492973053207,0.0009899166850158014,55.705797777777775,0.005555555555555556,3,1,2024-09-01,15741362
1725199200000000,0.05921142390312599,28.004724748392153,0.6286464817638593,1800,0.6446866243193409,0.19111382795369092,0.0008826000841809511,0.0028544955429383734,49.266621111111114,0.026111111111111113,3,1,2024-09-01,15741362
1725201000000000,0.04423554678528456,30.203880248651213,0.6473654502840809,1800,0.6731794617947829,0.21101799156617584,3.636755513902745e-05,0.0003773202262689068,51.85425055555555,0.005555555555555556,3,1,2024-09-01,15741362
1725202800000000,0.040027530693389185,30.790992221633555,0.7071706054385694,1800,0.7202936041864857,0.2675204315962102,0.0009024792836138662,0.0007995001760645604,61.469659444444446,0.002777777777777778,3,1,2024-09-01,15741362
1725204600000000,0.04921720894839883,21.51269669295683,0.6044321066624676,1680,0.6297066290592628,0.312262808491807,8.430369465683984e-05,0.00013635393507627214,51.33341011904762,0.011904761904761904,3,1,2024-09-01,15741362
1725206400000000,0.04176737295994282,36.23672608935363,0.6360159629527316,1680,0.6522454400783222,0.1677763492826545,0.00036100160934660064,7.855886607899265e-09,64.90690267857143,0.002976190476190476,4,1,2024-09-01,15741362
1725208200000000,0.039341082981453196,21.99029593350603,0.6734459597982985,1800,0.6768614440948229,0.24407937867446816,0.0006303264719522694,0.0017315305333388542,72.16579083333333,0.0033333333333333335,4,1,2024-09-01,15741362
1725210000000000,0.038652253842436396,24.362436220775916,0.6702654461533251,1800,0.6998848170297286,0.14430188370786956,0.0003936206345396265,0.001305209710440125,58.88902083333333,0.0011111111111111111,4,1,2024-09-01,15741362
1725211800000000,0.043017230756979594,30.698810019155193,0.7079608578289742,1800,0.7329893251960424,0.1812291142857897,0.00023519894156276422,0.00040139771310676586,57.65381194444444,0.0033333333333333335,4,1,2024-09-01,15741362
1725213600000000,0.04110816413607066,17.195034538878065,0.5704609615338934,1800,0.5792560494157242,0.22197282711395294,0.001350341778119879,0.0022202303256545486,80.04746611111112,0.007222222222222222,4,1,2024-09-01,15741362
1725215400000000,0.048295927840486017,32.527205329382014,0.6581166526439868,1800,0.6847945755194199,0.2703087195666726,1.9691505912522445e-06,4.647181528594224e-06,50.23845611111111,0.005555555555555556,4,1,2024-09-01,15741362
1725217200000000,0.05013265084515834,23.680437032114487,0.6262368242765446,1800,0.6336812532924174,0.33716792845162946,6.41041371847173e-05,0.00022781478712030623,62.908726388888894,0.0044444444444444444,4,1,2024-09-01,15741362
1725219000000000,0.03796629795306745,17.320820875713498,0.6239012857696786,1800,0.6515306627465915,0.2521555129402473,0.00011972731106690837,0.00017181416429079555,53.03134444444444,0.0038888888888888888,4,1,2024-09-01,15741362
1725220800000000,0.035524987619388486,26.294292134952595,0.6102251735811424,1800,0.644113395217639,0.26740568992681524,7.232946725244105e-05,0.0005117441521826915,62.12961833333333,0.0011111111111111111,5,1,2024-09-01,15741362
1725222600000000,0.03413027755825389,30.398262506944878,0.7146398290310518,1800,0.7257873740432002,0.20369806597185747,3.1498468677781943e-07,6.488608983445943e-09,60.7901175,0.0005555555555555556,5,1,2024-09-01,15741362
1725224400000000,0.04821342772144127,16.07960987605069,0.5034815122110893,1800,0.5048867776801018,0.5861007417113558,0.00017464031024438942,0.00024408153762001117,48.848483333333334,0.002777777777777778,5,1,2024-09-01,15741362
1725226200000000,0.053302487040658694,14.475132205561962,0.6917831067744826,1800,0.7065762792589643,0.20088513925688434,0.004368709862420328,0.005706883127029827,65.47345722222222,0.0005555555555555556,5,1,2024-09-01,15741362
1725228000000000,0.06535707800999863,24.4019236916872,0.6016330620604322,1800,0.6111221595020191,0.34259602445797555,9.055792193901624e-08,0.0005128443121590331,43.92301888888888,0.011111111111111112,5,1,2024-09-01,15741362
1725229800000000,0.06691003124385862,14.949584654909126,0.607745817259601,1800,0.6185686496923395,0.26032556380747407,2.327940588375821e-05,4.3446847791450693e-05,55.882841388888885,0.021666666666666667,5,1,2024-09-01,15741362
1725231600000000,0.06582213446428055,26.405877655616276,0.555509982888597,1800,0.5670169346528502,0.253832270976054,0.00023065802518151823,0.0023923388455279193,41.29059444444445,0.016666666666666666,5,1,2024-09-01,15741362
1725233400000000,0.048541352634113445,33.37725267574993,0.6524624174429967,1680,0.6741807182237712,0.19609178788821957,6.194810397641692e-05,8.289665957483816e-05,82.54760327380951,0.0011904761904761906,5,1,2024-09-01,15741362
1727740800000000,0.06063617047936015,35.321477951142256,0.7090950981996611,1680,0.7349943708654536,0.24123173961056055,0.00037286812718995144,0.0010911222189498027,38.04536607142857,0.01011904761904762,0,0,2024-10-01,22452983
1727742600000000,0.06106251163852296,43.6489842914022,0.7318862032249123,1800,0.7432748868292898,0.22712500331548058,0.0010396147053524096,0.00027392757833599735,38.42773888888888,0.008333333333333333,0,0,2024-10-01,22452983
1727744400000000,0.059269875566818155,26.285113775643342,0.688149129058791,1800,0.7139672931046048,0.32554865383016707,1.474642768672929e-06,3.9474612074652526e-05,35.65064944444445,0.008888888888888889,0,0,2024-10-01,22452983
1727746200000000,0.057868774898057786,38.32573919669824,0.7269150770025204,1800,0.7278654938658298,0.3201260871939796,0.00017089370809941773,3.739370584154855e-05,40.95305444444445,0.002777777777777778,0,0,2024-10-01,22452983
1727748000000000,0.046262422291733364,37.122755558582796,0.7146615810839512,1800,0.7235909248467933,0.20890870742024004,0.00042492940228122666,0.00026236050840133807,50.05409166666667,0.002777777777777778,0,0,2024-10-01,22452983
1727749800000000,0.043297701256244346,29.492535797407154,0.7848789908869916,1800,0.7874188935370607,0.27423955026808,0.00020211566350913923,0.0009050100725289667,52.430240833333336,0.0,0,0,2024-10-01,22452983
1727751600000000,0.041486563273882386,31.2125151036866,0.7441448707866145,1800,0.7537293674461452,0.2829139091493267,0.0015896155523928979,0.0007336872099421576,56.40325694444444,0.0033333333333333335,0,0,2024-10-01,22452983
1727753400000000,0.04300250630574753,34.647998642679816,0.7701705166733044,1800,0.7783916840421563,0.32297187981570663,1.964012704791518e-05,0.00014234755730235804,62.133268611111106,0.0022222222222222222,0,0,2024-10-01,22452983
1727755200000000,0.04170306158870718,29.508592078911814,0.7020196855685321,1800,0.7081280417168339,0.3391734559106063,3.04185194930362e-05,6.758501801107375e-05,57.00781083333334,0.0033333333333333335,1,0,2024-10-01,22452983
1727757000000000,0.0382332800582747,26.097519132504086,0.6353761280242991,1800,0.6444896563872816,0.13049136518919568,0.0004151744457524531,1.9650047496933e-06,74.34587138888888,0.0016666666666666668,1,0,2024-10-01,22452983
1727758800000000,0.037587989395770294,28.72380176677794,0.7256077795514806,1800,0.7298045487079745,0.23032541373291837,0.0005638974304756905,5.77307795972537e-05,66.03576166666667,0.0016666666666666668,1,0,2024-10-01,22452983
1727760600000000,0.03267828406178649,21.427166835215733,0.759021337249028,1800,0.7698545704929606,0.09984171480872539,0.0015219440510479965,0.0008399836517736237,72.07720861111112,0.0005555555555555556,1,0,2024-10-01,22452983
1727762400000000,0.03516086594700737,21.89189238743399,0.7027905014968754,1800,0.7140471233959773,0.3266927315660938,1.453191569666945e-05,0.0010839079831516107,65.7278963888889,0.0011111111111111111,1,0,2024-10-01,22452983
1727764200000000,0.03982980050767698,16.56447235719805,0.6386976133612458,1800,0.6476527502772836,0.32186574790767053,0.0017343176083073342,0.00016374695994603172,62.26297,0.0033333333333333335,1,0,2024-10-01,22452983
1727766000000000,0.029945792499058894,5.844899154343092,0.45931704679202723,1800,0.48522949075080113,0.33003975489427595,5.267427027555449e-06,0.0020929591679069715,219.9970127777778,0.002777777777777778,1,0,2024-10-01,22452983
1727767800000000,0.028956271072176222,23.797118283899074,0.7353543482576648,1680,0.7570577292479904,0.241856747611655,6.497982877662345e-06,2.5150688781172548e-05,86.65697559523811,0.0017857142857142857,1,0,2024-10-01,22452983
1727769600000000,0.03396325464001211,24.928235347876853,0.7612576089367051,1680,0.7620531411769363,0.2892567872045855,0.004177616215236157,0.0008093177410478658,65.03363571428571,0.0017857142857142857,2,0,2024-10-01,22452983
1727771400000000,0.03252564603409459,17.92120969753931,0.6984453936910517,1800,0.7039945099702962,0.12405091391367618,0.00025062260752461984,0.00022118959391947968,73.41498583333333,0.0022222222222222222,2,0,2024-10-01,22452983
1727773200000000,0.022092482744239146,8.129769836095685,0.44273750358512487,1800,0.5499591807411512,0.24583693660309658,1.297470879624285e-06,5.338773259089269e-05,76.34596416666668,0.0016666666666666668,2,0,2024-10-01,22452983
1727775000000000,0.03244288305327871,16.249730243873284,0.589923400950709,1800,0.6187534212054662,0.29634796524912144,2.2156184917854205e-06,0.00026681144521456535,53.14431972222222,0.0,2,0,2024-10-01,22452983
1727776800000000,0.0367167048676406,29.405638983504485,0.6121810883365775,1800,0.6247020798320563,0.28966899017279213,4.148469804754473e-05,0.0007767799450363322,57.98253611111111,0.005555555555555556,2,0,2024-10-01,22452983
1727778600000000,0.034532615927484196,25.52810904182196,0.77038752484007,1800,0.7761282912259867,0.27628982588210416,0.0008066873712269107,0.00011318727796505446,53.784401111111116,0.0011111111111111111,2,0,2024-10-01,22452983
1727780400000000,0.030521196592623295,19.441307812904657,0.745331552569416,1800,0.7667239925711036,0.26434642722298163,0.0003103263984181037,0.0015451567573815383,66.25642944444445,0.0011111111111111111,2,0,2024-10-01,22452983
1727782200000000,0.028097391559915485,15.538209503075327,0.6172873389073026,1800,0.6483216971751204,0.3190409904510436,9.742603176443598e-05,2.7390793694959115e-05,73.88075777777777,0.0022222222222222222,2,0,2024-10-01,22452983
1727784000000000,0.03247214882661387,27.34201121708791,0.785395939618499,1800,0.7888149670648451,0.22108917030425246,0.0005358209000134728,6.532700580408335e-05,69.34090777777779,0.0011111111111111111,3,0,2024-10-01,22452983
1727785800000000,0.031126042737284493,22.52044930823919,0.46761636372775783,1800,0.4689923669129684,0.5413559808818762,0.00019151747014733989,0.000979762489277558,91.37650388888889,0.002777777777777778,3,0,2024-10-01,22452983
1727787600000000,0.03418719161288884,35.10603720315556,0.7145423957757785,1800,0.7228317978017389,0.2577837396345243,0.0005513833073427232,1.575835698275352e-05,74.63974611111111,0.0033333333333333335,3,0,2024-10-01,22452983
1727789400000000,0.05227039571162041,44.73181409977318,0.679108859233382,1800,0.6934631632389838,0.21106140255627892,0.00013569874050645137,0.0010387629159760436,47.93367833333333,0.019444444444444445,3,0,2024-10-01,22452983
1727791200000000,0.051003522674164976,42.355657535519846,0.6963284335902076,1800,0.7164370528539139,0.17217011417478278,0.0014407990531803971,0.0001791897534290099,48.24012388888889,0.013888888888888888,3,0,2024-10-01,22452983
1727793000000000,0.0462493683648803,16.084664116725115,0.6260415974259821,1800,0.6840192345389517,0.1863241272384295,0.0003011998345986422,1.5963647146954862e-05,54.10444972222222,0.024444444444444446,3,0,2024-10-01,22452983
1727794800000000,0.08708299800952675,17.737867009330444,0.49674173228311747,1800,0.5304989917031164,0.2812980225066263,0.001137898217437705,0.0025900753782666097,28.01787361111111,0.07555555555555556,3,0,2024-10-01,22452983
1727796600000000,0.08923433211528874,32.49550020187736,0.590403822897198,1680,0.5971120577861764,0.32197736412438704,0.00018226406054344668,0.0053053986079034665,26.970445238095238,0.019642857142857142,3,0,2024-10-01,22452983
1727798400000000,0.049066005690841415,30.768584694924108,0.6448509994744188,1680,0.6530219851786583,0.2792250321216505,0.000921521951118498,0.0006938230356769992,51.72338928571428,0.007142857142857143,4,0,2024-10-01,22452983
1727800200000000,0.054882785599750857,14.295277940722757,0.5773028683397995,1800,0.6258402686993725,0.22902209601582135,0.0005837097136477398,0.00012179941247270065,63.03693472222222,0.03111111111111111,4,0,2024-10-01,22452983
1727802000000000,0.06687603875617121,15.856607493793973,0.3909521111642875,1800,0.41479908650914643,0.21415438419819133,0.00020307498256855183,6.230169165133415e-05,42.04662611111111,0.06833333333333333,4,0,2024-10-01,22452983
1727803800000000,0.09686690663102056,24.40810367026066,0.5013830580215107,1800,0.5423483560986307,0.2398622432009182,0.0007593479018653815,0.0009582223318391758,27.60338611111111,0.028333333333333332,4,0,2024-10-01,22452983
1727805600000000,0.05586836446217684,43.04458761283759,0.6940842008624096,1800,0.7075599051351686,0.21517380992956014,4.8504577948804695e-05,1.0077250052198394e-06,48.71884777777778,0.014444444444444444,4,0,2024-10-01,22452983
1727807400000000,0.0490380407744113,44.61752899477326,0.6954316021462841,1800,0.7098707156936788,0.21766060933357145,0.00046381058998001823,0.00021460985611698735,52.9634575,0.005555555555555556,4,0,2024-10-01,22452983
1727809200000000,0.048635343198016746,51.28915387211977,0.7681128918774545,1800,0.7819488462927884,0.11144338570744827,0.0012728003426799583,0.002762040234623231,53.49713944444444,0.012777777777777779,4,0,2024-10-01,22452983
1727811000000000,0.04773414671514689,56.87347346837307,0.784383667176384,1800,0.7951473363265216,0.12250431249372407,4.061435188162932e-08,0.00016499778561507306,52.54728916666667,0.005,4,0,2024-10-01,22452983
1727812800000000,0.06708200745361124,34.04677255661782,0.6074814785711508,1800,0.622618234343564,0.289506034634192,0.00027982690968952895,0.00010429673110179394,43.98891416666666,0.028333333333333332,5,0,2024-10-01,22452983
1727814600000000,0.09554756914527267,21.845721625971763,0.5524351307465383,1800,0.5892402414560464,0.14550104720475432,0.0020513966895819857,0.0003096867356061628,39.40768611111111,0.04888888888888889,5,0,2024-10-01,22452983
1727816400000000,0.07669257862079,33.94446886620449,0.692318386198044,1800,0.7110581503108435,0.2001233348439937,4.8208853037357e-06,0.00011157752543067279,30.77409,0.012222222222222223,5,0,2024-10-01,22452983
1727818200000000,0.07884755795469135,9.694509169668558,0.4511762134027091,1800,0.49280891524403025,0.42350147953563855,0.0012501746981017359,4.8370996547086875e-05,67.84634305555555,0.005555555555555556,5,0,2024-10-01,22452983
1727820000000000,0.04858896227888351,34.5680297166781,0.7121537687022444,1800,0.7333408928059211,0.21692468710476487,0.00010759785592451276,0.0001922704764009131,44.472437777777785,0.007222222222222222,5,0,2024-10-01,22452983
1727821800000000,0.046559863864300215,28.22315755891489,0.6385866275834944,1800,0.6652383298595461,0.22627205016532603,0.0003498092386668983,0.0014422940675720142,45.60012638888889,0.006666666666666667,5,0,2024-10-01,22452983
1727823600000000,0.04872792148770554,34.367660798609656,0.6989595219673599,1800,0.7058389991260186,0.1955810375184135,4.405920793781881e-05,2.316505586241746e-07,43.94510805555556,0.0038888888888888888,5,0,2024-10-01,22452983
1727825400000000,0.05517625932736506,34.569900051018784,0.7084502519279547,1680,0.7284998658110176,0.2042124827717744,2.4594179230841284e-05,0.0008138445241514525,36.878051785714284,0.006547619047619048,5,0,2024-10-01,22452983
1730419200000000,0.04115481928664805,31.96273244523897,0.6947303481075142,1680,0.704672612824916,0.29629272199203793,0.0023735167514555844,0.0014182400747754231,58.474917857142856,0.0005952380952380953,0,0,2024-11-01,17671472
1730421000000000,0.036888949841015733,29.558527530883023,0.7278120860672452,1800,0.758772081906757,0.18161265679616745,0.0016396329140248023,5.92532849341687e-06,59.395853611111114,0.0022222222222222222,0,0,2024-11-01,17671472
1730422800000000,0.03724972692817199,31.454566414608337,0.7694325834680001,1800,0.7943331303455867,0.2353619566995636,4.699682379927239e-07,7.222745111179485e-05,57.78191361111111,0.0033333333333333335,0,0,2024-11-01,17671472
1730424600000000,0.05325743868691177,30.087656329664014,0.6663096599597551,1800,0.6678165391381348,0.2115680799718045,0.00041112783807462083,0.003680671661060897,43.6894075,0.013888888888888888,0,0,2024-11-01,17671472
1730426400000000,0.06607530307293791,31.589459371595627,0.6286267998831776,1800,0.6309341310093052,0.20945231183363466,0.00047585105684877504,0.0006558395272584505,40.75201694444444,0.021111111111111112,0,0,2024-11-01,17671472
1730428200000000,0.05380553384182061,37.93834904103642,0.655901089548836,1800,0.6713710441707543,0.3562287620691026,8.249587168940309e-07,0.00019225422647106694,49.878205277777774,0.0077777777777777776,0,0,2024-11-01,17671472
1730430000000000,0.04392729245112205,32.14239129956023,0.7262204384567001,1800,0.7342232231354905,0.21173907983115448,0.00035730928349198,3.3833201762423215e-06,61.67805027777778,0.0016666666666666668,0,0,2024-11-01,17671472
1730431800000000,0.04812762554724615,28.642869123242853,0.6603835146877829,1800,0.6711732351735961,0.3712394328921782,0.0001893462076423269,7.437325502213099e-05,51.470345,0.0022222222222222222,0,0,2024-11-01,17671472
1730433600000000,0.04473450169747081,33.590133440912616,0.7844242658821287,1800,0.8027184800402762,0.2067964652410198,0.00019647177545900618,7.560669662853847e-05,49.13809722222222,0.006111111111111111,1,0,2024-11-01,17671472
1730435400000000,0.04644093596384298,24.616742997330853,0.6577690788109899,1800,0.6676496299202535,0.35134720825228405,1.0624117079194306e-05,0.00034013187175330195,49.61190805555556,0.0011111111111111111,1,0,2024-11-01,17671472
1730437200000000,0.03732790552569437,19.19529511109565,0.7594090818170054,1800,0.7644992267097577,0.24231320077283036,0.0005538948767660479,0.00042113636909046903,51.49127972222222,0.0005555555555555556,1,0,2024-11-01,17671472
1730439000000000,0.032945651026169226,16.57000676811986,0.6396842487612886,1800,0.6813106618185589,0.28648692191305425,0.0024375171695747433,0.0012970160231292605,70.25745305555556,0.002777777777777778,1,0,2024-11-01,17671472
1730440800000000,0.03778836600894186,29.85393307276268,0.7232664978272461,1800,0.7476943096790098,0.24286218120305803,0.000140091061728298,0.002845634037020872,64.50876527777777,0.0033333333333333335,1,0,2024-11-01,17671472
1730442600000000,0.03829975204632879,33.596151659501416,0.66596847585757,1800,0.6765720398182501,0.2759601483637929,0.0004638289922905825,0.001167328431612602,58.72094333333334,0.002777777777777778,1,0,2024-11-01,17671472
1730444400000000,0.04298759971533228,33.13413532737124,0.6732985974997034,1800,0.6879080802305856,0.33724680629923454,1.9843282137443907e-06,2.6717813123577905e-05,54.72692305555556,0.0033333333333333335,1,0,2024-11-01,17671472
1730446200000000,0.03626365819834357,35.99855554612557,0.7330719343375591,1680,0.7486903057618535,0.2548025963315288,0.0001061451941937186,0.0002528738576634826,59.783921130952386,0.0,1,0,2024-11-01,17671472
1730448000000000,0.04029209764728066,35.988124363822216,0.7171839201754406,1680,0.7234834851317371,0.21144477148719443,0.0013141373887234353,0.00019641360441946532,56.02411934523809,0.002380952380952381,2,0,2024-11-01,17671472
1730449800000000,0.03586885063657504,11.052643871086232,0.5412517687880558,1800,0.5503981527614605,0.4150367372846645,1.1280286860149147e-07,0.0023589850666720924,93.34433472222221,0.0011111111111111111,2,0,2024-11-01,17671472
1730451600000000,0.03578036009160911,32.2428593595333,0.71173743333781,1800,0.7151212417053849,0.3133692607528371,0.00023601399577155568,0.00010667048243651056,60.71428833333333,0.0011111111111111111,2,0,2024-11-01,17671472
1730453400000000,0.03402579351827631,20.075003527809688,0.5900664124443216,1800,0.6079367303164498,0.39578899689111413,0.004164659942374249,0.0036554950389350305,60.35263611111111,0.0016666666666666668,2,0,2024-11-01,17671472
1730455200000000,0.04183359559979218,33.81128582441115,0.6627747637844557,1800,0.6774488811553002,0.40301088748662006,0.0011387711273129764,0.0012576334364178265,63.06396,0.0033333333333333335,2,0,2024-11-01,17671472
1730457000000000,0.03882310347798683,28.672776942569577,0.6719421141638333,1800,0.6803983738376592,0.3302809577682715,0.004385252723235644,0.005182620261979021,57.903685833333334,0.0016666666666666668,2,0,2024-11-01,17671472
1730458800000000,0.03470390128956094,24.571434543608518,0.7357287695119866,1800,0.7391104292713593,0.31387433743302506,0.00023604811892974364,2.4989208587178346e-05,75.65335194444444,0.0,2,0,2024-11-01,17671472
1730460600000000,0.03269333257586282,27.404413573635193,0.7272463826009521,1800,0.7435457744362806,0.15064519135239507,0.0004727353309088578,0.0006082669978324518,69.33092666666667,0.0005555555555555556,2,0,2024-11-01,17671472
1730462400000000,0.035519048421922446,26.14901264866553,0.7264245884436107,1800,0.7346395782469695,0.2688962414322007,0.00030582514561161567,0.0009701283224800017,66.29868361111112,0.0011111111111111111,3,0,2024-11-01,17671472
1730464200000000,0.049903989795223674,18.28625144652867,0.586267350806188,1800,0.6006600944236742,0.34360051006785486,0.00034360325833782124,0.0002578492133853416,98.36186027777778,0.011111111111111112,3,0,2024-11-01,17671472
1730466000000000,0.037270527544669314,37.58371561943355,0.7322746124683055,1800,0.7428029921885442,0.30390124278655506,0.0015539780671578463,3.5398722559976115e-05,61.255339444444445,0.0016666666666666668,3,0,2024-11-01,17671472
1730467800000000,0.04781925903910348,29.833504359657134,0.5454860394999186,1800,0.5482938655177807,0.43129780725260447,0.000365922746858649,0.00022272726932892617,56.41215527777778,0.015555555555555555,3,0,2024-11-01,17671472
1730469600000000,0.04568089095376822,38.111879830989125,0.6353024827376418,1800,0.6650746469652463,0.2510816835784614,0.00029768040648825433,3.474556843674481e-05,48.085182777777774,0.012222222222222223,3,0,2024-11-01,17671472
1730471400000000,0.04516577042777487,40.9636083699185,0.6451294267407205,1800,0.6659911879440654,0.2760685565963972,0.001855355492038191,0.00031797197122274135,51.586581111111116,0.005555555555555556,3,0,2024-11-01,17671472
1730473200000000,0.042057489335250324,41.927191452851794,0.7144497977454798,1800,0.7324388232799333,0.2326352204406189,0.001428394961900059,7.067087248735504e-08,58.97962888888889,0.0077777777777777776,3,0,2024-11-01,17671472
1730475000000000,0.05714132189996076,42.14027982514307,0.6481057536918859,1680,0.6587337101960673,0.22517501545558372,0.00029601724610217595,0.0006720166527135474,42.45583154761905,0.03869047619047619,3,0,2024-11-01,17671472
1730476800000000,0.043294943194185725,47.384737131484215,0.6997736297133628,1680,0.7093722904149706,0.23232119331414391,0.00019446903476338928,9.253466851177894e-05,56.05110148809524,0.013095238095238096,4,0,2024-11-01,17671472
1730478600000000,0.04658566194576714,40.536884924067174,0.6867894876611099,1800,0.6997626695579517,0.2798712177866124,0.0010240515553640028,2.566555172822671e-05,54.338008888888886,0.01,4,0,2024-11-01,17671472
1730480400000000,0.042188996777241174,46.3540678289642,0.6906416357894944,1800,0.7030755563400705,0.25841978038692903,0.0019254858992074908,0.000605703542548075,55.42830611111111,0.013333333333333334,4,0,2024-11-01,17671472
1730482200000000,0.03871375389515026,54.68485706922657,0.7223054949944345,1800,0.7305111308878278,0.2795653355415443,0.0004277740302111033,4.106427567207582e-05,60.084808333333335,0.0038888888888888888,4,0,2024-11-01,17671472
1730484000000000,0.03714634715015743,38.0039007127403,0.6784413391143749,1800,0.6903460862944919,0.3072901721598329,3.6659003809225155e-06,6.828299174743702e-05,60.40261722222222,0.007222222222222222,4,0,2024-11-01,17671472
1730485800000000,0.03391782742799387,32.66260043944422,0.749580367197616,1800,0.7669101007551861,0.13333479944674154,0.0006309612325018366,0.0017302555223387417,63.01052888888889,0.005,4,0,2024-11-01,17671472
1730487600000000,0.03928438429240899,38.88157792308304,0.666805288252085,1800,0.6857765300340364,0.2497610604332724,2.115861745788372e-05,0.0023830734587844127,56.736440277777774,0.0077777777777777776,4,0,2024-11-01,17671472
1730489400000000,0.03613696149809687,30.374210719027573,0.6047849247564008,1800,0.6249160649419621,0.3427036556198252,5.0745838916732566e-05,0.0010449978279020167,60.1862075,0.006666666666666667,4,0,2024-11-01,17671472
1730491200000000,0.03486839570774859,19.063549147306283,0.4981651412063298,1800,0.5118390333896293,0.4837498044717561,0.0015567533638238817,4.586099681569422e-05,96.19996083333334,0.0022222222222222222,5,0,2024-11-01,17671472
1730493000000000,0.03403428327270712,21.85219231144036,0.5186091850341055,1800,0.5186343637982286,0.46429922176028515,0.0012353354405504335,0.0010664092809521408,95.77984666666666,0.002777777777777778,5,0,2024-11-01,17671472
1730494800000000,0.03820874669456509,6.02321359124813,0.39247544041302074,1800,0.4195102154252772,0.5613184805726363,0.00039693730972367725,0.001917601764781729,75.44578166666668,0.006111111111111111,5,0,2024-11-01,17671472
1730496600000000,0.05402381299461414,22.490532903561558,0.6628095711363119,1800,0.67516951050072,0.3567456953025223,0.0013082504665492545,7.05082175833649e-06,53.04504583333333,0.0022222222222222222,5,0,2024-11-01,17671472
1730498400000000,0.04264208211722582,30.62569517503166,0.7648176307620682,1800,0.7793407629054876,0.17838130921358952,0.0014656823695716747,0.0008468817068867374,53.26197361111112,0.002777777777777778,5,0,2024-11-01,17671472
1730500200000000,0.038280438769871056,28.88114197179719,0.7454674875352609,1800,0.7653947633796596,0.2200862310658639,9.592875916386578e-05,0.0014951228863774313,55.63573138888889,0.0016666666666666668,5,0,2024-11-01,17671472
1730502000000000,0.03744166741767955,30.035763503410145,0.7051515993189024,1800,0.7188729429693388,0.21545459504833586,0.0005825303081267164,0.0001676580570354469,58.231099722222226,0.0005555555555555556,5,0,2024-11-01,17671472
1730503800000000,0.03247593874171864,17.43632247203147,0.7109511143538554,1680,0.735697218515007,0.34725814342583994,0.006305108491779565,0.003181993289187224,54.5383244047619,0.0005952380952380953,5,0,2024-11-01,17671472
1733011200000000,0.05662426489509334,19.79368797750725,0.6063146417754814,1680,0.6379567866770837,0.2682692228855117,1.6880581426348407e-05,0.0001712880142716866,55.46274285714286,0.006547619047619048,0,1,2024-12-01,15080488
1733013000000000,0.07484254091661542,33.0118640216518,0.646696398199362,1800,0.6653631720791087,0.2801609193125749,0.0016900755579817295,0.0001805265991109417,49.550495833333336,0.013888888888888888,0,1,2024-12-01,15080488
1733014800000000,0.07686454505699919,37.86620857867166,0.6387804609516001,1800,0.6581583218739835,0.2634693349055256,0.00014005592081711704,0.002393656839031033,44.466147222222226,0.019444444444444445,0,1,2024-12-01,15080488
1733016600000000,0.08195842773970387,25.985312102445036,0.6074751983049533,1800,0.6192403450653576,0.27082397833610794,0.0007864028919488675,4.662453444326253e-06,47.63930277777777,0.013333333333333334,0,1,2024-12-01,15080488
1733018400000000,0.09374544073331179,30.094829052378184,0.5819128836054638,1800,0.6132740437416371,0.25315377729880695,1.5169127487890677e-05,4.2019875612364643e-07,40.74384777777778,0.03166666666666667,0,1,2024-12-01,15080488
1733020200000000,0.07426850695709077,29.030232222945465,0.5759470713515411,1800,0.6062451848758824,0.25747514780406666,0.00022888142842936166,7.25612719610913e-05,39.86049944444445,0.014444444444444444,0,1,2024-12-01,15080488
1733022000000000,0.05457592930896028,30.342134786984044,0.6742057395949052,1800,0.7017243310142174,0.19685837064021483,0.0005846586234085072,0.0007750941072131035,58.34249194444444,0.006111111111111111,0,1,2024-12-01,15080488
1733023800000000,0.0661423861209716,22.239974028104236,0.5818269502199414,1800,0.5978566728611239,0.3500781597453265,8.474812673664456e-05,0.0005098460945879291,52.465698611111115,0.007222222222222222,0,1,2024-12-01,15080488
1733025600000000,0.054225860422096685,25.09809843297771,0.631209062761587,1800,0.6625453546919687,0.3560774389987389,0.00010788016995710858,0.0010123194111443246,62.62911138888889,0.006666666666666667,1,1,2024-12-01,15080488
1733027400000000,0.055562215285862915,26.051889625656017,0.6651050796765381,1800,0.6939427906798017,0.30873871249888996,0.001135745643647712,2.123027976153047e-05,51.17178694444444,0.0033333333333333335,1,1,2024-12-01,15080488
1733029200000000,0.058057322157764255,29.890813883496406,0.6752203864405779,1800,0.6874469453067766,0.31708163680930546,0.00032103839673058854,8.165421675332407e-05,54.531148333333334,0.002777777777777778,1,1,2024-12-01,15080488
1733031000000000,0.055087273583999695,22.554748077807915,0.5930373308769925,1800,0.6129767850239751,0.26308739698403916,0.0009494869392905336,5.305380923603664e-05,47.85606777777778,0.0038888888888888888,1,1,2024-12-01,15080488
1733032800000000,0.051784637208520175,29.23685161662906,0.7146901884691126,1800,0.7418149660531623,0.3066489323799739,0.0029309213002871592,0.0012648017654947052,56.74862805555555,0.0005555555555555556,1,1,2024-12-01,15080488
1733034600000000,0.05245508825673408,21.678490220427626,0.7079560401088374,1800,0.7300422994933381,0.26198855435184365,8.936693274963492e-05,0.0001868746442289515,53.70759027777778,0.002777777777777778,1,1,2024-12-01,15080488
1733036400000000,0.04936641002569733,26.27335213191853,0.7008586262174382,1800,0.7195990952556828,0.30619287727490074,0.0001177024121130632,0.0009111457906537668,59.59261027777778,0.0011111111111111111,1,1,2024-12-01,15080488
1733038200000000,0.04998690980930098,29.947184671415528,0.6689014552682444,1680,0.6772189185451081,0.36769911457604376,0.0018114700753876223,0.0013828666036820314,65.54699821428571,0.0017857142857142857,1,1,2024-12-01,15080488
1733040000000000,0.058907997494865555,22.794059680482007,0.5848491366990296,1680,0.6086053826930692,0.3405912610004971,0.0011816600586765924,0.0019159544764375536,51.7830244047619,0.011904761904761904,2,1,2024-12-01,15080488
1733041800000000,0.06497858138614496,29.91011340386188,0.6428706007366919,1800,0.665028501840257,0.21531286611555123,0.0032405736639242733,0.00038764412764891176,44.95393388888889,0.0077777777777777776,2,1,2024-12-01,15080488
1733043600000000,0.05331844471372281,24.898419185814593,0.6570420033625037,1800,0.668543828532481,0.20935745659872995,0.0005240363120200264,0.000567994174810571,54.113752222222224,0.0016666666666666668,2,1,2024-12-01,15080488
1733045400000000,0.04979938422000458,13.38713406545176,0.6039607388391282,1800,0.6227918057926358,0.3470046568012233,0.0009418168971297991,0.0001197025620039982,56.001683611111105,0.0016666666666666668,2,1,2024-12-01,15080488
1733047200000000,0.04340340785302582,21.381188772834403,0.6166309457237709,1800,0.6424622521774561,0.231117639615816,0.0008616509425583008,0.0002869583455388236,70.38680194444444,0.0011111111111111111,2,1,2024-12-01,15080488
1733049000000000,0.05361462203019607,23.399367973694126,0.6357044212920839,1800,0.641368015531034,0.356952228235362,0.001521693067740748,8.652602488190553e-05,62.03752638888889,0.0038888888888888888,2,1,2024-12-01,15080488
1733050800000000,0.050024599101104864,27.30911634713258,0.6232351823449285,1800,0.6490569557046952,0.24040817869959175,0.0024386036130283895,9.311984294846365e-05,52.23160444444445,0.0016666666666666668,2,1,2024-12-01,15080488
1733052600000000,0.05206624770200939,22.219554878921727,0.7097597179635888,1800,0.7395469012153721,0.36350765353043535,0.0012822546142849944,0.0005956240294795467,60.23349777777778,0.0011111111111111111,2,1,2024-12-01,15080488
1733054400000000,0.0447805338586522,23.97321115480507,0.7491352529303521,1800,0.777063097939299,0.1993168801681764,0.0007473904201920067,4.7896336563546527e-08,64.38242166666666,0.0016666666666666668,3,1,2024-12-01,15080488
1733056200000000,0.05259116042752182,27.928279039568313,0.7294898753565071,1800,0.7509152860308188,0.3433983828047086,0.003279588507044018,0.003672241803353349,61.18924166666666,0.0016666666666666668,3,1,2024-12-01,15080488
1733058000000000,0.05271176969339852,27.775934177791452,0.6636041900970242,1800,0.6946860106278748,0.311849228985967,0.0008295880707590575,0.003742648447494945,56.70392388888889,0.005555555555555556,3,1,2024-12-01,15080488
1733059800000000,0.0555439399176364,20.516779489351666,0.6728861678290803,1800,0.7179314579191458,0.1391406464441055,0.001056867077954604,0.002289678591001043,57.51270805555556,0.0033333333333333335,3,1,2024-12-01,15080488
1733061600000000,0.04768631794741972,9.131882308498565,0.6177814715530316,1800,0.699682901047107,0.08226024237086549,0.001627586446687257,0.00013852796028979153,91.98958416666667,0.005555555555555556,3,1,2024-12-01,15080488
1733063400000000,0.0544768661774729,35.61468487732619,0.7139935049499181,1800,0.7347203427819031,0.2852195411628685,0.0006078776127678154,1.4437503255804174e-05,55.51441666666666,0.006111111111111111,3,1,2024-12-01,15080488
1733065200000000,0.05489152398045413,26.433514059344024,0.5572043504596083,1800,0.5687272928044098,0.39306843402872205,0.004773700894497579,0.00014762656253997086,59.562913333333334,0.0033333333333333335,3,1,2024-12-01,15080488
1733067000000000,0.06355317124068596,14.655733000604668,0.5208964445821563,1680,0.5595196196859977,0.3551646047886604,0.0020212151435182735,0.00021900465646707,44.806686309523805,0.007142857142857143,3,1,2024-12-01,15080488
1733068800000000,0.056771563117613125,33.611232773953965,0.6880529776241922,1680,0.7288277263473015,0.2628592235170375,0.0004225222089425662,2.1055418172211127e-05,48.447223809523805,0.006547619047619048,4,1,2024-12-01,15080488
1733070600000000,0.057272456619667594,31.391136129147988,0.6760790663920866,1800,0.7029306306202081,0.25235529674622115,3.656428893394903e-05,1.73712960953587e-05,62.31568083333333,0.005555555555555556,4,1,2024-12-01,15080488
1733072400000000,0.061003524764420135,22.327713516224165,0.6459139587870852,1800,0.6471610475912948,0.2800468266262005,0.001865658808905879,0.0004728203641536366,59.74510055555555,0.0038888888888888888,4,1,2024-12-01,15080488
1733074200000000,0.0509805049818047,37.23627061856222,0.6895064993646511,1800,0.7022015578825769,0.31427185808382896,3.447792010036199e-05,0.001916375970664852,55.86393222222222,0.002777777777777778,4,1,2024-12-01,15080488
1733076000000000,0.05156937721304468,25.67092239148713,0.6246305048147467,1800,0.6401953669845262,0.2698949886983508,3.8801336615934545e-06,0.000184611100634946,59.89770055555556,0.0005555555555555556,4,1,2024-12-01,15080488
1733077800000000,0.045979835847615086,20.34440308406609,0.677779416049474,1800,0.6895759318064749,0.13503991122004466,0.0005774169491334913,6.572051557895975e-05,133.72028472222223,0.0033333333333333335,4,1,2024-12-01,15080488
1733079600000000,0.0530204011761134,27.030566610930734,0.7134691548644321,1800,0.7396444874436463,0.222056298147992,0.0003216512820353179,0.0002952239550976232,48.89377444444444,0.0033333333333333335,4,1,2024-12-01,15080488
1733081400000000,0.04986231254239894,15.072840456738898,0.6347721265504891,1800,0.6787609667711567,0.17366696530964187,0.0002480779689667534,4.375171538162359e-05,70.9748575,0.0022222222222222222,4,1,2024-12-01,15080488
1733083200000000,0.05202952790632717,22.29701351585156,0.6320956250787837,1800,0.6653568707905091,0.2175440439048264,0.00046530353193496854,0.000442551547576997,57.7117375,0.008333333333333333,5,1,2024-12-01,15080488
1733085000000000,0.0549923409340985,37.05548120417802,0.7523269005147006,1800,0.7683245997356096,0.23398330868789297,0.00025388010118165827,1.1918588604165059e-05,54.89165777777777,0.005555555555555556,5,1,2024-12-01,15080488
1733086800000000,0.05160899084512736,24.81526283596457,0.6698544411280072,1800,0.6995886894152696,0.32286541539958824,0.0010111865131235964,0.0009377887767879622,57.79931694444444,0.0033333333333333335,5,1,2024-12-01,15080488
1733088600000000,0.04902852234654125,24.470855328536707,0.6868640574647689,1800,0.7078218446459581,0.3130659690183931,0.0019908876847876122,0.0003869692077672626,58.68114361111111,0.0005555555555555556,5,1,2024-12-01,15080488
1733090400000000,0.06968535387826844,19.074207234720994,0.5396145389955985,1800,0.5396830287558255,0.41692923868597964,0.0014642308340200305,0.005044649657404809,57.58741305555556,0.0077777777777777776,5,1,2024-12-01,15080488
1733092200000000,0.08213733373538003,16.064838278544098,0.5741425141460077,1800,0.6138538980464736,0.49910594446365464,0.00045391260974581016,0.004116765405754563,46.950637500000006,0.0011111111111111111,5,1,2024-12-01,15080488
1733094000000000,0.053222361187125415,31.564340054213222,0.7187917293543941,1800,0.7453498986852756,0.2858007431106583,4.458234246262904e-05,0.0006218185685733513,57.32215194444444,0.006666666666666667,5,1,2024-12-01,15080488
1733095800000000,0.05354093303924549,21.29904637013542,0.7405468130978775,1680,0.7423606565217145,0.20239302343175414,0.00056357562382503,5.4641057491200407e-05,66.02005267857143,0.002380952380952381,5,1,2024-12-01,15080488
1735689600000000,0.09023446919364304,34.24484893089041,0.736872604865902,1680,0.7495488366751106,0.20682925393756524,2.408688116173341e-05,0.0002203354316602235,33.53144494047619,0.002976190476190476,0,0,2025-01-01,12081525
1735691400000000,0.08710280123826296,15.439777714463649,0.4476869343326506,1800,0.47625592655459914,0.46568239393396516,0.0001413410141031246,4.067546887109863e-05,39.99374638888889,0.0033333333333333335,0,0,2025-01-01,12081525
1735693200000000,0.07180582575245179,11.957214760945648,0.609814008221689,1800,0.6564168675633553,0.2299020506874383,0.003186082243632926,0.0005556135553340669,40.714305555555555,0.0033333333333333335,0,0,2025-01-01,12081525
1735695000000000,0.07893329814827514,24.09280878218581,0.7440112828029034,1800,0.7532744575340136,0.22689274809399862,1.440331031399289e-05,2.1092753317297763e-06,38.08992194444445,0.002777777777777778,0,0,2025-01-01,12081525
1735696800000000,0.07981748732891317,25.69213494544872,0.7119995083338264,1800,0.7333684355377693,0.18268203902916902,3.3231375928810536e-07,5.441171339526374e-05,35.69351611111111,0.002777777777777778,0,0,2025-01-01,12081525
1735698600000000,0.08464587636503458,16.118984296385953,0.6675340126144742,1800,0.6742510563226416,0.36443111549519547,0.0006288851007590912,0.0008885695539643246,43.10145111111111,0.0022222222222222222,0,0,2025-01-01,12081525
1735700400000000,0.07979093530143713,24.13775956608958,0.6831401673343769,1800,0.6832944622004082,0.2033993291542201,0.00016730478666981963,8.929305316673908e-05,34.40167027777778,0.0016666666666666668,0,0,2025-01-01,12081525
1735702200000000,0.056730392229112664,13.272992065819649,0.6900924135205257,1800,0.7425523741174467,0.29424103833385973,9.808856456372528e-05,4.6013472201345e-06,45.747937500000006,0.0005555555555555556,0,0,2025-01-01,12081525
1735704000000000,0.059148938624703246,22.22226706707512,0.5096069235249217,1800,0.5295459344147548,0.4627604429665779,0.004836067545907041,0.001669488980806988,50.51385333333334,0.0038888888888888888,1,0,2025-01-01,12081525
1735705800000000,0.031808943395639534,5.681105540576531,0.4995659855339005,1800,0.6729529809553387,0.31471250640983695,0.0008063223463044,0.0008765128016846591,70.96615222222222,0.0033333333333333335,1,0,2025-01-01,12081525
1735707600000000,0.051422459649536824,25.302707203695945,0.6956180286475915,1800,0.7099246537288808,0.2715541098663339,0.000392475557824401,0.0007296918252832629,71.52571833333333,0.0011111111111111111,1,0,2025-01-01,12081525
1735709400000000,0.05385078686725674,22.05544458599797,0.5793031336866648,1800,0.5858202816322876,0.373457527216265,0.0033971179071148327,3.7539747263948264e-05,52.85552361111112,0.0016666666666666668,1,0,2025-01-01,12081525
1735711200000000,0.05528562972141359,21.01462078453296,0.6765803732014046,1800,0.6980944566311176,0.1969596526072096,0.0004770635815278812,2.9646396374816142e-05,47.90693944444444,0.0005555555555555556,1,0,2025-01-01,12081525
1735713000000000,0.0638143556431052,19.55645825757195,0.6693518247149861,1800,0.6931139896790295,0.16809597095237072,0.0006927142641193207,0.000980357393904896,49.36970027777778,0.0005555555555555556,1,0,2025-01-01,12081525
1735714800000000,0.06144348643538966,21.4991767874814,0.6527756372227644,1800,0.6775412325140082,0.35628319298293554,0.0020862467089977077,4.440133383853961e-06,40.50913111111111,0.0,1,0,2025-01-01,12081525
1735716600000000,0.06267033563641831,20.432897181232832,0.692804041223203,1680,0.705024127673124,0.1649526467261173,0.00551888049849647,0.003886657682528716,40.52588095238095,0.0,1,0,2025-01-01,12081525
1735718400000000,0.06285576529403257,22.87741039496916,0.6565781408019039,1680,0.6597219484541652,0.2583576957943401,0.004075381500099562,0.0013380192824004045,58.29816398809524,0.002380952380952381,2,0,2025-01-01,12081525
1735720200000000,0.07188925547920837,23.720180231708262,0.6067667632663641,1800,0.621002550651027,0.3035346059113666,1.2478409980087868e-05,9.358171871842735e-05,38.20300805555556,0.0022222222222222222,2,0,2025-01-01,12081525
1735722000000000,0.06914941155887312,20.047590439842637,0.5366694503940206,1800,0.5443994752906365,0.17773213651566044,0.0009974208844456545,0.0006793159990220454,56.16171722222222,0.0044444444444444444,2,0,2025-01-01,12081525
1735723800000000,0.07613304135254022,26.98265253992432,0.651568640245419,1800,0.6672844393555235,0.21402893551658808,1.2419689164877568e-06,4.157374637336897e-05,39.768262222222226,0.0038888888888888888,2,0,2025-01-01,12081525
1735725600000000,0.06528167121825888,28.058715131873157,0.6244800155343357,1800,0.6441762256428358,0.20885351517132822,0.00035059884371912986,0.00044285847016545254,46.080651111111116,0.002777777777777778,2,0,2025-01-01,12081525
1735727400000000,0.06300751042786883,27.344184852303936,0.6095098131451366,1800,0.6191052408955993,0.2617925422737427,0.00011999523652217459,2.328787804750654e-05,42.518567499999996,0.0,2,0,2025-01-01,12081525
1735729200000000,0.059781447896460393,22.809601857493377,0.6765127752116791,1800,0.6928645955931562,0.22180374165633576,1.3650731574887942e-05,2.8865159706903398e-08,55.7790375,0.0005555555555555556,2,0,2025-01-01,12081525
1735731000000000,0.07101254915858365,25.151784502921636,0.6402240960212126,1800,0.6439586563717195,0.2719040085327262,2.109260809668445e-05,0.00024276371578058065,42.48258666666667,0.005555555555555556,2,0,2025-01-01,12081525
1735732800000000,0.0634272869477991,27.86363682467436,0.6991405062896141,1800,0.7174511236340866,0.18004871486312546,7.33428495829358e-05,0.00024786978550994654,52.8342225,0.0033333333333333335,3,0,2025-01-01,12081525
1735734600000000,0.0683428974004351,27.99792498026425,0.6890631500192461,1800,0.7129701470726646,0.13213011902380123,0.00011990299532249615,0.00033092017691827014,38.192388333333334,0.0022222222222222222,3,0,2025-01-01,12081525
1735736400000000,0.060655224844530314,33.97770179259931,0.635347191008246,1800,0.6491332723988745,0.15284176170476182,0.00192586777268422,0.0002476966674687109,47.54201444444445,0.002777777777777778,3,0,2025-01-01,12081525
1735738200000000,0.06334872733922647,17.502475710687104,0.6546965242961338,1800,0.6883009796567279,0.17755641541923295,0.0009889251197856552,2.390265985141582e-07,42.23352944444444,0.0022222222222222222,3,0,2025-01-01,12081525
1735740000000000,0.07928210552226374,24.216102891641906,0.6754685645989644,1800,0.7002620216465667,0.2314678231872226,1.5088011769970322e-06,0.00023299848601587847,37.84829805555555,0.005555555555555556,3,0,2025-01-01,12081525
1735741800000000,0.08494792064040664,39.054091608741714,0.683761050322369,1800,0.700423277494322,0.16600414837392374,0.0003250898528043278,2.5333668608018556e-05,35.91565666666667,0.0033333333333333335,3,0,2025-01-01,12081525
1735743600000000,0.06550513195600814,33.54184057781916,0.6986314959382591,1800,0.717116538490976,0.19586844638658274,0.0012094050175797122,0.0016815832331393832,47.90159583333333,0.0044444444444444444,3,0,2025-01-01,12081525
1735745400000000,0.07469845497360689,33.481144351805185,0.7355868397860975,1680,0.7527913415599997,0.17098891873576982,0.004979688195026255,0.0015144157625796018,44.770702678571425,0.0035714285714285713,3,0,2025-01-01,12081525
1735747200000000,0.07191572673192027,37.05427651294166,0.7386108999469462,1680,0.7543123586899179,0.12848703138771878,8.419417107718985e-06,1.1098296754386006e-05,36.23762142857143,0.0035714285714285713,4,0,2025-01-01,12081525
1735749000000000,0.0667399121285164,23.076899723894147,0.6967325593290019,1800,0.7279132977439626,0.13857853896942818,0.00012569541999829514,0.0006737550547835092,40.03399388888889,0.0038888888888888888,4,0,2025-01-01,12081525
1735750800000000,0.07287216710646068,40.06500529717209,0.7091754936004646,1800,0.7119078447005562,0.2121831419165865,0.0001820316483458484,0.0004178233270452081,41.47040361111112,0.0005555555555555556,4,0,2025-01-01,12081525
1735752600000000,0.06649576847879711,34.89675880584613,0.6881955708552703,1800,0.697255384712649,0.22118291897624387,7.284472087587535e-05,0.0003238551581450366,41.79239944444445,0.0011111111111111111,4,0,2025-01-01,12081525
1735754400000000,0.06743379564117324,37.164176939636846,0.7672891057945516,1800,0.7756090893610921,0.1685480007024689,0.0013344108295649804,4.663786859837593e-05,44.57708166666667,0.0011111111111111111,4,0,2025-01-01,12081525
1735756200000000,0.0668475681448952,44.90266509873629,0.7470703511535017,1800,0.7554112195496085,0.227080837525098,0.0024223956558926396,0.0011565749224534683,41.64733777777778,0.0016666666666666668,4,0,2025-01-01,12081525
1735758000000000,0.07074982159367459,26.966720453402374,0.7225212914430493,1800,0.7268858772519993,0.2613629991959654,2.614936801659251e-05,0.00017856353954581738,40.68629277777778,0.006111111111111111,4,0,2025-01-01,12081525
1735759800000000,0.07653510596172435,30.556532398528248,0.6651276016047808,1800,0.6824874211277872,0.18253633453065188,7.016738846898907e-05,0.00031901135982981277,38.73266972222223,0.009444444444444445,4,0,2025-01-01,12081525
1735761600000000,0.06461764753548435,39.69177484728853,0.7342602599962653,1800,0.7386586693577111,0.1606711557054803,0.00036933955519613537,1.0682202160716692e-05,48.953694999999996,0.0022222222222222222,5,0,2025-01-01,12081525
1735763400000000,0.06821969894814241,27.937271871038,0.7055092942648041,1800,0.7163126214313236,0.17077333111820758,0.0002455066944776485,0.0020420386493574805,45.239175,0.0022222222222222222,5,0,2025-01-01,12081525
1735765200000000,0.0671505191739517,18.214827429238017,0.6372941964376955,1800,0.655912208787937,0.20900233317098937,9.645604547414699e-06,0.00043114273161037886,48.66145333333333,0.005555555555555556,5,0,2025-01-01,12081525
1735767000000000,0.06391403256940134,32.847970741368144,0.7068354776099235,1800,0.7199187230779815,0.09824248847216199,0.0008792136055987276,0.0016704985848522425,47.201323333333335,0.0011111111111111111,5,0,2025-01-01,12081525
1735768800000000,0.07625897174014475,28.139834197285275,0.6221594062407267,1800,0.6277341482004009,0.41837951662207373,0.0005565122348876184,7.882530785874309e-07,44.42311277777778,0.0033333333333333335,5,0,2025-01-01,12081525
1735770600000000,0.0932733550841742,17.460240119855303,0.5795218331370784,1800,0.5809245087855257,0.4008678970067967,0.0008287017742178993,0.000490615744516143,39.01458027777778,0.0005555555555555556,5,0,2025-01-01,12081525
1735772400000000,0.0835078033762908,33.48572664873074,0.7476715890982335,1800,0.7708233234992155,0.20857965512107102,0.0013004388547551704,0.00025379814126436084,33.92579611111111,0.0033333333333333335,5,0,2025-01-01,12081525
1735774200000000,0.07185220962627356,27.321725941708014,0.7015174423520351,1680,0.7240152184048686,0.16220426220079787,0.0023339589733525345,0.00221076706635559,35.870656845238095,0.0,5,0,2025-01-01,12081525
1738368000000000,0.09049820606685026,36.8263360095095,0.5887987378224586,1680,0.5996940793945428,0.31319728166393057,0.0003253874861628425,0.00023787323168444896,31.45340148809524,0.005357142857142857,0,1,2025-02-01,17213537
1738369800000000,0.08201017419009446,20.162637224891533,0.6739955032419325,1800,0.6874329011435809,0.3275695355967305,7.971760353053803e-06,0.00022632062296090716,38.36552333333333,0.0044444444444444444,0,1,2025-02-01,17213537
1738371600000000,0.08703850092996891,29.189573670155653,0.7120039804760161,1800,0.7307863336074216,0.28541163002433323,0.0002105783079752177,0.00014796162870966967,34.30683527777778,0.0022222222222222222,0,1,2025-02-01,17213537
1738373400000000,0.08400424715836162,27.501475777791146,0.6188621246227939,1800,0.6276485151418233,0.3510366457223003,4.6069339912913065e-06,0.0008619455534268905,37.47070472222222,0.0033333333333333335,0,1,2025-02-01,17213537
1738375200000000,0.07613055477044658,37.74921947768874,0.7545637923238426,1800,0.756971349507879,0.15818438487023712,0.0002337553240430168,0.0013296359926385781,38.27370972222222,0.0022222222222222222,0,1,2025-02-01,17213537
1738377000000000,0.07939469587295361,26.06781461114122,0.6800176928879957,1800,0.6967688058060242,0.19032451456265354,0.0007932850286711535,7.60874429263092e-05,32.822563611111114,0.0033333333333333335,0,1,2025-02-01,17213537
1738378800000000,0.09877337703805587,39.78665419938952,0.7855499342647276,1800,0.7894677181085945,0.2379389667133348,0.000914041160630763,3.3548701698138395e-05,30.143884166666666,0.002777777777777778,0,1,2025-02-01,17213537
1738380600000000,0.08298387960079402,29.111452194554566,0.7277572705366633,1800,0.7475619514709713,0.2133023653556999,1.3286537916656904e-05,6.267416475946863e-05,33.74825194444444,0.0011111111111111111,0,1,2025-02-01,17213537
1738382400000000,0.08066968715890238,31.16207537640618,0.6303223744995841,1800,0.636023673546467,0.30928716839333226,0.0012348199242221414,0.0004112352369483041,34.553107777777775,0.006111111111111111,1,1,2025-02-01,17213537
1738384200000000,0.07479141544845208,22.96057836377038,0.6619330730758701,1800,0.6849572790757581,0.32529695673396,0.0007798751350377442,0.000536965950547641,36.91337972222222,0.0044444444444444444,1,1,2025-02-01,17213537
1738386000000000,0.05886612131099444,20.179026026379546,0.7128866261174734,1800,0.7289338955855313,0.30819644519629097,0.0011357737163630865,0.00042957485108230387,51.28993972222222,0.0016666666666666668,1,1,2025-02-01,17213537
1738387800000000,0.058838814021181775,28.873332115514803,0.6786398141147623,1800,0.689752813246405,0.24921014470691827,0.00018528369818049395,0.0010810949816472126,45.17898972222223,0.0033333333333333335,1,1,2025-02-01,17213537
1738389600000000,0.062008552246737444,20.678963209712514,0.7111427527319525,1800,0.7356536903614757,0.2826929705183303,0.0005095461751282171,0.0006528976034201328,41.246139166666666,0.0016666666666666668,1,1,2025-02-01,17213537
1738391400000000,0.07851978664743182,17.089108123853844,0.5447042787863055,1800,0.5459443575791142,0.2979716773095671,0.00035431508340499906,0.0008067416990416021,34.503588055555554,0.006111111111111111,1,1,2025-02-01,17213537
1738393200000000,0.06687288648516844,28.256449775371006,0.7195598990985432,1800,0.7387257813404251,0.2588486699483973,0.00011747778923931751,1.7179162075109389e-06,40.92975583333334,0.0022222222222222222,1,1,2025-02-01,17213537
1738395000000000,0.06650573311452065,33.425226870004785,0.7242170220162703,1680,0.7388318190082854,0.2674191951769297,0.0008902735842550857,9.313474289562862e-06,42.74749702380952,0.002976190476190476,1,1,2025-02-01,17213537
1738396800000000,0.0760791975577439,29.720625790403286,0.630375356210642,1680,0.6346469011406068,0.17022483820562861,0.0013011531248660058,0.00027021460066445346,36.718773511904764,0.007142857142857143,2,1,2025-02-01,17213537
1738398600000000,0.0917494925626535,19.32341306953097,0.6712097991728517,1800,0.6732448855811343,0.18250054661044912,0.0014345718750258252,0.000970957588362853,32.614337500000005,0.012777777777777779,2,1,2025-02-01,17213537
1738400400000000,0.07693801944470871,28.683891892387614,0.7215936088467048,1800,0.7354773208029035,0.2655158452667631,0.0005975223416913034,0.00012795558984468602,37.76359305555555,0.006666666666666667,2,1,2025-02-01,17213537
1738402200000000,0.09025624392449069,17.918966493701735,0.6559120488290107,1800,0.6881370160332281,0.18043063562846728,0.00023133980943201848,0.0001904235609092586,30.911844166666665,0.017222222222222222,2,1,2025-02-01,17213537
1738404000000000,0.07464353912416564,34.53864044718439,0.6775238316865146,1800,0.6859787078716286,0.14031844414179928,0.00015423515330115212,0.0001417937483417786,39.13385805555556,0.0038888888888888888,2,1,2025-02-01,17213537
1738405800000000,0.07381304934685302,35.81490733623761,0.7400415502211681,1800,0.7437703536572386,0.24598886677331933,0.0011919903916175478,0.0019033472669072182,39.31026472222222,0.005,2,1,2025-02-01,17213537
1738407600000000,0.059951670826668385,37.22554255492634,0.7658034035658607,1800,0.7794940820499071,0.21388260529519276,0.00030382829666653066,0.00017604004666416095,49.2379875,0.0033333333333333335,2,1,2025-02-01,17213537
1738409400000000,0.06252582450192011,33.44282540781573,0.6930124311998611,1800,0.6997930405615171,0.24117526655897525,0.0001576850079330061,7.211312972321693e-07,44.43622777777778,0.0022222222222222222,2,1,2025-02-01,17213537
1738411200000000,0.06787746908239115,18.436860009423285,0.5028044387969526,1800,0.5064883463418735,0.4528903964598596,7.87829160187048e-06,0.0004290598619302033,43.537124166666665,0.006666666666666667,3,1,2025-02-01,17213537
1738413000000000,0.061703040124013286,32.29712207230731,0.7128107391612615,1800,0.7218518865785597,0.25391952464485434,0.00038433688429662105,0.00013979366769978352,46.78564527777778,0.0016666666666666668,3,1,2025-02-01,17213537
1738414800000000,0.06004365351928405,24.765354444561627,0.7159972632169271,1800,0.7187790192093442,0.3408322911373983,0.000480177940354265,0.0011298430132661297,48.7817825,0.002777777777777778,3,1,2025-02-01,17213537
1738416600000000,0.06897046466476789,39.13013444879492,0.7220896207883993,1800,0.7288479390588651,0.18956461628137844,0.0004298771276085578,1.8834959193081424e-05,42.497103055555556,0.0038888888888888888,3,1,2025-02-01,17213537
1738418400000000,0.06595267979128834,33.20036740735932,0.7455272064167131,1800,0.7627638595305444,0.1428041098990399,3.254971253918715e-05,7.6282120418103005e-06,44.41191305555555,0.0044444444444444444,3,1,2025-02-01,17213537
1738420200000000,0.06822701395991149,41.03747394049207,0.7584458989367471,1800,0.7632538384024312,0.2176184737336626,1.5843238027057893e-06,0.00032557204772754034,38.62542638888889,0.005555555555555556,3,1,2025-02-01,17213537
1738422000000000,0.0833762551534103,30.453600396346094,0.599591132948849,1800,0.6060748409533439,0.4038890338277722,0.0004561709321527774,0.00016763003080244587,34.161951111111115,0.007222222222222222,3,1,2025-02-01,17213537
1738423800000000,0.07060448340384712,20.74775573354244,0.611100362199742,1680,0.6348968966857488,0.3673527240584641,0.0005066238153041969,0.0004075166613950465,36.37742619047619,0.004761904761904762,3,1,2025-02-01,17213537
1738425600000000,0.06813394857341976,38.029824878879836,0.746786798681969,1680,0.7585487595215826,0.2632448512439478,0.0019203972459694851,0.003644982381305617,40.72617172619048,0.004166666666666667,4,1,2025-02-01,17213537
1738427400000000,0.0717333133842194,39.79059178050283,0.7481396195867713,1800,0.7566934287391601,0.20506003718396237,0.003820490024018741,0.0022656334178857707,36.13818277777778,0.005555555555555556,4,1,2025-02-01,17213537
1738429200000000,0.07122439983845276,18.06773898978492,0.6737551414082987,1800,0.7042883199173524,0.20253687635494144,1.1192276606286633e-05,0.0002555992169257504,36.34204388888889,0.012777777777777779,4,1,2025-02-01,17213537
1738431000000000,0.06945222951811182,22.095173301194876,0.7584124307301414,1800,0.7710575774567046,0.24157512687426674,0.0009930663641234405,0.00014829924671200256,39.70800388888889,0.0011111111111111111,4,1,2025-02-01,17213537
1738432800000000,0.07220545369396411,35.22368585374093,0.7837312741274568,1800,0.7864808664445684,0.2867106299706078,0.00016946953792784658,0.0004925900561547625,41.371680833333336,0.0044444444444444444,4,1,2025-02-01,17213537
1738434600000000,0.0752057008301636,35.493047325983426,0.666724306148736,1800,0.6831159240426818,0.31154257815126873,0.00017095834173097568,0.00020611643508816613,35.35751583333333,0.0077777777777777776,4,1,2025-02-01,17213537
1738436400000000,0.09033103151705245,17.485327128620597,0.605464203264859,1800,0.608306211949667,0.27477342688381223,0.00018069062611680842,5.6569616609714046e-05,34.900681388888884,0.015,4,1,2025-02-01,17213537
1738438200000000,0.10539480383772669,19.218090472739622,0.6075834317151511,1800,0.6095854693560478,0.26347368790644354,0.002638961787053251,0.00026074973601797335,37.85404972222222,0.03222222222222222,4,1,2025-02-01,17213537
1738440000000000,0.10222140977842148,49.694846208675195,0.7176119366688432,1800,0.7259066205642968,0.179946627215678,2.0173877230078574e-05,0.00023235453846415233,29.878627499999997,0.020555555555555556,5,1,2025-02-01,17213537
1738441800000000,0.09348868514227451,36.38851906966907,0.6770638689325842,1800,0.6940227334797626,0.18657862576083772,0.000497263998891162,0.0006723191570932041,35.87410388888889,0.021666666666666667,5,1,2025-02-01,17213537
1738443600000000,0.073841546085873,36.81290128163295,0.7283948768255007,1800,0.7380630576878198,0.23966385848150817,0.000663319195332468,0.0002290833470736109,42.788334722222224,0.016666666666666666,5,1,2025-02-01,17213537
1738445400000000,0.08144388389921924,35.95433245041461,0.6809139805072312,1800,0.6894198043563731,0.2009691439965865,5.485315166908755e-05,2.435544748213836e-06,34.59165138888889,0.013333333333333334,5,1,2025-02-01,17213537
1738447200000000,0.0829014254339382,35.940196348289945,0.6880371299089186,1800,0.6993699509349096,0.22901899275680704,0.00034665479713458236,2.1051978481678724e-05,42.45903916666666,0.0077777777777777776,5,1,2025-02-01,17213537
1738449000000000,0.10014174651618063,23.006734607701812,0.6531997867670449,1800,0.6660383177716942,0.34534640322319876,0.012378713684830567,0.0026526706089763374,35.909665555555556,0.005555555555555556,5,1,2025-02-01,17213537
1738450800000000,0.10003308486641456,26.050865815062455,0.6640168970644607,1800,0.6939362294194903,0.21012795376985915,8.178430876970566e-08,0.000140233779401977,33.155301944444446,0.022222222222222223,5,1,2025-02-01,17213537
1738452600000000,0.09431754091460201,26.518837325779824,0.6390257598526347,1680,0.6557163879675185,0.3537071720897844,2.7236015522458246e-05,0.00022431967827230004,31.22693244047619,0.01488095238095238,5,1,2025-02-01,17213537
1740787200000000,0.04917325016596858,43.68110180799432,0.7451495708252838,1680,0.7532135509001157,0.16922369874206644,0.0005013006142520204,7.198645370387613e-05,38.03292470238095,0.0017857142857142857,0,1,2025-03-01,24633501
1740789000000000,0.04716295746833427,43.12910387510244,0.7414090880178236,1800,0.7512533278572755,0.25020844853090385,0.00014213037571253473,6.86625905220728e-05,39.34785166666667,0.002777777777777778,0,1,2025-03-01,24633501
1740790800000000,0.05958116916331167,48.81701191879919,0.7695819904560971,1800,0.7840705273885049,0.18151173560070033,0.001501677277636948,0.0004094262786684677,28.54683638888889,0.0033333333333333335,0,1,2025-03-01,24633501
1740792600000000,0.06841790650484321,29.726495560526235,0.7197575490628056,1800,0.7355050216530221,0.2186335003051162,0.0013251071057898134,0.0005520968957030137,33.35041277777778,0.008888888888888889,0,1,2025-03-01,24633501
1740794400000000,0.05228231362911977,39.00381156285954,0.7385014690027967,1800,0.7533681901918505,0.15689880242714271,0.0002871155929595748,3.2133932683087174e-05,39.877090277777775,0.008888888888888889,0,1,2025-03-01,24633501
1740796200000000,0.06118048962703724,23.632992295855875,0.6304716377782488,1800,0.6495260797086653,0.1269872482506067,7.023248750237521e-06,0.00013712716738834008,36.37750166666667,0.014444444444444444,0,1,2025-03-01,24633501
1740798000000000,0.04369187841717265,53.34943530216771,0.7746978105905512,1800,0.7806163307373616,0.14533537305745892,0.0012444887281179984,0.0009872697866710745,46.512834444444444,0.005,0,1,2025-03-01,24633501
1740799800000000,0.04227566146463495,19.609148545233587,0.6516495532811465,1800,0.6899079367220271,0.22050931657803363,1.0845384260660396e-05,3.716588637625584e-05,46.64107,0.0022222222222222222,0,1,2025-03-01,24633501
1740801600000000,0.04836891103288211,20.603282907401365,0.6764717980211825,1800,0.7039353704026308,0.24577568391045135,2.8608798552376413e-08,1.6672277195484142e-06,39.892963055555555,0.005555555555555556,1,1,2025-03-01,24633501
1740803400000000,0.06155419891509458,35.193601510942614,0.7089894777354926,1800,0.7147182476956008,0.21180784218319193,4.96194810859496e-05,1.6373839134553592e-06,33.872058055555556,0.010555555555555556,1,1,2025-03-01,24633501
1740805200000000,0.04205750807084105,42.428143484686714,0.7064655761425009,1800,0.7210017887920079,0.2853694337120143,0.00043382578029838026,0.00022687908367569065,43.67348805555556,0.005555555555555556,1,1,2025-03-01,24633501
1740807000000000,0.03972900695168989,44.410848086179556,0.7206069794089164,1800,0.7296928123124474,0.2689396418010508,9.062201564158379e-05,8.244224467834904e-05,44.13417361111111,0.0022222222222222222,1,1,2025-03-01,24633501
1740808800000000,0.033597742037251715,19.28892583482566,0.6600359384959784,1800,0.6962419682718624,0.08804731017692968,0.0001536142086081549,0.0005383379972143665,54.625746666666664,0.006111111111111111,1,1,2025-03-01,24633501
1740810600000000,0.03456534379159713,42.96427535284615,0.6975636409134116,1800,0.7092934414084696,0.1987401191540854,0.0005452469180229347,0.0018702393165048736,56.23070666666666,0.005,1,1,2025-03-01,24633501
1740812400000000,0.03355755911861853,34.82519763772739,0.6758653652589091,1800,0.6938319550080179,0.12241833785163558,2.0777896935442186e-05,0.00010846860123481239,58.488151111111115,0.006111111111111111,1,1,2025-03-01,24633501
1740814200000000,0.034420517809150515,36.47083459492741,0.717394847913507,1680,0.7377626710012823,0.259254851405315,0.0020183555683123133,0.0012334655107136827,56.27631755952381,0.0011904761904761906,1,1,2025-03-01,24633501
1740816000000000,0.030245178427305643,20.346798416823376,0.6553775092273004,1680,0.6746192456252249,0.309572577552062,0.0005233218662007433,0.00014099572673909044,61.12796279761904,0.002976190476190476,2,1,2025-03-01,24633501
1740817800000000,0.035623983334607104,32.522912912241026,0.7143686603077974,1800,0.7249988914790311,0.24434485932664896,0.00018136987218164702,0.00019740031706361183,56.71282333333333,0.0005555555555555556,2,1,2025-03-01,24633501
1740819600000000,0.03102656829483942,32.68018854215725,0.7090565187929652,1800,0.7240328694463996,0.20119345521227217,0.00025427899084962124,1.1050616555152715e-07,64.84774138888889,0.0011111111111111111,2,1,2025-03-01,24633501
1740821400000000,0.029188495625997114,34.874858367168514,0.7432834460175837,1800,0.7694781306255616,0.2131164715440067,1.859758083333496e-05,8.5743597022514e-06,61.366730000000004,0.0011111111111111111,2,1,2025-03-01,24633501
1740823200000000,0.038531538844136605,28.70482391491809,0.6883155919742249,1800,0.6886752920472988,0.25246574348118234,0.0008618508036895012,0.0014548778885409286,61.90924555555556,0.007222222222222222,2,1,2025-03-01,24633501
1740825000000000,0.03710504139581471,25.706664428311672,0.7187988333540776,1800,0.728636877084449,0.2154669611509129,2.48116867163084e-07,0.0014499924271738074,59.97701361111111,0.002777777777777778,2,1,2025-03-01,24633501
1740826800000000,0.047344483028917,20.468082759905776,0.6076228236480039,1800,0.6116374496448824,0.3430666975909866,3.708404586655334e-05,0.0032343419054529088,51.66077805555556,0.016666666666666666,2,1,2025-03-01,24633501
1740828600000000,0.03677460280997578,34.592891444370686,0.6057582780634723,1800,0.6147608698707853,0.27017426111933085,0.0001013685368820294,0.0009895511368404053,64.12121527777778,0.002777777777777778,2,1,2025-03-01,24633501
1740830400000000,0.03777743853873974,42.15491970954054,0.6726695146093494,1800,0.6800130544864753,0.2904410818963722,1.4701753763612935e-05,0.00106918422758695,60.83551138888888,0.0044444444444444444,3,1,2025-03-01,24633501
1740832200000000,0.0373472535408719,46.01929428030939,0.7434699165250493,1800,0.7578917797843339,0.13052913247637876,0.0004429332208657488,0.0004054751264286338,56.76378388888889,0.0005555555555555556,3,1,2025-03-01,24633501
1740834000000000,0.04329645197159246,22.101982503015897,0.6466739918070792,1800,0.6466764228191673,0.2598574393966536,0.0002852332265338431,2.1900739675118075e-06,60.10900638888889,0.008888888888888889,3,1,2025-03-01,24633501
1740835800000000,0.03902094219247396,41.99810916076755,0.7459367978003848,1800,0.7625756983996188,0.1695953517841745,0.0003889982570527417,2.6074593855507366e-05,53.778975,0.006111111111111111,3,1,2025-03-01,24633501
1740837600000000,0.03966803686885344,51.735687585931764,0.7478194689982371,1800,0.7621977869108463,0.16761358073935784,0.0020060364873585312,0.0028154211851219024,50.71098805555555,0.006666666666666667,3,1,2025-03-01,24633501
1740839400000000,0.039615059637135304,53.2916838568385,0.7549274634698608,1800,0.7657092134232855,0.18062924108957756,0.0002893254406773904,1.0970947816879573e-07,47.85009027777778,0.0038888888888888888,3,1,2025-03-01,24633501
1740841200000000,0.050291851324684424,31.75461877177804,0.734110557217359,1800,0.7388824638286536,0.18987064619472915,3.9528164186286574e-07,0.00023149715995196551,42.85509472222222,0.01,3,1,2025-03-01,24633501
1740843000000000,0.05341018201677223,45.93676210361741,0.7806656429799549,1680,0.7841123365937789,0.19788322752678245,0.0036847812405463864,0.001419131741054347,41.89173720238095,0.002976190476190476,3,1,2025-03-01,24633501
1740844800000000,0.05357594088035401,51.76672858842776,0.779626108629786,1680,0.7894492917733067,0.21665869331791876,0.00033839816602287964,0.0008671080859576907,42.72090922619048,0.0035714285714285713,4,1,2025-03-01,24633501
1740846600000000,0.0656651286280504,29.561265057589583,0.6735733955265425,1800,0.6747112785192293,0.23894450137392254,0.0010153963232754082,0.0002006789303747869,41.11035777777778,0.013333333333333334,4,1,2025-03-01,24633501
1740848400000000,0.05541865859401106,25.514512676071377,0.7274802732966146,1800,0.7386932443343188,0.17362673585208754,0.0004997529649571897,0.001901986261007571,41.378212500000004,0.0077777777777777776,4,1,2025-03-01,24633501
1740850200000000,0.039458600239417614,53.11072384620608,0.7696561213249307,1800,0.7778229623191908,0.1465879925664203,0.0011924885834522225,0.0002664171603155019,55.234695,0.0033333333333333335,4,1,2025-03-01,24633501
1740852000000000,0.03999564566500241,27.429877888848807,0.6328902365097511,1800,0.6394807020475053,0.2323403253989076,0.000350141447706509,0.00270444019953453,46.883185,0.005,4,1,2025-03-01,24633501
1740853800000000,0.041852301615025914,35.629317885532956,0.7639407268156364,1800,0.7675218386630811,0.14777486961156328,1.963129920290463e-05,1.2616813976795704e-05,44.55657888888889,0.0033333333333333335,4,1,2025-03-01,24633501
1740855600000000,0.03895225622235303,45.03053407426827,0.7215282846889127,1800,0.7311283140089064,0.22742480961964096,0.00030793883137103517,0.00026583580823269504,49.62229583333334,0.002777777777777778,4,1,2025-03-01,24633501
1740857400000000,0.039687588398592315,33.29464303232797,0.7291598581627918,1800,0.7309258941152534,0.24379563548949923,0.0015882291135902449,0.0003091489402345937,52.424932500000004,0.005,4,1,2025-03-01,24633501
1740859200000000,0.037143267252601635,35.890090169871584,0.7064805736646333,1800,0.7198599951274145,0.2496701408452935,0.0004019367014901354,8.778078684612556e-05,55.37178027777778,0.0011111111111111111,5,1,2025-03-01,24633501
1740861000000000,0.035622851631906524,39.71064390808916,0.8094399246776978,1800,0.8188584797985801,0.0955477210807194,0.0029405640614659223,0.0010098938070960406,57.14203361111111,0.0005555555555555556,5,1,2025-03-01,24633501
1740862800000000,0.04305133998134834,21.838713117584756,0.6508015968977641,1800,0.654337861592005,0.33201861705270497,0.0008873552626142978,0.0005414404627654967,52.372770277777775,0.005,5,1,2025-03-01,24633501
1740864600000000,0.04109818386361323,25.781375175893,0.6270655468668036,1800,0.6386060589212332,0.2741323623111075,0.00014477321290318201,9.274963916539036e-05,48.6277775,0.008333333333333333,5,1,2025-03-01,24633501
1740866400000000,0.04312780021704772,38.95009042745642,0.7258427126678506,1800,0.7339844119093455,0.2500165355144527,0.0003176786275486121,0.0012702691765491547,45.685923055555556,0.005,5,1,2025-03-01,24633501
1740868200000000,0.061619172729775365,26.14280703653389,0.7487870164169179,1800,0.7504894170879005,0.3355246478265541,0.005351125678965563,0.0010345239170003184,37.55617222222222,0.0016666666666666668,5,1,2025-03-01,24633501
1740870000000000,0.05104201085887636,28.91084620236,0.7074111842910191,1800,0.7114664433320699,0.24260036493099935,1.1454768859109343e-05,0.0019073405749441275,47.720757500000005,0.010555555555555556,5,1,2025-03-01,24633501
1740871800000000,0.043966208931527605,47.5826362453222,0.7689948939936102,1680,0.7762826659866557,0.11664784132578099,0.0016190627138882308,0.0007507497959986509,44.12631785714286,0.002976190476190476,5,1,2025-03-01,24633501
1743465600000000,0.024062354787721077,39.909492352519635,0.7655300536188161,1680,0.7679072323193967,0.2638689543110232,5.446402628894731e-06,4.410461144688238e-05,80.74265922619048,0.002976190476190476,0,0,2025-04-01,21540194
1743467400000000,0.04245875934648947,13.14322888731183,0.5276339614651914,1800,0.5292012000083122,0.1260998161163428,0.002869791528244292,0.00017605157108557812,56.688636388888895,0.013888888888888888,0,0,2025-04-01,21540194
1743469200000000,0.032486854092300704,32.77531797776017,0.7164640955123538,1800,0.7246825624612185,0.23161548983569735,9.814135433217075e-07,0.0002916666215874164,56.32584833333333,0.009444444444444445,0,0,2025-04-01,21540194
1743471000000000,0.03456525043454605,33.267507800965284,0.7895061637421966,1800,0.7952559088978097,0.2245382839500042,3.040098586060136e-05,0.00016189519054488066,49.05072333333333,0.0022222222222222222,0,0,2025-04-01,21540194
1743472800000000,0.031418482383900354,39.336208788614435,0.7878343640455574,1800,0.7956249617016293,0.2523344928331651,0.00046719840268338864,0.00013220757391430027,54.39565888888889,0.0038888888888888888,0,0,2025-04-01,21540194
1743474600000000,0.029545037299862163,16.597015412289757,0.6869263780246746,1800,0.7237176617422818,0.20029334757752237,8.460404826715617e-07,1.5738080087479567e-05,50.28093166666667,0.0016666666666666668,0,0,2025-04-01,21540194
1743476400000000,0.024261573187239555,20.653272595636764,0.6956204912569484,1800,0.7361520496164393,0.1853893341645667,0.0008809307454097359,5.684173685072125e-07,73.06124694444445,0.0038888888888888888,0,0,2025-04-01,21540194
1743478200000000,0.02345426446259887,32.25371223969373,0.7719241512547275,1800,0.7808898132572099,0.28910360762783216,0.00010958502144853277,9.159031931549322e-05,75.79671833333333,0.0033333333333333335,0,0,2025-04-01,21540194
1743480000000000,0.024850121882653776,24.162288277005324,0.747391966544998,1800,0.7491772379311362,0.31974277174828714,0.0031903965040545046,0.0008842570498189817,79.31648722222222,0.0038888888888888888,1,0,2025-04-01,21540194
1743481800000000,0.02604209454467986,19.091763282862974,0.7110717790433978,1800,0.7201371872163103,0.26419031358685374,0.00011866961749817939,6.36013356604126e-05,70.89074805555556,0.0005555555555555556,1,0,2025-04-01,21540194
1743483600000000,0.026635096951786157,18.47895812508322,0.503006127430897,1800,0.5070513730749922,0.4946370340056049,0.00015529953577742006,0.009011725726138842,69.37851055555555,0.0038888888888888888,1,0,2025-04-01,21540194
1743485400000000,0.023250141313990415,23.662600618722557,0.6535199207552729,1800,0.662912433907384,0.3944187029323163,0.0009141927335303279,0.0004999734487559637,58.75855555555555,0.0011111111111111111,1,0,2025-04-01,21540194
1743487200000000,0.02535298222126591,30.911501766819953,0.6793910759435757,1800,0.6856083919804261,0.340418654415341,0.00033920990243685445,3.5246498498953116e-05,64.06381972222222,0.0022222222222222222,1,0,2025-04-01,21540194
1743489000000000,0.034605877385478316,12.19214952944962,0.6274365986984767,1800,0.6279309435364617,0.3429951734347323,6.924793065632429e-06,0.0014770973278420696,54.88087305555556,0.005555555555555556,1,0,2025-04-01,21540194
1743490800000000,0.03186780522964642,29.01124610877328,0.7011964350822151,1800,0.7053669599420556,0.28015082817047743,1.6473973640795947e-07,1.1689911171286482e-05,52.533974722222226,0.0038888888888888888,1,0,2025-04-01,21540194
1743492600000000,0.02726401956643308,27.299047056106602,0.690970603402663,1680,0.6960345069469716,0.2709978270901434,0.004065181960763331,0.003593837026721669,69.41720535714286,0.0017857142857142857,1,0,2025-04-01,21540194
1743494400000000,0.041136934510837136,14.135530296022718,0.5487846694515313,1680,0.5496591045715207,0.25057297522082356,0.0025719302845501613,0.001239813200571982,57.03464553571429,0.01607142857142857,2,0,2025-04-01,21540194
1743496200000000,0.03412501184058706,10.561252189927018,0.5721206612259491,1800,0.6385518273758345,0.16226231345736242,0.0007054111657622819,0.0009886675031477443,51.36743666666666,0.0077777777777777776,2,0,2025-04-01,21540194
1743498000000000,0.029841956798349764,35.90375221360613,0.7194360471253888,1800,0.7323369714156792,0.16648923114377,0.00036499269932466216,0.0020475859297212073,62.65068666666667,0.0044444444444444444,2,0,2025-04-01,21540194
1743499800000000,0.028260947862634046,28.5569943071283,0.6914327168152454,1800,0.698093647948131,0.3171078755022664,5.6586525716606495e-05,0.00027786632352044816,61.153191666666665,0.002777777777777778,2,0,2025-04-01,21540194
1743501600000000,0.028389321612289305,34.49232753977578,0.7850549280229476,1800,0.7893334873199946,0.30159898564950505,0.0015366947853946433,0.00069379422035587,64.4353425,0.005555555555555556,2,0,2025-04-01,21540194
1743503400000000,0.027144020198144464,31.093740970398514,0.6984672431037522,1800,0.7099582272582501,0.20455861719869117,5.466271122411825e-07,0.00020472477600408379,73.86495638888888,0.007222222222222222,2,0,2025-04-01,21540194
1743505200000000,0.024081687125166715,40.02779472765512,0.7272895609882015,1800,0.74430216162896,0.18705666251218422,0.00010538205404919676,0.000885319970489018,68.54348555555556,0.006666666666666667,2,0,2025-04-01,21540194
1743507000000000,0.026748709969461826,26.798333609248818,0.6158467446139942,1800,0.625214169161952,0.17536262402230773,1.0210890963535668e-05,0.00013486923137162599,74.75546944444444,0.0022222222222222222,2,0,2025-04-01,21540194
1743508800000000,0.01844489757459635,15.577477276633694,0.6896741338917196,1800,0.7447814751952555,0.19400002419014828,0.0005732200699850587,0.0008630871500517889,115.34187388888888,0.0016666666666666668,3,0,2025-04-01,21540194
1743510600000000,0.025367449213352242,38.99558064293095,0.7418385978879367,1800,0.7587131899822598,0.3376355200360517,0.0006423304016652809,0.001064328987151919,74.24419805555556,0.002777777777777778,3,0,2025-04-01,21540194
1743512400000000,0.022927966238735466,36.55287252646645,0.7593266155068261,1800,0.762695807710877,0.2751162927064059,0.0001498340139731713,3.341726615424534e-07,93.07857166666668,0.005555555555555556,3,0,2025-04-01,21540194
1743514200000000,0.02942431266100698,48.96052443572056,0.7562652886185355,1800,0.7690479598610173,0.1782060636971614,0.00054642247822978,2.0728490352506235e-05,62.55357027777778,0.015,3,0,2025-04-01,21540194
1743516000000000,0.033706551823977145,26.578275854490705,0.6771868984030367,1800,0.6790259857905094,0.2383687375379353,0.0007197913325346361,0.004229752805533171,57.462740555555555,0.023333333333333334,3,0,2025-04-01,21540194
1743517800000000,0.030071620535737302,17.90323614185278,0.6278771863956547,1800,0.6584343370954333,0.21915438322853498,0.00017550787579734273,0.0005811457491087246,62.49943722222222,0.013888888888888888,3,0,2025-04-01,21540194
1743519600000000,0.03883546905479628,15.716692324051982,0.6083925435135644,1800,0.6098497956571898,0.21763309467665437,0.0024127448747019997,0.0005152002446620063,64.19887305555555,0.042222222222222223,3,0,2025-04-01,21540194
1743521400000000,0.03208958764546749,43.99356670712135,0.6506942478475992,1680,0.651703266860314,0.2547748610910471,1.2153701793859994e-06,0.0013319566191482002,66.96431011904762,0.008333333333333333,3,0,2025-04-01,21540194
1743523200000000,0.02265259235650026,22.306063953112705,0.7089311825594604,1680,0.7421998200905808,0.12022692670324853,8.31935489843394e-05,0.0002526437853545005,98.25062053571429,0.01011904761904762,4,0,2025-04-01,21540194
1743525000000000,0.026255552050217207,51.61791495814289,0.7337546412111168,1800,0.7377637707697738,0.21379786440138504,0.0005349802192904374,0.0009603978583879735,77.21703083333333,0.002777777777777778,4,0,2025-04-01,21540194
1743526800000000,0.021094962572159287,18.65104053753829,0.7188825396286066,1800,0.7556606938438921,0.12885642791327745,0.00023487601585348017,0.00028240276686908317,89.0819175,0.0033333333333333335,4,0,2025-04-01,21540194
1743528600000000,0.023465908810638213,36.55107033733313,0.7691891824686733,1800,0.7892792839520458,0.20826095986448157,0.00037544800735067607,0.0005850887762952617,83.23094694444444,0.0022222222222222222,4,0,2025-04-01,21540194
1743530400000000,0.02068851628651087,41.690606600895784,0.7229215022833075,1800,0.7335943115736858,0.19503353205366913,1.750567495206745e-05,0.0023361818992887473,94.50111805555557,0.0038888888888888888,4,0,2025-04-01,21540194
1743532200000000,0.020110585233373637,43.7247944099348,0.7807098447224211,1800,0.7890137693094761,0.2465681990122931,4.0075604557099354e-07,1.796222676486714e-06,103.14386833333333,0.0016666666666666668,4,0,2025-04-01,21540194
1743534000000000,0.01932560773551073,33.44344496023529,0.8050897973671807,1800,0.8182585940482849,0.10787019440395629,0.0016717126759472345,0.0017887312650000098,95.76870861111112,0.0044444444444444444,4,0,2025-04-01,21540194
1743535800000000,0.02089912820997564,16.646909969388247,0.7367263054527281,1800,0.7721130318138498,0.07274780073757803,0.0005849158182950065,0.00012958967134613086,82.3073775,0.005555555555555556,4,0,2025-04-01,21540194
1743537600000000,0.020059964875714396,25.08490682634284,0.6945252533838305,1800,0.7050365626777906,0.1902457377728488,0.00042057613916079983,0.0010324245400614718,104.99502722222222,0.0038888888888888888,5,0,2025-04-01,21540194
1743539400000000,0.027053063502052988,18.56293741471396,0.6057401475487495,1800,0.6057734764991116,0.38864000925869635,9.069322780108635e-06,0.0015565611901672272,87.37970638888889,0.006111111111111111,5,0,2025-04-01,21540194
1743541200000000,0.022342781787545517,23.703533592546286,0.72165778129281,1800,0.7225788223159318,0.2858956994229893,0.0001313023295379523,3.1585064494965565e-06,80.45140055555557,0.0016666666666666668,5,0,2025-04-01,21540194
1743543000000000,0.03990248367496133,18.73669869426777,0.7493174686866787,1800,0.7499481175505779,0.2986919327296965,5.421555426288194e-05,0.0006824553734410266,56.59017777777778,0.0022222222222222222,5,0,2025-04-01,21540194
1743544800000000,0.02696212260366277,13.329160973512451,0.6938143428804243,1800,0.7411820914679912,0.09777941299138615,7.5788379637620196e-06,1.719068469741014e-05,70.74891333333333,0.0022222222222222222,5,0,2025-04-01,21540194
1743546600000000,0.024359713585910787,32.39567758447745,0.7403125667698935,1800,0.7467639859734552,0.30531307539183183,0.0022486259485391402,0.0009019454591615572,75.51234166666667,0.0016666666666666668,5,0,2025-04-01,21540194
1743548400000000,0.02238120413087508,26.39249671102236,0.724126215344242,1800,0.7351905797519402,0.28527321862960564,0.00011353558059912228,0.0013733816083688621,80.61901472222222,0.0016666666666666668,5,0,2025-04-01,21540194
1743550200000000,0.024403265244902526,18.853434992735565,0.6896202853195128,1680,0.6965338104839979,0.28291596915686623,0.0003647990466812967,1.3947105253486747e-05,78.10538422619048,0.002976190476190476,5,0,2025-04-01,21540194
1746057600000000,0.015222258513535751,19.596044707782923,0.7354560558813613,1680,0.73880838924579,0.28413086074143945,8.721810761658233e-05,2.3870040574802687e-05,121.64542113095237,0.0035714285714285713,0,0,2025-05-01,17294701
1746059400000000,0.014860550503558953,27.92707272580913,0.696026200819775,1800,0.7069878449305754,0.32990895916542684,3.073215286519826e-05,1.8339315314697124e-05,109.18473666666668,0.0011111111111111111,0,0,2025-05-01,17294701
1746061200000000,0.019194273455982548,15.169660135625431,0.5988299519412481,1800,0.6026599621792437,0.38268955802030813,0.0009866288578630478,0.0017791637803836746,97.65070222222222,0.0033333333333333335,0,0,2025-05-01,17294701
1746063000000000,0.01768135632019072,28.311652845572848,0.6718540904905417,1800,0.6839768102030102,0.42134216285951354,0.00028811963843944355,0.00044875972769164996,109.57805166666665,0.0038888888888888888,0,0,2025-05-01,17294701
1746064800000000,0.018631916803565355,25.155726967930583,0.6452327817161282,1800,0.6531578950039402,0.38090253160857124,4.870419886993105e-05,0.002054216236274442,99.65708722222223,0.006111111111111111,0,0,2025-05-01,17294701
1746066600000000,0.017783967251468746,24.782849200849306,0.6186838636635736,1800,0.6240215384456052,0.435749583337969,0.00032575333492257386,5.167182403498227e-05,111.41340666666667,0.0038888888888888888,0,0,2025-05-01,17294701
1746068400000000,0.013686563358588142,29.22832215708914,0.6435410767426553,1800,0.6568476463834985,0.22424556115376937,0.0015871440234478396,0.00023155601497704126,133.30604805555555,0.0011111111111111111,0,0,2025-05-01,17294701
1746070200000000,0.015407654857867648,18.657249633181447,0.5739539732985355,1800,0.58342821359136,0.1527851604726732,0.0003532180077193692,0.002451237426809194,113.74688333333334,0.005,0,0,2025-05-01,17294701
1746072000000000,0.013408219083774799,32.0659659306783,0.6331023493961747,1800,0.6404350428590251,0.32842861038558724,0.0002911306661024238,0.00023967634611010702,126.44787388888889,0.0,1,0,2025-05-01,17294701
1746073800000000,0.013808076570859817,23.9162956008091,0.6609764568684362,1800,0.6783681992479076,0.17577660914696036,0.0002048413223874057,0.0007028382651044218,128.88318583333333,0.0,1,0,2025-05-01,17294701
1746075600000000,0.015233285089324743,17.800579226984855,0.6445458300431548,1800,0.65967527468843,0.3179165352867497,2.0525106988134034e-05,3.7596129552674995e-05,108.31974555555554,0.0005555555555555556,1,0,2025-05-01,17294701
1746077400000000,0.013635454660502578,14.507401342604556,0.41193568107044043,1800,0.4177743393812918,0.5531283873866326,0.0008893594820308381,7.103209621917017e-05,124.81644083333333,0.002777777777777778,1,0,2025-05-01,17294701
1746079200000000,0.012403352563589319,18.31052159211488,0.6254575679579992,1800,0.6435742035882324,0.33949104032313726,1.8981929141403953e-05,3.664396499125644e-06,125.59769944444444,0.002777777777777778,1,0,2025-05-01,17294701
1746081000000000,0.011334547176191655,22.10945565660041,0.633815051183498,1800,0.651317710823746,0.2972341524902872,0.0004515342779124465,0.0017150046277554232,124.59280694444443,0.0005555555555555556,1,0,2025-05-01,17294701
1746082800000000,0.011962532686587682,30.116254661180733,0.7136195678209458,1800,0.7156720277965559,0.2637079114958357,0.0002557303252378462,0.0003743694744308135,135.28791805555556,0.0011111111111111111,1,0,2025-05-01,17294701
1746084600000000,0.011653305995622773,29.287508670302643,0.7319451059642998,1680,0.7462508957164633,0.35443075363190324,0.0007831494818990592,3.267287492592086e-05,155.44943958333334,0.0017857142857142857,1,0,2025-05-01,17294701
1746086400000000,0.011250475987799493,22.06410881499274,0.6551692205434907,1680,0.6613385864176633,0.3692909454864721,0.0017871981596325748,7.854457466871523e-06,149.99689107142856,0.002380952380952381,2,0,2025-05-01,17294701
1746088200000000,0.013031711998978884,10.29321113872268,0.34275171943826566,1800,0.3538451653009732,0.6212006591959127,0.0003212237361259751,0.00015206551498925247,136.23952944444443,0.0011111111111111111,2,0,2025-05-01,17294701
1746090000000000,0.010868705156926697,24.78569330358654,0.682972816114958,1800,0.6956855611522199,0.3710882020093166,1.2444233999930887e-05,1.6093453182763895e-05,152.2338325,0.0022222222222222222,2,0,2025-05-01,17294701
1746091800000000,0.013129528748412842,23.01655976059512,0.6006582331936876,1800,0.6048574083479126,0.24020123806141813,1.3329353330981952e-05,0.0010523611448538528,132.94924444444445,0.006111111111111111,2,0,2025-05-01,17294701
1746093600000000,0.018431019754581564,18.16292548199594,0.5126681815181924,1800,0.5157959286646687,0.39485787701524333,2.9225689162859503e-05,0.004356921670669811,130.4265636111111,0.014444444444444444,2,0,2025-05-01,17294701
1746095400000000,0.01615812834732932,23.433139131593933,0.5640869702631313,1800,0.5743901639760861,0.230575922914802,0.0003540579838835489,0.00010652303564639976,136.487585,0.009444444444444445,2,0,2025-05-01,17294701
1746097200000000,0.019551095798882395,16.90220776705264,0.5801744816704062,1800,0.581433008454595,0.35360461088370077,0.003933433450014734,0.004331839970023066,123.25032916666666,0.01,2,0,2025-05-01,17294701
1746099000000000,0.012561725532304207,23.23207646408974,0.6016976625939948,1800,0.6063371850783922,0.42742942256178784,5.479326390389616e-06,0.0001268971732388824,167.0835375,0.002777777777777778,2,0,2025-05-01,17294701
1746100800000000,0.012072097625542651,23.88689846838947,0.5290059350287188,1800,0.5454180252193039,0.3287892185383955,3.503768913515337e-05,0.004843802282283427,142.85664333333335,0.008333333333333333,3,0,2025-05-01,17294701
1746102600000000,0.013972940586088358,26.75351383745026,0.6686297261098246,1800,0.6814001883565833,0.18538264740907684,2.2733819919240617e-05,0.0008539014948226731,136.9564436111111,0.0038888888888888888,3,0,2025-05-01,17294701
1746104400000000,0.01239582442885657,30.390494065870786,0.5798644737418711,1800,0.5896641908183815,0.2899994498824229,3.071860196213194e-07,0.0003755728942591574,162.34167083333332,0.006111111111111111,3,0,2025-05-01,17294701
1746106200000000,0.0192160504910023,26.395695325793653,0.4751411171211931,1800,0.47806982780616514,0.3612978817591458,0.0009603547115422106,0.0015192983782746916,115.50767555555555,0.025555555555555557,3,0,2025-05-01,17294701
1746108000000000,0.021214413864621893,12.556789126529178,0.42091279803838744,1800,0.422634766902363,0.4654256288766222,2.848434275903866e-05,0.00031439194671245563,106.11292583333334,0.01611111111111111,3,0,2025-05-01,17294701
1746109800000000,0.01479184764836581,26.060175919290785,0.6095830321321651,1800,0.6149225122345776,0.33520735454089334,5.836848749773971e-06,6.334192864720922e-05,136.73392916666668,0.008888888888888889,3,0,2025-05-01,17294701
1746111600000000,0.021556733087981013,13.863601066584954,0.5279366225921537,1800,0.5323264555951059,0.3525929292464608,0.000446256945065171,0.00032397543544882,113.45176166666667,0.025,3,0,2025-05-01,17294701
1746113400000000,0.01555519487278343,34.313772646990074,0.6348341503821945,1680,0.6396316115265653,0.2770849074642856,0.000329174891113726,0.0003998330613467216,123.80068273809523,0.005952380952380952,3,0,2025-05-01,17294701
1746115200000000,0.012699465615882324,37.548638054068164,0.6817131230899801,1680,0.6856137468260446,0.25242203983993716,3.892339897515473e-05,2.130900955699122e-05,142.91178898809522,0.004761904761904762,4,0,2025-05-01,17294701
1746117000000000,0.013385018544444504,34.850857663048835,0.6596280757140592,1800,0.6770400677623767,0.24622308366734658,9.081823726386773e-07,0.0008514406005639685,131.30672361111112,0.005555555555555556,4,0,2025-05-01,17294701
1746118800000000,0.011976967261963723,35.40316896034953,0.7040391727187292,1800,0.7088067122563402,0.24943497434232897,1.1459603455832301e-05,0.0013050018427623877,164.6878013888889,0.0044444444444444444,4,0,2025-05-01,17294701
1746120600000000,0.011961526539813545,28.456877274573603,0.5913444700358148,1800,0.5963106419034367,0.2699122596991811,0.00024262627220317246,0.00018420794196782886,136.80518444444445,0.0038888888888888888,4,0,2025-05-01,17294701
1746122400000000,0.011329397844296483,30.454864741665553,0.7169330372882836,1800,0.724450159526236,0.22786817983967578,0.0012288486863659687,0.002382640342765474,159.96951194444446,0.002777777777777778,4,0,2025-05-01,17294701
1746124200000000,0.010983540387122957,26.956869433512107,0.6116405785202639,1800,0.6246390630610908,0.359301504764972,0.0005644266126624276,0.0003373482538246986,157.20104166666667,0.0044444444444444444,4,0,2025-05-01,17294701
1746126000000000,0.01154899303638738,32.78935059108729,0.6733248743141831,1800,0.6794454731088543,0.30058817421017936,0.0007271287983344754,0.000873122815286731,155.00092194444446,0.0022222222222222222,4,0,2025-05-01,17294701
1746127800000000,0.01248199090724465,11.658574309517881,0.45744064290698794,1800,0.46003857854580843,0.5884555705957899,0.0020344716824582942,0.00031394733489953364,157.09811944444445,0.007222222222222222,4,0,2025-05-01,17294701
1746129600000000,0.012448095338126982,33.782168285332304,0.754255517106328,1800,0.7585191195745036,0.23289646764172456,0.00014283027730277453,7.419851120182841e-07,142.75193777777778,0.005555555555555556,5,0,2025-05-01,17294701
1746131400000000,0.01228973968616541,21.608471191766835,0.6599685653196066,1800,0.6622439981691077,0.3965209484389415,0.00021051615582345917,0.002955254729112955,132.25860944444446,0.0011111111111111111,5,0,2025-05-01,17294701
1746133200000000,0.010234923251144447,19.452684137894327,0.7074486374979223,1800,0.7229280679788854,0.3483586514875102,4.0684480389963085e-05,0.00010662598530586376,146.3051386111111,0.0,5,0,2025-05-01,17294701
1746135000000000,0.017860896119506996,14.042249656732917,0.7246626098726698,1800,0.7481626984951288,0.09929078437999383,0.0007661323082708282,0.001055922291297473,115.38585055555555,0.0022222222222222222,5,0,2025-05-01,17294701
1746136800000000,0.017438497086816662,35.02426377323743,0.802539321598483,1800,0.8056990461003483,0.11794831389388716,0.00031294806535742126,0.001151720924817634,95.60791333333334,0.0016666666666666668,5,0,2025-05-01,17294701
1746138600000000,0.01384540251421705,20.88237927614731,0.6522637883569806,1800,0.6579469790939102,0.1998319485951211,0.0006006733392315278,5.60478145065213e-05,108.59758666666666,0.0011111111111111111,5,0,2025-05-01,17294701
1746140400000000,0.012336082379295524,28.544666579139076,0.6852277265942397,1800,0.6944607750017748,0.15528149477011022,0.0002923652856591241,4.274642200596812e-05,130.8362388888889,0.0038888888888888888,5,0,2025-05-01,17294701
1746142200000000,0.012705010295807003,37.87311609564564,0.7878815700025082,1680,0.7989524053499869,0.1740752686240824,0.00010228958901192797,3.440080662553413e-07,131.57557113095237,0.0011904761904761906,5,0,2025-05-01,17294701
1748736000000000,0.026309788325739894,18.470662833929985,0.6621483912537454,1680,0.6696188945673986,0.15979224026323346,0.00010032610347987525,0.0028976651477852222,75.6228125,0.008333333333333333,0,1,2025-06-01,20078614
1748737800000000,0.031070890348924848,21.38575576865902,0.6531951346996863,1800,0.6665579780880617,0.45248166947548507,0.0003778739607841475,0.0009223146609970145,62.84108861111111,0.002777777777777778,0,1,2025-06-01,20078614
1748739600000000,0.027636154677951427,20.93349398471011,0.7523870314385886,1800,0.7580966567313432,0.4123238041372873,0.003137053813595525,0.0014619923199468143,75.96927888888888,0.005,0,1,2025-06-01,20078614
1748741400000000,0.03302554185839161,9.103146166053081,0.42616948439141256,1800,0.4283604407881696,0.5610029652466211,8.957020899258428e-05,0.0020103033269265325,69.2088175,0.014444444444444444,0,1,2025-06-01,20078614
1748743200000000,0.029376990991294774,40.69439907748825,0.7386077004360361,1800,0.7549833158657675,0.31574489982363463,0.0006638150657584108,3.215855134841572e-05,67.02472194444445,0.005555555555555556,0,1,2025-06-01,20078614
1748745000000000,0.029060870296686345,29.154553664476865,0.6844735716492377,1800,0.7063628816958825,0.3057825299299375,0.0010704462709504314,0.00013766875233756082,68.90780527777777,0.005,0,1,2025-06-01,20078614
1748746800000000,0.029337190669365912,27.35870621539636,0.7280454435626191,1800,0.7386899760479229,0.19077624417042183,0.0002380005000311991,2.8417332986307997e-05,69.86110277777777,0.005555555555555556,0,1,2025-06-01,20078614
1748748600000000,0.030944013550909935,23.93063231938486,0.6110213578274959,1800,0.6213994534828846,0.3521445029719651,0.0017057341075572552,2.8144008235031492e-09,62.741596111111114,0.0016666666666666668,0,1,2025-06-01,20078614
1748750400000000,0.028144189030826425,23.569536434164707,0.7141648902763982,1800,0.7407059096799858,0.2510910149395641,0.0006751348456823791,0.0025123023178986736,67.74597722222222,0.0011111111111111111,1,1,2025-06-01,20078614
1748752200000000,0.02494023881894847,27.227752942138334,0.7031410788910303,1800,0.7091694018254917,0.21670004780743513,7.841469689351399e-06,0.00021438381167337983,65.24949972222223,0.0044444444444444444,1,1,2025-06-01,20078614
1748754000000000,0.02558974015827724,26.768871292031942,0.7316715301022865,1800,0.7435205677814178,0.16568089352960746,0.0007562052090895888,0.0003031574002860804,65.37945666666667,0.005,1,1,2025-06-01,20078614
1748755800000000,0.025668705744095795,27.663623555058432,0.7648757557789854,1800,0.7766125539553316,0.2547730680866196,0.00015645719481183207,4.5072734418005744e-05,61.555213055555555,0.0016666666666666668,1,1,2025-06-01,20078614
1748757600000000,0.030236578689041546,21.550300818279965,0.7449943661836993,1800,0.7453183336562137,0.323166258974114,0.00011111098115834661,0.0005439328707756985,61.30995083333333,0.002777777777777778,1,1,2025-06-01,20078614
1748759400000000,0.026584150107126562,32.862329601261735,0.7592009143297636,1800,0.7675832724177246,0.2925573848427787,2.4389985972428363e-05,4.324975497738137e-06,63.9707375,0.0022222222222222222,1,1,2025-06-01,20078614
1748761200000000,0.026145772025631023,23.496168261704526,0.7807876135131223,1800,0.7953776163590712,0.2771590802408387,0.002921812811503499,0.000714159307570239,67.77905,0.0016666666666666668,1,1,2025-06-01,20078614
1748763000000000,0.02297703897396142,29.6845509223986,0.7969097759990428,1680,0.8109532854395478,0.2427433771832006,4.1021349733716406e-06,5.529443605611917e-05,73.57182023809524,0.005357142857142857,1,1,2025-06-01,20078614
1748764800000000,0.02439847532603918,34.30533327722186,0.7798707059708473,1680,0.7831373168733694,0.2757538867965271,0.000827670935356406,0.0007015813716867436,81.23448660714286,0.005952380952380952,2,1,2025-06-01,20078614
1748766600000000,0.025505217394493934,30.327772301163108,0.7218435204554552,1800,0.734179234244617,0.3714336829934204,0.0012994486511105352,0.00011990066874767447,70.76414416666667,0.007222222222222222,2,1,2025-06-01,20078614
1748768400000000,0.025046507538742043,39.685963648128315,0.7435092501923047,1800,0.7523602317019055,0.2992128322410871,0.0007637718999228271,1.713430152150419e-05,80.43856777777778,0.008888888888888889,2,1,2025-06-01,20078614
1748770200000000,0.027355776582887438,33.550695837876795,0.7042554253948123,1800,0.7096711460350624,0.2449416215768031,0.0006277099093753291,0.0009490772324479702,73.80596416666667,0.022222222222222223,2,1,2025-06-01,20078614
1748772000000000,0.025349687285482713,40.47271490384535,0.7389771425322289,1800,0.7534981431178269,0.24177112504543796,0.0007322389430450826,1.67230912414551e-05,89.67601916666666,0.007222222222222222,2,1,2025-06-01,20078614
1748773800000000,0.02390320372466627,29.9400522553534,0.6850030568487182,1800,0.700227058568363,0.2728198294397297,1.4424644928512365e-06,4.915865515653373e-06,88.77336944444444,0.0022222222222222222,2,1,2025-06-01,20078614
1748775600000000,0.021767142315374858,34.99962263422753,0.689952185469318,1800,0.7035504561474155,0.34315708653164845,2.797514736740947e-05,0.0008791289854077622,89.75362416666667,0.002777777777777778,2,1,2025-06-01,20078614
1748777400000000,0.022225752789723444,23.761260148003895,0.6940676792038556,1800,0.7167085888117508,0.23266023618575082,8.002375039872778e-05,0.002453474014354695,91.96053527777778,0.0033333333333333335,2,1,2025-06-01,20078614
1748779200000000,0.02142938056696335,29.901211738336936,0.7093132168738457,1800,0.728839897845049,0.3198328173348782,0.0002516794042317638,2.3801565638414957e-06,88.33461166666667,0.005,3,1,2025-06-01,20078614
1748781000000000,0.02684056147464119,9.027872556955154,0.5634168201880532,1800,0.5854658961634129,0.26408906966140566,0.002483595140565509,8.378455749225022e-05,83.4279536111111,0.009444444444444445,3,1,2025-06-01,20078614
1748782800000000,0.020702849265361395,35.61487270802443,0.7022670407484153,1800,0.7099877246421136,0.30835647935564026,0.0014233297895980268,5.8091364274481805e-08,100.53876944444444,0.0022222222222222222,3,1,2025-06-01,20078614
1748784600000000,0.022318183899436274,31.58488884970479,0.6899559721975657,1800,0.701208593869817,0.3105494584486125,0.0011158728985443123,0.0005709848020579722,91.30165555555556,0.0038888888888888888,3,1,2025-06-01,20078614
1748786400000000,0.024812946471362753,26.88972380569624,0.6579294779711825,1800,0.666738241364891,0.31307114555085835,0.0009878240030958274,0.00018276431063801724,94.34493694444444,0.010555555555555556,3,1,2025-06-01,20078614
1748788200000000,0.025105040703065323,30.562811529346124,0.691712381451033,1800,0.706715192056627,0.13609673744911,0.0011893011510843987,0.0026410460063363006,106.29433944444443,0.0077777777777777776,3,1,2025-06-01,20078614
1748790000000000,0.02259520280338205,24.138470907103816,0.6469289425016084,1800,0.6713806287910221,0.22223117055251262,6.904639504590193e-08,0.00014304516640084586,92.31960305555556,0.005555555555555556,3,1,2025-06-01,20078614
1748791800000000,0.02465999990626385,28.8276563877931,0.68324324852687,1680,0.699329691393251,0.31557034953372565,4.6141840338576046e-05,0.0004342588175586526,96.09750089285714,0.008333333333333333,3,1,2025-06-01,20078614
1748793600000000,0.028101002877636908,16.79945279767832,0.5756111270515092,1680,0.5784769495626828,0.3866375809742342,8.179211008851883e-05,3.47859483347257e-05,84.84696785714284,0.026785714285714284,4,1,2025-06-01,20078614
1748795400000000,0.023743068957518057,26.21129114825116,0.4443326786829406,1800,0.4531152080440707,0.5132966450600855,0.0005160019021532847,9.148753179299973e-05,93.73115694444444,0.014444444444444444,4,1,2025-06-01,20078614
1748797200000000,0.020760201981757046,23.27017570562936,0.5367869657465891,1800,0.5581294975654932,0.38113569918539214,5.532515110417968e-05,2.2389116981491597e-06,112.48735611111111,0.005,4,1,2025-06-01,20078614
1748799000000000,0.024487599490627905,20.284358062412107,0.5673097483942827,1800,0.5805359441193947,0.4396949770450783,0.00014433081509068746,0.00037300650561600257,99.80527666666666,0.008888888888888889,4,1,2025-06-01,20078614
1748800800000000,0.026075001419562746,21.29547335214893,0.5174164786684965,1800,0.5273752577622218,0.39445309811370866,0.0002872540838166904,0.0010114824279121581,92.56684305555555,0.010555555555555556,4,1,2025-06-01,20078614
1748802600000000,0.025915227819894533,13.567594041156587,0.45664325973772246,1800,0.45686797337788376,0.48650118035132894,8.413639631443814e-06,0.0029465035936513395,86.47442416666668,0.019444444444444445,4,1,2025-06-01,20078614
1748804400000000,0.024504968515210668,9.938432575463931,0.45855619175007967,1800,0.4620786477825817,0.5244116780450288,0.001519308228710603,0.0015288472869927627,89.64848916666666,0.006666666666666667,4,1,2025-06-01,20078614
1748806200000000,0.025412745901246345,21.384085006469117,0.6766755037155522,1800,0.6808803691461012,0.3248963542271639,0.0008202028979245046,0.0018545432578415122,97.58019999999999,0.005555555555555556,4,1,2025-06-01,20078614
1748808000000000,0.023474094248427422,36.084457940537824,0.7029905890809012,1800,0.7111249425247845,0.2687186261961234,0.0005124333752287713,0.00038622728610926416,86.39390583333333,0.0033333333333333335,5,1,2025-06-01,20078614
1748809800000000,0.020534999547055906,24.8737353040647,0.5822042857855493,1800,0.593509286654345,0.15887026763832857,7.522873733512014e-06,0.0009938825492151748,106.88234333333332,0.0044444444444444444,5,1,2025-06-01,20078614
1748811600000000,0.021295005737371354,27.26169157760495,0.6434938829995043,1800,0.6599492028457499,0.48770828108426934,6.145691733294711e-09,0.002378044514279587,100.16323416666665,0.002777777777777778,5,1,2025-06-01,20078614
1748813400000000,0.03355132256935169,21.652341396954004,0.7156231606523988,1800,0.7265680368217959,0.29422168544884475,6.756712377797847e-05,0.001220904469363071,69.77047444444445,0.0016666666666666668,5,1,2025-06-01,20078614
1748815200000000,0.02637808775933055,30.701824214117984,0.6509340424536065,1800,0.654772990771076,0.1074455806065967,0.00012867663595372836,0.002288865719679012,99.39548805555555,0.008333333333333333,5,1,2025-06-01,20078614
1748817000000000,0.02197884662905826,27.76042497106121,0.6477053729787153,1800,0.660118891762964,0.27143578762391896,0.0010647244335445505,3.6726646587048606e-05,96.91870833333333,0.002777777777777778,5,1,2025-06-01,20078614
1748818800000000,0.02288733078319771,28.30605018924116,0.6733381538392221,1800,0.6845035128353936,0.2781572169444503,0.0019773858498152164,0.00021373697956095228,97.894815,0.0038888888888888888,5,1,2025-06-01,20078614
1748820600000000,0.021177999974996774,22.73112014694291,0.6029610107296368,1680,0.6344295730826988,0.38454138095354196,0.000211877563373708,0.005806423705120856,88.42452142857142,0.0011904761904761906,5,1,2025-06-01,20078614
1751328000000000,0.011579518437304577,28.402430357817234,0.7477879578360114,1680,0.7525659311072151,0.2926353986565552,9.05492798586316e-06,0.0002942882437804162,155.54577440476191,0.004166666666666667,0,0,2025-07-01,25603186
1751329800000000,0.011937420186011448,21.3435292956701,0.6789216940165285,1800,0.6822774834666361,0.22060977113006763,0.0001508676179865498,0.000271989204631673,147.3328638888889,0.0033333333333333335,0,0,2025-07-01,25603186
1751331600000000,0.011626131169695911,35.0125479461188,0.7528165974188754,1800,0.7668944023899987,0.3090861281638382,0.0009177992639748389,2.0270478939821146e-07,145.93736916666666,0.0022222222222222222,0,0,2025-07-01,25603186
1751333400000000,0.015044657608785804,28.604385817616667,0.7742337741212754,1800,0.7882046314310693,0.218693389381852,0.000969850012525475,0.0003983595657440775,120.70161138888888,0.0022222222222222222,0,0,2025-07-01,25603186
1751335200000000,0.013504425821440671,32.68463876728839,0.7666839701088892,1800,0.7871576524801143,0.2375946962635852,0.00010439405440221261,0.0001772712199443749,122.312385,0.0016666666666666668,0,0,2025-07-01,25603186
1751337000000000,0.012562115429201949,26.4793914832351,0.6917273623987839,1800,0.7027894814908351,0.29296129804846804,9.744831387370478e-05,4.448266582901539e-05,133.52366527777778,0.0016666666666666668,0,0,2025-07-01,25603186
1751338800000000,0.011495594385337716,31.762114981429907,0.7601246440441612,1800,0.7706075780855863,0.14384181854916933,1.79065304181103e-05,0.00030027271742461004,144.95997555555556,0.0022222222222222222,0,0,2025-07-01,25603186
1751340600000000,0.011497945785388071,21.494972234638354,0.6568092096500386,1800,0.6697551249502056,0.40693364056215353,2.4137678164559695e-05,0.00031090759944707447,145.8756461111111,0.0016666666666666668,0,0,2025-07-01,25603186
1751342400000000,0.012412391247750114,21.445463264277432,0.7025728043721531,1800,0.7265894611722311,0.24890941379951326,0.0001567335584139462,3.4969616656832514e-06,137.07251416666665,0.0011111111111111111,1,0,2025-07-01,25603186
1751344200000000,0.016797862116376478,14.918395260269467,0.5550744962862815,1800,0.5552245617542191,0.49200766897721593,0.00011802812672123686,0.0018776913598066436,128.0630625,0.005555555555555556,1,0,2025-07-01,25603186
1751346000000000,0.013728827015305206,36.53036303516389,0.7494661997355929,1800,0.7546182445626426,0.2160692740983685,1.2090073249537703e-05,0.0008318593944061092,148.79728500000002,0.0044444444444444444,1,0,2025-07-01,25603186
1751347800000000,0.014097269281347594,42.600058496445975,0.7594690634436263,1800,0.7644935951537776,0.32529288035191883,0.0019445613590572952,2.312899115786138e-06,139.98792444444445,0.002777777777777778,1,0,2025-07-01,25603186
1751349600000000,0.013944007954540791,26.972850954795796,0.7959324412845252,1800,0.7963749357167536,0.3070940386091454,0.00038626862258583916,0.0012234977164033989,134.91368333333332,0.0016666666666666668,1,0,2025-07-01,25603186
1751351400000000,0.012078303385513231,29.652442440570123,0.764564258099732,1800,0.7730541739865577,0.2570625658556982,0.0001353941627263433,5.731925138086069e-05,136.8861475,0.002777777777777778,1,0,2025-07-01,25603186
1751353200000000,0.014055044126841349,22.127039714468648,0.6154411624962441,1800,0.6161100705211422,0.3776994868038859,0.0008597506182057568,0.0018554760235621748,189.890085,0.006111111111111111,1,0,2025-07-01,25603186
1751355000000000,0.013202721129233458,16.460715737306106,0.5377363321165087,1680,0.5405021308795332,0.410035115556603,0.00010182133379099678,0.005317498670233456,243.72667440476192,0.0011904761904761906,1,0,2025-07-01,25603186
1751356800000000,0.01331759224184467,13.26036601373714,0.4853310306480004,1680,0.5058041638199162,0.6279147227545456,0.00020818862394633708,4.079819357349912e-06,136.77296220238094,0.0017857142857142857,2,0,2025-07-01,25603186
1751358600000000,0.015219848032525105,25.473818792099067,0.6332020026529064,1800,0.6456132799783906,0.36329070314866196,0.0007808143530706468,1.4376942503169232e-05,108.64057472222223,0.0022222222222222222,2,0,2025-07-01,25603186
1751360400000000,0.015072119928725957,35.89739034828694,0.733005025428058,1800,0.7481605754905265,0.26196461759461853,5.6771605316807694e-05,0.0004818015144586463,105.32315277777776,0.0011111111111111111,2,0,2025-07-01,25603186
1751362200000000,0.015278145662981127,8.138678974479658,0.6047546269685689,1800,0.630332078205259,0.44647367346793987,5.8024590035010704e-05,0.0015623087603438002,120.90028666666667,0.0011111111111111111,2,0,2025-07-01,25603186
1751364000000000,0.012925550965466099,28.824709135615677,0.7351888305250687,1800,0.7451584198150953,0.1075066575444733,0.0017387956670407156,0.0008985467807010039,148.1206997222222,0.0022222222222222222,2,0,2025-07-01,25603186
1751365800000000,0.012265590274173887,20.866642694851958,0.5960952253786003,1800,0.5974217683889116,0.3594066495167415,9.742774932919307e-05,6.151272681542697e-05,151.4636975,0.0044444444444444444,2,0,2025-07-01,25603186
1751367600000000,0.0114916496666271,27.27613894712817,0.6817651861922078,1800,0.6955716493584557,0.3516320916609402,0.00035391119528471737,5.914200095202826e-05,141.36985,0.0011111111111111111,2,0,2025-07-01,25603186
1751369400000000,0.01244086648942006,13.586691748489683,0.6383752605969926,1800,0.6423794170009828,0.32780762898087445,0.00012972590751558766,0.0011088363694092829,149.01358805555557,0.0011111111111111111,2,0,2025-07-01,25603186
1751371200000000,0.013148693469996663,21.609567118722158,0.6737312765646992,1800,0.6807705988520982,0.3448213684404615,5.09947766347274e-06,0.005312346933397771,159.48315166666669,0.0033333333333333335,3,0,2025-07-01,25603186
1751373000000000,0.012628219180317517,26.242521598641506,0.6467273507899789,1800,0.66187377787456,0.30596030124940554,0.0001737242281215634,7.890245541086749e-05,154.28601555555554,0.0011111111111111111,3,0,2025-07-01,25603186
1751374800000000,0.011735055384488938,36.32407185631334,0.6883411047641328,1800,0.6945494257402738,0.3653232690633408,0.0003181644295553454,0.0004921206305913417,158.81453861111112,0.0038888888888888888,3,0,2025-07-01,25603186
1751376600000000,0.01338629964339178,22.183884944340274,0.7401468573671953,1800,0.740165441028736,0.21404115264093526,0.0002666671721979208,3.473370396633868e-06,144.86007305555555,0.0077777777777777776,3,0,2025-07-01,25603186
1751378400000000,0.012913842696853169,40.84601108019936,0.7745328857781453,1800,0.7794475176480362,0.20378457763145186,0.0019763929523372026,0.0015371218198166892,139.979035,0.008333333333333333,3,0,2025-07-01,25603186
1751380200000000,0.01451968394130667,36.04815616119399,0.7090819407281412,1800,0.709564713199653,0.23119307619267515,4.299284411757309e-05,0.0019464399495381368,136.13084055555555,0.019444444444444445,3,0,2025-07-01,25603186
1751382000000000,0.013273496741612463,47.99467962690321,0.7246388914361191,1800,0.735544209997512,0.1770106139922294,0.00030225370538816687,0.001039575849882235,134.34693972222223,0.006111111111111111,3,0,2025-07-01,25603186
1751383800000000,0.012466441882247799,37.111244870141434,0.7433084302212936,1680,0.7520764225953823,0.19097176150202144,0.0008203758938796213,8.489885854889856e-06,138.2996419642857,0.0035714285714285713,3,0,2025-07-01,25603186
1751385600000000,0.011927329764093943,40.106561660843354,0.775109530555854,1680,0.7973986776775969,0.19585321130549194,0.0006354846459821761,4.829236303172113e-05,138.31734226190477,0.0005952380952380953,4,0,2025-07-01,25603186
1751387400000000,0.012163966575744204,24.781256951844657,0.7421687240157389,1800,0.7523393716087017,0.19648092344770285,6.425372253171524e-05,0.0001173728542368524,146.4897063888889,0.0022222222222222222,4,0,2025-07-01,25603186
1751389200000000,0.013030137696482171,45.71177726935525,0.7581588980074031,1800,0.7743093578585648,0.18194136944402428,0.00018442540695740028,0.0009088828873246024,138.8356036111111,0.0022222222222222222,4,0,2025-07-01,25603186
1751391000000000,0.013884018385530708,18.09234970163584,0.7211648396956134,1800,0.7271913656906845,0.27289524852173297,0.002120076863992404,6.871463341295847e-05,131.33313444444445,0.0038888888888888888,4,0,2025-07-01,25603186
1751392800000000,0.012434796532246394,42.23112466168354,0.7706564377466463,1800,0.7779533563332466,0.22261447082047015,0.0005448690365306152,0.0004015429455807018,130.82240972222223,0.0011111111111111111,4,0,2025-07-01,25603186
1751394600000000,0.014660251105209588,10.458026094384822,0.49716973720648894,1800,0.4973640519608429,0.41052228559532367,0.0002632688197787836,0.001926574857979868,131.6108375,0.0077777777777777776,4,0,2025-07-01,25603186
1751396400000000,0.014646339313993758,35.342626460200215,0.8005467768120084,1800,0.8005518311535736,0.19342961521339452,0.0003104957340160919,1.644741420125939e-05,123.18582194444444,0.006111111111111111,4,0,2025-07-01,25603186
1751398200000000,0.014916242100494538,30.715752883800462,0.6787171185589114,1800,0.6819690673633705,0.2986133642235864,0.0009433017084488071,7.969514372874187e-06,120.25929583333334,0.0038888888888888888,4,0,2025-07-01,25603186
1751400000000000,0.0207256283928326,17.990073191811067,0.634882159836484,1800,0.6349315121505026,0.28416762890178515,0.001592281957731534,0.00011951811901478315,102.42542472222222,0.009444444444444445,5,0,2025-07-01,25603186
1751401800000000,0.016990441502371025,26.01351904166895,0.6161092005310272,1800,0.6194467090197378,0.4655243568837961,4.429532527838731e-05,2.9265832647396017e-05,111.45905666666667,0.0016666666666666668,5,0,2025-07-01,25603186
1751403600000000,0.0187222324468367,19.55504651094745,0.6574957624803794,1800,0.6688236171056556,0.36068595945637183,0.0014804109496168172,0.00010105962396145252,103.06126416666666,0.0016666666666666668,5,0,2025-07-01,25603186
1751405400000000,0.023413099046868717,21.86674015071369,0.7065373152852699,1800,0.7333829342111853,0.3861396862551364,0.0007307714742087468,5.131956628767753e-06,70.93333722222222,0.0005555555555555556,5,0,2025-07-01,25603186
1751407200000000,0.018790546281410626,30.317638340211897,0.7677482388481056,1800,0.770860642897385,0.19825939861401354,5.4249706512909945e-05,6.955111602557906e-05,126.32859111111111,0.002777777777777778,5,0,2025-07-01,25603186
1751409000000000,0.01908256345522043,17.27529178293292,0.4972037091789412,1800,0.5110007445438698,0.5250713157603428,0.0004245524968652381,0.0003559313041304746,96.01573055555556,0.0022222222222222222,5,0,2025-07-01,25603186
1751410800000000,0.02089833691494948,9.962778653591903,0.6504633833611484,1800,0.6970868370163802,0.3901266343756321,0.0010970433389677625,0.0028114592766719237,104.17000916666666,0.0044444444444444444,5,0,2025-07-01,25603186
1751412600000000,0.013747305310719202,27.261418509779006,0.6579650441913971,1680,0.6740820676903301,0.37603877764405436,3.130181557398082e-05,0.000180382050529726,134.25887232142856,0.002380952380952381,5,0,2025-07-01,25603186
1754006400000000,0.025277232222445677,31.50003016187465,0.6121811723728168,1680,0.6192995809834501,0.18240030684876918,0.0017901016162851224,0.0020770721205977116,98.82749702380953,0.025595238095238095,0,0,2025-08-01,58109522
1754008200000000,0.029922251991833175,32.06240746603252,0.6143620505385945,1800,0.6164611649450562,0.1648539514523728,0.0011970339995004409,0.0001373410323909363,90.28300527777779,0.0661111111111111,0,0,2025-08-01,58109522
1754010000000000,0.027843156967605434,60.37170244233759,0.7245996180349783,1800,0.7271201125022564,0.24017522614125186,1.1547594001126704e-05,1.0809012393919737e-05,88.39480583333332,0.042222222222222223,0,0,2025-08-01,58109522
1754011800000000,0.026268506301500887,54.817421750405195,0.7682264713260853,1800,0.7743021980547222,0.17434222603863603,0.0002172267713386189,0.0014668831143497263,93.262575,0.01611111111111111,0,0,2025-08-01,58109522
1754013600000000,0.02230047052501002,37.183575655365836,0.6605772429425577,1800,0.6612479962630323,0.2758167679834017,0.00010709550577070459,0.0013068395292650248,117.19450083333332,0.010555555555555556,0,0,2025-08-01,58109522
1754015400000000,0.021428363766849902,32.34622585004552,0.7417807207431264,1800,0.7481800015089768,0.2792965942054427,8.888380876348467e-05,9.299782186000805e-06,108.4394475,0.008888888888888889,0,0,2025-08-01,58109522
1754017200000000,0.02219877014756376,22.83548741397068,0.5970062574828147,1800,0.6009971680687518,0.3526726405619739,0.0005847958457698699,0.0014140675467905206,100.18714194444445,0.0038888888888888888,0,0,2025-08-01,58109522
1754019000000000,0.02192936474381005,25.818575934666445,0.59760292770376,1800,0.6203439244301596,0.347519592722796,0.0002111125326507146,0.0009536809996875117,108.04346666666666,0.0033333333333333335,0,0,2025-08-01,58109522
1754020800000000,0.024658532626805243,34.36909377398611,0.6407221328023622,1800,0.6446015007218497,0.2700117397491061,0.0007556318297001763,0.0015332331377637676,118.07615249999999,0.008888888888888889,1,0,2025-08-01,58109522
1754022600000000,0.02417262111471572,46.587665481988495,0.8177585796119334,1800,0.8190737765392033,0.16327048881412054,0.0006508060154106765,0.00021801165417278945,92.00621361111111,0.005,1,0,2025-08-01,58109522
1754024400000000,0.02507526342842117,34.44155174200506,0.7733244203985834,1800,0.7733416243609241,0.19341408538030613,0.0008655814387588112,0.0014503923300699384,91.04025944444444,0.006111111111111111,1,0,2025-08-01,58109522
1754026200000000,0.024418545165584594,42.15936922389394,0.7380283842478699,1800,0.7389411106689738,0.193860302745539,0.0021426834828575103,0.00240456408271994,94.2514788888889,0.009444444444444445,1,0,2025-08-01,58109522
1754028000000000,0.023405499601669426,39.82699972220105,0.6596830390644115,1800,0.668671917836487,0.28879409704062886,0.0007737093241944049,7.177194022323086e-06,97.82781333333334,0.013333333333333334,1,0,2025-08-01,58109522
1754029800000000,0.022390111491024975,41.204938023137004,0.6645527411385848,1800,0.6740442009775358,0.18991895694856864,0.00019922463878319085,0.0009764864652564986,96.80801861111112,0.010555555555555556,1,0,2025-08-01,58109522
1754031600000000,0.023786939341493226,34.34768636130262,0.6521358233498553,1800,0.6584772915820425,0.3241395789266962,0.0002801581381915996,5.068220731985207e-09,102.15428194444443,0.013888888888888888,1,0,2025-08-01,58109522
1754033400000000,0.021824962317394416,50.12021757508738,0.784262407547496,1680,0.7886806844087837,0.17593052277499088,4.712727105893322e-06,0.0007687820789027411,99.11124970238095,0.01130952380952381,1,0,2025-08-01,58109522
1754035200000000,0.025646004441681167,45.199732547402725,0.698293014328215,1680,0.7018659045682996,0.14827206337277266,6.093381392402453e-05,0.0002731645641440572,89.66367232142858,0.0380952380952381,2,0,2025-08-01,58109522
1754037000000000,0.027108503058175863,33.589334620088835,0.646931065676786,1800,0.6496239527146792,0.2159080849264957,8.873809589704518e-05,0.0004291920550323347,83.51586166666667,0.028888888888888888,2,0,2025-08-01,58109522
1754038800000000,0.027997007475492275,35.3288303190366,0.5772234212079979,1800,0.5801174924124745,0.4046400116868035,8.079404571259552e-06,0.0009988501474129663,84.95845527777779,0.01888888888888889,2,0,2025-08-01,58109522
1754040600000000,0.030175251871359495,43.463918417828225,0.7587325689405757,1800,0.7663140052380539,0.21658747340655404,1.657212271521935e-06,0.0007663332783971466,89.58464555555555,0.008888888888888889,2,0,2025-08-01,58109522
1754042400000000,0.026651145800182394,38.770611654494815,0.7667963532304478,1800,0.7712910799486163,0.23471789325434866,0.0010002347155299018,0.0011058512170070145,84.722785,0.006666666666666667,2,0,2025-08-01,58109522
1754044200000000,0.028478568078388587,37.617931616221135,0.7789051000685302,1800,0.7789458873248076,0.16362086909816487,3.252091883865216e-05,1.1831986147070594e-05,78.70060611111111,0.008888888888888889,2,0,2025-08-01,58109522
1754046000000000,0.027100553834043396,38.436098838765645,0.7548837289832138,1800,0.756476758974054,0.2108835680927459,0.00014401068657476923,0.00014642380372886787,81.41669277777777,0.006111111111111111,2,0,2025-08-01,58109522
1754047800000000,0.027077211300440104,33.79412370817317,0.7013905102624622,1800,0.7072413567480753,0.23029867996905218,0.0009570251785917527,0.00022576151050945903,94.85669583333333,0.005555555555555556,2,0,2025-08-01,58109522
1754049600000000,0.02800047344950935,24.97341690830817,0.6329251445613396,1800,0.6342368796371204,0.4112381465437537,0.0012906079769008372,1.5592628061944502e-05,131.81116722222222,0.0044444444444444444,3,0,2025-08-01,58109522
1754051400000000,0.03642714141154561,26.579328538280325,0.5812391436859053,1800,0.5872850937294878,0.2899484126189149,0.00012644775020775878,0.00022634954893197,77.0586125,0.03666666666666667,3,0,2025-08-01,58109522
1754053200000000,0.026645822890264334,43.48741286579054,0.7124687846631599,1800,0.7190586517263737,0.21626063830468856,5.496593279141759e-05,0.00027389986982884196,89.30107444444445,0.010555555555555556,3,0,2025-08-01,58109522
1754055000000000,0.03647284357469763,40.6339187059773,0.697878254191453,1800,0.6986005882160622,0.20635613082584925,4.301065674083837e-05,0.0004317323242430948,72.10407166666667,0.05,3,0,2025-08-01,58109522
1754056800000000,0.03199623675236149,44.797716394235756,0.6735049137745304,1800,0.680818167549929,0.1954234503849822,9.774939735418542e-06,0.00040212895574442964,79.0810288888889,0.044444444444444446,3,0,2025-08-01,58109522
1754058600000000,0.0320382905792428,48.48354272622494,0.7385068712517242,1800,0.7398195893981283,0.21067473977561224,0.0013474665262567243,0.0010976468446429744,74.86319472222222,0.03,3,0,2025-08-01,58109522
1754060400000000,0.02995505773397533,51.92582928269942,0.7352106848232296,1800,0.737813699405848,0.19346399875805942,0.00015158884979704634,3.952690893382904e-05,76.24983861111112,0.035,3,0,2025-08-01,58109522
1754062200000000,0.029030093973063924,56.877745191948364,0.7304079854872575,1680,0.7352408135515176,0.27034155794146975,0.00024896418554098965,1.049316665779898e-06,89.77456458333333,0.01488095238095238,3,0,2025-08-01,58109522
1754064000000000,0.028726265745126534,48.13537471145978,0.7700919577113439,1680,0.7767259183914523,0.2728339377875818,0.003132787391834091,0.0033521532119514807,80.6557863095238,0.011904761904761904,4,0,2025-08-01,58109522
1754065800000000,0.03321899447950216,41.65618316528437,0.71157558086319,1800,0.717365226635321,0.2517625809339289,2.362466412442199e-05,3.845195694407444e-06,74.18946861111111,0.02388888888888889,4,0,2025-08-01,58109522
1754067600000000,0.03280521333197751,56.73997801037344,0.7744076478069245,1800,0.7751448706036335,0.21748303477033315,0.00023602314479898023,0.0007094433573734404,70.9108925,0.02722222222222222,4,0,2025-08-01,58109522
1754069400000000,0.030284443038814477,47.933841668103376,0.7100037047617574,1800,0.7166549940758637,0.23848158949821752,0.00043590172357110823,0.0006376655535161868,78.87141444444444,0.027777777777777776,4,0,2025-08-01,58109522
1754071200000000,0.03160223482332912,44.17690998841263,0.6632635847663239,1800,0.6693374448315055,0.19043975353844256,0.000414592322975027,0.0012063909580015686,76.18508333333332,0.050555555555555555,4,0,2025-08-01,58109522
1754073000000000,0.02963657015477009,53.09392010137592,0.7366322049341472,1800,0.7420614380858924,0.18725098488399572,0.00023684403660972908,0.0005080409807273201,74.01474916666668,0.03222222222222222,4,0,2025-08-01,58109522
1754074800000000,0.03152127590543431,50.09407079699799,0.746223617809899,1800,0.7476360818755045,0.16416545493459211,0.00010875426828682588,0.00031632179507912195,72.9415086111111,0.03333333333333333,4,0,2025-08-01,58109522
1754076600000000,0.032914231824935525,54.69464771404586,0.7351418100909561,1800,0.737108120320526,0.2234527817978954,0.0003934686033314483,0.0012446987399369336,85.49520555555556,0.03722222222222222,4,0,2025-08-01,58109522
1754078400000000,0.031039410322106564,36.49698416967161,0.629963133923312,1800,0.6324743298791178,0.2472256644132773,0.0044475692794764266,0.0018021007517871057,79.62646138888888,0.035,5,0,2025-08-01,58109522
1754080200000000,0.0269368471681291,54.86608717794895,0.7488365989301707,1800,0.753031134279085,0.2194556110121585,5.267370746153688e-05,0.00013746879505260878,98.60708583333334,0.02388888888888889,5,0,2025-08-01,58109522
1754082000000000,0.02955540064431748,39.533842792927196,0.7378394982109732,1800,0.7433321098965986,0.3604086859697355,0.00041673227572502913,1.0461254502991402e-05,79.33922694444445,0.01888888888888889,5,0,2025-08-01,58109522
1754083800000000,0.0370893226382348,24.158751114467485,0.7284147496078187,1800,0.7557510733729983,0.31458597209211625,0.0036335018240765127,0.000733069364278971,61.45496222222222,0.0038888888888888888,5,0,2025-08-01,58109522
1754085600000000,0.04217814477594212,37.405488035394896,0.7122220821822618,1800,0.7174148113318254,0.10788580634899103,0.0001220833255668463,0.0010319279424777505,93.23855527777778,0.05,5,0,2025-08-01,58109522
1754087400000000,0.0675508597859187,43.41157559739047,0.6768813157952891,1800,0.6776280359120321,0.09456839790331928,0.0005518818914498347,2.2662526712013964e-05,40.13489833333333,0.10277777777777777,5,0,2025-08-01,58109522
1754089200000000,0.050879575001018876,41.544239917818054,0.7262938022837554,1800,0.7425604082679148,0.2704803462655688,1.016444646739778e-05,4.4466443185453564e-05,52.9863375,0.017222222222222222,5,0,2025-08-01,58109522
1754091000000000,0.03659921109951065,39.968906884218896,0.7354659552880713,1680,0.7416165579065574,0.2525647125386864,5.395806663699432e-05,0.00029948824321224254,74.88566369047619,0.007738095238095238,5,0,2025-08-01,58109522
1756684800000000,0.0382839260327495,29.231842323508296,0.6895019811557674,1680,0.6935522515963944,0.27119915434663977,3.300867176814215e-05,6.0327072240129453e-05,89.74581101190476,0.01011904761904762,0,0,2025-09-01,38844021
1756686600000000,0.03491029826025809,43.18326368725807,0.711871056215877,1800,0.7281235611790351,0.2780590540799571,0.00014078270440354146,4.867106349726313e-06,84.98583583333334,0.011111111111111112,0,0,2025-09-01,38844021
1756688400000000,0.038929137209632314,36.92542919510193,0.7437193259796775,1800,0.7501756080572325,0.3342286652438641,0.003718201840954949,0.00040389924616091033,78.24108222222222,0.010555555555555556,0,0,2025-09-01,38844021
1756690200000000,0.03434874371793427,41.82872052243181,0.6792625208706953,1800,0.6922747988508531,0.2532241908789258,0.0011334182523016212,7.189818762576294e-07,88.43946444444444,0.008333333333333333,0,0,2025-09-01,38844021
1756692000000000,0.031727743225762835,41.28418146550139,0.7250540447524791,1800,0.7352100195107113,0.2848087220503043,6.310274786924808e-05,9.246358938630461e-05,95.4494275,0.006666666666666667,0,0,2025-09-01,38844021
1756693800000000,0.032953363606786426,46.708075011928635,0.7157187061240424,1800,0.718562011267948,0.2115178741459096,0.00010152948748354262,0.0001046003793808703,100.16728555555555,0.014444444444444444,0,0,2025-09-01,38844021
1756695600000000,0.02848265685191012,50.001778005053424,0.7018282072923203,1800,0.7088674677224388,0.22122311781738524,0.0007134918101112664,7.893070392683832e-05,92.45639833333333,0.009444444444444445,0,0,2025-09-01,38844021
1756697400000000,0.026424275359125917,37.37536136325703,0.6777472018508532,1800,0.6864112124026929,0.3368182253505386,0.001593013809910393,0.0001075313459418803,108.57753638888889,0.0044444444444444444,0,0,2025-09-01,38844021
1756699200000000,0.02778416908373052,31.508097017318647,0.6964292577869977,1800,0.7119293758944409,0.13473823593724932,0.00036026886653606205,0.00025110063388800175,106.10004583333333,0.006666666666666667,1,0,2025-09-01,38844021
1756701000000000,0.03052517066551168,39.809136552383926,0.7122017566894294,1800,0.7174368558514557,0.1813045327612106,0.0009224443899636947,0.0007644552918082415,87.15618694444444,0.002777777777777778,1,0,2025-09-01,38844021
1756702800000000,0.029081988148611716,32.05801129071673,0.7303283485084701,1800,0.7353431014261861,0.18267369998414862,0.0014413526688451528,1.9353348783557323e-05,97.34725777777778,0.006111111111111111,1,0,2025-09-01,38844021
1756704600000000,0.027751577727771443,31.320590409876747,0.7243047752307459,1800,0.7372604154042419,0.23125334792618113,0.0005875213768526955,1.0056250615231299e-05,108.2091486111111,0.0022222222222222222,1,0,2025-09-01,38844021
1756706400000000,0.026952567026224044,45.279328965033635,0.7500568380276713,1800,0.7621512502871524,0.24312295149917618,0.0013663384541625634,0.001393304202672807,97.57186555555556,0.006666666666666667,1,0,2025-09-01,38844021
1756708200000000,0.03105338129748953,37.73103823307678,0.7640209478252759,1800,0.7724424417499784,0.20720718814806383,0.0005643560095431877,1.7427076413056852e-06,91.41553722222223,0.002777777777777778,1,0,2025-09-01,38844021
1756710000000000,0.030658422201950614,47.48762119679917,0.7636645445433863,1800,0.7685735234403618,0.1936928172031236,0.00027219331778183253,6.963315144714599e-06,95.91931055555555,0.0033333333333333335,1,0,2025-09-01,38844021
1756711800000000,0.03496370809142309,39.77827215196839,0.6588011153807359,1680,0.6674402865442954,0.32525692988924393,1.0701669670321046e-05,0.0003310411430715865,93.14888452380951,0.016666666666666666,1,0,2025-09-01,38844021
1756713600000000,0.04013590823177909,30.597599067821257,0.6182287829687191,1680,0.6292383561242033,0.2810193537806779,9.59724452715971e-05,0.002398448262708075,89.97715178571428,0.018452380952380953,2,0,2025-09-01,38844021
1756715400000000,0.03836950236231034,26.221517907607858,0.5482691269425596,1800,0.5689965308714067,0.4534805431445905,0.00028466988715236674,2.3260897041854633e-07,76.16652222222221,0.006111111111111111,2,0,2025-09-01,38844021
1756717200000000,0.03774290098026374,34.86613526962192,0.6587255760783953,1800,0.6676219698727945,0.3493937936142677,2.191637307979999e-05,0.0002928888196954693,74.71048444444445,0.0038888888888888888,2,0,2025-09-01,38844021
1756719000000000,0.037114823773870244,22.491994638280598,0.5649416431071692,1800,0.5776868691429649,0.43180722284915074,4.390256717978769e-05,0.0006760655759668888,85.1936738888889,0.006111111111111111,2,0,2025-09-01,38844021
1756720800000000,0.03320437898003268,32.98751760469976,0.6604923079530359,1800,0.6692195337901743,0.29731143931586757,8.654772091742924e-05,0.002486316294775359,82.037515,0.002777777777777778,2,0,2025-09-01,38844021
1756722600000000,0.0346831740470261,36.827295418131506,0.6827247439938322,1800,0.6884148615919319,0.31145146453947425,6.340327468379314e-05,1.3988602864944966e-07,94.25936694444445,0.009444444444444445,2,0,2025-09-01,38844021
1756724400000000,0.029391692765609125,39.495867035455184,0.6992015541301783,1800,0.7080461487930766,0.2723795110554178,4.4746945481066724e-05,9.641692407580393e-06,105.38114611111111,0.0033333333333333335,2,0,2025-09-01,38844021
1756726200000000,0.029733083767569956,33.24732526895917,0.6566975449710749,1800,0.6615388883191375,0.293745508988973,8.85620162909273e-05,0.0008642281024180409,101.6410586111111,0.008888888888888889,2,0,2025-09-01,38844021
1756728000000000,0.02899708659291534,31.808639504850344,0.6701830089923149,1800,0.6706862854942914,0.3654230601008994,9.43139474740562e-06,8.138771579979664e-05,119.92216833333333,0.0044444444444444444,3,0,2025-09-01,38844021
1756729800000000,0.02269896699953535,43.614557352140096,0.7841563010871758,1800,0.7942232393439351,0.2094942258297654,3.513930247456276e-05,8.206904703733642e-05,126.5726061111111,0.0033333333333333335,3,0,2025-09-01,38844021
1756731600000000,0.025302570566130615,39.85388104508384,0.7359598543688112,1800,0.7464805879508181,0.23803017500360046,0.0003647670960227334,0.000871941104483076,112.93463861111111,0.006111111111111111,3,0,2025-09-01,38844021
1756733400000000,0.027117850996992984,41.91498899660438,0.7178490587899974,1800,0.722743378101864,0.1826814422476969,0.001260743922878782,0.001106310377091524,107.02378027777777,0.007222222222222222,3,0,2025-09-01,38844021
1756735200000000,0.023746911207561543,38.595999086244085,0.7801004980425745,1800,0.8010914257541751,0.1657808462585426,2.8836926190267675e-06,2.2601241576936104e-05,110.2129325,0.002777777777777778,3,0,2025-09-01,38844021
1756737000000000,0.024744557000086414,43.31495362151291,0.7555115841555654,1800,0.7645354319460885,0.2207835181006762,0.0011140032671971278,0.0003434968858906373,109.73449388888889,0.005555555555555556,3,0,2025-09-01,38844021
1756738800000000,0.028061708134553984,34.9982534205455,0.6970345888663889,1800,0.7063730400755608,0.22416531398297146,0.0003230326990303345,0.000593224300778239,109.63787722222223,0.005555555555555556,3,0,2025-09-01,38844021
1756740600000000,0.02550538954348279,20.364165139089305,0.5896414648424426,1680,0.5932977562306334,0.25797775901666764,0.00020443407016401682,0.00013266141529721942,118.28783214285714,0.009523809523809525,3,0,2025-09-01,38844021
1756742400000000,0.025634188038698047,29.019522017179934,0.7197403617731544,1680,0.7300597634644694,0.20355112595443658,9.80322173190773e-05,3.442499708072866e-06,103.21583749999999,0.007738095238095238,4,0,2025-09-01,38844021
1756744200000000,0.023990547051654963,37.10266344729178,0.7484235254446019,1800,0.757727438962015,0.2121599756614666,6.363588513380591e-05,7.14697715303858e-05,108.02378722222223,0.0077777777777777776,4,0,2025-09-01,38844021
1756746000000000,0.030338179031227024,19.428932908469815,0.6111432342610394,1800,0.6128493188925735,0.22035380238187707,2.534383042396282e-05,0.0001460725288643383,114.04142777777778,0.01888888888888889,4,0,2025-09-01,38844021
1756747800000000,0.025303233694990476,43.86505683225217,0.7379873696002366,1800,0.7441314474497294,0.29484148311750735,0.0003231708130264632,7.446163471358513e-05,120.28898749999999,0.009444444444444445,4,0,2025-09-01,38844021
1756749600000000,0.02588164924955566,29.811871737675084,0.5982454657826557,1800,0.6154078274222137,0.3868736855100491,0.0002258220729801641,2.773536956979239e-05,112.67422277777777,0.0038888888888888888,4,0,2025-09-01,38844021
1756751400000000,0.02454161208569735,29.52482222357334,0.7502936247563301,1800,0.7541884597854234,0.2579930503382166,0.00016540067163983707,0.00032080798870237626,116.89387722222222,0.002777777777777778,4,0,2025-09-01,38844021
1756753200000000,0.026969354956625426,26.068509785095195,0.6343634526344538,1800,0.6525139699041125,0.327665381662132,7.556576425837847e-05,0.0004610523760111285,115.38137277777777,0.002777777777777778,4,0,2025-09-01,38844021
1756755000000000,0.02528298037317364,25.0431449068246,0.6778272957611662,1800,0.6920073567524094,0.34772217999655,0.0007051853979597178,0.0006527309882583543,101.74114277777778,0.0022222222222222222,4,0,2025-09-01,38844021
1756756800000000,0.023901372086667448,23.52833003267742,0.6423217324422359,1800,0.6499467185434332,0.37323360964583074,0.0014542770875674016,0.000503328064059172,119.88687166666666,0.0038888888888888888,5,0,2025-09-01,38844021
1756758600000000,0.045459682344606726,16.746111100022762,0.39504082040737043,1800,0.39640289205554047,0.4512978674225786,0.00032313582274889896,0.0001079399687058391,88.72077833333334,0.059444444444444446,5,0,2025-09-01,38844021
1756760400000000,0.04290384877110515,22.86661027398099,0.4792506711077178,1800,0.4829412996616276,0.4139943545660405,0.0022096972655105684,0.0003648121449852937,85.15416083333334,0.017777777777777778,5,0,2025-09-01,38844021
1756762200000000,0.0686538609098445,12.69642295110255,0.49086347102768235,1800,0.5050120681291306,0.39732967612549863,0.0018072775743512848,0.002410410356497361,60.33116472222222,0.011111111111111112,5,0,2025-09-01,38844021
1756764000000000,0.04555467126528779,9.175424553498372,0.41988733296457825,1800,0.49078580400752536,0.4789409046501104,0.0023223252757245127,0.0006063666702746939,102.92310277777777,0.0077777777777777776,5,0,2025-09-01,38844021
1756765800000000,0.03262404490041764,26.334666338475902,0.5998325349427354,1800,0.6050090529670284,0.4248417709110319,0.00010949612318567059,5.418573800863857e-05,89.46928861111111,0.0038888888888888888,5,0,2025-09-01,38844021
1756767600000000,0.040094790393003406,31.77078904807034,0.6594136305969944,1800,0.6713093650679245,0.33204470704073263,7.028301656919478e-05,0.00011842277536411316,78.6123325,0.005,5,0,2025-09-01,38844021
1756769400000000,0.03538000300540134,28.16562919141232,0.6434831714828262,1680,0.6538264162114513,0.3220722154624973,0.0018310724131047618,0.002641335304501946,80.37851666666667,0.005357142857142857,5,0,2025-09-01,38844021
1759276800000000,0.023557568154812313,25.341714015460642,0.6667508919746605,1680,0.6958131608984066,0.3891282651404073,2.0802521103036042e-05,8.284140270997664e-05,111.68636398809524,0.002380952380952381,0,0,2025-10-01,40734470
1759278600000000,0.02451012449050258,18.259603664522423,0.5823678306540765,1800,0.582723438024037,0.42666196324190264,7.744582791624488e-06,0.00012241245807220746,103.07913805555556,0.0016666666666666668,0,0,2025-10-01,40734470
1759280400000000,0.025211528856507924,25.778415306307856,0.694361383951765,1800,0.7074456489271065,0.2998809555329994,1.8283084060266575e-05,0.00017924361014165502,105.27384583333333,0.002777777777777778,0,0,2025-10-01,40734470
1759282200000000,0.02566027354104333,22.099664580018107,0.5651467162775183,1800,0.5876707898712268,0.4462115872414484,0.0008395346458039965,7.190922873168137e-05,103.23045166666667,0.0038888888888888888,0,0,2025-10-01,40734470
1759284000000000,0.023392730561835245,24.645650401224945,0.636854166936689,1800,0.6539897772536192,0.4020582611922623,6.241723546906996e-07,1.977596457869435e-05,104.16108277777778,0.0011111111111111111,0,0,2025-10-01,40734470
1759285800000000,0.01872289868165495,22.68170869630913,0.6675990088009348,1800,0.6828702345154813,0.3339224829470099,0.003570898082709939,0.0010639791105413465,134.3257575,0.0016666666666666668,0,0,2025-10-01,40734470
1759287600000000,0.023448684136269726,17.46276312558744,0.6021188331533511,1800,0.6082883161542899,0.35795047084195564,0.0026159803419609773,0.0005926823623400024,129.77063055555556,0.0022222222222222222,0,0,2025-10-01,40734470
1759289400000000,0.019151822390666064,28.492321554451554,0.5975371600533695,1800,0.6206386131170754,0.24227058923723976,0.001117092107479678,0.0010728569060711735,126.14509388888888,0.0016666666666666668,0,0,2025-10-01,40734470
1759291200000000,0.02005591288819778,29.077714511926274,0.6612983964744557,1800,0.6795010222043081,0.2737152211419016,0.00168986951354555,3.948412829379855e-05,118.76391944444444,0.0016666666666666668,1,0,2025-10-01,40734470
1759293000000000,0.019860414485024923,23.930692069557193,0.5917082219233516,1800,0.6153559096916714,0.3312971533343272,0.00043076149766263505,6.011380092030283e-05,120.14894277777778,0.0033333333333333335,1,0,2025-10-01,40734470
1759294800000000,0.020296123567330418,30.12245413062816,0.5871387492647225,1800,0.6055478635062781,0.3480935345216578,0.0005720748517719088,0.0010680239408513703,111.27013444444444,0.0038888888888888888,1,0,2025-10-01,40734470
1759296600000000,0.020497496073937513,31.497667795488375,0.7610315990667516,1800,0.779016219129627,0.18094926900197972,0.00011251915049903527,4.3435588201301556e-05,120.5131,0.0005555555555555556,1,0,2025-10-01,40734470
1759298400000000,0.02126977299757759,24.148658069326057,0.5616848257277642,1800,0.5727081653938519,0.44548262185903387,0.000657890048845533,9.925030556068304e-05,130.43495583333333,0.0033333333333333335,1,0,2025-10-01,40734470
1759300200000000,0.0190519527093691,33.45080335993315,0.7258279244442076,1800,0.7371807247712536,0.1548663460388171,1.5012816596993162e-05,5.852056489974444e-05,136.99850666666666,0.0038888888888888888,1,0,2025-10-01,40734470
1759302000000000,0.020169869973943252,24.034840979862157,0.6851340805538785,1800,0.6993777404331705,0.39829448031012693,3.184368191355702e-07,0.0001097471778656045,145.8211425,0.002777777777777778,1,0,2025-10-01,40734470
1759303800000000,0.017950602296441236,23.407977501148427,0.6845381347410189,1680,0.7060251122726273,0.3635928307453893,0.001336279209262381,9.71458765348654e-05,144.4793005952381,0.0011904761904761906,1,0,2025-10-01,40734470
1759305600000000,0.020653998917209385,31.136559940739414,0.6556265113795334,1680,0.658494273012666,0.3496766474889005,3.137534757835514e-05,9.365700014585254e-05,150.24570029761904,0.007738095238095238,2,0,2025-10-01,40734470
1759307400000000,0.03891133413972045,19.53785712315273,0.35727857118729145,1800,0.3573136954927921,0.5040707602673425,0.00027894134501849077,7.982223482450035e-05,127.53703611111112,0.07611111111111112,2,0,2025-10-01,40734470
1759309200000000,0.02924150631801347,11.385300688320283,0.2937909535598521,1800,0.29386390902699755,0.7106542745955071,3.7673881281286015e-07,3.917950982224028e-05,125.73596777777777,0.009444444444444445,2,0,2025-10-01,40734470
1759311000000000,0.022991342286810653,32.53168398979149,0.4264076671706232,1800,0.4346335669939675,0.4033072734257873,0.00022082474968332377,3.180543046710227e-06,109.66346833333333,0.006666666666666667,2,0,2025-10-01,40734470
1759312800000000,0.020265137510144124,25.69738410615203,0.4579008446698978,1800,0.4584185256119111,0.4639929305628312,0.0001599853660447792,0.00037183080359282084,130.52056472222222,0.0038888888888888888,2,0,2025-10-01,40734470
1759314600000000,0.01885944678616617,9.059166112542187,0.5707624392574104,1800,0.6204353909384254,0.36168676662613175,7.880070364052472e-05,5.1640284416398785e-06,132.63971111111113,0.0022222222222222222,2,0,2025-10-01,40734470
1759316400000000,0.021334587539861838,18.215925279046687,0.556691495471193,1800,0.5884665882777871,0.34670391942690637,8.794377413068322e-05,0.000325774363137743,127.42580805555555,0.0011111111111111111,2,0,2025-10-01,40734470
1759318200000000,0.01964447946354806,19.49002500866577,0.6348955550710034,1800,0.680063245363893,0.2382738909493095,0.00012556847979883212,2.3380147103346793e-05,127.25822444444445,0.002777777777777778,2,0,2025-10-01,40734470
1759320000000000,0.025388028060016186,23.270134785883027,0.5559962131655629,1800,0.5596345558670169,0.35433065446227696,0.00025947555687744206,3.9807435033845096e-06,127.60231916666666,0.008333333333333333,3,0,2025-10-01,40734470
1759321800000000,0.020383735273990365,13.529671181154798,0.4518237864843838,1800,0.4655159302343428,0.4720727725519389,0.0001639219720014351,0.00036719577812716064,139.55822333333333,0.0033333333333333335,3,0,2025-10-01,40734470
1759323600000000,0.020879586414086115,19.85869342922462,0.5489134630594146,1800,0.5714298786868282,0.4981834212853252,0.0014414010631751406,1.692625154869898e-05,143.05501972222223,0.0022222222222222222,3,0,2025-10-01,40734470
1759325400000000,0.024572055011395585,48.29759760718945,0.7203824947638624,1800,0.7333726730176106,0.3044653766257941,0.003139090715520987,0.0003838971568177474,124.76432388888888,0.0077777777777777776,3,0,2025-10-01,40734470
1759327200000000,0.021861561761733102,40.81553671733152,0.6521286423719249,1800,0.6637740582104266,0.2762354642377083,0.002897801039411285,0.0004275814543983625,122.72659277777778,0.012222222222222223,3,0,2025-10-01,40734470
1759329000000000,0.024796255965487176,27.120780065039174,0.5210783793810105,1800,0.5283683785756204,0.28775442351556313,6.282209714891795e-05,0.0025039460558339277,111.34424388888888,0.010555555555555556,3,0,2025-10-01,40734470
1759330800000000,0.02194478121818389,31.74637680965433,0.6725539370089273,1800,0.6865431838317833,0.33366880097018337,2.3327753995161515e-06,1.0282594215316188e-05,118.49167,0.0011111111111111111,3,0,2025-10-01,40734470
1759332600000000,0.023488310816070314,16.21618496890921,0.5010418845907003,1680,0.5100001460189763,0.47223545024467484,0.0007125604289138776,0.0002349995142294503,130.00854107142857,0.0017857142857142857,3,0,2025-10-01,40734470
1759334400000000,0.020837256722486718,25.35087923268176,0.6079037841950423,1680,0.6255951498139161,0.4441015823503377,0.001080668836421661,0.0005471579797240445,144.29207648809523,0.005952380952380952,4,0,2025-10-01,40734470
1759336200000000,0.02359313690402678,24.964966396123017,0.6201683669834073,1800,0.6264236441382737,0.3043286085170622,0.00028006146486303507,0.0013661916895164605,133.50843972222222,0.006666666666666667,4,0,2025-10-01,40734470
1759338000000000,0.019664086494947584,28.079088332964037,0.6156885034181759,1800,0.6309054994980395,0.3928299758748468,0.000457962110681831,0.00022084658442256266,127.36372499999999,0.0005555555555555556,4,0,2025-10-01,40734470
1759339800000000,0.020660407071529066,22.804150803110726,0.655330297388997,1800,0.6578119625158076,0.1799107863574092,0.0037212820209967523,0.0013878368463398072,139.36518388888888,0.0022222222222222222,4,0,2025-10-01,40734470
1759341600000000,0.018027595439289088,33.32441438735131,0.7014604584776754,1800,0.7151336764481837,0.33281083076548623,0.000101855367684478,0.0003302431346317025,144.23950583333334,0.002777777777777778,4,0,2025-10-01,40734470
1759343400000000,0.017933101966753046,11.909120771413383,0.4638603756904631,1800,0.49642828845868936,0.49726058959438557,5.351720565260898e-06,0.00015314794124587916,126.73627861111112,0.002777777777777778,4,0,2025-10-01,40734470
1759345200000000,0.019182387880496338,22.622197512307086,0.5927600036543959,1800,0.6057567221187872,0.519636083192512,0.00046328909353665626,0.0011885394466955024,135.7126861111111,0.0016666666666666668,4,0,2025-10-01,40734470
1759347000000000,0.021876182580021886,14.919076267480111,0.3208014391406939,1800,0.35374880146978527,0.5559629373935551,0.001219855344056442,0.00013025528669430297,127.71224305555556,0.006666666666666667,4,0,2025-10-01,40734470
1759348800000000,0.02267667625632226,11.94016974259524,0.165694355144843,1800,0.17776095043946882,0.7070048276761257,1.2269319903612796e-05,8.465925888212489e-05,130.55463722222223,0.007222222222222222,5,0,2025-10-01,40734470
1759350600000000,0.019011671665077518,14.24787469898749,0.6712813449445851,1800,0.6955843585483064,0.41073744465205686,0.0012218421573427785,0.0016621147211952625,138.43702055555556,0.0005555555555555556,5,0,2025-10-01,40734470
1759352400000000,0.01969099779400654,19.967280069573597,0.554864645278691,1800,0.5618625594549445,0.582089447263183,0.0008082168962899594,2.693572348022588e-05,132.62167777777776,0.002777777777777778,5,0,2025-10-01,40734470
1759354200000000,0.02151872328407897,7.334142207013285,0.17537933281210705,1800,0.19182691639018712,0.6942105402825491,0.0007363019943106286,2.3314069483082456e-05,109.20170972222223,0.0016666666666666668,5,0,2025-10-01,40734470
1759356000000000,0.022638170110891736,24.014071196401467,0.5596852490999161,1800,0.5779630106574031,0.426537380230556,0.00034390734861033945,0.0002344299028493868,96.94009416666665,0.0038888888888888888,5,0,2025-10-01,40734470
1759357800000000,0.02173144393498686,23.65355694118104,0.7041267023434288,1800,0.7241087628534182,0.48566938702177864,0.0016012845118880126,2.013861376992665e-05,103.516475,0.0033333333333333335,5,0,2025-10-01,40734470
1759359600000000,0.02644139275018333,30.407355687413826,0.6848834100610908,1800,0.7037002174477598,0.2879265164688358,0.00045204297032097607,0.000308830761545531,102.33729527777777,0.0044444444444444444,5,0,2025-10-01,40734470
1759361400000000,0.026024810943978603,26.551199153666825,0.6332019289207053,1680,0.6479922562835547,0.3150682733116513,9.78169783244498e-05,0.0010297490952075883,90.64199226190476,0.0017857142857142857,5,0,2025-10-01,40734470
1761955200000000,0.027090863861601807,10.789331320179032,0.48177025583141264,1680,0.4876584893227006,0.14295109584270882,0.0005609468394637274,0.0008904016821045246,95.11112291666667,0.002380952380952381,0,1,2025-11-01,19667709
1761957000000000,0.02465226958349862,20.048235731514822,0.5468063662151346,1800,0.5509193683512019,0.3569239575846608,0.00019977666732651223,2.1545537563949502e-05,90.55944694444445,0.0022222222222222222,0,1,2025-11-01,19667709
1761958800000000,0.025480734849647246,10.534775620489224,0.3987049488039467,1800,0.3996281593826648,0.5324672017183387,0.0003550009105640628,0.00016225490250632024,91.44806305555555,0.0005555555555555556,0,1,2025-11-01,19667709
1761960600000000,0.024083866209498414,14.956772412457271,0.4164677542917641,1800,0.44134587885081444,0.5505534717616452,0.004073487073563253,0.0008058111368437482,85.09471166666667,0.0016666666666666668,0,1,2025-11-01,19667709
1761962400000000,0.025249258764352165,16.275184174144762,0.530657852963197,1800,0.5448301710919206,0.4477315960480862,0.0011269152005061178,0.0017341374040922286,95.30964055555556,0.0005555555555555556,0,1,2025-11-01,19667709
1761964200000000,0.02210467155040727,24.08446566045589,0.5230494839768292,1800,0.5333274307451428,0.4365625271621999,0.00395248254864633,0.0007330228586373,93.90188694444444,0.0016666666666666668,0,1,2025-11-01,19667709
1761966000000000,0.026671206633900046,21.673374645560177,0.4747467019034748,1800,0.4907197937742527,0.4426568528632585,0.002297962976614998,0.0007677416198339504,86.30485055555556,0.0022222222222222222,0,1,2025-11-01,19667709
1761967800000000,0.02690132097948235,20.57267549066508,0.5336824462199399,1800,0.5385134481637004,0.5012591110739606,9.462691800132816e-07,0.0004640754955231863,87.5388763888889,0.0011111111111111111,0,1,2025-11-01,19667709
1761969600000000,0.024096589870699292,17.648833001723286,0.4865931905101407,1800,0.4945058365211503,0.479075712584044,0.00013106334774326545,1.3746916590728908e-05,97.89047944444445,0.0033333333333333335,1,1,2025-11-01,19667709
1761971400000000,0.027353733461906234,14.114765983594038,0.38172754173506296,1800,0.38557299342774576,0.6260265212907439,0.00028082153976449753,0.0002860240368008915,106.62298972222221,0.0005555555555555556,1,1,2025-11-01,19667709
1761973200000000,0.024525815836710832,14.332051061110242,0.49267853276374307,1800,0.49512908687358137,0.5398287520417722,5.548624808060509e-06,0.00011694624397473596,104.98005194444444,0.0011111111111111111,1,1,2025-11-01,19667709
1761975000000000,0.02692879519788802,9.42439924800569,0.4306584232051903,1800,0.43069458807682204,0.5792668375650356,0.0014528572490077885,8.174924167603237e-05,89.43959888888888,0.0022222222222222222,1,1,2025-11-01,19667709
1761976800000000,0.027375265047041818,13.608973132064019,0.3212602941611258,1800,0.3317481904586447,0.6138912918487911,0.0005758976508648539,2.0158747330301097e-06,89.83321444444444,0.0,1,1,2025-11-01,19667709
1761978600000000,0.02084548159149163,18.09946734505739,0.3645569305688571,1800,0.3697920225612418,0.5104867874473371,0.0008999408861533054,0.0003584606091723286,96.10369333333333,0.0005555555555555556,1,1,2025-11-01,19667709
1761980400000000,0.02120577974745455,13.534643271857549,0.49268027095543,1800,0.5181767489254284,0.5646732395057525,0.004249387605341548,0.0026371952600382498,110.14255444444444,0.0005555555555555556,1,1,2025-11-01,19667709
1761982200000000,0.021050548244166203,15.148636499571422,0.4208837555496424,1680,0.4213282609803627,0.459743943654504,0.0035886418559113453,2.6826738506180448e-06,99.74430029761905,0.0,1,1,2025-11-01,19667709
1761984000000000,0.025498551845344414,11.45986966858048,0.3262193134742175,1680,0.348341863590076,0.6621489907001274,0.0004680201418573171,0.00012448135631615287,135.75460029761905,0.002380952380952381,2,1,2025-11-01,19667709
1761985800000000,0.03060007206453487,8.715261740759404,0.3070326616407346,1800,0.3100942882088894,0.6852181499175665,0.0007090848572474107,0.0002253476362101825,105.783555,0.0011111111111111111,2,1,2025-11-01,19667709
1761987600000000,0.01956074736390332,16.248859227943537,0.3906033101657853,1800,0.3921074798729334,0.4366779399446006,0.0010220523581374596,1.0506648891572823e-05,109.06418333333333,0.0005555555555555556,2,1,2025-11-01,19667709
1761989400000000,0.022259866763875993,13.695039139802011,0.3715545137271157,1800,0.3858258542586914,0.5131986875892689,0.0010313241726518374,0.00023593306596703112,107.99131416666665,0.0016666666666666668,2,1,2025-11-01,19667709
1761991200000000,0.020582978603569196,20.081412821133338,0.5373829614228731,1800,0.5389837458625173,0.5387874574481293,1.275301782133198e-05,7.297799181515963e-06,126.79027083333332,0.0011111111111111111,2,1,2025-11-01,19667709
1761993000000000,0.019771441914103387,18.27461844314825,0.46236701171250416,1800,0.46674314298490516,0.48358252324526596,0.0016075112895556076,0.0004370133605342552,102.67108305555554,0.0,2,1,2025-11-01,19667709
1761994800000000,0.01810853518804556,28.601421125473028,0.627220590391026,1800,0.6272790234214878,0.4588493295354854,0.0015679415895001325,0.0003069889633210421,118.34260972222222,0.0,2,1,2025-11-01,19667709
1761996600000000,0.014743894966637396,14.162007364233927,0.48384517991952125,1800,0.48836257066809774,0.33694102478340004,2.637932353988237e-05,9.342821316926653e-06,125.2726263888889,0.0005555555555555556,2,1,2025-11-01,19667709
1761998400000000,0.01672537648621596,21.35358517259086,0.5630559938160052,1800,0.5644094300674249,0.4079814292730717,0.004529949939285016,0.0027647342116033924,122.0391311111111,0.0005555555555555556,3,1,2025-11-01,19667709
1762000200000000,0.016519667678367676,11.595929433012017,0.4577669224859364,1800,0.46813528111163827,0.3838585716601788,0.0022089994309464345,0.0013974255544757508,116.20995555555557,0.0,3,1,2025-11-01,19667709
1762002000000000,0.014816608548371942,16.21311438124785,0.5313275834779576,1800,0.5533489488599932,0.4454255849778107,0.008416014111235715,0.0006590320055994692,139.54470111111112,0.0005555555555555556,3,1,2025-11-01,19667709
1762003800000000,0.020572333332027102,12.725589290768037,0.5008248398206494,1800,0.5068060552616898,0.3530355856196027,0.0024293199068927684,0.0007211569623917224,108.51666194444445,0.0044444444444444444,3,1,2025-11-01,19667709
1762005600000000,0.021374225053328127,25.03123481258599,0.48392055731494066,1800,0.49920861682100637,0.4095093461492406,0.005361028357921516,0.0014947881047018274,119.80975194444444,0.005,3,1,2025-11-01,19667709
1762007400000000,0.02147014563447303,22.63441030584696,0.5448017206965048,1800,0.551690107441334,0.3046333092920258,0.006917849048649782,0.00676890496070659,113.07077555555556,0.0005555555555555556,3,1,2025-11-01,19667709
1762009200000000,0.029862941941232173,19.205327806923076,0.4991885356735434,1800,0.5052650133281857,0.3183946627810553,0.004409546411607512,0.006468577206674042,105.14805583333333,0.005,3,1,2025-11-01,19667709
1762011000000000,0.025477027990596892,24.554489728671843,0.5651171567832437,1680,0.5828465804481262,0.37642464293638256,0.0030113826227213814,0.000834283320115814,107.35718511904761,0.002976190476190476,3,1,2025-11-01,19667709
1762012800000000,0.028791647666410458,18.990791847853515,0.4867581519174261,1680,0.4927324754736715,0.4678137311154644,1.8381148557677918e-06,0.00023435079425393468,95.15939494047619,0.002976190476190476,4,1,2025-11-01,19667709
1762014600000000,0.027068257620500375,20.17772355511314,0.5295098716985429,1800,0.5472112326229126,0.4476500781261732,8.272918887608505e-06,0.00018821056779927403,95.28999472222223,0.0044444444444444444,4,1,2025-11-01,19667709
1762016400000000,0.028114388464981686,18.678974994527895,0.36283793239412576,1800,0.38702366628556706,0.3992517175777418,0.00012715699002896486,0.0016724575651894114,90.39779638888888,0.0033333333333333335,4,1,2025-11-01,19667709
1762018200000000,0.02300430267488089,8.626881342945733,0.4065434612569693,1800,0.4085381452628194,0.44349865758777196,0.0010934815181533608,0.0022248777439353162,201.49117222222222,0.0038888888888888888,4,1,2025-11-01,19667709
1762020000000000,0.024640111242148943,12.679733988612144,0.5080844303477365,1800,0.5266622926188329,0.3364414768314661,0.0007467282113170493,0.0012713879901304903,119.01536361111111,0.0005555555555555556,4,1,2025-11-01,19667709
1762021800000000,0.022747679840825288,19.1126582246689,0.7518693940939072,1800,0.7757456493325473,0.4298535978398167,9.13013254516537e-05,0.0001179036021130564,135.39183666666668,0.0011111111111111111,4,1,2025-11-01,19667709
1762023600000000,0.022201316954424913,24.023110666163983,0.7286807538695419,1800,0.7300638069263019,0.10463907320069221,1.7961347715367282e-05,3.903883485134596e-05,98.92629749999999,0.0011111111111111111,4,1,2025-11-01,19667709
1762025400000000,0.020234771352286924,22.6302515510105,0.7289032962794242,1800,0.7392444866357627,0.30328778506474463,0.00034596959324817433,1.105070246321116e-05,96.84341027777778,0.0,4,1,2025-11-01,19667709
1762027200000000,0.025275998568940885,11.812978142986509,0.5194649312852534,1800,0.523289751197175,0.44923970743233255,0.003389615177717298,0.00025539159114007504,87.44218027777778,0.0005555555555555556,5,1,2025-11-01,19667709
1762029000000000,0.02399115149635251,15.936717320600424,0.5394131387018344,1800,0.5647184264527665,0.25952373060167044,0.0012848088864533258,0.0005462924286563364,83.30497638888889,0.0011111111111111111,5,1,2025-11-01,19667709
1762030800000000,0.024067763632856395,17.73133685410212,0.6785075333168409,1800,0.6797301079741582,0.2456163869107706,0.0007819069344278118,0.000295603030990077,98.45846472222222,0.0022222222222222222,5,1,2025-11-01,19667709
1762032600000000,0.02909093748682685,11.23588342294046,0.6282791569459865,1800,0.6282884285932075,0.4375246511749188,5.941014091603858e-05,0.0025628459094996225,64.60100333333334,0.0005555555555555556,5,1,2025-11-01,19667709
1762034400000000,0.0258551810492942,32.92545329533441,0.6878164743538484,1800,0.6916983085561683,0.13092759176040025,0.0007188777334707908,8.678077301205178e-07,79.53857666666666,0.002777777777777778,5,1,2025-11-01,19667709
1762036200000000,0.02319157817971955,19.42745028346762,0.6726737042190967,1800,0.6844302283928778,0.2790383901661462,0.00023200794893540877,2.580570477117572e-05,93.56517027777778,0.0,5,1,2025-11-01,19667709
1762038000000000,0.024356517258922756,18.65467290037187,0.6907583907989148,1800,0.6919732331046571,0.3358109288717456,0.010426054829815734,0.003899096864472984,88.63953222222221,0.0,5,1,2025-11-01,19667709
1762039800000000,0.026142518596924492,10.547964389531424,0.5779096647745403,1680,0.5974362179984832,0.3796494570629403,0.0005518333992782232,0.0027937805236578628,86.74829166666667,0.0,5,1,2025-11-01,19667709
1764547200000000,0.05231454561733262,19.71955760708416,0.4679060986651796,1680,0.4992564189883463,0.21131483277544638,0.0002554790696819298,3.239822632394862e-09,51.35629166666667,0.12797619047619047,0,0,2025-12-01,54937367
1764549000000000,0.03672213717301024,31.96071087906644,0.5614066303245953,1800,0.5701834953774108,0.13262517306753963,1.1515134525241777e-05,0.000889382054279575,62.89345111111111,0.04,0,0,2025-12-01,54937367
1764550800000000,0.02915788436552398,34.00772994358345,0.6301415257884457,1800,0.6437991732981592,0.26015506138011024,0.0021830885415884405,5.151524115953876e-06,58.36462888888889,0.014444444444444444,0,0,2025-12-01,54937367
1764552600000000,0.021100951103441262,40.761865331285264,0.6555141699690026,1800,0.6571428578960891,0.2517352632219805,3.940264115764869e-05,0.00011212891189649188,60.14954,0.005,0,0,2025-12-01,54937367
1764554400000000,0.021129391221704118,19.318616921467296,0.298978353666852,1800,0.3036879167278814,0.5770611658113427,5.482091717690096e-05,0.0012673513369941825,66.20492388888889,0.009444444444444445,0,0,2025-12-01,54937367
1764556200000000,0.021630755116175446,15.518168611981162,0.30167620965373676,1800,0.30996760848379135,0.43930994381827615,0.0019743349157699264,0.003654750977815757,66.89932222222222,0.012777777777777779,0,0,2025-12-01,54937367
1764558000000000,0.020639362910317073,25.913332433957457,0.5129935689323022,1800,0.514991378769843,0.30748540104235145,4.838379425753381e-05,2.6583029151150406e-05,68.69631416666667,0.012222222222222223,0,0,2025-12-01,54937367
1764559800000000,0.02016093773985529,27.669564100882365,0.4701606209084841,1800,0.47963381838105246,0.44227162275909315,0.00042413635993976406,4.5586395162167115e-05,68.70111416666667,0.0077777777777777776,0,0,2025-12-01,54937367
1764561600000000,0.01927945008174063,34.10615492997825,0.5232466984700956,1800,0.5265767665454786,0.36919939076672326,1.7198765625781043e-05,0.002620825649917391,68.69562027777778,0.006666666666666667,1,0,2025-12-01,54937367
1764563400000000,0.01699541638371595,28.519332082341244,0.5641828356476923,1800,0.5666497957115586,0.38119165417788403,9.818769498237678e-06,1.8309757709999985e-08,75.61799972222222,0.005555555555555556,1,0,2025-12-01,54937367
1764565200000000,0.016124287681019055,22.068377547018365,0.4703089400834244,1800,0.47779978176978644,0.3566050421313878,0.0005648730472057606,0.00032376200078276796,89.9935061111111,0.005,1,0,2025-12-01,54937367
1764567000000000,0.019727876464749,16.26927976362388,0.3956955280447436,1800,0.39782862982179934,0.49716362564782235,0.0001314348150220912,0.002162720565815457,85.28646888888889,0.005,1,0,2025-12-01,54937367
1764568800000000,0.01689264925417184,26.61870207170453,0.5977201794535363,1800,0.6229041338378807,0.26794799088864696,0.001809579934647254,9.783479698044495e-06,76.24855083333333,0.0011111111111111111,1,0,2025-12-01,54937367
1764570600000000,0.018077999995436283,25.229348430602872,0.6176731165062639,1800,0.6355630643754842,0.3295515029252247,0.004262795067818792,0.005384148091756358,63.88408416666667,0.0005555555555555556,1,0,2025-12-01,54937367
1764572400000000,0.017182755870357565,29.176288306788546,0.6933446658746072,1800,0.6994718615201605,0.2659172465586388,0.001313841877405908,3.9535912515820115e-05,85.99927222222222,0.0011111111111111111,1,0,2025-12-01,54937367
1764574200000000,0.01724912312788422,24.80574819786294,0.5929079754204548,1680,0.594914325139599,0.3012452586340737,0.0006721315671300854,0.0002466065296822251,77.26647470238096,0.005952380952380952,1,0,2025-12-01,54937367
1764576000000000,0.016881808597876954,24.5372224534357,0.6153180032591887,1680,0.6344196422969184,0.2441963903419171,0.002831088461635156,5.555432221582279e-06,77.65484702380952,0.002380952380952381,2,0,2025-12-01,54937367
1764577800000000,0.01934114452656565,15.721524301032893,0.5743386815516437,1800,0.5849831235819561,0.3969650042840075,0.00010618696608299949,0.00047245788189198556,72.50741777777777,0.0016666666666666668,2,0,2025-12-01,54937367
1764579600000000,0.020251389883962388,20.601344832613375,0.34692716637421883,1800,0.36740022861730526,0.3934983201690906,0.00015468571996279934,1.1053666451932287e-05,109.53251388888889,0.006666666666666667,2,0,2025-12-01,54937367
1764581400000000,0.018618154447211224,8.043698238847629,0.47294021900656547,1800,0.4742649241184238,0.29180166933936535,0.0001289512452049557,1.1393748373222934e-05,199.16081111111112,0.0022222222222222222,2,0,2025-12-01,54937367
1764583200000000,0.017864894568886985,12.49647781360416,0.4578431868989242,1800,0.48382250058945997,0.3429375413889755,0.0005190215561499123,0.0004176407065200616,79.9627675,0.0011111111111111111,2,0,2025-12-01,54937367
1764585000000000,0.01668081413458885,13.720544371182708,0.5797324271845156,1800,0.582300083833617,0.24741561546158164,2.0989838316332055e-06,7.5572801610857e-05,312.6952375,0.0011111111111111111,2,0,2025-12-01,54937367
1764586800000000,0.020274977734834075,18.45529140815071,0.4513205190606948,1800,0.46807929388851144,0.48575017770878726,7.478170536145967e-06,0.0001907618258771837,164.91218916666668,0.0016666666666666668,2,0,2025-12-01,54937367
1764588600000000,0.016289649120531654,18.87005996897731,0.6128682592241769,1800,0.6203986563692945,0.19320720485837206,6.449517801798699e-05,4.41270336927202e-05,156.028185,0.0022222222222222222,2,0,2025-12-01,54937367
1764590400000000,0.021148402458456332,15.237463729446032,0.36958005430160346,1800,0.38420795557569787,0.42409156758480915,0.000466866942379629,6.012444940739492e-05,63.87003888888889,0.0038888888888888888,3,0,2025-12-01,54937367
1764592200000000,0.024020887968765857,25.530141423117257,0.5076779908535756,1800,0.5176340369348071,0.13911191191874472,0.001955506477008262,2.3430155904335948e-07,63.79627861111111,0.014444444444444444,3,0,2025-12-01,54937367
1764594000000000,0.025363943784727595,28.32198883991284,0.5208779993283545,1800,0.5314601706275841,0.3772543715776637,0.00021218601103201173,5.6127964165320066e-08,61.7056625,0.0077777777777777776,3,0,2025-12-01,54937367
1764595800000000,0.019825847367916514,38.79746675674661,0.6073828610062426,1800,0.614687152949924,0.3476106348275557,0.0003434987735985162,0.0002972505501247502,71.45883694444444,0.0044444444444444444,3,0,2025-12-01,54937367
1764597600000000,0.017680804614100005,30.595566585431126,0.6092518873230428,1800,0.6191039461045003,0.28029526658110737,0.00040380844487020173,0.0009669975525748997,75.98173944444444,0.009444444444444445,3,0,2025-12-01,54937367
1764599400000000,0.02493644479214843,42.24335739838287,0.6511848811187446,1800,0.6538258209090142,0.2400073137997849,1.1885058130434167e-05,0.0027572163878029077,60.47882333333333,0.01888888888888889,3,0,2025-12-01,54937367
1764601200000000,0.026607326731035108,20.61850849029584,0.5145243458386892,1800,0.5189133598978147,0.27787284742957985,0.0006371075633055945,0.00045215011772414826,55.22761972222222,0.02277777777777778,3,0,2025-12-01,54937367
1764603000000000,0.037742678696457276,34.982916366268,0.5778288501648836,1680,0.5778395465046426,0.21716272930414904,0.003157593771177414,0.0006103548578860751,51.04143958333333,0.04047619047619048,3,0,2025-12-01,54937367
1764604800000000,0.02376844995171822,40.74626098303398,0.6228630183770023,1680,0.6263084737773958,0.2719245704086257,0.00043673894638496247,1.541312220465496e-05,64.55933660714287,0.01369047619047619,4,0,2025-12-01,54937367
1764606600000000,0.02268610557417461,34.319381689366054,0.6139409065857182,1800,0.6195042625332898,0.2837055593076867,4.39299947097016e-05,3.755853978071322e-05,69.03067361111111,0.006666666666666667,4,0,2025-12-01,54937367
1764608400000000,0.01973602885422481,23.602724523103266,0.5103849352187594,1800,0.5134517207749562,0.4086796633019687,6.02903800058785e-05,0.004781478178525478,70.87612972222223,0.006666666666666667,4,0,2025-12-01,54937367
1764610200000000,0.016873627239619993,45.84634091314153,0.7548426110317147,1800,0.7660192724408278,0.2582469717870448,0.0005602609592586516,3.73316701491877e-05,68.73454805555555,0.0033333333333333335,4,0,2025-12-01,54937367
1764612000000000,0.017767198569013192,35.49251457214344,0.5707622896071729,1800,0.5785923448600656,0.22317115999730086,6.336821403163384e-06,0.0007644846295966623,66.30650222222222,0.006111111111111111,4,0,2025-12-01,54937367
1764613800000000,0.018079321225806577,23.739075955657484,0.47086281143484654,1800,0.48278880810780334,0.39108640936625183,8.96738061761937e-06,0.0023426161868472795,70.99292694444445,0.0038888888888888888,4,0,2025-12-01,54937367
1764615600000000,0.017019406194119346,35.84594820872584,0.6063934833708391,1800,0.6144996165285926,0.3085174212010422,0.00019231057565982645,0.0017504850732366073,66.60145833333333,0.0044444444444444444,4,0,2025-12-01,54937367
1764617400000000,0.015880980075477686,32.93029318344825,0.6464713036092127,1800,0.6590400502548527,0.2670527801286622,5.0732756831317616e-05,2.69904230980611e-05,66.61243722222223,0.005555555555555556,4,0,2025-12-01,54937367
1764619200000000,0.018394722322440042,32.11769603435269,0.5658675876640462,1800,0.5703381079846983,0.331737454081909,3.796707968528601e-05,0.002271775309853452,72.32431277777778,0.010555555555555556,5,0,2025-12-01,54937367
1764621000000000,0.020009977874755263,30.526601634259904,0.47669774751478633,1800,0.4846439972859454,0.416597049509844,3.591839177685685e-05,5.380524042308821e-06,74.23519027777778,0.0077777777777777776,5,0,2025-12-01,54937367
1764622800000000,0.021051796093597065,26.679256747061267,0.4713263007848263,1800,0.4828503567968234,0.38318689510276016,0.0006587631914091174,9.677625617654506e-06,64.08562055555555,0.010555555555555556,5,0,2025-12-01,54937367
1764624600000000,0.020471270313441262,25.127783510895945,0.41161719020166787,1800,0.4184246621031037,0.39301170381865824,5.918059597931347e-09,0.00021768870276828167,67.85710666666667,0.008888888888888889,5,0,2025-12-01,54937367
1764626400000000,0.019956449761132776,26.963819070674518,0.5664398368937559,1800,0.5688383721765073,0.3567644167972195,0.0025126017563663616,0.0010955042262189574,67.79017388888889,0.0038888888888888888,5,0,2025-12-01,54937367
1764628200000000,0.020975827523842527,16.988136148486042,0.4474428007377408,1800,0.47880581604937256,0.41227609874115145,4.624310391376785e-05,5.898634514167611e-07,61.41552666666667,0.0011111111111111111,5,0,2025-12-01,54937367
1764630000000000,0.017219791095030433,33.32012574483156,0.6423765634970873,1800,0.6488710425352828,0.24454417694039376,0.0016016911953501412,0.000697374893614211,87.17608777777778,0.0011111111111111111,5,0,2025-12-01,54937367
1764631800000000,0.017525428435742764,26.576984799296802,0.577840512795153,1680,0.583535751641892,0.23553184593804166,4.030038229418942e-05,0.00029566054171148437,79.98835386904761,0.0035714285714285713,5,0,2025-12-01,54937367
1767225600000000,0.014965743138544324,16.444579967605158,0.4539418584121572,1680,0.46228236087112307,0.6110155927092575,0.00020708206183084332,0.00040222256044797344,99.45034940476191,0.0011904761904761906,0,0,2026-01-01,61195867
1767227400000000,0.010846394104064102,10.6319879897027,0.45325608145899043,1800,0.4665237340044457,0.3705938430229224,0.0015113464382346953,0.0012978946729044205,94.29927444444444,0.0011111111111111111,0,0,2026-01-01,61195867
1767229200000000,0.014164241815794851,17.830302724947813,0.5109232793677645,1800,0.5235915559858038,0.23690771044043168,0.002810609123151009,0.0005986834571295452,91.0891725,0.0011111111111111111,0,0,2026-01-01,61195867
1767231000000000,0.013873212911480033,15.855108007464914,0.46256370362410604,1800,0.47503648570247625,0.4530470430451443,0.0011331341004801043,0.0008423140685821506,95.01709583333333,0.0,0,0,2026-01-01,61195867
1767232800000000,0.016511569362440547,16.306507878573843,0.6866634228480171,1800,0.6866679604358227,0.4168362502931001,4.0395685977356877e-05,0.0003071208302457551,94.48920027777777,0.0005555555555555556,0,0,2026-01-01,61195867
1767234600000000,0.014198376276718813,17.78591271298059,0.6255330725111109,1800,0.6399824496984102,0.3569878313885394,0.00020352734551121188,6.018221516645994e-05,95.36551138888889,0.0005555555555555556,0,0,2026-01-01,61195867
1767236400000000,0.012731360755744431,14.776988022581763,0.7443660056838217,1800,0.7445773408425069,0.3370396904841193,0.001578472955259369,0.0003423510179925149,107.41533833333334,0.0,0,0,2026-01-01,61195867
1767238200000000,0.013050520909105502,18.466792115700525,0.6451663413903928,1800,0.6542419970208215,0.20985566581213355,0.00035045392327726077,0.0001924905724995929,118.97924222222223,0.0,0,0,2026-01-01,61195867
1767240000000000,0.01071956644611212,20.525010938390295,0.5597183999507865,1800,0.5642578510981316,0.2397897396932891,0.004115437384591525,0.001150253023185388,120.53121944444445,0.0,1,0,2026-01-01,61195867
1767241800000000,0.013161008417559798,10.899349767058506,0.41573580952330746,1800,0.41877688426478576,0.5268335634664544,0.0010692308286455177,0.0013190198008343756,110.71748277777779,0.0,1,0,2026-01-01,61195867
1767243600000000,0.010794730654635635,16.357109165709513,0.6040783786175196,1800,0.6145114624323158,0.3269027422554255,0.000799852591938377,0.00032166338113637227,122.26522138888889,0.0,1,0,2026-01-01,61195867
1767245400000000,0.011970689127115193,13.426056057735671,0.5759220084018846,1800,0.5827584801052466,0.526195807407317,0.0013188992217090245,0.0008547247159206295,132.04035694444443,0.0005555555555555556,1,0,2026-01-01,61195867
1767247200000000,0.010602096450664308,8.4958836529675,0.5283981169033791,1800,0.5637663653980725,0.5446780516135692,5.7905107717859394e-05,3.243479509629221e-05,143.9892536111111,0.0005555555555555556,1,0,2026-01-01,61195867
1767249000000000,0.009679546472255345,9.784397592546293,0.6228092898548498,1800,0.6244157583660874,0.48238743410548435,8.940146472768973e-05,0.00018549299313053158,205.16743694444446,0.0,1,0,2026-01-01,61195867
1767250800000000,0.010204634753660114,12.28029998124999,0.6048681275372323,1800,0.6081043523214966,0.5662004161735443,0.0018297552848115517,0.0017858014316129989,155.54320194444443,0.0,1,0,2026-01-01,61195867
1767252600000000,0.01217164138842726,8.486030842577058,0.5218022337019432,1680,0.5218383455131987,0.46153447220887855,0.0024028462030128983,0.0002462240538738669,169.78918839285714,0.0005952380952380953,1,0,2026-01-01,61195867
1767254400000000,0.011341423465759797,16.809875228072993,0.7230435005160392,1680,0.7230665566485015,0.3720833699916949,0.0001319275769099404,0.0008370154402240759,163.64008363095238,0.0,2,0,2026-01-01,61195867
1767256200000000,0.009173268221503116,11.887214728929898,0.4866932739392291,1800,0.4947469195784835,0.45620049387680095,0.0005242942452823307,2.2919869183568586e-05,146.16911277777777,0.0,2,0,2026-01-01,61195867
1767258000000000,0.008283792821496015,18.372295758132054,0.6950171710717868,1800,0.6998493773863852,0.36983881373742067,0.0017308465316219213,0.0005175170847305788,174.37605000000002,0.0011111111111111111,2,0,2026-01-01,61195867
1767259800000000,0.011869788791899488,6.742422799770301,0.5507831062516675,1800,0.5517168720755202,0.6474431354760574,0.0017128125820549123,0.022976910668871864,171.50961055555555,0.0005555555555555556,2,0,2026-01-01,61195867
1767261600000000,0.008565789588600521,13.194839993317512,0.6464050795842262,1800,0.6464233214240167,0.4027352845483,1.3812714304783924e-05,7.487156319074817e-05,170.49531000000002,0.0005555555555555556,2,0,2026-01-01,61195867
1767263400000000,0.009563002166287709,11.688423535070404,0.6429921218005252,1800,0.6690124252762721,0.31856282643560463,0.0003081800680638791,0.0003860617208110151,169.0686277777778,0.0,2,0,2026-01-01,61195867
1767265200000000,0.00807270001962712,14.086841508767476,0.5092562578138595,1800,0.5336952912313111,0.40498116931383676,0.008355055064600547,0.00038720609916120807,174.4299411111111,0.0005555555555555556,2,0,2026-01-01,61195867
1767267000000000,0.009384518016347017,10.093582341830613,0.5325528191050617,1800,0.532835469510516,0.5670550941625732,0.001670790221830698,0.00016675679924837983,164.394585,0.0005555555555555556,2,0,2026-01-01,61195867
1767268800000000,0.007328688473703842,19.86662266405058,0.5207847717464488,1800,0.5259768822086528,0.38995540128315986,0.0010328675393250775,0.0008652388936134514,193.04938222222222,0.0,3,0,2026-01-01,61195867
1767270600000000,0.0069606220073443045,11.62915597168472,0.4871297143985359,1800,0.4901742758793437,0.3934327966089307,0.0002134469030322661,0.0012106828026068328,172.09621944444444,0.0005555555555555556,3,0,2026-01-01,61195867
1767272400000000,0.00896699357901992,15.518521705693976,0.5325683383926696,1800,0.5327869089540842,0.5369236196414291,0.0014667181290225484,0.0010581172572619035,200.19681833333334,0.0,3,0,2026-01-01,61195867
1767274200000000,0.009062995923988142,13.527059057214288,0.7329673008781725,1800,0.7402135696819268,0.525873096861223,0.0002649934284133515,0.0012101239653146134,188.95813472222224,0.0,3,0,2026-01-01,61195867
1767276000000000,0.010862260288717267,14.379320531721543,0.57410311442352,1800,0.575650085263741,0.3425655678473897,0.0022981347913946237,0.0007886022882170884,147.89101277777777,0.002777777777777778,3,0,2026-01-01,61195867
1767277800000000,0.009325049470973427,10.48284988586959,0.4782253060538397,1800,0.4850756263356393,0.3500565412117125,0.0020420404104394274,0.0003815060809815307,161.88539694444444,0.0005555555555555556,3,0,2026-01-01,61195867
1767279600000000,0.009491395259787368,18.402569577268366,0.6242298115868667,1800,0.6261689163453351,0.3257412022729761,0.006016889563490557,0.00023227215666909995,157.45811805555556,0.0,3,0,2026-01-01,61195867
1767281400000000,0.012191970319112594,22.648286402212722,0.6747068996607414,1680,0.679793475369928,0.24842044433761967,8.836789805799494e-05,2.727685310954797e-07,139.5421875,0.005357142857142857,3,0,2026-01-01,61195867
1767283200000000,0.010542189511295855,23.75989824974812,0.5826266151853803,1680,0.5989471687117539,0.3423455611325571,6.939080724366331e-05,2.8158235842457024e-05,136.04874375,0.0011904761904761906,4,0,2026-01-01,61195867
1767285000000000,0.010460814105284698,15.22263712875514,0.4738616381679983,1800,0.4738616394511831,0.4063046692762966,0.0005064210026395344,0.00016595891410275954,159.27895361111112,0.0005555555555555556,4,0,2026-01-01,61195867
1767286800000000,0.011502220705882792,14.026988037611208,0.44965047813230974,1800,0.47121809630670763,0.5088089408948944,1.7559125597976788e-08,0.00017628100755906484,138.9959213888889,0.0016666666666666668,4,0,2026-01-01,61195867
1767288600000000,0.014755925306815987,9.290087735372099,0.32523676304982163,1800,0.32675082416532275,0.5477092269287942,0.017215135441008722,1.6500821026221857e-06,106.36781888888889,0.005555555555555556,4,0,2026-01-01,61195867
1767290400000000,0.012496966146045783,13.761663142159128,0.537892476425137,1800,0.5490787226146346,0.3945546438178431,0.00011875269471950389,0.00014743377776138544,114.9214063888889,0.0,4,0,2026-01-01,61195867
1767292200000000,0.015825660829307045,5.533471953375207,0.48372464667772497,1800,0.520601285427801,0.44032363202184677,0.0005931514239720936,0.0006103207339261951,98.10139444444445,0.0005555555555555556,4,0,2026-01-01,61195867
1767294000000000,0.013018334227672722,13.001093531480349,0.505396543307226,1800,0.5087352096446717,0.4111095707578597,0.004605866264945524,0.00025467223693276253,119.74873444444445,0.0,4,0,2026-01-01,61195867
1767295800000000,0.01048460244177409,19.008172640087984,0.6109423096863498,1800,0.6252673607179899,0.2604178826705901,0.003286995412712823,0.008069826849330997,115.41538027777779,0.0005555555555555556,4,0,2026-01-01,61195867
1767297600000000,0.013188822903035781,18.79000992172592,0.6761932703657296,1800,0.6874775472700934,0.3408343462943578,2.920754272783821e-05,0.0011253649240146046,135.0140577777778,0.0,5,0,2026-01-01,61195867
1767299400000000,0.01608281084669954,10.905111188132647,0.506364541119416,1800,0.5078512399703661,0.5895391963118648,0.0015449794179099863,0.00015331520312000801,113.643075,0.0005555555555555556,5,0,2026-01-01,61195867
1767301200000000,0.011927389291131407,15.524799887892735,0.6896208531482186,1800,0.6970513574213801,0.412870927063235,0.005718977917019474,0.0030285149672556466,130.0371875,0.0,5,0,2026-01-01,61195867
1767303000000000,0.01503751748524805,5.261055731627166,0.6099570521916198,1800,0.7100461743286162,0.3403718361487227,2.3878989781067617e-06,0.00015991590361374985,142.03286055555554,0.0,5,0,2026-01-01,61195867
1767304800000000,0.011701351073868759,16.331721365159748,0.5316530888302791,1800,0.5316654476985047,0.5022984586360282,0.0007093834111566721,0.0004398766953569444,116.1713488888889,0.0005555555555555556,5,0,2026-01-01,61195867
1767306600000000,0.02089248834343587,9.133432475120674,0.4195533976839264,1800,0.4251661206102738,0.5309558298955694,0.002777904566351963,0.00030490862849175127,75.03521111111111,0.0011111111111111111,5,0,2026-01-01,61195867
1767308400000000,0.015902601620490748,16.719921501446898,0.442622149850897,1800,0.4457097834862721,0.4284996457422544,5.5698290896466496e-05,0.0007996506762433242,98.84112972222222,0.0016666666666666668,5,0,2026-01-01,61195867
1767310200000000,0.014861141424315128,21.45896826134788,0.5712981648561792,1680,0.588019892496232,0.34374175162006304,0.0032685619516039655,0.0009371821348800324,137.34017916666667,0.0005952380952380953,5,0,2026-01-01,61195867
1769904000000000,0.038351376334949616,27.317308045134247,0.5984883974242161,1680,0.5985289302584325,0.27466859081352313,0.0011133674710026575,0.0006968167225115396,37.86648601190476,0.006547619047619048,0,1,2026-02-01,54047345
1769905800000000,0.03583075505734719,37.51363124128403,0.7282821310576661,1800,0.7368661690587115,0.1848571554512588,2.6338224872191063e-06,1.752809236976738e-05,36.695410555555554,0.0033333333333333335,0,1,2026-02-01,54047345
1769907600000000,0.032315917913372384,24.754767341577164,0.5715546988231356,1800,0.580220244877395,0.4175780720684258,0.0007309748119429527,0.00011698561521089612,49.60868861111111,0.0077777777777777776,0,1,2026-02-01,54047345
1769909400000000,0.025763346719503918,32.906056551617425,0.6845241191722964,1800,0.6953509977995993,0.24434087283678818,0.00018672108924377984,0.0005919343210213368,54.853048888888885,0.0011111111111111111,0,1,2026-02-01,54047345
1769911200000000,0.026993481970248565,40.830192570973054,0.7286296226803645,1800,0.7328131352305247,0.2889919614205275,0.0010413816602831139,0.00047948967082489524,47.24015305555556,0.0033333333333333335,0,1,2026-02-01,54047345
1769913000000000,0.026204693613758052,34.3674082363059,0.6985948478015602,1800,0.712404699026142,0.3617270513176535,3.231257922120534e-06,2.5381727145612487e-06,47.992511111111114,0.0038888888888888888,0,1,2026-02-01,54047345
1769914800000000,0.024520406401811166,42.26697345711836,0.77989930516133,1800,0.7890086349786565,0.3379660660761066,9.94640216511744e-06,0.0007773463631226551,52.945116388888884,0.0016666666666666668,0,1,2026-02-01,54047345
1769916600000000,0.023573079695033965,28.56801566832727,0.7035979558780951,1800,0.7065069047785029,0.4324980404841988,0.00029958649064298903,0.0006312518752896734,56.828291666666665,0.0022222222222222222,0,1,2026-02-01,54047345
1769918400000000,0.022128971104585265,32.39562599375274,0.6523845192480178,1800,0.6635323122834886,0.3120065643058848,0.0003687927840547722,1.521289897121747e-05,56.93552916666667,0.0022222222222222222,1,1,2026-02-01,54047345
1769920200000000,0.018634900820433526,32.770457664703855,0.7508277888732464,1800,0.7756078453525933,0.30085673640439636,5.353522865680915e-06,5.175116944045044e-05,65.13826305555556,0.0005555555555555556,1,1,2026-02-01,54047345
1769922000000000,0.018314583019617647,25.527526735579897,0.5207940885681787,1800,0.5370960538400507,0.3966500857217409,0.0006569214558731495,0.00024025387272663679,71.16050472222223,0.0022222222222222222,1,1,2026-02-01,54047345
1769923800000000,0.020223808460307705,16.32682589583065,0.5107047849895778,1800,0.5110027348348573,0.40027507902545323,0.0006870635323110719,0.00046966803536885315,62.751817777777774,0.0022222222222222222,1,1,2026-02-01,54047345
1769925600000000,0.017485251801589535,34.4750797512873,0.7272001340601759,1800,0.7436791144936853,0.3667730568036879,0.004958091295146239,0.003819107099135133,60.61056222222222,0.0011111111111111111,1,1,2026-02-01,54047345
1769927400000000,0.021592128083534678,24.481858299927755,0.4880033391419679,1800,0.4895610520398347,0.3172303029012993,0.00018190503396486868,0.00537034647761836,63.39075555555556,0.0033333333333333335,1,1,2026-02-01,54047345
1769929200000000,0.026457236612576263,18.144652865954153,0.5703329348064392,1800,0.5755938704785446,0.4262970908105409,9.535075305122653e-05,0.002418935822494195,76.21136083333333,0.005555555555555556,1,1,2026-02-01,54047345
1769931000000000,0.02908995669260716,14.87495654336866,0.49703229201035404,1680,0.4980194598901806,0.4176840235817971,0.004226169877277641,7.270329037989409e-05,66.35259583333334,0.01011904761904762,1,1,2026-02-01,54047345
1769932800000000,0.029623517581642445,19.63367328329268,0.6128737551852514,1680,0.6133098070855301,0.34093489142387257,0.00023126187279398636,0.003917314273668482,68.35504136904763,0.005952380952380952,2,1,2026-02-01,54047345
1769934600000000,0.02788993013035888,25.124227177385926,0.636867473237655,1800,0.6399266420139611,0.29959473526439195,1.2287250018783169e-05,9.005944750040129e-05,56.16037055555556,0.006111111111111111,2,1,2026-02-01,54047345
1769936400000000,0.0244118230863227,35.067407079542896,0.6961935302759162,1800,0.6993364141893762,0.36559735527250603,0.006581814845624923,0.00122994666928955,53.15915472222222,0.0016666666666666668,2,1,2026-02-01,54047345
1769938200000000,0.024689734483167712,27.816929826713753,0.5702517902265248,1800,0.5780167171204805,0.3824907264287647,0.0003488923667541721,0.0011785037481990557,54.39584333333333,0.005555555555555556,2,1,2026-02-01,54047345
1769940000000000,0.024545102121193544,25.318601200310685,0.5730948089783603,1800,0.5764969320784885,0.47275443300019426,0.0009439876901624622,0.00039988094116771844,50.362692777777774,0.0011111111111111111,2,1,2026-02-01,54047345
1769941800000000,0.03872134506597523,26.485722350276983,0.4765950385549854,1800,0.4770949406587036,0.4057643685128808,0.0006951382427743402,0.0043062592061257066,46.113614444444444,0.01611111111111111,2,1,2026-02-01,54047345
1769943600000000,0.027228444124932756,29.370339474613388,0.6485041504711127,1800,0.6537110653064355,0.2865413417137038,0.00013961894303404776,0.004056105139900401,46.18455861111111,0.0033333333333333335,2,1,2026-02-01,54047345
1769945400000000,0.02502718219226817,6.325992451129838,0.46426327142457546,1800,0.5781950524770129,0.3136381820192511,1.86351675446339e-05,0.00039993867931109595,61.94552277777778,0.007222222222222222,2,1,2026-02-01,54047345
1769947200000000,0.03112297465233036,13.612693019192568,0.41912573955418375,1800,0.42097310081546857,0.5918537134354395,0.002998896618371494,0.0041960116669265135,49.22085916666666,0.006666666666666667,3,1,2026-02-01,54047345
1769949000000000,0.027536538905049413,26.828896320330806,0.595091171913825,1800,0.6049420741937503,0.3835457104177007,0.0006324398312439472,0.00023232916672655257,47.32089972222222,0.002777777777777778,3,1,2026-02-01,54047345
1769950800000000,0.028360877681687043,19.362987792804304,0.6655525723504486,1800,0.6666863112368238,0.3353189826032912,1.4914256685094607e-05,0.00010860763377029681,50.782914722222216,0.005,3,1,2026-02-01,54047345
1769952600000000,0.03209292490836031,17.7741735341443,0.5673124878708459,1800,0.5673422304241775,0.4816528462251932,0.0005720687962581517,0.00266179511328668,47.576569722222224,0.005555555555555556,3,1,2026-02-01,54047345
1769954400000000,0.03558282498697372,29.94886452507639,0.5977244185636932,1800,0.606253736153143,0.2487328387292762,7.397305175849134e-06,0.00037988604336069987,42.548120555555556,0.012777777777777779,3,1,2026-02-01,54047345
1769956200000000,0.055682723776370575,30.327090505939346,0.5963472503614728,1800,0.5963623402741811,0.2991635151590647,0.0002380284236082053,9.500018225594431e-05,33.969074166666665,0.03722222222222222,3,1,2026-02-01,54047345
1769958000000000,0.047419448571711986,20.359308980478392,0.577503569302974,1800,0.5925918699552,0.2597056782121293,0.000366724597187007,0.00018350910350994898,37.40119361111111,0.027777777777777776,3,1,2026-02-01,54047345
1769959800000000,0.06473347147939824,31.86915693175073,0.6423482152151354,1680,0.6433851572647578,0.2446030252645246,5.787459499928538e-05,0.0006641813839541877,32.48948958333333,0.0380952380952381,3,1,2026-02-01,54047345
1769961600000000,0.057184072825533915,32.221533817555375,0.6308222581371816,1680,0.6317001441300913,0.2900074627428254,0.0014868220076724725,0.0011834065427105411,33.49441904761905,0.03154761904761905,4,1,2026-02-01,54047345
1769963400000000,0.05036961672223754,48.78568747229951,0.7318705435427338,1800,0.7319860467327728,0.2404654053358749,0.0020021538534251704,6.975422208488347e-05,33.962722222222226,0.012222222222222223,4,1,2026-02-01,54047345
1769965200000000,0.04319761676993045,37.26420960047971,0.6912124719196615,1800,0.6974161302941322,0.22017638107570103,0.00018712286734168249,0.0001526932097231093,37.620849722222225,0.010555555555555556,4,1,2026-02-01,54047345
1769967000000000,0.03675560043380707,20.972517265296826,0.5131943591542477,1800,0.527926759934429,0.423215046156844,0.0007900242046333661,3.534743849087363e-05,39.68898583333333,0.01,4,1,2026-02-01,54047345
1769968800000000,0.06340863617455832,23.55785067708028,0.5949295090523252,1800,0.5954297219412317,0.3235338760109745,2.718375635701875e-09,0.0020151685339389047,30.217939166666667,0.03777777777777778,4,1,2026-02-01,54047345
1769970600000000,0.050045930778161454,38.124635209152785,0.6633716603634419,1800,0.6655742164208374,0.4113568299679816,5.5959592283216786e-05,0.0003009468619739053,31.48830472222222,0.005,4,1,2026-02-01,54047345
1769972400000000,0.04579135998726133,34.95511309717412,0.5786911163029824,1800,0.5877404137675453,0.4123427349795884,0.0005375274679313424,0.0024247433087262182,29.616679166666668,0.008888888888888889,4,1,2026-02-01,54047345
1769974200000000,0.04781812404126725,24.863253031630403,0.5231726430638233,1800,0.5307664794465812,0.2819885827623082,0.0006741176353050049,0.0019955492022291077,33.39631888888889,0.010555555555555556,4,1,2026-02-01,54047345
1769976000000000,0.04305387767232493,11.4775894134018,0.49752292187749814,1800,0.5517362748330017,0.251097700400266,0.00033168425778618005,0.0008387480522319413,36.93472222222222,0.012777777777777779,5,1,2026-02-01,54047345
1769977800000000,0.06974576080905098,25.258229679722728,0.6060831260638756,1800,0.6061283786325247,0.3384548114602074,0.005101505519504168,0.00031157787709656937,24.202713055555552,0.021111111111111112,5,1,2026-02-01,54047345
1769979600000000,0.06356301916857253,30.308985336150442,0.6446382535917474,1800,0.6579762911983542,0.2633379228335556,0.00013795519797488165,0.00016979282283724473,28.586736944444443,0.018333333333333333,5,1,2026-02-01,54047345
1769981400000000,0.06650492785619297,33.663147400861725,0.6734306942682824,1800,0.6755953666940996,0.1902994510564805,4.9400986334546815e-05,1.7676143668765576e-06,23.408584444444443,0.022222222222222223,5,1,2026-02-01,54047345
1769983200000000,0.08384117885564528,31.80729017736529,0.6346618396043661,1800,0.6346892920682161,0.3424072230955696,2.4403497339564595e-06,0.001354054885171485,22.087171666666666,0.017222222222222222,5,1,2026-02-01,54047345
1769985000000000,0.05217383048104145,29.38231685597609,0.6656269228773999,1800,0.6763675315509052,0.21267755214208184,0.00010269422063291511,0.00026144980635034454,24.20722361111111,0.0033333333333333335,5,1,2026-02-01,54047345
1769986800000000,0.07375814863883907,36.5192854105985,0.5872790902938987,1800,0.5888516066424357,0.2432214539621117,0.0016310595992823362,4.782495391242314e-05,35.855285,0.10777777777777778,5,1,2026-02-01,54047345
1769988600000000,0.05388320094417709,25.665562286804498,0.5367487896975477,1680,0.5429487387770179,0.2643023229744137,0.000799013199252574,0.002235850248158977,37.78767113095238,0.025,5,1,2026-02-01,54047345
1772323200000000,0.014799023737499589,30.042218684908928,0.6647394001685505,1680,0.667874365806217,0.2853338120060761,3.3930588828390285e-05,9.848121572209045e-05,66.74498095238096,0.0005952380952380953,0,1,2026-03-01,39754201
1772325000000000,0.01364164146940425,33.149984348220805,0.7234991345441221,1800,0.7275665409074987,0.31263949476338093,1.4754775268244202e-05,9.867218094872232e-05,78.53652333333334,0.0011111111111111111,0,1,2026-03-01,39754201
1772326800000000,0.014944248673048874,22.715431220963616,0.5678694066913169,1800,0.5681353349601364,0.3338174300346881,0.002379892464940414,0.008761083785134183,78.38073916666667,0.008333333333333333,0,1,2026-03-01,39754201
1772328600000000,0.021699995417129296,15.790839805049625,0.3833078813386891,1800,0.3922885084772809,0.4591104918669011,0.0001918311568513964,3.562320060712665e-06,77.25478527777778,0.019444444444444445,0,1,2026-03-01,39754201
1772330400000000,0.041215576800268265,27.985801351838408,0.51354271312877,1800,0.5154064964426925,0.30398724694900536,0.0016573659229748294,0.0010373611886497214,46.275058333333334,0.03166666666666667,0,1,2026-03-01,39754201
1772332200000000,0.026533789436213616,26.621052627872245,0.49114082616376664,1800,0.5040711296303524,0.2980824231441992,0.0026623634661212536,0.0032267846857231275,45.96320638888889,0.006111111111111111,0,1,2026-03-01,39754201
1772334000000000,0.021899352448945773,25.409500534117967,0.6138268118862311,1800,0.6325738367202581,0.11309750757924986,0.0001414466915958812,0.0024124128019874513,50.78319888888889,0.0038888888888888888,0,1,2026-03-01,39754201
1772335800000000,0.024725140155730626,21.321882190321013,0.4484542450924033,1800,0.4595105994155194,0.42806292617440456,7.071535390856809e-05,0.0020895868376321625,56.941726111111116,0.005555555555555556,0,1,2026-03-01,39754201
1772337600000000,0.027035321007090087,10.016729778244478,0.33932892565920547,1800,0.3555112906983161,0.5692966994303168,0.0010745805438576728,0.006796288473239098,59.63149416666666,0.008888888888888889,1,1,2026-03-01,39754201
1772339400000000,0.021257804000769893,21.826584117758316,0.5718453479646133,1800,0.5779280573381873,0.3901153416083367,5.179993107673475e-06,2.7254576832946853e-05,59.133856111111115,0.0022222222222222222,1,1,2026-03-01,39754201
1772341200000000,0.020155195531331035,25.89726157342303,0.5323266180861808,1800,0.5458497396711464,0.36074164435926015,0.0002579126957260591,0.0036305278068298197,58.65971444444445,0.002777777777777778,1,1,2026-03-01,39754201
1772343000000000,0.015980827947642315,20.441343997426607,0.5004122946683192,1800,0.5039062865630622,0.3563084793451263,0.0007978660913704472,5.789610055784156e-05,65.40656888888888,0.0022222222222222222,1,1,2026-03-01,39754201
1772344800000000,0.01907065098367805,19.040215757814053,0.4249746836203907,1800,0.42624805980497105,0.45750619050074626,0.00014627997666616377,1.6480065305857217e-05,70.39507527777778,0.005555555555555556,1,1,2026-03-01,39754201
1772346600000000,0.016063409823460727,10.533022372423675,0.47839200525632775,1800,0.4824073731960573,0.4127559371820785,1.2287955742262824e-05,1.4798112526581697e-05,103.48022611111111,0.0038888888888888888,1,1,2026-03-01,39754201
1772348400000000,0.014541029694604711,24.801793771164895,0.5938875541780919,1800,0.5950016134330545,0.3230746490262858,0.0001570629172530369,0.00801580864409468,77.04155527777777,0.0005555555555555556,1,1,2026-03-01,39754201
1772350200000000,0.016349240800453878,19.789169884880916,0.5277795439071127,1680,0.5314181994006866,0.44746783720068617,6.425710977120414e-05,0.0004723495091631946,73.85350535714285,0.002976190476190476,1,1,2026-03-01,39754201
1772352000000000,0.01746971130435812,17.834377802192144,0.5767034587043072,1680,0.5767034969097993,0.45396186729831256,0.0008849963219357271,0.00036678159384673226,64.06177261904762,0.002380952380952381,2,1,2026-03-01,39754201
1772353800000000,0.017418346806413534,22.898451749636767,0.44680708132103775,1800,0.4484965167664693,0.3261023936317976,0.001794187893234489,0.0010840399814354695,64.80227916666666,0.007222222222222222,2,1,2026-03-01,39754201
1772355600000000,0.019534154787188063,24.70740856648948,0.5392459943873082,1800,0.5441135688749471,0.27284048419304974,0.0011795296037886427,0.00020484199927306435,63.046461944444445,0.0044444444444444444,2,1,2026-03-01,39754201
1772357400000000,0.019779299374294543,27.739258818555093,0.5695174350509463,1800,0.5723323449296577,0.2776399678294066,8.40372456638594e-05,0.0010129911869919406,59.990921666666665,0.005555555555555556,2,1,2026-03-01,39754201
1772359200000000,0.01991491711955169,14.706965354866728,0.4654577582598789,1800,0.48048682861828884,0.5066383008065665,0.0012671456904168599,0.002001638982248477,63.22340611111111,0.0038888888888888888,2,1,2026-03-01,39754201
1772361000000000,0.01735617552758015,14.723297794269703,0.5073647221421458,1800,0.5190011275833499,0.24469787478050786,0.0024877063318737846,0.0013476313229332515,81.58720222222223,0.0016666666666666668,2,1,2026-03-01,39754201
1772362800000000,0.014717647905923108,15.648400945760873,0.5004489437712899,1800,0.5176253745966892,0.35869578630944565,6.790685805480035e-05,0.0002889568762735051,61.42755888888889,0.0033333333333333335,2,1,2026-03-01,39754201
1772364600000000,0.017609240852497713,12.986299857010486,0.5166138512334137,1800,0.5250498824996512,0.4886350177562253,0.00022872003230245408,0.000192354388937499,63.92126416666667,0.0016666666666666668,2,1,2026-03-01,39754201
1772366400000000,0.016627899866107777,20.95086158088843,0.52845011961443,1800,0.5460727883536551,0.3809765940076355,0.00026371471213437747,0.003909460363622719,69.78415111111111,0.0016666666666666668,3,1,2026-03-01,39754201
1772368200000000,0.01555524987381686,28.087268707598287,0.5646946600854483,1800,0.5695313849979051,0.3866124838097459,0.00014596132176591947,0.0006204121689048492,67.13604083333334,0.0016666666666666668,3,1,2026-03-01,39754201
1772370000000000,0.01841417788536497,16.960986539331696,0.6190394914369672,1800,0.6210901263012818,0.339354993037301,0.0015504225655288417,0.0001463961098392419,66.15850305555556,0.0044444444444444444,3,1,2026-03-01,39754201
1772371800000000,0.03213313742320297,12.291570510751278,0.4667112763334167,1800,0.4701932357297418,0.2555615567473464,0.0003820494483609549,0.0022231488354657047,63.395295000000004,0.035555555555555556,3,1,2026-03-01,39754201
1772373600000000,0.03238759182318525,22.624875813790112,0.576165122795728,1800,0.5772730635247203,0.2892427881860822,0.00039941995766612504,0.00491573545486057,49.16971055555556,0.012222222222222223,3,1,2026-03-01,39754201
1772375400000000,0.02624707681771981,13.857174435903502,0.5466392400062227,1800,0.5466418015339682,0.3807827589771495,0.0001719346875085348,0.0003271006482937766,57.38374,0.0044444444444444444,3,1,2026-03-01,39754201
1772377200000000,0.021318027463089056,23.265076061599654,0.5978037101967903,1800,0.6205187109502598,0.12158369171820604,6.653049615901185e-05,0.0004929043818440171,68.37669694444445,0.005,3,1,2026-03-01,39754201
1772379000000000,0.01951864063885633,21.39230202927364,0.6179393523850336,1680,0.6182891034569902,0.24599951025326272,0.00018799742641728567,0.0010993234275965547,68.59740773809524,0.002976190476190476,3,1,2026-03-01,39754201
1772380800000000,0.02015010637760901,26.57700360608644,0.5655504385759063,1680,0.5738866849424188,0.2542517607812631,0.0020511196004858734,9.807167724473764e-06,68.7191744047619,0.004761904761904762,4,1,2026-03-01,39754201
1772382600000000,0.026748023217067346,21.048787602807344,0.5057991258370146,1800,0.5101357397369917,0.38270302641158094,0.00036985857704296965,0.0007521722970353917,59.435387222222225,0.02388888888888889,4,1,2026-03-01,39754201
1772384400000000,0.022220728547462206,34.520638157105374,0.5829613682951048,1800,0.5856650528052023,0.3009717724621548,5.615129189096013e-05,0.0032621774894817657,57.635693055555556,0.011111111111111112,4,1,2026-03-01,39754201
1772386200000000,0.022038774126711222,14.207868570779286,0.49182865885423155,1800,0.4927408044020888,0.36174016443940815,3.509407785506902e-05,0.0003106724727638399,62.69000388888889,0.006111111111111111,4,1,2026-03-01,39754201
1772388000000000,0.028092130405654163,8.783630539748438,0.4371397924735978,1800,0.4379734844675309,0.5030508811251284,0.0011705328918406588,0.005759714335159094,64.70524416666666,0.019444444444444445,4,1,2026-03-01,39754201
1772389800000000,0.01845723134324256,16.04847785295861,0.4225544287313614,1800,0.42981395263028455,0.3941310273878067,1.942306024338425e-05,2.6482739851729775e-05,64.82590583333334,0.005555555555555556,4,1,2026-03-01,39754201
1772391600000000,0.019380601138373102,15.642313629637732,0.37356298893723283,1800,0.3888868957094269,0.30067588260644795,0.001494269602540288,0.00029495151422931354,60.767223888888886,0.006111111111111111,4,1,2026-03-01,39754201
1772393400000000,0.023469180168922753,9.164635028958905,0.3341520290769926,1800,0.33415981239743875,0.6229985445936251,9.51990157183058e-05,1.563802358783839e-05,56.21937055555556,0.005555555555555556,4,1,2026-03-01,39754201
1772395200000000,0.024502213748744957,28.89116079304167,0.47313230413290464,1800,0.4796464830104379,0.4176284119014625,6.157587841493228e-05,0.0047403301068543735,56.82780305555555,0.008888888888888889,5,1,2026-03-01,39754201
1772397000000000,0.02780904372235654,20.90985771254792,0.4025679285016669,1800,0.41498921086974716,0.5187445373071432,0.00024137319949724123,0.00015970442669710483,60.46759555555556,0.008333333333333333,5,1,2026-03-01,39754201
1772398800000000,0.0238429901660345,25.454969793705757,0.5124213024256656,1800,0.5197902940095628,0.5086482691983494,0.002778010546978793,0.0019413289933947198,60.578385555555556,0.005555555555555556,5,1,2026-03-01,39754201
1772400600000000,0.02130424129546378,20.665229636748546,0.4933250066129745,1800,0.5190326130514638,0.4835508445211414,0.0013937846520974961,0.0013677799058537943,53.80578611111111,0.002777777777777778,5,1,2026-03-01,39754201
1772402400000000,0.035297331269448354,6.531261313485453,0.15099224703952707,1800,0.16108632664020295,0.07147407213111423,0.003726731423215335,6.550767103963295e-05,55.457676666666664,0.013333333333333334,5,1,2026-03-01,39754201
1772404200000000,0.02700906644135881,8.733799712350045,0.44493219961701624,1800,0.5467069468421827,0.12017330159638606,4.510036990990063e-05,0.00024068555764233945,50.6723925,0.0044444444444444444,5,1,2026-03-01,39754201
1772406000000000,0.018975273709074713,24.647374621838864,0.5778078521178309,1800,0.5812833619301025,0.18225075683876235,0.00021055897745214658,2.618055513603501e-06,81.76511472222222,0.005,5,1,2026-03-01,39754201
1772407800000000,0.014944682514429312,28.531377223310116,0.5341312961899876,1680,0.5402059632556586,0.3894736817928719,0.00045771333725452834,0.003340397384663185,60.82393928571428,0.0005952380952380953,5,1,2026-03-01,39754201
